club,address,data_id,review_id,rating,date_iso,edited_at,date_label,text,original_text_available,source,review_url,collected_at,club_rating,club_reviews_total
Izi Moscow,"Басманный пер., 8 с1, Москва, Россия, 109028",0x46b54af49b7f665b:0xebbe3cfded529447,Ci9DQUlRQUNvZENodHljRjlvT2xaMGFGUlNibFp1Tm5sRmVGQkRSMHBDWVdaTFozYxAB,5.0,2026-08-05T08:53:05Z,2026-08-05T08:53:05Z,месяц назад,,False,Google,https://www.google.com/maps/reviews/data=!4m8!14m7!1m6!2m5!1sCi9DQUlRQUNvZENodHljRjlvT2xaMGFGUlNibFp1Tm5sRmVGQkRSMHBDWVdaTFozYxAB!2m1!1s0x0:0xebbe3cfded529447!3m1!1s2@1:CAIQACodChtycF9oOlZ0aFRSblZuNnlFeFBDR0pCYWZLZ3c%7C%7C?hl=ru,2026-09-07T23:53:39.773458+00:00,3.4,84
Izi Moscow,"Басманный пер., 8 с1, Москва, Россия, 109028",0x46b54af49b7f665b:0xebbe3cfded529447,Ci9DQUlRQUNvZENodHljRjlvT2xwWlJWcEJlSEZuU1c5blEwZG5SemhNT0VWT1MxRRAB,5.0,2026-07-25T21:02:18Z,2026-07-25T21:02:18Z,месяц назад,"ништяк место, можно потусить",True,Google,https://www.google.com/maps/reviews/data=!4m8!14m7!1m6!2m5!1sCi9DQUlRQUNvZENodHljRjlvT2xwWlJWcEJlSEZuU1c5blEwZG5SemhNT0VWT1MxRRAB!2m1!1s0x0:0xebbe3cfded529447!3m1!1s2@1:CAIQACodChtycF9oOlpZRVpBeHFnSW9nQ0dnRzhMOEVOS1E%7C%7C?hl=ru,2026-09-07T23:53:39.773816+00:00,3.4,84
Izi Moscow,"Басманный пер., 8 с1, Москва, Россия, 109028",0x46b54af49b7f665b:0xebbe3cfded529447,Ci9DQUlRQUNvZENodHljRjlvT2pCUWRUaGpkbVIyU0ZOMFdHZEZVbWxoYW5KRE5HYxAB,5.0,2026-07-17T22:24:34Z,2026-07-17T22:24:34Z,месяц назад,Крутой движ,True,Google,https://www.google.com/maps/reviews/data=!4m8!14m7!1m6!2m5!1sCi9DQUlRQUNvZENodHljRjlvT2pCUWRUaGpkbVIyU0ZOMFdHZEZVbWxoYW5KRE5HYxAB!2m1!1s0x0:0xebbe3cfded529447!3m1!1s2@1:CAIQACodChtycF9oOjBQdThjdmR2SFN0WGdFUmlhanJDNGc%7C%7C?hl=ru,2026-09-07T23:53:39.773864+00:00,3.4,84
Izi Moscow,"Басманный пер., 8 с1, Москва, Россия, 109028",0x46b54af49b7f665b:0xebbe3cfded529447,Ci9DQUlRQUNvZENodHljRjlvT2toYVRYQk1jalJsYVhaQlh6VXlVbTE2U1dGNlNtYxAB,5.0,2026-07-17T22:24:03Z,2026-07-17T22:24:03Z,месяц назад,,False,Google,https://www.google.com/maps/reviews/data=!4m8!14m7!1m6!2m5!1sCi9DQUlRQUNvZENodHljRjlvT2toYVRYQk1jalJsYVhaQlh6VXlVbTE2U1dGNlNtYxAB!2m1!1s0x0:0xebbe3cfded529447!3m1!1s2@1:CAIQACodChtycF9oOkhaTXBMcjRlaXZBXzUyUm16SWF6Smc%7C%7C?hl=ru,2026-09-07T23:53:39.773900+00:00,3.4,84
Izi Moscow,"Басманный пер., 8 с1, Москва, Россия, 109028",0x46b54af49b7f665b:0xebbe3cfded529447,Ci9DQUlRQUNvZENodHljRjlvT25sSGFIVktRa1EzVWs1YWIySXRaemxEYjFOV1VFRRAB,5.0,2026-07-17T22:23:24Z,2026-07-17T22:23:24Z,месяц назад,Изи кайф!!!,True,Google,https://www.google.com/maps/reviews/data=!4m8!14m7!1m6!2m5!1sCi9DQUlRQUNvZENodHljRjlvT25sSGFIVktRa1EzVWs1YWIySXRaemxEYjFOV1VFRRAB!2m1!1s0x0:0xebbe3cfded529447!3m1!1s2@1:CAIQACodChtycF9oOnlHaHVKQkQ3Uk5ab2ItZzlDb1NWUEE%7C%7C?hl=ru,2026-09-07T23:53:39.773932+00:00,3.4,84
Izi Moscow,"Басманный пер., 8 с1, Москва, Россия, 109028",0x46b54af49b7f665b:0xebbe3cfded529447,Ci9DQUlRQUNvZENodHljRjlvT2kxbFR6aGxXRTlSYURCd1dUaGhYMHB1VlVSdmFFRRAB,5.0,2026-05-02T21:15:14Z,2026-05-02T21:15:14Z,4 месяца назад,,False,Google,https://www.google.com/maps/reviews/data=!4m8!14m7!1m6!2m5!1sCi9DQUlRQUNvZENodHljRjlvT2kxbFR6aGxXRTlSYURCd1dUaGhYMHB1VlVSdmFFRRAB!2m1!1s0x0:0xebbe3cfded529447!3m1!1s2@1:CAIQACodChtycF9oOi1lTzhlWE9RaDBwWThhX0puVURvaEE%7C%7C?hl=ru,2026-09-07T23:53:39.934745+00:00,3.4,84
Izi Moscow,"Басманный пер., 8 с1, Москва, Россия, 109028",0x46b54af49b7f665b:0xebbe3cfded529447,Ci9DQUlRQUNvZENodHljRjlvT25WZmMwOXBiMHhOU0VnM1EzQlFWbVZWY1VaYVpWRRAB,5.0,2026-04-25T20:48:46Z,2026-04-25T20:48:46Z,4 месяца назад,"Одним словом, Клуб огонь",True,Google,https://www.google.com/maps/reviews/data=!4m8!14m7!1m6!2m5!1sCi9DQUlRQUNvZENodHljRjlvT25WZmMwOXBiMHhOU0VnM1EzQlFWbVZWY1VaYVpWRRAB!2m1!1s0x0:0xebbe3cfded529447!3m1!1s2@1:CAIQACodChtycF9oOnVfc09pb0xNSEg3Q3BQVmVVcUZaZVE%7C%7C?hl=ru,2026-09-07T23:53:39.934885+00:00,3.4,84
Izi Moscow,"Басманный пер., 8 с1, Москва, Россия, 109028",0x46b54af49b7f665b:0xebbe3cfded529447,Ci9DQUlRQUNvZENodHljRjlvT2xaTGFqQmtiV2wwUzFoTVNUaG5UMlJwYm5wQ1dtYxAB,5.0,2026-04-17T16:52:33Z,2026-04-17T16:52:33Z,4 месяца назад,"все очень круто, одно из немногих мест в Мск, где тебе комфортно и безопасно провести вечер",True,Google,https://www.google.com/maps/reviews/data=!4m8!14m7!1m6!2m5!1sCi9DQUlRQUNvZENodHljRjlvT2xaTGFqQmtiV2wwUzFoTVNUaG5UMlJwYm5wQ1dtYxAB!2m1!1s0x0:0xebbe3cfded529447!3m1!1s2@1:CAIQACodChtycF9oOlZLajBkbWl0S1hMSThnT2RpbnpCWmc%7C%7C?hl=ru,2026-09-07T23:53:39.934986+00:00,3.4,84
Izi Moscow,"Басманный пер., 8 с1, Москва, Россия, 109028",0x46b54af49b7f665b:0xebbe3cfded529447,Ci9DQUlRQUNvZENodHljRjlvT2pSWVdYSlBUSGhUYlVGa1NYbGFlazlyZEhsaU1FRRAB,5.0,2026-04-17T11:17:52Z,2026-04-17T11:17:52Z,4 месяца назад,хороший клуб для посещений отдохнуть,True,Google,https://www.google.com/maps/reviews/data=!4m8!14m7!1m6!2m5!1sCi9DQUlRQUNvZENodHljRjlvT2pSWVdYSlBUSGhUYlVGa1NYbGFlazlyZEhsaU1FRRAB!2m1!1s0x0:0xebbe3cfded529447!3m1!1s2@1:CAIQACodChtycF9oOjRYWXJPTHhTbUFkSXlaek9rdHliMEE%7C%7C?hl=ru,2026-09-07T23:53:39.935030+00:00,3.4,84
Izi Moscow,"Басманный пер., 8 с1, Москва, Россия, 109028",0x46b54af49b7f665b:0xebbe3cfded529447,Ci9DQUlRQUNvZENodHljRjlvT2sxVlYyRXRWalYwWlhkbmJsOXdNV05zZFhadU4yYxAB,5.0,2026-03-07T21:07:04Z,2026-03-07T21:07:04Z,6 месяцев назад,Все круто,True,Google,https://www.google.com/maps/reviews/data=!4m8!14m7!1m6!2m5!1sCi9DQUlRQUNvZENodHljRjlvT2sxVlYyRXRWalYwWlhkbmJsOXdNV05zZFhadU4yYxAB!2m1!1s0x0:0xebbe3cfded529447!3m1!1s2@1:CAIQACodChtycF9oOk1VV2EtVjV0ZXdnbl9wMWNsdXZuN2c%7C%7C?hl=ru,2026-09-07T23:53:39.935066+00:00,3.4,84
Izi Moscow,"Басманный пер., 8 с1, Москва, Россия, 109028",0x46b54af49b7f665b:0xebbe3cfded529447,Ci9DQUlRQUNvZENodHljRjlvT25CVE9GVkNkazVIUjJoTldUSkZZazlzUm04MFlVRRAB,5.0,2026-02-22T22:58:27Z,2026-02-22T22:58:27Z,6 месяцев назад,Очень хорошие место буду еще не один раз,True,Google,https://www.google.com/maps/reviews/data=!4m8!14m7!1m6!2m5!1sCi9DQUlRQUNvZENodHljRjlvT25CVE9GVkNkazVIUjJoTldUSkZZazlzUm04MFlVRRAB!2m1!1s0x0:0xebbe3cfded529447!3m1!1s2@1:CAIQACodChtycF9oOnBTOFVCdk5HR2hNWTJFYk9sRm80YUE%7C%7C?hl=ru,2026-09-07T23:53:39.935099+00:00,3.4,84
Izi Moscow,"Басманный пер., 8 с1, Москва, Россия, 109028",0x46b54af49b7f665b:0xebbe3cfded529447,Ci9DQUlRQUNvZENodHljRjlvT2poaFpVbDNia3RHVEVWUmFVcG1ZMlEzZFVweU9IYxAB,1.0,2026-02-22T09:50:49Z,2026-02-22T09:50:49Z,6 месяцев назад,"ужасное по качеству и сервису место.  сказали есть ли снюс, сказал нет, когда к  этому начали приставать? очень медленно работают",True,Google,https://www.google.com/maps/reviews/data=!4m8!14m7!1m6!2m5!1sCi9DQUlRQUNvZENodHljRjlvT2poaFpVbDNia3RHVEVWUmFVcG1ZMlEzZFVweU9IYxAB!2m1!1s0x0:0xebbe3cfded529447!3m1!1s2@1:CAIQACodChtycF9oOjhhZUl3bktGTEVRaUpmY2Q3dUpyOHc%7C%7C?hl=ru,2026-09-07T23:53:39.935143+00:00,3.4,84
Izi Moscow,"Басманный пер., 8 с1, Москва, Россия, 109028",0x46b54af49b7f665b:0xebbe3cfded529447,Ci9DQUlRQUNvZENodHljRjlvT25walgzTkRSbkJSYTAweldqSkdTV05hTmpSR1dVRRAB,5.0,2026-02-18T19:37:21Z,2026-02-18T19:37:21Z,6 месяцев назад,все четко,True,Google,https://www.google.com/maps/reviews/data=!4m8!14m7!1m6!2m5!1sCi9DQUlRQUNvZENodHljRjlvT25walgzTkRSbkJSYTAweldqSkdTV05hTmpSR1dVRRAB!2m1!1s0x0:0xebbe3cfded529447!3m1!1s2@1:CAIQACodChtycF9oOnpjX3NDRnBRa00zWjJGSWNaNjRGWUE%7C%7C?hl=ru,2026-09-07T23:53:39.935186+00:00,3.4,84
Izi Moscow,"Басманный пер., 8 с1, Москва, Россия, 109028",0x46b54af49b7f665b:0xebbe3cfded529447,Ci9DQUlRQUNvZENodHljRjlvT2xSMWF6UTBWVVYyVG1wMlVWSlZXVXc1YlZjNVlsRRAB,5.0,2026-02-14T22:45:59Z,2026-02-14T22:45:59Z,6 месяцев назад,Клуб очень нравится! Атмосферная музыка! Приятный персонал и хорошие охранники! Из улучшений хотелось побольше мест для сидений,True,Google,https://www.google.com/maps/reviews/data=!4m8!14m7!1m6!2m5!1sCi9DQUlRQUNvZENodHljRjlvT2xSMWF6UTBWVVYyVG1wMlVWSlZXVXc1YlZjNVlsRRAB!2m1!1s0x0:0xebbe3cfded529447!3m1!1s2@1:CAIQACodChtycF9oOlR1azQ0VUV2Tmp2UVJVWUw5bVc5YlE%7C%7C?hl=ru,2026-09-07T23:53:39.935220+00:00,3.4,84
Izi Moscow,"Басманный пер., 8 с1, Москва, Россия, 109028",0x46b54af49b7f665b:0xebbe3cfded529447,Ci9DQUlRQUNvZENodHljRjlvT2tRek1XVnliMU5MVnkwNGIweFZiaTF5UTIxVVdVRRAB,1.0,2026-01-18T07:21:41Z,2026-01-18T07:21:41Z,7 месяцев назад,,False,Google,https://www.google.com/maps/reviews/data=!4m8!14m7!1m6!2m5!1sCi9DQUlRQUNvZENodHljRjlvT2tRek1XVnliMU5MVnkwNGIweFZiaTF5UTIxVVdVRRAB!2m1!1s0x0:0xebbe3cfded529447!3m1!1s2@1:CAIQACodChtycF9oOkQzMWVyb1NLVy04b0xVbi1yQ21UWUE%7C%7C?hl=ru,2026-09-07T23:53:39.935272+00:00,3.4,84
Izi Moscow,"Басманный пер., 8 с1, Москва, Россия, 109028",0x46b54af49b7f665b:0xebbe3cfded529447,Ci9DQUlRQUNvZENodHljRjlvT2pCRmFqWmFNRkJOWVVWVVV6TnJNbTl5Y0c1dlVWRRAB,5.0,2026-01-10T05:10:44Z,2026-01-10T05:10:44Z,7 месяцев назад,,False,Google,https://www.google.com/maps/reviews/data=!4m8!14m7!1m6!2m5!1sCi9DQUlRQUNvZENodHljRjlvT2pCRmFqWmFNRkJOWVVWVVV6TnJNbTl5Y0c1dlVWRRAB!2m1!1s0x0:0xebbe3cfded529447!3m1!1s2@1:CAIQACodChtycF9oOjBFajZaMFBNYUVUUzNrMm9ycG5vUVE%7C%7C?hl=ru,2026-09-07T23:53:39.935308+00:00,3.4,84
Izi Moscow,"Басманный пер., 8 с1, Москва, Россия, 109028",0x46b54af49b7f665b:0xebbe3cfded529447,Ci9DQUlRQUNvZENodHljRjlvT21GUFFuWjFkamRRV1V4NFJtcFBaMXBvUVROaGRIYxAB,5.0,2025-12-20T20:43:52Z,2025-12-20T20:43:52Z,8 месяцев назад,"Была несколько раз, все понравилось. Вкусная еда, движёвая атмосфера, ребята охрана- красавчики!",True,Google,https://www.google.com/maps/reviews/data=!4m8!14m7!1m6!2m5!1sCi9DQUlRQUNvZENodHljRjlvT21GUFFuWjFkamRRV1V4NFJtcFBaMXBvUVROaGRIYxAB!2m1!1s0x0:0xebbe3cfded529447!3m1!1s2@1:CAIQACodChtycF9oOmFPQnZ1djdQWUx4RmpPZ1poQTNhdHc%7C%7C?hl=ru,2026-09-07T23:53:39.935339+00:00,3.4,84
Izi Moscow,"Басманный пер., 8 с1, Москва, Россия, 109028",0x46b54af49b7f665b:0xebbe3cfded529447,Ci9DQUlRQUNvZENodHljRjlvT2s1R05HNTVTWEo2VWpkelVrdEZiR1Y0YzNBMmFYYxAB,1.0,2025-12-13T22:44:29Z,2025-12-13T22:44:29Z,8 месяцев назад,Не впустили потому что я панк,True,Google,https://www.google.com/maps/reviews/data=!4m8!14m7!1m6!2m5!1sCi9DQUlRQUNvZENodHljRjlvT2s1R05HNTVTWEo2VWpkelVrdEZiR1Y0YzNBMmFYYxAB!2m1!1s0x0:0xebbe3cfded529447!3m1!1s2@1:CAIQACodChtycF9oOk5GNG55SXJ6UjdzUktFbGV4c3A2aXc%7C%7C?hl=ru,2026-09-07T23:53:39.935377+00:00,3.4,84
Izi Moscow,"Басманный пер., 8 с1, Москва, Россия, 109028",0x46b54af49b7f665b:0xebbe3cfded529447,Ci9DQUlRQUNvZENodHljRjlvT21OSWQxbzFMVVUwV0dwVU5HMTViV0ZxTTJSaWIzYxAB,3.0,2025-11-24T07:54:40Z,2025-11-24T07:54:40Z,9 месяцев назад,"Все отлично,бывает сомнительный континент",True,Google,https://www.google.com/maps/reviews/data=!4m8!14m7!1m6!2m5!1sCi9DQUlRQUNvZENodHljRjlvT21OSWQxbzFMVVUwV0dwVU5HMTViV0ZxTTJSaWIzYxAB!2m1!1s0x0:0xebbe3cfded529447!3m1!1s2@1:CAIQACodChtycF9oOmNId1o1LUU0WGpUNG15bWFqM2Rib3c%7C%7C?hl=ru,2026-09-07T23:53:39.935412+00:00,3.4,84
Izi Moscow,"Басманный пер., 8 с1, Москва, Россия, 109028",0x46b54af49b7f665b:0xebbe3cfded529447,Ci9DQUlRQUNvZENodHljRjlvT2t4S1lXeFpSMGRxT1hkWlpYTnBhM3B1UTBsMFQwRRAB,5.0,2025-11-14T20:15:43Z,2025-11-14T20:15:43Z,9 месяцев назад,Ваще кайф:),True,Google,https://www.google.com/maps/reviews/data=!4m8!14m7!1m6!2m5!1sCi9DQUlRQUNvZENodHljRjlvT2t4S1lXeFpSMGRxT1hkWlpYTnBhM3B1UTBsMFQwRRAB!2m1!1s0x0:0xebbe3cfded529447!3m1!1s2@1:CAIQACodChtycF9oOkxKYWxZR0dqOXdZZXNpa3puQ0l0T0E%7C%7C?hl=ru,2026-09-07T23:53:39.935444+00:00,3.4,84
Izi Moscow,"Басманный пер., 8 с1, Москва, Россия, 109028",0x46b54af49b7f665b:0xebbe3cfded529447,Ci9DQUlRQUNvZENodHljRjlvT201dlRGcDVNbUl6YzJSdmVVczRlVlE0WTNoalRGRRAB,5.0,2025-11-01T17:25:14Z,2025-11-01T17:25:14Z,10 месяцев назад,Все класс. Особенно тусовки по пятницам,True,Google,https://www.google.com/maps/reviews/data=!4m8!14m7!1m6!2m5!1sCi9DQUlRQUNvZENodHljRjlvT201dlRGcDVNbUl6YzJSdmVVczRlVlE0WTNoalRGRRAB!2m1!1s0x0:0xebbe3cfded529447!3m1!1s2@1:CAIQACodChtycF9oOm5vTFp5MmIzc2RveUs4eVQ4Y3hjTFE%7C%7C?hl=ru,2026-09-07T23:53:39.935488+00:00,3.4,84
Izi Moscow,"Басманный пер., 8 с1, Москва, Россия, 109028",0x46b54af49b7f665b:0xebbe3cfded529447,Ci9DQUlRQUNvZENodHljRjlvT2pOVVMwbGZSVWQxYkhZMlNHdFhSVzVRWDFjNFdsRRAB,1.0,2025-10-04T20:37:33Z,2025-10-04T20:37:33Z,11 месяцев назад,Полный отстой,True,Google,https://www.google.com/maps/reviews/data=!4m8!14m7!1m6!2m5!1sCi9DQUlRQUNvZENodHljRjlvT2pOVVMwbGZSVWQxYkhZMlNHdFhSVzVRWDFjNFdsRRAB!2m1!1s0x0:0xebbe3cfded529447!3m1!1s2@1:CAIQACodChtycF9oOjNUS0lfRUd1bHY2SGtXRW5QX1c4WlE%7C%7C?hl=ru,2026-09-07T23:53:39.935519+00:00,3.4,84
Izi Moscow,"Басманный пер., 8 с1, Москва, Россия, 109028",0x46b54af49b7f665b:0xebbe3cfded529447,Ci9DQUlRQUNvZENodHljRjlvT25keU5raEhhekJNV0dNMVJXZDRZVkJOYjFkVVEyYxAB,1.0,2025-08-30T00:13:14Z,2025-08-30T00:13:14Z,год назад,"Всегда впускали, пришёл с другом не впустили. Хотя были трезвые и адекватные.  Алкоголь тут паль, было очень плохо после него.",True,Google,https://www.google.com/maps/reviews/data=!4m8!14m7!1m6!2m5!1sCi9DQUlRQUNvZENodHljRjlvT25keU5raEhhekJNV0dNMVJXZDRZVkJOYjFkVVEyYxAB!2m1!1s0x0:0xebbe3cfded529447!3m1!1s2@1:CAIQACodChtycF9oOndyNkhHazBMWGM1RWd4YVBNb1dUQ2c%7C%7C?hl=ru,2026-09-07T23:53:39.935553+00:00,3.4,84
Izi Moscow,"Басманный пер., 8 с1, Москва, Россия, 109028",0x46b54af49b7f665b:0xebbe3cfded529447,ChdDSUhNMG9nS0VQU1B3Y2ZSenN2NnV3RRAB,5.0,2025-06-07T13:30:09Z,2025-06-07T13:30:09Z,год назад,"Мне понравилось, очень атмосферное место",True,Google,https://www.google.com/maps/reviews/data=!4m8!14m7!1m6!2m5!1sChdDSUhNMG9nS0VQU1B3Y2ZSenN2NnV3RRAB!2m1!1s0x0:0xebbe3cfded529447!3m1!1s2@1:CIHM0ogKEPSPwcfRzsv6uwE%7C%7C?hl=ru,2026-09-07T23:53:39.935586+00:00,3.4,84
Izi Moscow,"Басманный пер., 8 с1, Москва, Россия, 109028",0x46b54af49b7f665b:0xebbe3cfded529447,ChZDSUhNMG9nS0VQS2R3YjJncEwyOWRREAE,5.0,2025-06-01T01:12:08Z,2025-06-01T01:12:08Z,год назад,"Дарьепрепеемиююююю. ДАРЬЕ ПРЕМИЮ ДАЙТЕ ПРЕМИЮ, ЕСЛИ НЕ ДАДИТЕ НЕ ПРИДУ БОЛЬШЕ. ПРЕМИЮ ДАРЬЕ!!!!!!!!!!!!!!!!!!!!!",True,Google,https://www.google.com/maps/reviews/data=!4m8!14m7!1m6!2m5!1sChZDSUhNMG9nS0VQS2R3YjJncEwyOWRREAE!2m1!1s0x0:0xebbe3cfded529447!3m1!1s2@1:CIHM0ogKEPKdwb2gpL29dQ%7C%7C?hl=ru,2026-09-07T23:53:39.935622+00:00,3.4,84
Izi Moscow,"Басманный пер., 8 с1, Москва, Россия, 109028",0x46b54af49b7f665b:0xebbe3cfded529447,ChdDSUhNMG9nS0VJQ0FnTURJdTk3SGhBRRAB,1.0,2025-04-13T09:08:30Z,2025-04-13T09:08:30Z,год назад,"Имел опыт посетить данное заведение,помимо того что максимально грязно,в клубе не продумана система туалетов ,он общий к нему еще и очереди по 15 минут, в заведении внутри курят сигареты ,какие-то малолетки блюют ,дуют шары , также еще ,если тебе порвали браслет с тебя вздымают 500р и не отдают шмотки пока ты не заплатишь, стоишь на баре ,куришь электронную сигарету ,на что тебе бармен спокойно может сказать грубым образом ,чтобы ты не курил или тебя выкинут от сюда,при чем рядом прошел человек,который курил сигарету и вонял на весь клуб,в общем абсолютно не клиентоориентированная обрыгаловка , к посещению не рекомендую,есть много клубов куда можно сходить и где не будет такого деревенского пафоса , если хотите прийти,обожраться паленым алкоголем и потом шлефануть малолетними девочкам ,это место для вас,но если вы адекватный человек,вам там не понравится",True,Google,https://www.google.com/maps/reviews/data=!4m8!14m7!1m6!2m5!1sChdDSUhNMG9nS0VJQ0FnTURJdTk3SGhBRRAB!2m1!1s0x0:0xebbe3cfded529447!3m1!1s2@1:CIHM0ogKEICAgMDIu97HhAE%7C%7C?hl=ru,2026-09-07T23:53:40.987091+00:00,3.4,84
Izi Moscow,"Басманный пер., 8 с1, Москва, Россия, 109028",0x46b54af49b7f665b:0xebbe3cfded529447,ChdDSUhNMG9nS0VJQ0FnTURJNU1lbzZnRRAB,1.0,2025-04-07T10:24:33Z,2025-04-07T10:24:33Z,год назад,"Планировали большой юбилей, забронировали стол за месяц, внесли предоплату. Приехали праздновать — и нас не пустили! На входе охранники сослались на фейсконтроль, но никаких внятных объяснений не предоставили. Мы были одеты в деловом стиле, никакого спорта, все прилично и соответствовало требованиям заведения. Охрана отказалась от каких-либо комментариев. Попросила вызвать менеджера, комментарий был аналогичный😂 «политика клуба имеет право отказать в проходе без обоснования причины». Предоплату, к слову, вернули, но это никак не компенсирует испорченный праздник и унижение перед гостями. Более того, я  услышала разговор охранников о ""трех бородатых мужчинах"". Среди нас были только славяне, и этот комментарий наводит на мысли о дискриминации по внешним признакам. Впечатление отвратительное. Категорически не рекомендую это заведение – рискуете столкнуться с непонятными ""правилами"" фейсконтроля и испортить себе торжество. Клуб IZI — место, где клиентов не уважают и портят им праздники без всяких на то оснований!",True,Google,https://www.google.com/maps/reviews/data=!4m8!14m7!1m6!2m5!1sChdDSUhNMG9nS0VJQ0FnTURJNU1lbzZnRRAB!2m1!1s0x0:0xebbe3cfded529447!3m1!1s2@1:CIHM0ogKEICAgMDI5Meo6gE%7C%7C?hl=ru,2026-09-07T23:53:40.987373+00:00,3.4,84
Izi Moscow,"Басманный пер., 8 с1, Москва, Россия, 109028",0x46b54af49b7f665b:0xebbe3cfded529447,ChZDSUhNMG9nS0VJQ0FnTURRMExtUFR3EAE,5.0,2025-03-08T12:59:06Z,2025-03-08T12:59:06Z,год назад,,False,Google,https://www.google.com/maps/reviews/data=!4m8!14m7!1m6!2m5!1sChZDSUhNMG9nS0VJQ0FnTURRMExtUFR3EAE!2m1!1s0x0:0xebbe3cfded529447!3m1!1s2@1:CIHM0ogKEICAgMDQ0LmPTw%7C%7C?hl=ru,2026-09-07T23:53:40.987471+00:00,3.4,84
Izi Moscow,"Басманный пер., 8 с1, Москва, Россия, 109028",0x46b54af49b7f665b:0xebbe3cfded529447,ChdDSUhNMG9nS0VJQ0FnTUNRMksteW5nRRAB,1.0,2025-03-01T20:10:16Z,2025-03-01T20:10:16Z,год назад,"Музыка вообще ни о чём. Какие-то биты и иностранные сопровождения. Пришли с компанией, двоих просто развернули и не хотели пускать ни чем не объясняя. Ребятам пришлось ехать назад на другой конец Москвы",True,Google,https://www.google.com/maps/reviews/data=!4m8!14m7!1m6!2m5!1sChdDSUhNMG9nS0VJQ0FnTUNRMksteW5nRRAB!2m1!1s0x0:0xebbe3cfded529447!3m1!1s2@1:CIHM0ogKEICAgMCQ2K-yngE%7C%7C?hl=ru,2026-09-07T23:53:40.987515+00:00,3.4,84
Izi Moscow,"Басманный пер., 8 с1, Москва, Россия, 109028",0x46b54af49b7f665b:0xebbe3cfded529447,ChZDSUhNMG9nS0VJQ0FnSURfb056OFp3EAE,5.0,2025-01-20T16:03:01Z,2025-01-20T16:03:01Z,год назад,,False,Google,https://www.google.com/maps/reviews/data=!4m8!14m7!1m6!2m5!1sChZDSUhNMG9nS0VJQ0FnSURfb056OFp3EAE!2m1!1s0x0:0xebbe3cfded529447!3m1!1s2@1:CIHM0ogKEICAgID_oNz8Zw%7C%7C?hl=ru,2026-09-07T23:53:40.987568+00:00,3.4,84
Izi Moscow,"Басманный пер., 8 с1, Москва, Россия, 109028",0x46b54af49b7f665b:0xebbe3cfded529447,ChdDSUhNMG9nS0VJQ0FnSUNfaGZqWnhnRRAB,5.0,2025-01-17T15:31:08Z,2025-01-17T15:31:08Z,год назад,,False,Google,https://www.google.com/maps/reviews/data=!4m8!14m7!1m6!2m5!1sChdDSUhNMG9nS0VJQ0FnSUNfaGZqWnhnRRAB!2m1!1s0x0:0xebbe3cfded529447!3m1!1s2@1:CIHM0ogKEICAgIC_hfjZxgE%7C%7C?hl=ru,2026-09-07T23:53:40.987599+00:00,3.4,84
Izi Moscow,"Басманный пер., 8 с1, Москва, Россия, 109028",0x46b54af49b7f665b:0xebbe3cfded529447,ChZDSUhNMG9nS0VJQ0FnSUNfLWM3c1h3EAE,5.0,2025-01-17T14:38:12Z,2025-01-17T14:38:12Z,год назад,,False,Google,https://www.google.com/maps/reviews/data=!4m8!14m7!1m6!2m5!1sChZDSUhNMG9nS0VJQ0FnSUNfLWM3c1h3EAE!2m1!1s0x0:0xebbe3cfded529447!3m1!1s2@1:CIHM0ogKEICAgIC_-c7sXw%7C%7C?hl=ru,2026-09-07T23:53:40.987629+00:00,3.4,84
Izi Moscow,"Басманный пер., 8 с1, Москва, Россия, 109028",0x46b54af49b7f665b:0xebbe3cfded529447,ChZDSUhNMG9nS0VJQ0FnSURmdmN1V0hnEAE,5.0,2025-01-09T15:18:18Z,2025-01-09T15:18:18Z,год назад,,False,Google,https://www.google.com/maps/reviews/data=!4m8!14m7!1m6!2m5!1sChZDSUhNMG9nS0VJQ0FnSURmdmN1V0hnEAE!2m1!1s0x0:0xebbe3cfded529447!3m1!1s2@1:CIHM0ogKEICAgIDfvcuWHg%7C%7C?hl=ru,2026-09-07T23:53:40.987659+00:00,3.4,84
Izi Moscow,"Басманный пер., 8 с1, Москва, Россия, 109028",0x46b54af49b7f665b:0xebbe3cfded529447,ChdDSUhNMG9nS0VJQ0FnSUR2NDZHNXJRRRAB,5.0,2024-12-23T17:14:39Z,2024-12-23T17:14:39Z,год назад,,False,Google,https://www.google.com/maps/reviews/data=!4m8!14m7!1m6!2m5!1sChdDSUhNMG9nS0VJQ0FnSUR2NDZHNXJRRRAB!2m1!1s0x0:0xebbe3cfded529447!3m1!1s2@1:CIHM0ogKEICAgIDv46G5rQE%7C%7C?hl=ru,2026-09-07T23:53:40.987687+00:00,3.4,84
Izi Moscow,"Басманный пер., 8 с1, Москва, Россия, 109028",0x46b54af49b7f665b:0xebbe3cfded529447,ChZDSUhNMG9nS0VJQ0FnSUR2NDViZEJnEAE,5.0,2024-12-23T17:03:03Z,2024-12-23T17:03:03Z,год назад,,False,Google,https://www.google.com/maps/reviews/data=!4m8!14m7!1m6!2m5!1sChZDSUhNMG9nS0VJQ0FnSUR2NDViZEJnEAE!2m1!1s0x0:0xebbe3cfded529447!3m1!1s2@1:CIHM0ogKEICAgIDv45bdBg%7C%7C?hl=ru,2026-09-07T23:53:40.987716+00:00,3.4,84
Izi Moscow,"Басманный пер., 8 с1, Москва, Россия, 109028",0x46b54af49b7f665b:0xebbe3cfded529447,ChdDSUhNMG9nS0VJQ0FnSUR2eGFPYXpRRRAB,1.0,2024-12-22T07:58:20Z,2024-12-22T07:58:20Z,год назад,"Очень холодно, дверь всегда открыта входная зимой, а на самом танцполе душно... Куча молодежи 18 лет. Еда нормальная.",True,Google,https://www.google.com/maps/reviews/data=!4m8!14m7!1m6!2m5!1sChdDSUhNMG9nS0VJQ0FnSUR2eGFPYXpRRRAB!2m1!1s0x0:0xebbe3cfded529447!3m1!1s2@1:CIHM0ogKEICAgIDvxaOazQE%7C%7C?hl=ru,2026-09-07T23:53:40.987744+00:00,3.4,84
Izi Moscow,"Басманный пер., 8 с1, Москва, Россия, 109028",0x46b54af49b7f665b:0xebbe3cfded529447,ChdDSUhNMG9nS0VJQ0FnSURQNlpmUndRRRAB,5.0,2024-12-03T18:26:35Z,2024-12-03T18:26:35Z,год назад,"Я сюда ещё точно вернусь потому что тут был лютый вайб «проект Х» я не знаю пхпхпх Дикий движ, все на суете, танцуют веселятся, девчонки трясут чем надо, бармены мешают вкуснятину (и цены кстати вкуснота), так что рекомендую однозначно",True,Google,https://www.google.com/maps/reviews/data=!4m8!14m7!1m6!2m5!1sChdDSUhNMG9nS0VJQ0FnSURQNlpmUndRRRAB!2m1!1s0x0:0xebbe3cfded529447!3m1!1s2@1:CIHM0ogKEICAgIDP6ZfRwQE%7C%7C?hl=ru,2026-09-07T23:53:40.987778+00:00,3.4,84
Izi Moscow,"Басманный пер., 8 с1, Москва, Россия, 109028",0x46b54af49b7f665b:0xebbe3cfded529447,ChZDSUhNMG9nS0VJQ0FnSUNQbGV1ZUFnEAE,5.0,2024-11-26T14:35:13Z,2024-11-26T14:35:13Z,год назад,"Диджей теперь мой краш. Чисто вытащил из меня внутренности, перемешал и вставил обратно. Я в жизни так долго не танцевала без перерыва, ноги до сих пор болят.
Была здесь пару дней назад",True,Google,https://www.google.com/maps/reviews/data=!4m8!14m7!1m6!2m5!1sChZDSUhNMG9nS0VJQ0FnSUNQbGV1ZUFnEAE!2m1!1s0x0:0xebbe3cfded529447!3m1!1s2@1:CIHM0ogKEICAgICPleueAg%7C%7C?hl=ru,2026-09-07T23:53:40.987823+00:00,3.4,84
Izi Moscow,"Басманный пер., 8 с1, Москва, Россия, 109028",0x46b54af49b7f665b:0xebbe3cfded529447,ChZDSUhNMG9nS0VJQ0FnSUNQNG82alJnEAE,1.0,2024-11-22T19:11:42Z,2024-11-22T19:13:08Z,год назад,Не дали допеть одну песню артисту. Что за неуважение?! Просто все выключили. Не шли на контакт.,True,Google,https://www.google.com/maps/reviews/data=!4m8!14m7!1m6!2m5!1sChZDSUhNMG9nS0VJQ0FnSUNQNG82alJnEAE!2m1!1s0x0:0xebbe3cfded529447!3m1!1s2@1:CIHM0ogKEICAgICP4o6jRg%7C%7C?hl=ru,2026-09-07T23:53:40.987858+00:00,3.4,84
Izi Moscow,"Басманный пер., 8 с1, Москва, Россия, 109028",0x46b54af49b7f665b:0xebbe3cfded529447,ChZDSUhNMG9nS0VJQ0FnSUMzbGJLa1ZBEAE,5.0,2024-11-07T15:50:42Z,2024-11-07T15:50:42Z,год назад,"Заходили своей тусовкой, все понравилось. Коктейли не разочаровали, атмосфера огонь. Музыка новая для меня, но ребята денсили жестко, вернусь еще распробовать!",True,Google,https://www.google.com/maps/reviews/data=!4m8!14m7!1m6!2m5!1sChZDSUhNMG9nS0VJQ0FnSUMzbGJLa1ZBEAE!2m1!1s0x0:0xebbe3cfded529447!3m1!1s2@1:CIHM0ogKEICAgIC3lbKkVA%7C%7C?hl=ru,2026-09-07T23:53:40.987890+00:00,3.4,84
Izi Moscow,"Басманный пер., 8 с1, Москва, Россия, 109028",0x46b54af49b7f665b:0xebbe3cfded529447,ChZDSUhNMG9nS0VJQ0FnSUMzOHBMd0xnEAE,5.0,2024-11-04T12:03:53Z,2024-11-04T12:03:53Z,год назад,"Мне очень зашел клуб, классный танцпол, музыка, а шары вообще что-то с чем-то. Единственное не понравилось это малое количество мест чтобы посидеть. А так крутое место",True,Google,https://www.google.com/maps/reviews/data=!4m8!14m7!1m6!2m5!1sChZDSUhNMG9nS0VJQ0FnSUMzOHBMd0xnEAE!2m1!1s0x0:0xebbe3cfded529447!3m1!1s2@1:CIHM0ogKEICAgIC38pLwLg%7C%7C?hl=ru,2026-09-07T23:53:40.987923+00:00,3.4,84
Izi Moscow,"Басманный пер., 8 с1, Москва, Россия, 109028",0x46b54af49b7f665b:0xebbe3cfded529447,ChdDSUhNMG9nS0VJQ0FnSURYbF9UYmxBRRAB,5.0,2024-10-31T20:09:36Z,2024-10-31T20:09:36Z,год назад,"Несколько раз посещала клуб и хочу поделиться своим опытом.
Что касается самого клуба, то он оставил только положительные впечатления. Музыка была на высоте — диджей отлично подбирал треки, и танцевать было одно удовольствие. Освещение, звуковая система - все супер! Коктейли и другие напитки были вкусными, а обслуживание — быстрым и вежливым. Я также заметила, что клуб активно проводит различные тематические вечеринки, что делает его интересным для разных категорий гостей.
Также, с самого начала меня приятно удивила дружелюбная атмосфера, которую создавали промоутеры. Они были очень приветливыми и отзывчивыми, что сразу настроило на позитивный лад. Хочу отметить, что они профессионально подходили к своему делу: не навязывали свои услуги, но в то же время были готовы ответить на все вопросы. Это создало ощущение, что они действительно заботятся о комфортном времяпрепровождении гостей клуба.
Отдельно хочу выразить благодарность Вадиму и Дане. Первый раз, как я пришла в клуб, они встретили меня с улыбкой и предложили помощь. Даня рассказал о всех акциях и мероприятиях, которые планируются в ближайшее время. Создалось ощущение, что я попала в теплую атмосферу, что очень приятно.
Вадим также впечатлил своей профессиональностью. Его энтузиазм и знание о клубе сделали моё времяпрепровождение гораздо более насыщенным.
В целом, все мои посещения в клуб были очень удачными. Работа промоутеров, атмосфера, музыка и обслуживание — все это делало мои вечера потрясающими.",True,Google,https://www.google.com/maps/reviews/data=!4m8!14m7!1m6!2m5!1sChdDSUhNMG9nS0VJQ0FnSURYbF9UYmxBRRAB!2m1!1s0x0:0xebbe3cfded529447!3m1!1s2@1:CIHM0ogKEICAgIDXl_TblAE%7C%7C?hl=ru,2026-09-07T23:53:40.987956+00:00,3.4,84
Izi Moscow,"Басманный пер., 8 с1, Москва, Россия, 109028",0x46b54af49b7f665b:0xebbe3cfded529447,ChZDSUhNMG9nS0VJQ0FnSURYeDhpNU1REAE,5.0,2024-10-31T15:11:46Z,2024-10-31T15:11:46Z,год назад,"Вчера провели вечер в клубе, чистый кайф! Музыка качает так, невозможно устоять. Заказали несколько коктейлей — они были крепкими то что надо! Фейсеры красавцы- в прямом смысле 😉! Приду еще!",True,Google,https://www.google.com/maps/reviews/data=!4m8!14m7!1m6!2m5!1sChZDSUhNMG9nS0VJQ0FnSURYeDhpNU1REAE!2m1!1s0x0:0xebbe3cfded529447!3m1!1s2@1:CIHM0ogKEICAgIDXx8i5MQ%7C%7C?hl=ru,2026-09-07T23:53:40.988032+00:00,3.4,84
Izi Moscow,"Басманный пер., 8 с1, Москва, Россия, 109028",0x46b54af49b7f665b:0xebbe3cfded529447,ChZDSUhNMG9nS0VJQ0FnSURYdzhuRWV3EAE,5.0,2024-10-30T16:00:20Z,2024-10-30T16:00:20Z,год назад,"Мой любимый клуб, тут всегда горячие тусовки, приятные люди, вкусная и крепкая выпивка. Я особенно люблю тут лонг айленд 🍹 Он бомбезный просто вкусный (и мощный). Изи в сердечке 💔",True,Google,https://www.google.com/maps/reviews/data=!4m8!14m7!1m6!2m5!1sChZDSUhNMG9nS0VJQ0FnSURYdzhuRWV3EAE!2m1!1s0x0:0xebbe3cfded529447!3m1!1s2@1:CIHM0ogKEICAgIDXw8nEew%7C%7C?hl=ru,2026-09-07T23:53:40.988072+00:00,3.4,84
Izi Moscow,"Басманный пер., 8 с1, Москва, Россия, 109028",0x46b54af49b7f665b:0xebbe3cfded529447,ChdDSUhNMG9nS0VJQ0FnSURYNk55cDFnRRAB,5.0,2024-10-23T16:04:57Z,2024-10-23T16:04:57Z,год назад,"Замечательный клуб, захожу не в первый раз. Выбор радует, я в шоке что клубе не только бухать,но и покушать вкусно можно. Музыка классная, я орала во все горло. Мне все понравилось в общем",True,Google,https://www.google.com/maps/reviews/data=!4m8!14m7!1m6!2m5!1sChdDSUhNMG9nS0VJQ0FnSURYNk55cDFnRRAB!2m1!1s0x0:0xebbe3cfded529447!3m1!1s2@1:CIHM0ogKEICAgIDX6Nyp1gE%7C%7C?hl=ru,2026-09-07T23:53:40.988121+00:00,3.4,84
Izi Moscow,"Басманный пер., 8 с1, Москва, Россия, 109028",0x46b54af49b7f665b:0xebbe3cfded529447,ChdDSUhNMG9nS0VJQ0FnSUM3N19qM3V3RRAB,3.0,2024-08-19T11:51:41Z,2024-08-19T11:51:41Z,2 года назад,"Вообщем окей, но охране советую не подглядывать в дверные проёмы в туалете, как-то не культурно(как какать-то). Ещё купите им рации с наушниками, советую мотороллу. Напитки тоже окей. Правда как и везде твоё оставленое пойло без присмотра может оказаться у любого типа уже в животе. Прайс на куфшин жуткий. Говорить про шарики не стану, сами знаете, пока кто-то у вас не откинется, вы на это внимание обращать не будете. Внутри клуба душно, кондик работает только над барами. Девушки на подтанцовке класс. Музыка понравилась. Стоит того или нет, решайте сами",True,Google,https://www.google.com/maps/reviews/data=!4m8!14m7!1m6!2m5!1sChdDSUhNMG9nS0VJQ0FnSUM3N19qM3V3RRAB!2m1!1s0x0:0xebbe3cfded529447!3m1!1s2@1:CIHM0ogKEICAgIC77_j3uwE%7C%7C?hl=ru,2026-09-07T23:53:42.280862+00:00,3.4,84
Izi Moscow,"Басманный пер., 8 с1, Москва, Россия, 109028",0x46b54af49b7f665b:0xebbe3cfded529447,ChdDSUhNMG9nS0VJQ0FnSURidlBpaXdRRRAB,1.0,2024-08-03T04:18:40Z,2024-08-03T04:18:40Z,2 года назад,"Приехали компанией друзей(5 человек)
Троих пропустили, нас оставили, друзья были одеты по дресс коду так же как мы, делали qr на проход заранее (на 2 дня раньше события), в итоге на фейсе просто забили и развернули, не объяснив ничего, даже банк показал, где видно что деньги есть😂, одеты были хорошо, не пошло, не как бомжы, документы с собой, ничего не спросили и развернули, охрана хамит, не отвечает на вопросы, на входе входят 16-ти летние просто за 2т.р, а сов.летних не пускают 😂 вообщем,не советую",True,Google,https://www.google.com/maps/reviews/data=!4m8!14m7!1m6!2m5!1sChdDSUhNMG9nS0VJQ0FnSURidlBpaXdRRRAB!2m1!1s0x0:0xebbe3cfded529447!3m1!1s2@1:CIHM0ogKEICAgIDbvPiiwQE%7C%7C?hl=ru,2026-09-07T23:53:42.281091+00:00,3.4,84
Izi Moscow,"Басманный пер., 8 с1, Москва, Россия, 109028",0x46b54af49b7f665b:0xebbe3cfded529447,ChZDSUhNMG9nS0VJQ0FnSUN6dEpla0RBEAE,5.0,2024-05-31T08:26:10Z,2024-05-31T08:26:10Z,2 года назад,"Очень странно читать комментарии ""не понравилось""пойло ""охрана и тд.
Вы пришли в клуб или куда?
Бармены лучшие 💜💜💜",True,Google,https://www.google.com/maps/reviews/data=!4m8!14m7!1m6!2m5!1sChZDSUhNMG9nS0VJQ0FnSUN6dEpla0RBEAE!2m1!1s0x0:0xebbe3cfded529447!3m1!1s2@1:CIHM0ogKEICAgICztJekDA%7C%7C?hl=ru,2026-09-07T23:53:42.281167+00:00,3.4,84
Izi Moscow,"Басманный пер., 8 с1, Москва, Россия, 109028",0x46b54af49b7f665b:0xebbe3cfded529447,ChdDSUhNMG9nS0VJQ0FnSUNUMFpPLXV3RRAB,1.0,2024-05-16T01:21:04Z,2024-05-16T01:21:04Z,2 года назад,"Цены бешеные, охрана просто в наглую роеться в сумке, вытряхивая буквально всё, за такие деньги можно дома и развлечься веселее",True,Google,https://www.google.com/maps/reviews/data=!4m8!14m7!1m6!2m5!1sChdDSUhNMG9nS0VJQ0FnSUNUMFpPLXV3RRAB!2m1!1s0x0:0xebbe3cfded529447!3m1!1s2@1:CIHM0ogKEICAgICT0ZO-uwE%7C%7C?hl=ru,2026-09-07T23:53:42.281249+00:00,3.4,84
Izi Moscow,"Басманный пер., 8 с1, Москва, Россия, 109028",0x46b54af49b7f665b:0xebbe3cfded529447,ChdDSUhNMG9nS0VJQ0FnSUNOdXZxWjdBRRAB,1.0,2024-01-13T21:44:11Z,2024-05-09T14:44:44Z,Изменено 2 года назад,"Долго собиралась в этот клуб, сделали себе проходку по qr коду, в итоге фейсер решил не пускать, причин для отказа не назвал, сказал лишь такое решение, хотя сами были трезвые и в хорошей одежде (не кавказцы)

Для прохода после отказа требуют 2000 рублей за вход и якобы ты становишься подходящим для этого места
Ищите другое место для отдыха",True,Google,https://www.google.com/maps/reviews/data=!4m8!14m7!1m6!2m5!1sChdDSUhNMG9nS0VJQ0FnSUNOdXZxWjdBRRAB!2m1!1s0x0:0xebbe3cfded529447!3m1!1s2@1:CIHM0ogKEICAgICNuvqZ7AE%7C%7C?hl=ru,2026-09-07T23:53:42.281284+00:00,3.4,84
Izi Moscow,"Басманный пер., 8 с1, Москва, Россия, 109028",0x46b54af49b7f665b:0xebbe3cfded529447,ChdDSUhNMG9nS0VJQ0FnSURqX19UWWdBRRAB,5.0,2024-05-09T12:26:32Z,2024-05-09T12:26:32Z,2 года назад,,False,Google,https://www.google.com/maps/reviews/data=!4m8!14m7!1m6!2m5!1sChdDSUhNMG9nS0VJQ0FnSURqX19UWWdBRRAB!2m1!1s0x0:0xebbe3cfded529447!3m1!1s2@1:CIHM0ogKEICAgIDj__TYgAE%7C%7C?hl=ru,2026-09-07T23:53:42.281320+00:00,3.4,84
Izi Moscow,"Басманный пер., 8 с1, Москва, Россия, 109028",0x46b54af49b7f665b:0xebbe3cfded529447,ChZDSUhNMG9nS0VJQ0FnSUM5eS16M0FnEAE,1.0,2024-03-09T19:20:55Z,2024-03-09T19:20:55Z,2 года назад,"это самое ужасное место в котором я только находился,закройте или хотяб хоть раз администраторы находитесь на мероприятиях,одно расстройство,надеюсь вас закроют….",True,Google,https://www.google.com/maps/reviews/data=!4m8!14m7!1m6!2m5!1sChZDSUhNMG9nS0VJQ0FnSUM5eS16M0FnEAE!2m1!1s0x0:0xebbe3cfded529447!3m1!1s2@1:CIHM0ogKEICAgIC9y-z3Ag%7C%7C?hl=ru,2026-09-07T23:53:42.281348+00:00,3.4,84
Izi Moscow,"Басманный пер., 8 с1, Москва, Россия, 109028",0x46b54af49b7f665b:0xebbe3cfded529447,ChdDSUhNMG9nS0VJQ0FnSUM5MDRyLXRBRRAB,1.0,2024-03-09T11:06:34Z,2024-03-09T11:06:34Z,2 года назад,,False,Google,https://www.google.com/maps/reviews/data=!4m8!14m7!1m6!2m5!1sChdDSUhNMG9nS0VJQ0FnSUM5MDRyLXRBRRAB!2m1!1s0x0:0xebbe3cfded529447!3m1!1s2@1:CIHM0ogKEICAgIC904r-tAE%7C%7C?hl=ru,2026-09-07T23:53:42.281379+00:00,3.4,84
Izi Moscow,"Басманный пер., 8 с1, Москва, Россия, 109028",0x46b54af49b7f665b:0xebbe3cfded529447,ChZDSUhNMG9nS0VJQ0FnSUM5N1BDelBBEAE,1.0,2024-03-03T21:48:17Z,2024-03-03T21:48:17Z,2 года назад,"просто ужас, совершенно не понравилось",True,Google,https://www.google.com/maps/reviews/data=!4m8!14m7!1m6!2m5!1sChZDSUhNMG9nS0VJQ0FnSUM5N1BDelBBEAE!2m1!1s0x0:0xebbe3cfded529447!3m1!1s2@1:CIHM0ogKEICAgIC97PCzPA%7C%7C?hl=ru,2026-09-07T23:53:42.281406+00:00,3.4,84
Izi Moscow,"Басманный пер., 8 с1, Москва, Россия, 109028",0x46b54af49b7f665b:0xebbe3cfded529447,ChZDSUhNMG9nS0VJQ0FnSUNkME02N1NREAE,1.0,2024-02-10T01:27:55Z,2024-02-10T01:27:55Z,2 года назад,"В ночь с 10 на 11.02.24 была дичайшая толпа у раздевалок, кто-то падал в обморок, стояли за куртками в жуткой давке час плюс отвратная музыка, чудом ушли из этого ада",True,Google,https://www.google.com/maps/reviews/data=!4m8!14m7!1m6!2m5!1sChZDSUhNMG9nS0VJQ0FnSUNkME02N1NREAE!2m1!1s0x0:0xebbe3cfded529447!3m1!1s2@1:CIHM0ogKEICAgICd0M67SQ%7C%7C?hl=ru,2026-09-07T23:53:42.281462+00:00,3.4,84
Izi Moscow,"Басманный пер., 8 с1, Москва, Россия, 109028",0x46b54af49b7f665b:0xebbe3cfded529447,ChdDSUhNMG9nS0VJQ0FnSUNOOGVuWDZnRRAB,1.0,2024-01-15T14:17:19Z,2024-01-15T14:17:19Z,2 года назад,"Пришли в клуб. Сразу бросилась очередь которую пропускали неохотно. Абсолютно хамская охрана. Слов нет. Пришёл с женой и её сестрой. Контингент в основном студенты. Мне 38 жене 35 её сестре 36. Когда заходили жена случайно наступила на ногу охраннику. Он как только её не обозвал. Я конечно вступился. Были абсолютно трезвые. На что мне охранник сказал "" Сейчас всех троих выведем и объясним кто вы есть на самом деле. Особенно мне. "" Молодёжь дует воздушные шары с какой то дрянью. Как обдолбается их выкидывают на мороз и пофиг что с ними будет. Коктейли делают отвратно. Прям в графины наливают контрафактное пойло.
В общем напоминает колхозный сарай с огоньками. Но особенно охрана. Им надо колхозы охранять раз ведут себя как быдло.
Не советую никому.",True,Google,https://www.google.com/maps/reviews/data=!4m8!14m7!1m6!2m5!1sChdDSUhNMG9nS0VJQ0FnSUNOOGVuWDZnRRAB!2m1!1s0x0:0xebbe3cfded529447!3m1!1s2@1:CIHM0ogKEICAgICN8enX6gE%7C%7C?hl=ru,2026-09-07T23:53:42.281493+00:00,3.4,84
Izi Moscow,"Басманный пер., 8 с1, Москва, Россия, 109028",0x46b54af49b7f665b:0xebbe3cfded529447,ChdDSUhNMG9nS0VJQ0FnSUNOdXFyaDRnRRAB,1.0,2024-01-13T21:41:54Z,2024-01-13T21:41:54Z,2 года назад,"Вроде бы бар среднего класса в центре Москвы,но что охрана,что сервис напыщенного мнения о себе и своей роли в этом мире.Общение с трезвыми людьми,Которые компанией пришли отдохнуть как с бомжами с вокзала
А за такое отношение гнуть такте цены я считаю перебором
Отвратительное заведение,заслуженная единица",True,Google,https://www.google.com/maps/reviews/data=!4m8!14m7!1m6!2m5!1sChdDSUhNMG9nS0VJQ0FnSUNOdXFyaDRnRRAB!2m1!1s0x0:0xebbe3cfded529447!3m1!1s2@1:CIHM0ogKEICAgICNuqrh4gE%7C%7C?hl=ru,2026-09-07T23:53:42.281537+00:00,3.4,84
Izi Moscow,"Басманный пер., 8 с1, Москва, Россия, 109028",0x46b54af49b7f665b:0xebbe3cfded529447,ChZDSUhNMG9nS0VJQ0FnSUNsM2VTY0dBEAE,1.0,2023-11-24T22:13:58Z,2023-11-24T22:15:48Z,2 года назад,"Казалось бы, небольшой клуб в центре Москвы. Неплохой дизайн, который вроде как должен создавать уют, но, не спешите обманываться. В этом клубе вам не рады. Ни охранники, ни люди в гардеробе, ни уборщицы с забавными надписями на футболках «делай грязь, я уберу» (тут моё почтение за сарказм) заслуженно. После бала карета начинает превращаться в тыкву. Ты неудобен буквально всем. Уборщицы начинают на тебя орать, что ты мешаешь мыть пол пока стоишь огромную очередь в гардероб. Грозные охранники в масках начинают выгонять всех из клуба. На выходе образуется огромная очередь потому, что в гардеробе ребята не очень то и торопятся отдавать одежду. На каждом шагу тебе все кричат «быстрее, быстрее, быстрее!». Добравшись до гардероба думаю, ладно, раз быстрее, выйду на улицу надеть куртку, чтобы не создавать толкучку, заодно подожду компанию свою, которая вот-вот выйдет следом… не тут то было, стоило выйти и отойти в сторону от тропинки, ко мне подлетает ещё один охранник с фразой «вон там одевайся». Причем, я даже куртку не успел надеть. То есть, как я и говорил, мешаешь ты всем и везде) Вежливо отвечаю, что надену куртку и отойду, жду компанию, они следом выходят. Вежливость тут не в почете, мне тут же заявляют «ты че не понял?! Там одевайся! Тут нельзя». Ты ж мой хороший грозный мужчинка, пугать своим видом можешь школьников и студентов, которые боятся слово сказать такому злому дядьке. А вот со взрослыми людьми так самоутверждаться не получится. Но спасибо, поднял настроение своей «крутостью». Забавно, что когда происходит действительно конфликтная ситуация, охраны нет рядом и приходится звать их в микрофон на весь зал. Но, это другое, вы не понимаете. Зато маски, амуниция, не забалуешь. Посмотрел я на дядьку с раздутыми от злости ноздрями, улыбнулся, подождал компанию и пошел спокойно домой. Уважаемый (нет) персонал, ваша задача создавать комфорт и безопасность, а не обращаться с людьми, как со стадом овец.

А все это «быстрее» обусловлено чем? Правильно. В клубе сразу после концерта еще одно мероприятие и нужно как можно скорее освободить зал. Вот только персонал напрочь забывает о всех рамках приличия и вежливости. Отдохнул? Проваливай. Поэтому, заслуженная единица.",True,Google,https://www.google.com/maps/reviews/data=!4m8!14m7!1m6!2m5!1sChZDSUhNMG9nS0VJQ0FnSUNsM2VTY0dBEAE!2m1!1s0x0:0xebbe3cfded529447!3m1!1s2@1:CIHM0ogKEICAgICl3eScGA%7C%7C?hl=ru,2026-09-07T23:53:42.281571+00:00,3.4,84
Izi Moscow,"Басманный пер., 8 с1, Москва, Россия, 109028",0x46b54af49b7f665b:0xebbe3cfded529447,ChZDSUhNMG9nS0VJQ0FnSUNsX3VhUUpBEAE,1.0,2023-11-19T17:21:37Z,2023-11-19T17:21:37Z,2 года назад,,False,Google,https://www.google.com/maps/reviews/data=!4m8!14m7!1m6!2m5!1sChZDSUhNMG9nS0VJQ0FnSUNsX3VhUUpBEAE!2m1!1s0x0:0xebbe3cfded529447!3m1!1s2@1:CIHM0ogKEICAgICl_uaQJA%7C%7C?hl=ru,2026-09-07T23:53:42.281672+00:00,3.4,84
Izi Moscow,"Басманный пер., 8 с1, Москва, Россия, 109028",0x46b54af49b7f665b:0xebbe3cfded529447,ChdDSUhNMG9nS0VJQ0FnSUNGNmZ5aHFBRRAB,1.0,2023-10-29T01:52:03Z,2023-10-29T02:01:02Z,2 года назад,"Отвратительное место! Не советую!
Отстояла 1,5 часа в очереди! Персонал очень грубый и отношение к посетителям максимально пренебрежительное!
Битком забитый  зал, вследствие чего я получила травму! В общем, впечатление на вечер и на предстоящий месяц-отвратильное! Советую тысячу раз подумать, прежде чем туда поехать!!!",True,Google,https://www.google.com/maps/reviews/data=!4m8!14m7!1m6!2m5!1sChdDSUhNMG9nS0VJQ0FnSUNGNmZ5aHFBRRAB!2m1!1s0x0:0xebbe3cfded529447!3m1!1s2@1:CIHM0ogKEICAgICF6fyhqAE%7C%7C?hl=ru,2026-09-07T23:53:42.281702+00:00,3.4,84
Izi Moscow,"Басманный пер., 8 с1, Москва, Россия, 109028",0x46b54af49b7f665b:0xebbe3cfded529447,ChdDSUhNMG9nS0VJQ0FnSUNGNmFMTXN3RRAB,1.0,2023-10-29T01:56:49Z,2023-10-29T01:56:49Z,2 года назад,"Были на Хэллоуин, из положительного только музыка, в остальном - ужас. Помещение было переполнено людьми на максимум и ещё больше, толкучка ужасная, до раздевалки 3 метра стояли 50 минут в ужасной скотобойне будто. В общем, как минимум, на крупные мероприятия никому не советую",True,Google,https://www.google.com/maps/reviews/data=!4m8!14m7!1m6!2m5!1sChdDSUhNMG9nS0VJQ0FnSUNGNmFMTXN3RRAB!2m1!1s0x0:0xebbe3cfded529447!3m1!1s2@1:CIHM0ogKEICAgICF6aLMswE%7C%7C?hl=ru,2026-09-07T23:53:42.281736+00:00,3.4,84
Izi Moscow,"Басманный пер., 8 с1, Москва, Россия, 109028",0x46b54af49b7f665b:0xebbe3cfded529447,ChdDSUhNMG9nS0VJQ0FnSUM1dnN1djVBRRAB,3.0,2023-10-13T22:58:08Z,2023-10-13T22:58:08Z,2 года назад,,False,Google,https://www.google.com/maps/reviews/data=!4m8!14m7!1m6!2m5!1sChdDSUhNMG9nS0VJQ0FnSUM1dnN1djVBRRAB!2m1!1s0x0:0xebbe3cfded529447!3m1!1s2@1:CIHM0ogKEICAgIC5vsuv5AE%7C%7C?hl=ru,2026-09-07T23:53:42.281768+00:00,3.4,84
Izi Moscow,"Басманный пер., 8 с1, Москва, Россия, 109028",0x46b54af49b7f665b:0xebbe3cfded529447,ChZDSUhNMG9nS0VJQ0FnSUNac0tlX1N3EAE,5.0,2023-09-02T18:00:31Z,2023-09-02T18:00:31Z,3 года назад,"Очень приятная атмосфера
Хожу с друзьями каждые выходные , доступные цены , большой танцпол и классная музыка",True,Google,https://www.google.com/maps/reviews/data=!4m8!14m7!1m6!2m5!1sChZDSUhNMG9nS0VJQ0FnSUNac0tlX1N3EAE!2m1!1s0x0:0xebbe3cfded529447!3m1!1s2@1:CIHM0ogKEICAgICZsKe_Sw%7C%7C?hl=ru,2026-09-07T23:53:42.281794+00:00,3.4,84
Izi Moscow,"Басманный пер., 8 с1, Москва, Россия, 109028",0x46b54af49b7f665b:0xebbe3cfded529447,ChdDSUhNMG9nS0VJQ0FnSUNwcFlLbW13RRAB,5.0,2023-08-07T09:48:19Z,2023-08-07T09:48:19Z,3 года назад,,False,Google,https://www.google.com/maps/reviews/data=!4m8!14m7!1m6!2m5!1sChdDSUhNMG9nS0VJQ0FnSUNwcFlLbW13RRAB!2m1!1s0x0:0xebbe3cfded529447!3m1!1s2@1:CIHM0ogKEICAgICppYKmmwE%7C%7C?hl=ru,2026-09-07T23:53:42.281821+00:00,3.4,84
Izi Moscow,"Басманный пер., 8 с1, Москва, Россия, 109028",0x46b54af49b7f665b:0xebbe3cfded529447,ChdDSUhNMG9nS0VJQ0FnSUNwOFkyejBBRRAB,5.0,2023-08-05T20:50:54Z,2023-08-05T20:50:54Z,3 года назад,"Клуб огонь,персонал топ, для того что бы отдохнуть только сюда,",True,Google,https://www.google.com/maps/reviews/data=!4m8!14m7!1m6!2m5!1sChdDSUhNMG9nS0VJQ0FnSUNwOFkyejBBRRAB!2m1!1s0x0:0xebbe3cfded529447!3m1!1s2@1:CIHM0ogKEICAgICp8Y2z0AE%7C%7C?hl=ru,2026-09-07T23:53:42.281847+00:00,3.4,84
Rodina Moskva,"Мясницкая ул., 13 строение 1, Москва, Россия, 101000",0x46b54bedef03f145:0xebba9a3a484d72bf,Ci9DQUlRQUNvZENodHljRjlvT25KVlYybGFXbVV4YWxSNWRVUk5OalphY1hsRlFrRRAB,1.0,2026-07-04T02:50:36Z,2026-07-04T02:50:36Z,2 месяца назад,"Face control mad man , we was booking table and already paid and he didn’t approve us, so we waste our time and money . Very bad experience, I don’t advise that place",True,Google,https://www.google.com/maps/reviews/data=!4m8!14m7!1m6!2m5!1sCi9DQUlRQUNvZENodHljRjlvT25KVlYybGFXbVV4YWxSNWRVUk5OalphY1hsRlFrRRAB!2m1!1s0x0:0xebba9a3a484d72bf!3m1!1s2@1:CAIQACodChtycF9oOnJVV2laWmUxalR5dURNNjZacXlFQkE%7C%7C?hl=ru,2026-09-07T23:53:42.600229+00:00,4.6,45
Rodina Moskva,"Мясницкая ул., 13 строение 1, Москва, Россия, 101000",0x46b54bedef03f145:0xebba9a3a484d72bf,Ci9DQUlRQUNvZENodHljRjlvT2s1dVQxZHhUSFJZWlRsWE1IRjJiSFJrUW5VellWRRAB,5.0,2026-01-09T20:13:54Z,2026-01-09T20:13:54Z,7 месяцев назад,Must visit place in Moscow!,True,Google,https://www.google.com/maps/reviews/data=!4m8!14m7!1m6!2m5!1sCi9DQUlRQUNvZENodHljRjlvT2s1dVQxZHhUSFJZWlRsWE1IRjJiSFJrUW5VellWRRAB!2m1!1s0x0:0xebba9a3a484d72bf!3m1!1s2@1:CAIQACodChtycF9oOk5uT1dxTHRYZTlXMHF2bHRkQnUzYVE%7C%7C?hl=ru,2026-09-07T23:53:42.600319+00:00,4.6,45
Rodina Moskva,"Мясницкая ул., 13 строение 1, Москва, Россия, 101000",0x46b54bedef03f145:0xebba9a3a484d72bf,Ci9DQUlRQUNvZENodHljRjlvT21KRE9UZEZlamxOWkhKbVFuQmFUbXhqVlRKUWIxRRAB,5.0,2025-12-24T04:54:31Z,2025-12-24T04:54:31Z,8 месяцев назад,"Прекрасное место! 23.12. проводили вечеринку. Остались в полном восторге: очень вкусная еда, сервис на высшем уровне, музыкальное сопровождение на самый требовательный вкус.
Мария, Юлия и Мартин сделали вечер комфортным и незабываемым. Спасибо.",True,Google,https://www.google.com/maps/reviews/data=!4m8!14m7!1m6!2m5!1sCi9DQUlRQUNvZENodHljRjlvT21KRE9UZEZlamxOWkhKbVFuQmFUbXhqVlRKUWIxRRAB!2m1!1s0x0:0xebba9a3a484d72bf!3m1!1s2@1:CAIQACodChtycF9oOmJDOTdFejlNZHJmQnBaTmxjVTJQb1E%7C%7C?hl=ru,2026-09-07T23:53:42.600351+00:00,4.6,45
Rodina Moskva,"Мясницкая ул., 13 строение 1, Москва, Россия, 101000",0x46b54bedef03f145:0xebba9a3a484d72bf,Ci9DQUlRQUNvZENodHljRjlvT21RemIxcEJWME51ZFZOdGNtdG1PVmh0UjNreWVYYxAB,5.0,2025-12-02T04:20:17Z,2025-12-02T04:20:17Z,9 месяцев назад,"Была во многих топовых местах Москвы, но «Родина» запала в самое сердечко💔

Атмосфера просто на высоте, качественный звук, бэк-вокалистки спасали от позора😂, ведущие давали огоньку на протяжении всей ночи, в общем вся арт-группа профессионалы своего дела🤌🏾
Разбив бокал, не чувствуешь себя неловко перед официантами, они просто добьют его с тобой 😂🔥
Кухня вкусная!
Проигрыши космические - мы натанцевались с кайфом!
Придем ещё. И ещё. И ещё.♥️

Ребята, моя вам рекомендация, если хотите действительно хорошо провести время.",True,Google,https://www.google.com/maps/reviews/data=!4m8!14m7!1m6!2m5!1sCi9DQUlRQUNvZENodHljRjlvT21RemIxcEJWME51ZFZOdGNtdG1PVmh0UjNreWVYYxAB!2m1!1s0x0:0xebba9a3a484d72bf!3m1!1s2@1:CAIQACodChtycF9oOmQzb1pBV0NudVNtcmtmOVhtR3kyeXc%7C%7C?hl=ru,2026-09-07T23:53:42.600379+00:00,4.6,45
Rodina Moskva,"Мясницкая ул., 13 строение 1, Москва, Россия, 101000",0x46b54bedef03f145:0xebba9a3a484d72bf,Ci9DQUlRQUNvZENodHljRjlvT2w4NFdFMW1ORXhKUm5wTlJEbFZXRVpOVXpkUWMyYxAB,5.0,2025-12-01T18:47:11Z,2025-12-01T18:47:11Z,9 месяцев назад,"Недавно впервые побывали в Родине и остались в полном восторге, очень уютная атмосфера, отличная акустика и качественный звук — петь одно удовольствие. Отдельно хочется отметить внимательный персонал, всё быстро, вежливо и по-домашнему тепло) Меню тоже порадовало, очень вкусно, красиво подано, цены вполне оправданы уровнем заведения. Провели вечер просто идеально и точно вернёмся ещё! :)",True,Google,https://www.google.com/maps/reviews/data=!4m8!14m7!1m6!2m5!1sCi9DQUlRQUNvZENodHljRjlvT2w4NFdFMW1ORXhKUm5wTlJEbFZXRVpOVXpkUWMyYxAB!2m1!1s0x0:0xebba9a3a484d72bf!3m1!1s2@1:CAIQACodChtycF9oOl84WE1mNExJRnpNRDlVWEZNUzdQc2c%7C%7C?hl=ru,2026-09-07T23:53:42.600429+00:00,4.6,45
Rodina Moskva,"Мясницкая ул., 13 строение 1, Москва, Россия, 101000",0x46b54bedef03f145:0xebba9a3a484d72bf,Ci9DQUlRQUNvZENodHljRjlvT2pkUWFIWlZlbWhHZDFCYWRHVnVhamhHWkRCdWNtYxAB,5.0,2025-12-01T15:17:14Z,2025-12-01T15:17:14Z,9 месяцев назад,"Если вы ищете идеальное место для вечера в компании друзей или хотите по-настоящему расслабиться и спеть любимые хиты, то караоке-клуб «Родина» в самом центре Москвы — это именно то, что вам нужно!
Атмосфера и интерьер с первого шага в «Родину» вы окунаетесь в удивительно приятную, почти домашнюю атмосферу. Здесь нет лишней помпезности, но при этом чувствуется продуманность каждой детали. Клуб выделяется своим единым интерьерным кодом и идеей, которые создают целостное и очень гармоничное пространство. Это не просто караоке, это место, где уют сочетается со стилем, и вы чувствуете себя комфортно, как дома!
Музыкальная коллекция и оборудование
Особого внимания заслуживает. В «Родине» всегда доступны самые последние обновления каталогов песен. Это значит, что вы всегда найдете как бессмертные хиты, так и самые свежие треки, которые только что покорили чарты. Оборудование на высшем уровне, звук чистый, а микрофоны настроены так, что каждый почувствует себя звездой сцены.
Обслуживание
Персонал очень внимателен и дружелюбен. Здесь действительно заботятся о каждом госте, создавая все условия для незабываемого отдыха. Бармены приготовят ваши любимые напитки, а официанты всегда готовы помочь с выбором блюд.
Итог
«Родина» — это не просто караоке-клуб, это настоящая находка для тех, кто ценит качественный отдых, комфорт и возможность по-настоящему оторваться под любимую музыку. Однозначно рекомендую всем, кто хочет провести незабываемый вечер!",True,Google,https://www.google.com/maps/reviews/data=!4m8!14m7!1m6!2m5!1sCi9DQUlRQUNvZENodHljRjlvT2pkUWFIWlZlbWhHZDFCYWRHVnVhamhHWkRCdWNtYxAB!2m1!1s0x0:0xebba9a3a484d72bf!3m1!1s2@1:CAIQACodChtycF9oOjdQaHZVemhGd1BadGVuajhGZDBucmc%7C%7C?hl=ru,2026-09-07T23:53:42.600457+00:00,4.6,45
Rodina Moskva,"Мясницкая ул., 13 строение 1, Москва, Россия, 101000",0x46b54bedef03f145:0xebba9a3a484d72bf,Ci9DQUlRQUNvZENodHljRjlvT25KSFpreHBaR0kyYVRsa00yMVlNbGxwZFRoeGRFRRAB,5.0,2025-11-30T15:18:23Z,2025-11-30T15:19:31Z,9 месяцев назад,"Отличное место для ценителей эстетического клубного пространства! Особняк в стиле   неоклассики, в сочетании с иммерсивным шоу, вокалистами и МС создает атмосферу современной  буржуазной Москвы!
Являюсь преданной фанаткой данного места ❤️Процветания Вам!",True,Google,https://www.google.com/maps/reviews/data=!4m8!14m7!1m6!2m5!1sCi9DQUlRQUNvZENodHljRjlvT25KSFpreHBaR0kyYVRsa00yMVlNbGxwZFRoeGRFRRAB!2m1!1s0x0:0xebba9a3a484d72bf!3m1!1s2@1:CAIQACodChtycF9oOnJHZkxpZGI2aTlkM21YMllpdThxdEE%7C%7C?hl=ru,2026-09-07T23:53:42.600506+00:00,4.6,45
Rodina Moskva,"Мясницкая ул., 13 строение 1, Москва, Россия, 101000",0x46b54bedef03f145:0xebba9a3a484d72bf,Ci9DQUlRQUNvZENodHljRjlvT25WRE1IZENiSGhxWkc5bWFVbEVPSFJhUzFGdlQxRRAB,5.0,2025-11-30T14:56:19Z,2025-11-30T14:56:19Z,9 месяцев назад,"Единственное место в Москве,куда хочется возвращаться снова и снова! Роскошный особняк,его прям хочется детально рассматривать. Сервис на высоте,оооочень вкусная кухня и атмосфера праздника даже в будни,когда приходишь в караоке😍честно признаюсь,влюблена в их диджея BorisLove,когда он за пультом-ноги сами пускаются в пляс)))",True,Google,https://www.google.com/maps/reviews/data=!4m8!14m7!1m6!2m5!1sCi9DQUlRQUNvZENodHljRjlvT25WRE1IZENiSGhxWkc5bWFVbEVPSFJhUzFGdlQxRRAB!2m1!1s0x0:0xebba9a3a484d72bf!3m1!1s2@1:CAIQACodChtycF9oOnVDMHdCbHhqZG9maUlEOHRaS1FvT1E%7C%7C?hl=ru,2026-09-07T23:53:42.600530+00:00,4.6,45
Rodina Moskva,"Мясницкая ул., 13 строение 1, Москва, Россия, 101000",0x46b54bedef03f145:0xebba9a3a484d72bf,Ci9DQUlRQUNvZENodHljRjlvT25Kb05VNDFSakJ4YjA5bWJucHdlV2wzYjNGeFpFRRAB,5.0,2025-11-28T11:00:06Z,2025-11-28T11:00:06Z,9 месяцев назад,"Не так давно открыла для себя Rodina Moskva — и сразу: искра, буря, безумие✨
Место превзошло все ожидания.

Сервис, звук, свет, меню, персонал — высокий уровень в каждой детали, многократно превзошли все мои ожидания 💫
Были в пятницу и меня поразила
шоу-программа в клубе  — невероятно красиво, до мурашек 😍🔥
В выходные не всегда удаётся прийти, поэтому в основном бываю в будни — и честно, найти в Москве место, где в обычный БУДНИЙ  вечер ты на 100% уверен, что классно проведёшь время, — большая редкость.
Здесь особая атмосфера и действительно качественный звук, легко и комфортно петь, плюс очень тёплая поддержка от персонала 🫂

Это не просто очередное заведение —
это место со вкусом, настроением и своим характером . Спасибо, Rodina❤️‍🔥",True,Google,https://www.google.com/maps/reviews/data=!4m8!14m7!1m6!2m5!1sCi9DQUlRQUNvZENodHljRjlvT25Kb05VNDFSakJ4YjA5bWJucHdlV2wzYjNGeFpFRRAB!2m1!1s0x0:0xebba9a3a484d72bf!3m1!1s2@1:CAIQACodChtycF9oOnJoNU41RjBxb09mbnpweWl3b3FxZEE%7C%7C?hl=ru,2026-09-07T23:53:42.760096+00:00,4.6,45
Rodina Moskva,"Мясницкая ул., 13 строение 1, Москва, Россия, 101000",0x46b54bedef03f145:0xebba9a3a484d72bf,Ci9DQUlRQUNvZENodHljRjlvT2t4SmFUTXlRMUI0U2tsV1RXRTBlVFpVVDNCTVJIYxAB,5.0,2025-11-28T10:47:26Z,2025-11-28T10:47:26Z,9 месяцев назад,Приятное заведение с вежливым персоналом!,True,Google,https://www.google.com/maps/reviews/data=!4m8!14m7!1m6!2m5!1sCi9DQUlRQUNvZENodHljRjlvT2t4SmFUTXlRMUI0U2tsV1RXRTBlVFpVVDNCTVJIYxAB!2m1!1s0x0:0xebba9a3a484d72bf!3m1!1s2@1:CAIQACodChtycF9oOkxJaTMyQ1B4SklWTWE0eTZUT3BMRHc%7C%7C?hl=ru,2026-09-07T23:53:42.760209+00:00,4.6,45
Rodina Moskva,"Мясницкая ул., 13 строение 1, Москва, Россия, 101000",0x46b54bedef03f145:0xebba9a3a484d72bf,Ci9DQUlRQUNvZENodHljRjlvT2pGVFF6QTNlV1pPWlhKS1l6WjZWRm81WkVZNVNrRRAB,5.0,2025-11-28T09:32:28Z,2025-11-28T09:32:28Z,9 месяцев назад,"Отличное место с атмосферой, в которую хочется возвращаться. Приятный персонал, вкусная кухня, стильный интерьер и всегда качественные вечеринки) Определённо рекомендую!",True,Google,https://www.google.com/maps/reviews/data=!4m8!14m7!1m6!2m5!1sCi9DQUlRQUNvZENodHljRjlvT2pGVFF6QTNlV1pPWlhKS1l6WjZWRm81WkVZNVNrRRAB!2m1!1s0x0:0xebba9a3a484d72bf!3m1!1s2@1:CAIQACodChtycF9oOjFTQzA3eWZOZXJKYzZ6VFo5ZEY5SkE%7C%7C?hl=ru,2026-09-07T23:53:42.760241+00:00,4.6,45
Rodina Moskva,"Мясницкая ул., 13 строение 1, Москва, Россия, 101000",0x46b54bedef03f145:0xebba9a3a484d72bf,Ci9DQUlRQUNvZENodHljRjlvT25ZM1VHeExSWEJtUlVKUU9HUnpUVFpFUVZaWE9GRRAB,5.0,2025-11-27T12:41:20Z,2025-11-27T12:41:20Z,9 месяцев назад,"Rodina Moscow— одно из тех мест, где хочется возвращаться снова и снова. Не просто клуб, а настоящая атмосфера: стильный интерьер, классный персонал, офигенное шоу от музыки до актеров.
Барная карта продумана до мелочей: от классических коктейлей с изысканными акцентами до авторских напитков, созданных специально для Rodina. Ингредиенты — свежие, часто редкие, иногда даже неожиданные (например, домашние настойки, травяные сиропы, барные уксусы).Все приветливые, внимательные, готовы посоветовать, учесть твои предпочтения и даже немного пошутить. Особенно запомнился бармен Адик— настоящий волшебник с шейкером, создал коктейль «на слух», просто узнав, что мне нравится: дымный, с кислинкой и без сахара. Получилось идеально!

Сервис — на высоте, музыка — грамотно подобрана (никакого «стампа»), а после полуночи начинается особая магия: пространство оживает, танцпол наполняется энергией, но при этом не теряется уют.

Если вы цените качественные напитки, атмосферу и живое общение — обязательно загляните в Rodina Moscow. Это не просто тусовка, это опыт.
Буду рекомендовать друзьям и возвращаться",True,Google,https://www.google.com/maps/reviews/data=!4m8!14m7!1m6!2m5!1sCi9DQUlRQUNvZENodHljRjlvT25ZM1VHeExSWEJtUlVKUU9HUnpUVFpFUVZaWE9GRRAB!2m1!1s0x0:0xebba9a3a484d72bf!3m1!1s2@1:CAIQACodChtycF9oOnY3UGxLRXBmRUJQOGRzTTZEQVZXOFE%7C%7C?hl=ru,2026-09-07T23:53:42.760271+00:00,4.6,45
Rodina Moskva,"Мясницкая ул., 13 строение 1, Москва, Россия, 101000",0x46b54bedef03f145:0xebba9a3a484d72bf,Ci9DQUlRQUNvZENodHljRjlvT2pZeVMyaFZiM2Q2Y0RWbVJXdHNNMDloUjNscVgyYxAB,5.0,2025-11-27T12:23:56Z,2025-11-27T12:23:56Z,9 месяцев назад,"Хочется сказать огромное человеческое спасибо этому волшебному месту! Это именно то, чего так не хватает в большом городе — уголок, где можно быть собой в любое время суток.

Пришли с друзьями после тяжелой недели, с мыслями «просидим час и домой». В итоге продержались до утра! Какая же это была катарсис-терапия! От души наорались в микрофоны под старый рок, поплакали над лиричными балладами и похохотали до слёз над зажигательными поп-хитами.

Здесь царит какая-то особая, очень тёплая и поддерживающая атмосфера. Никто никого не судит, все друг за друга болеют. Персонал — отдельный респект, ребята, вы супермены ночи! Всегда улыбчивы, внимательны и создают это неповторимое чувство уюта.

Это не просто клуб, это портал в состояние детской радости и свободы. Однозначно наше новое любимое место для спасения от хандры!❤️❤️❤️",True,Google,https://www.google.com/maps/reviews/data=!4m8!14m7!1m6!2m5!1sCi9DQUlRQUNvZENodHljRjlvT2pZeVMyaFZiM2Q2Y0RWbVJXdHNNMDloUjNscVgyYxAB!2m1!1s0x0:0xebba9a3a484d72bf!3m1!1s2@1:CAIQACodChtycF9oOjYyS2hVb3d6cDVmRWtsM09hR3lqX2c%7C%7C?hl=ru,2026-09-07T23:53:42.760316+00:00,4.6,45
Rodina Moskva,"Мясницкая ул., 13 строение 1, Москва, Россия, 101000",0x46b54bedef03f145:0xebba9a3a484d72bf,Ci9DQUlRQUNvZENodHljRjlvT21KeGVtTjZXVm8wYkdnekxVeHJWa2hIVW1sZlIzYxAB,5.0,2025-11-27T01:07:28Z,2025-11-27T01:07:28Z,9 месяцев назад,"Топовое место в Москве, роскошный максимум)",True,Google,https://www.google.com/maps/reviews/data=!4m8!14m7!1m6!2m5!1sCi9DQUlRQUNvZENodHljRjlvT21KeGVtTjZXVm8wYkdnekxVeHJWa2hIVW1sZlIzYxAB!2m1!1s0x0:0xebba9a3a484d72bf!3m1!1s2@1:CAIQACodChtycF9oOmJxemN6WVo0bGgzLUxrVkhHUmlfR3c%7C%7C?hl=ru,2026-09-07T23:53:42.760347+00:00,4.6,45
Rodina Moskva,"Мясницкая ул., 13 строение 1, Москва, Россия, 101000",0x46b54bedef03f145:0xebba9a3a484d72bf,Ci9DQUlRQUNvZENodHljRjlvT2pGdGFTMTVOMGRoVlRGMVJFZGhSbWRDTlhSNVpYYxAB,5.0,2025-11-26T21:56:48Z,2025-11-26T21:56:48Z,9 месяцев назад,"Фантастика, просто фантастика",True,Google,https://www.google.com/maps/reviews/data=!4m8!14m7!1m6!2m5!1sCi9DQUlRQUNvZENodHljRjlvT2pGdGFTMTVOMGRoVlRGMVJFZGhSbWRDTlhSNVpYYxAB!2m1!1s0x0:0xebba9a3a484d72bf!3m1!1s2@1:CAIQACodChtycF9oOjFtaS15N0dhVTF1REdhRmdCNXR5ZXc%7C%7C?hl=ru,2026-09-07T23:53:42.760364+00:00,4.6,45
Rodina Moskva,"Мясницкая ул., 13 строение 1, Москва, Россия, 101000",0x46b54bedef03f145:0xebba9a3a484d72bf,Ci9DQUlRQUNvZENodHljRjlvT2twbVJVSTJVVGhoTkc5eGNUVk5iRnBqY1d0elMwRRAB,5.0,2025-11-26T20:54:13Z,2025-11-26T20:54:13Z,9 месяцев назад,Оч крутой клуб,True,Google,https://www.google.com/maps/reviews/data=!4m8!14m7!1m6!2m5!1sCi9DQUlRQUNvZENodHljRjlvT2twbVJVSTJVVGhoTkc5eGNUVk5iRnBqY1d0elMwRRAB!2m1!1s0x0:0xebba9a3a484d72bf!3m1!1s2@1:CAIQACodChtycF9oOkpmRUI2UThhNG9xcTVNbFpjcWtzS0E%7C%7C?hl=ru,2026-09-07T23:53:42.760382+00:00,4.6,45
Rodina Moskva,"Мясницкая ул., 13 строение 1, Москва, Россия, 101000",0x46b54bedef03f145:0xebba9a3a484d72bf,Ci9DQUlRQUNvZENodHljRjlvT21oeVpqQklaM1E1VmxsR1puTmlRbVJOWDB3NGJuYxAB,5.0,2025-11-26T20:11:25Z,2025-11-26T20:11:25Z,9 месяцев назад,"С кайфом провели время, персонал огнище!!",True,Google,https://www.google.com/maps/reviews/data=!4m8!14m7!1m6!2m5!1sCi9DQUlRQUNvZENodHljRjlvT21oeVpqQklaM1E1VmxsR1puTmlRbVJOWDB3NGJuYxAB!2m1!1s0x0:0xebba9a3a484d72bf!3m1!1s2@1:CAIQACodChtycF9oOmhyZjBIZ3Q5VllGZnNiQmRNX0w4bnc%7C%7C?hl=ru,2026-09-07T23:53:42.760399+00:00,4.6,45
Rodina Moskva,"Мясницкая ул., 13 строение 1, Москва, Россия, 101000",0x46b54bedef03f145:0xebba9a3a484d72bf,Ci9DQUlRQUNvZENodHljRjlvT2pKTE1VaHZibk5zZW5GVGRYWTNNakJtTUROcmFWRRAB,5.0,2025-11-26T19:45:45Z,2025-11-26T19:45:45Z,9 месяцев назад,"В ""Родине Москва"" ночь расцветает,
Где роскошь и веселье обитают.
Хостес в шубах - зимние царицы,
Встречают с грацией, словно девицы.
Адик в баре - алхимик страсти,
Коктейли - чудо, ярче нет напасти.
Валерий - мастер обходительный,
Обслуживание четкое, стремительное.
Паровые коктейли - дымка наслажденья,
В ""Родине"" Москва - сплошное искушенье!
Забудь про будни, дай волю чувствам,
Здесь ночи яркие, полны искусства!",True,Google,https://www.google.com/maps/reviews/data=!4m8!14m7!1m6!2m5!1sCi9DQUlRQUNvZENodHljRjlvT2pKTE1VaHZibk5zZW5GVGRYWTNNakJtTUROcmFWRRAB!2m1!1s0x0:0xebba9a3a484d72bf!3m1!1s2@1:CAIQACodChtycF9oOjJLMUhvbnNsenFTdXY3MjBmMDNraVE%7C%7C?hl=ru,2026-09-07T23:53:42.760416+00:00,4.6,45
Rodina Moskva,"Мясницкая ул., 13 строение 1, Москва, Россия, 101000",0x46b54bedef03f145:0xebba9a3a484d72bf,Ci9DQUlRQUNvZENodHljRjlvT2t4WVMySlZORkZaYVVoVFVWTnplbWRoVEdWTWJIYxAB,5.0,2025-11-26T19:13:14Z,2025-11-26T19:13:14Z,9 месяцев назад,"Отличный клуб, крутое шоу с проекцией на стены, классный звук! Все на высшем уровне, очень хороший сервис, вкусные коктейли, кухня и кальяны.",True,Google,https://www.google.com/maps/reviews/data=!4m8!14m7!1m6!2m5!1sCi9DQUlRQUNvZENodHljRjlvT2t4WVMySlZORkZaYVVoVFVWTnplbWRoVEdWTWJIYxAB!2m1!1s0x0:0xebba9a3a484d72bf!3m1!1s2@1:CAIQACodChtycF9oOkxYS2JVNFFZaUhTUVNzemdhTGVMbHc%7C%7C?hl=ru,2026-09-07T23:53:42.760439+00:00,4.6,45
Rodina Moskva,"Мясницкая ул., 13 строение 1, Москва, Россия, 101000",0x46b54bedef03f145:0xebba9a3a484d72bf,Ci9DQUlRQUNvZENodHljRjlvT21ZM1EwSTVTMDl6UWpkNmRtTTVlWFUyYVZCVVUxRRAB,5.0,2025-11-26T18:47:58Z,2025-11-26T18:47:58Z,9 месяцев назад,Плюс вайб гарантирован!,True,Google,https://www.google.com/maps/reviews/data=!4m8!14m7!1m6!2m5!1sCi9DQUlRQUNvZENodHljRjlvT21ZM1EwSTVTMDl6UWpkNmRtTTVlWFUyYVZCVVUxRRAB!2m1!1s0x0:0xebba9a3a484d72bf!3m1!1s2@1:CAIQACodChtycF9oOmY3Q0I5S09zQjd6dmM5eXU2aVBUU1E%7C%7C?hl=ru,2026-09-07T23:53:42.760469+00:00,4.6,45
Rodina Moskva,"Мясницкая ул., 13 строение 1, Москва, Россия, 101000",0x46b54bedef03f145:0xebba9a3a484d72bf,Ci9DQUlRQUNvZENodHljRjlvT25GRWVWTmFRblJoYjA5Q1VVRTVVek5QTVROVVJHYxAB,5.0,2025-11-26T18:46:51Z,2025-11-26T18:46:51Z,9 месяцев назад,"Были с друзьями, отмечали день рождение)) Классный «свойский» подход персонала к гостю, еда была вкусная, хочу отметить стейк. Постоянный уход, музыка-окунулся в детство ))",True,Google,https://www.google.com/maps/reviews/data=!4m8!14m7!1m6!2m5!1sCi9DQUlRQUNvZENodHljRjlvT25GRWVWTmFRblJoYjA5Q1VVRTVVek5QTVROVVJHYxAB!2m1!1s0x0:0xebba9a3a484d72bf!3m1!1s2@1:CAIQACodChtycF9oOnFEeVNaQnRhb09CUUE5UzNPMTNURGc%7C%7C?hl=ru,2026-09-07T23:53:42.760486+00:00,4.6,45
Rodina Moskva,"Мясницкая ул., 13 строение 1, Москва, Россия, 101000",0x46b54bedef03f145:0xebba9a3a484d72bf,Ci9DQUlRQUNvZENodHljRjlvT2prNVRVNUpWa3huUnpOWldVdE5SM2cxUVZaVFdFRRAB,5.0,2025-11-26T18:34:31Z,2025-11-26T18:34:31Z,9 месяцев назад,"Лучшее заведение в городе!
Для тех кто хочет хорошо отдохнуть в отличной атмосфере с хорошей музыкой и сервисом  ,однозначно рекомендую",True,Google,https://www.google.com/maps/reviews/data=!4m8!14m7!1m6!2m5!1sCi9DQUlRQUNvZENodHljRjlvT2prNVRVNUpWa3huUnpOWldVdE5SM2cxUVZaVFdFRRAB!2m1!1s0x0:0xebba9a3a484d72bf!3m1!1s2@1:CAIQACodChtycF9oOjk5TU5JVkxnRzNZWUtNR3g1QVZTWEE%7C%7C?hl=ru,2026-09-07T23:53:42.760504+00:00,4.6,45
Rodina Moskva,"Мясницкая ул., 13 строение 1, Москва, Россия, 101000",0x46b54bedef03f145:0xebba9a3a484d72bf,Ci9DQUlRQUNvZENodHljRjlvT25SMFdWSkxWRTV3ZDJGeFRrTjVaMHR6VDJwTWNYYxAB,5.0,2025-11-26T18:11:26Z,2025-11-26T18:11:26Z,9 месяцев назад,"Бывали во многих клубах столицы,нигде не получали такого впечатления от посещения данного клуба!
Сервис будто за тобой ухаживают,все красивые,улыбчивые и это очень приятно,приходите не пожалеете!!",True,Google,https://www.google.com/maps/reviews/data=!4m8!14m7!1m6!2m5!1sCi9DQUlRQUNvZENodHljRjlvT25SMFdWSkxWRTV3ZDJGeFRrTjVaMHR6VDJwTWNYYxAB!2m1!1s0x0:0xebba9a3a484d72bf!3m1!1s2@1:CAIQACodChtycF9oOnR0WVJLVE5wd2FxTkN5Z0tzT2pMcXc%7C%7C?hl=ru,2026-09-07T23:53:42.760522+00:00,4.6,45
Rodina Moskva,"Мясницкая ул., 13 строение 1, Москва, Россия, 101000",0x46b54bedef03f145:0xebba9a3a484d72bf,Ci9DQUlRQUNvZENodHljRjlvT2pJelVGSmxVMlpzVG10amNYcG1ZVFJQY0hSdU5VRRAB,5.0,2025-11-26T18:05:20Z,2025-11-26T18:06:29Z,9 месяцев назад,"Очень классное место 🔥Мы с подругами ,повеселились от души .
Хороший сервис ,вкусные коктейли , классная  музыка . Однозначно лучшее место Москвы !",True,Google,https://www.google.com/maps/reviews/data=!4m8!14m7!1m6!2m5!1sCi9DQUlRQUNvZENodHljRjlvT2pJelVGSmxVMlpzVG10amNYcG1ZVFJQY0hSdU5VRRAB!2m1!1s0x0:0xebba9a3a484d72bf!3m1!1s2@1:CAIQACodChtycF9oOjIzUFJlU2ZsTmtjcXpmYTRPcHRuNUE%7C%7C?hl=ru,2026-09-07T23:53:42.760541+00:00,4.6,45
Rodina Moskva,"Мясницкая ул., 13 строение 1, Москва, Россия, 101000",0x46b54bedef03f145:0xebba9a3a484d72bf,Ci9DQUlRQUNvZENodHljRjlvT25SQlRsbHVhMDUwZURKV1NFRkxSSFZVYzFCcVdGRRAB,5.0,2025-11-26T18:05:50Z,2025-11-26T18:05:50Z,9 месяцев назад,"Хороший контингент, качественная и разнообразная музыка, вкусная кухня",True,Google,https://www.google.com/maps/reviews/data=!4m8!14m7!1m6!2m5!1sCi9DQUlRQUNvZENodHljRjlvT25SQlRsbHVhMDUwZURKV1NFRkxSSFZVYzFCcVdGRRAB!2m1!1s0x0:0xebba9a3a484d72bf!3m1!1s2@1:CAIQACodChtycF9oOnRBTllua050eDJWSEFLRHVUc1BqWFE%7C%7C?hl=ru,2026-09-07T23:53:42.760560+00:00,4.6,45
Rodina Moskva,"Мясницкая ул., 13 строение 1, Москва, Россия, 101000",0x46b54bedef03f145:0xebba9a3a484d72bf,Ci9DQUlRQUNvZENodHljRjlvT2pFd1lYUnJlVXhUWjJoc1UyMXFPWFl0WjBWV1VsRRAB,5.0,2025-11-26T18:04:14Z,2025-11-26T18:04:14Z,9 месяцев назад,Обожаю Родину. В караоке отличный звук!,True,Google,https://www.google.com/maps/reviews/data=!4m8!14m7!1m6!2m5!1sCi9DQUlRQUNvZENodHljRjlvT2pFd1lYUnJlVXhUWjJoc1UyMXFPWFl0WjBWV1VsRRAB!2m1!1s0x0:0xebba9a3a484d72bf!3m1!1s2@1:CAIQACodChtycF9oOjEwYXRreUxTZ2hsU21qOXYtZ0VWUlE%7C%7C?hl=ru,2026-09-07T23:53:42.760577+00:00,4.6,45
Rodina Moskva,"Мясницкая ул., 13 строение 1, Москва, Россия, 101000",0x46b54bedef03f145:0xebba9a3a484d72bf,Ci9DQUlRQUNvZENodHljRjlvT2tWYVkybFVYMkphYWxOME0wUnBNMG8zZUU5RlpGRRAB,5.0,2025-11-26T18:01:33Z,2025-11-26T18:01:33Z,9 месяцев назад,"идеальное место для высококачественного досуга, отдельно хочу отметить прекрасный персонал",True,Google,https://www.google.com/maps/reviews/data=!4m8!14m7!1m6!2m5!1sCi9DQUlRQUNvZENodHljRjlvT2tWYVkybFVYMkphYWxOME0wUnBNMG8zZUU5RlpGRRAB!2m1!1s0x0:0xebba9a3a484d72bf!3m1!1s2@1:CAIQACodChtycF9oOkVaY2lUX2JaalN0M0RpM0o3eE9FZFE%7C%7C?hl=ru,2026-09-07T23:53:42.760601+00:00,4.6,45
Rodina Moskva,"Мясницкая ул., 13 строение 1, Москва, Россия, 101000",0x46b54bedef03f145:0xebba9a3a484d72bf,Ci9DQUlRQUNvZENodHljRjlvT2tOTmNFUnJZMFI0WVZOMU1IUXlTRkI0U214Uk5YYxAB,5.0,2025-11-26T18:01:00Z,2025-11-26T18:01:00Z,9 месяцев назад,"Клуб работает 3 года, а я был в нем впервые!!!!!
Все на высоком уровне! Кажет что можно придумать в таком формате? В Родине все очень самобытно от меню для сервиса, от звука до материала который там играет.
🤩",True,Google,https://www.google.com/maps/reviews/data=!4m8!14m7!1m6!2m5!1sCi9DQUlRQUNvZENodHljRjlvT2tOTmNFUnJZMFI0WVZOMU1IUXlTRkI0U214Uk5YYxAB!2m1!1s0x0:0xebba9a3a484d72bf!3m1!1s2@1:CAIQACodChtycF9oOkNNcERrY0R4YVN1MHQySFB4SmxRNXc%7C%7C?hl=ru,2026-09-07T23:53:42.760618+00:00,4.6,45
Rodina Moskva,"Мясницкая ул., 13 строение 1, Москва, Россия, 101000",0x46b54bedef03f145:0xebba9a3a484d72bf,Ci9DQUlRQUNvZENodHljRjlvT25FdFNpMVVkVE5FV2tKUWJWcFNkRmxvWkZvelgzYxAB,5.0,2025-11-26T18:00:22Z,2025-11-26T18:00:22Z,9 месяцев назад,Лучшее место,True,Google,https://www.google.com/maps/reviews/data=!4m8!14m7!1m6!2m5!1sCi9DQUlRQUNvZENodHljRjlvT25FdFNpMVVkVE5FV2tKUWJWcFNkRmxvWkZvelgzYxAB!2m1!1s0x0:0xebba9a3a484d72bf!3m1!1s2@1:CAIQACodChtycF9oOnEtSi1UdTNEWkJQbVpSdFloZFozX3c%7C%7C?hl=ru,2026-09-07T23:53:43.493150+00:00,4.6,45
Rodina Moskva,"Мясницкая ул., 13 строение 1, Москва, Россия, 101000",0x46b54bedef03f145:0xebba9a3a484d72bf,Ci9DQUlRQUNvZENodHljRjlvT2tzeVRuUjZWMUozTjBsMWNHd3pUVFY1WTFOc00yYxAB,5.0,2025-11-26T17:59:51Z,2025-11-26T17:59:51Z,9 месяцев назад,"Отмечала свой день рождения с подругами , очень понравилось , все было на высоте , сервис , атмосфера , музыка , отзывчивый персонал , вкусная кухня . После этого приехала спонтанно в среду в караоке с девочками , было очень  весело и душевно , не смотря на то , что это был будний день , свободных было только пару столов, пели песни , танцевали , еще не раз приду и всем рекомендую посетить это заведение .",True,Google,https://www.google.com/maps/reviews/data=!4m8!14m7!1m6!2m5!1sCi9DQUlRQUNvZENodHljRjlvT2tzeVRuUjZWMUozTjBsMWNHd3pUVFY1WTFOc00yYxAB!2m1!1s0x0:0xebba9a3a484d72bf!3m1!1s2@1:CAIQACodChtycF9oOksyTnR6V1J3N0l1cGwzTTV5Y1NsM2c%7C%7C?hl=ru,2026-09-07T23:53:43.493322+00:00,4.6,45
Rodina Moskva,"Мясницкая ул., 13 строение 1, Москва, Россия, 101000",0x46b54bedef03f145:0xebba9a3a484d72bf,Ci9DQUlRQUNvZENodHljRjlvT214RGVYVmlXSEp5TW5WeFpFcFNVRkZoU1c1WWExRRAB,5.0,2025-10-11T00:04:47Z,2025-10-11T00:04:47Z,10 месяцев назад,,False,Google,https://www.google.com/maps/reviews/data=!4m8!14m7!1m6!2m5!1sCi9DQUlRQUNvZENodHljRjlvT214RGVYVmlXSEp5TW5WeFpFcFNVRkZoU1c1WWExRRAB!2m1!1s0x0:0xebba9a3a484d72bf!3m1!1s2@1:CAIQACodChtycF9oOmxDeXViWHJyMnVxZEpSUFFhSW5Ya1E%7C%7C?hl=ru,2026-09-07T23:53:43.493393+00:00,4.6,45
Rodina Moskva,"Мясницкая ул., 13 строение 1, Москва, Россия, 101000",0x46b54bedef03f145:0xebba9a3a484d72bf,Ci9DQUlRQUNvZENodHljRjlvT2xwTk5FZElNVmhKTW5SMldXeHpUVkp3ZEVReVRYYxAB,5.0,2025-07-23T10:35:52Z,2025-07-23T10:35:52Z,год назад,,False,Google,https://www.google.com/maps/reviews/data=!4m8!14m7!1m6!2m5!1sCi9DQUlRQUNvZENodHljRjlvT2xwTk5FZElNVmhKTW5SMldXeHpUVkp3ZEVReVRYYxAB!2m1!1s0x0:0xebba9a3a484d72bf!3m1!1s2@1:CAIQACodChtycF9oOlpNNEdIMVhJMnR2WWxzTVJwdEQyTXc%7C%7C?hl=ru,2026-09-07T23:53:43.493430+00:00,4.6,45
Rodina Moskva,"Мясницкая ул., 13 строение 1, Москва, Россия, 101000",0x46b54bedef03f145:0xebba9a3a484d72bf,Ci9DQUlRQUNvZENodHljRjlvT2twSVUzUXljemRtZFdNd1VYQlNOVVZ5U0RCd1JHYxAB,1.0,2025-07-19T19:42:35Z,2025-07-19T19:42:35Z,год назад,"Не понравилась музыка, атмосфера",True,Google,https://www.google.com/maps/reviews/data=!4m8!14m7!1m6!2m5!1sCi9DQUlRQUNvZENodHljRjlvT2twSVUzUXljemRtZFdNd1VYQlNOVVZ5U0RCd1JHYxAB!2m1!1s0x0:0xebba9a3a484d72bf!3m1!1s2@1:CAIQACodChtycF9oOkpIU3QyczdmdWMwUXBSNUVySDBwRGc%7C%7C?hl=ru,2026-09-07T23:53:43.493462+00:00,4.6,45
Rodina Moskva,"Мясницкая ул., 13 строение 1, Москва, Россия, 101000",0x46b54bedef03f145:0xebba9a3a484d72bf,ChdDSUhNMG9nS0VJQ0FnSURQbmVqWmlnRRAB,5.0,2024-12-04T20:59:26Z,2024-12-04T20:59:26Z,год назад,,False,Google,https://www.google.com/maps/reviews/data=!4m8!14m7!1m6!2m5!1sChdDSUhNMG9nS0VJQ0FnSURQbmVqWmlnRRAB!2m1!1s0x0:0xebba9a3a484d72bf!3m1!1s2@1:CIHM0ogKEICAgIDPnejZigE%7C%7C?hl=ru,2026-09-07T23:53:43.493493+00:00,4.6,45
Rodina Moskva,"Мясницкая ул., 13 строение 1, Москва, Россия, 101000",0x46b54bedef03f145:0xebba9a3a484d72bf,ChZDSUhNMG9nS0VJQ0FnSURYOGFmMmF3EAE,1.0,2024-10-28T15:51:38Z,2024-10-28T15:51:38Z,год назад,,False,Google,https://www.google.com/maps/reviews/data=!4m8!14m7!1m6!2m5!1sChZDSUhNMG9nS0VJQ0FnSURYOGFmMmF3EAE!2m1!1s0x0:0xebba9a3a484d72bf!3m1!1s2@1:CIHM0ogKEICAgIDX8af2aw%7C%7C?hl=ru,2026-09-07T23:53:43.493520+00:00,4.6,45
Rodina Moskva,"Мясницкая ул., 13 строение 1, Москва, Россия, 101000",0x46b54bedef03f145:0xebba9a3a484d72bf,ChdDSUhNMG9nS0VJQ0FnSURub2FHdzdRRRAB,5.0,2024-10-06T17:14:57Z,2024-10-06T17:14:57Z,год назад,Отличное место !,True,Google,https://www.google.com/maps/reviews/data=!4m8!14m7!1m6!2m5!1sChdDSUhNMG9nS0VJQ0FnSURub2FHdzdRRRAB!2m1!1s0x0:0xebba9a3a484d72bf!3m1!1s2@1:CIHM0ogKEICAgIDnoaGw7QE%7C%7C?hl=ru,2026-09-07T23:53:43.493547+00:00,4.6,45
Rodina Moskva,"Мясницкая ул., 13 строение 1, Москва, Россия, 101000",0x46b54bedef03f145:0xebba9a3a484d72bf,ChdDSUhNMG9nS0VJQ0FnSURiOHB2YzhnRRAB,1.0,2024-08-03T23:52:09Z,2024-08-03T23:52:09Z,2 года назад,Disgusting place,True,Google,https://www.google.com/maps/reviews/data=!4m8!14m7!1m6!2m5!1sChdDSUhNMG9nS0VJQ0FnSURiOHB2YzhnRRAB!2m1!1s0x0:0xebba9a3a484d72bf!3m1!1s2@1:CIHM0ogKEICAgIDb8pvc8gE%7C%7C?hl=ru,2026-09-07T23:53:43.493573+00:00,4.6,45
Rodina Moskva,"Мясницкая ул., 13 строение 1, Москва, Россия, 101000",0x46b54bedef03f145:0xebba9a3a484d72bf,ChZDSUhNMG9nS0VJQ0FnSURidFBmOVBBEAE,5.0,2024-08-02T13:17:46Z,2024-08-02T13:17:46Z,2 года назад,,False,Google,https://www.google.com/maps/reviews/data=!4m8!14m7!1m6!2m5!1sChZDSUhNMG9nS0VJQ0FnSURidFBmOVBBEAE!2m1!1s0x0:0xebba9a3a484d72bf!3m1!1s2@1:CIHM0ogKEICAgIDbtPf9PA%7C%7C?hl=ru,2026-09-07T23:53:43.493601+00:00,4.6,45
Rodina Moskva,"Мясницкая ул., 13 строение 1, Москва, Россия, 101000",0x46b54bedef03f145:0xebba9a3a484d72bf,ChdDSUhNMG9nS0VJQ0FnSURObXVTcDVRRRAB,5.0,2024-01-21T18:56:03Z,2024-01-21T18:56:03Z,2 года назад,,False,Google,https://www.google.com/maps/reviews/data=!4m8!14m7!1m6!2m5!1sChdDSUhNMG9nS0VJQ0FnSURObXVTcDVRRRAB!2m1!1s0x0:0xebba9a3a484d72bf!3m1!1s2@1:CIHM0ogKEICAgIDNmuSp5QE%7C%7C?hl=ru,2026-09-07T23:53:43.493627+00:00,4.6,45
Rodina Moskva,"Мясницкая ул., 13 строение 1, Москва, Россия, 101000",0x46b54bedef03f145:0xebba9a3a484d72bf,ChZDSUhNMG9nS0VJQ0FnSUNaaDRQNGJ3EAE,5.0,2023-09-19T11:31:47Z,2023-09-19T11:31:47Z,2 года назад,,False,Google,https://www.google.com/maps/reviews/data=!4m8!14m7!1m6!2m5!1sChZDSUhNMG9nS0VJQ0FnSUNaaDRQNGJ3EAE!2m1!1s0x0:0xebba9a3a484d72bf!3m1!1s2@1:CIHM0ogKEICAgICZh4P4bw%7C%7C?hl=ru,2026-09-07T23:53:43.493652+00:00,4.6,45
Rodina Moskva,"Мясницкая ул., 13 строение 1, Москва, Россия, 101000",0x46b54bedef03f145:0xebba9a3a484d72bf,ChZDSUhNMG9nS0VJQ0FnSUNaNnNxSldREAE,1.0,2023-09-08T13:33:05Z,2023-09-08T13:33:05Z,2 года назад,,False,Google,https://www.google.com/maps/reviews/data=!4m8!14m7!1m6!2m5!1sChZDSUhNMG9nS0VJQ0FnSUNaNnNxSldREAE!2m1!1s0x0:0xebba9a3a484d72bf!3m1!1s2@1:CIHM0ogKEICAgICZ6sqJWQ%7C%7C?hl=ru,2026-09-07T23:53:43.493677+00:00,4.6,45
Rodina Moskva,"Мясницкая ул., 13 строение 1, Москва, Россия, 101000",0x46b54bedef03f145:0xebba9a3a484d72bf,ChdDSUhNMG9nS0VJQ0FnSURKOU82RnZRRRAB,5.0,2023-07-11T22:24:15Z,2023-07-11T22:24:15Z,3 года назад,,False,Google,https://www.google.com/maps/reviews/data=!4m8!14m7!1m6!2m5!1sChdDSUhNMG9nS0VJQ0FnSURKOU82RnZRRRAB!2m1!1s0x0:0xebba9a3a484d72bf!3m1!1s2@1:CIHM0ogKEICAgIDJ9O6FvQE%7C%7C?hl=ru,2026-09-07T23:53:43.493702+00:00,4.6,45
Rodina Moskva,"Мясницкая ул., 13 строение 1, Москва, Россия, 101000",0x46b54bedef03f145:0xebba9a3a484d72bf,ChZDSUhNMG9nS0VJQ0FnSURSMllXVGF3EAE,5.0,2023-04-29T01:35:51Z,2023-04-29T01:35:51Z,3 года назад,,False,Google,https://www.google.com/maps/reviews/data=!4m8!14m7!1m6!2m5!1sChZDSUhNMG9nS0VJQ0FnSURSMllXVGF3EAE!2m1!1s0x0:0xebba9a3a484d72bf!3m1!1s2@1:CIHM0ogKEICAgIDR2YWTaw%7C%7C?hl=ru,2026-09-07T23:53:43.493727+00:00,4.6,45
Rodina Moskva,"Мясницкая ул., 13 строение 1, Москва, Россия, 101000",0x46b54bedef03f145:0xebba9a3a484d72bf,ChZDSUhNMG9nS0VJQ0FnSURScEp2alRnEAE,5.0,2023-04-18T09:30:44Z,2023-04-18T09:30:44Z,3 года назад,,False,Google,https://www.google.com/maps/reviews/data=!4m8!14m7!1m6!2m5!1sChZDSUhNMG9nS0VJQ0FnSURScEp2alRnEAE!2m1!1s0x0:0xebba9a3a484d72bf!3m1!1s2@1:CIHM0ogKEICAgIDRpJvjTg%7C%7C?hl=ru,2026-09-07T23:53:43.493752+00:00,4.6,45
Rodina Moskva,"Мясницкая ул., 13 строение 1, Москва, Россия, 101000",0x46b54bedef03f145:0xebba9a3a484d72bf,ChdDSUhNMG9nS0VJQ0FnSURSZ0xEYW1BRRAB,5.0,2023-04-14T18:30:05Z,2023-04-14T18:30:05Z,3 года назад,,False,Google,https://www.google.com/maps/reviews/data=!4m8!14m7!1m6!2m5!1sChdDSUhNMG9nS0VJQ0FnSURSZ0xEYW1BRRAB!2m1!1s0x0:0xebba9a3a484d72bf!3m1!1s2@1:CIHM0ogKEICAgIDRgLDamAE%7C%7C?hl=ru,2026-09-07T23:53:43.493776+00:00,4.6,45
Simach в Недальнем,"Тверской б-р, 15 строение 2, Москва, Россия, 123104",0x46b54bc319948b27:0xecf98ed17c4dddfa,Ci9DQUlRQUNvZENodHljRjlvT2xkMFZETTBhMVpXUWpOWVFtVjZTSFpJY2pWMVVFRRAB,5.0,2026-07-05T16:09:29Z,2026-07-05T16:09:29Z,2 месяца назад,"Simach has such a cool and vibrant atmosphere. From the moment we arrived, the team at the door was very welcoming and friendly, which made the whole experience start perfectly. The vibe, music, and overall energy were really enjoyable. Definitely a great place to visit in Moscow.",True,Google,https://www.google.com/maps/reviews/data=!4m8!14m7!1m6!2m5!1sCi9DQUlRQUNvZENodHljRjlvT2xkMFZETTBhMVpXUWpOWVFtVjZTSFpJY2pWMVVFRRAB!2m1!1s0x0:0xecf98ed17c4dddfa!3m1!1s2@1:CAIQACodChtycF9oOld0VDM0a1ZWQjNYQmV6SHZIcjV1UEE%7C%7C?hl=ru,2026-09-07T23:53:43.828020+00:00,4.3,345
Simach в Недальнем,"Тверской б-р, 15 строение 2, Москва, Россия, 123104",0x46b54bc319948b27:0xecf98ed17c4dddfa,Ci9DQUlRQUNvZENodHljRjlvT2kxaGFHZzROMWRVTFhVME5VRmFZblUxU25SeldtYxAB,5.0,2026-04-02T20:28:43Z,2026-04-02T20:28:43Z,5 месяцев назад,Cool and lovely place. Many good cocktails and friendly people.,True,Google,https://www.google.com/maps/reviews/data=!4m8!14m7!1m6!2m5!1sCi9DQUlRQUNvZENodHljRjlvT2kxaGFHZzROMWRVTFhVME5VRmFZblUxU25SeldtYxAB!2m1!1s0x0:0xecf98ed17c4dddfa!3m1!1s2@1:CAIQACodChtycF9oOi1haGg4N1dULXU0NUFaYnU1SnRzWmc%7C%7C?hl=ru,2026-09-07T23:53:43.828183+00:00,4.3,345
Simach в Недальнем,"Тверской б-р, 15 строение 2, Москва, Россия, 123104",0x46b54bc319948b27:0xecf98ed17c4dddfa,Ci9DQUlRQUNvZENodHljRjlvT25Gd1FqUTVUSFJSTWtOZlVYVlpjM001Tm5CTFNHYxAB,5.0,2026-01-24T21:22:02Z,2026-01-24T21:22:02Z,7 месяцев назад,Thank you for your good service and your good english Парвиз… Everything was amazing,True,Google,https://www.google.com/maps/reviews/data=!4m8!14m7!1m6!2m5!1sCi9DQUlRQUNvZENodHljRjlvT25Gd1FqUTVUSFJSTWtOZlVYVlpjM001Tm5CTFNHYxAB!2m1!1s0x0:0xecf98ed17c4dddfa!3m1!1s2@1:CAIQACodChtycF9oOnFwQjQ5THRRMkNfUXVZc3M5NnBLSGc%7C%7C?hl=ru,2026-09-07T23:53:43.828230+00:00,4.3,345
Simach в Недальнем,"Тверской б-р, 15 строение 2, Москва, Россия, 123104",0x46b54bc319948b27:0xecf98ed17c4dddfa,Ci9DQUlRQUNvZENodHljRjlvT2tSbVNTMUNjM1IzVUc1cFZtUlVSekpLUTFCUVVWRRAB,5.0,2025-12-24T13:31:12Z,2025-12-24T13:31:12Z,8 месяцев назад,,False,Google,https://www.google.com/maps/reviews/data=!4m8!14m7!1m6!2m5!1sCi9DQUlRQUNvZENodHljRjlvT2tSbVNTMUNjM1IzVUc1cFZtUlVSekpLUTFCUVVWRRAB!2m1!1s0x0:0xecf98ed17c4dddfa!3m1!1s2@1:CAIQACodChtycF9oOkRmSS1Cc3R3UG5pVmRURzJKQ1BQUVE%7C%7C?hl=ru,2026-09-07T23:53:43.828266+00:00,4.3,345
Simach в Недальнем,"Тверской б-р, 15 строение 2, Москва, Россия, 123104",0x46b54bc319948b27:0xecf98ed17c4dddfa,Ci9DQUlRQUNvZENodHljRjlvT21wa2NURmZkRmhtUldNM2J6WTRhMVZUTXpGNUxYYxAB,5.0,2025-11-01T00:07:52Z,2025-11-01T00:07:52Z,10 месяцев назад,,False,Google,https://www.google.com/maps/reviews/data=!4m8!14m7!1m6!2m5!1sCi9DQUlRQUNvZENodHljRjlvT21wa2NURmZkRmhtUldNM2J6WTRhMVZUTXpGNUxYYxAB!2m1!1s0x0:0xecf98ed17c4dddfa!3m1!1s2@1:CAIQACodChtycF9oOmpkcTFfdFhmRWM3bzY4a1VTMzF5LXc%7C%7C?hl=ru,2026-09-07T23:53:43.828297+00:00,4.3,345
Simach в Недальнем,"Тверской б-р, 15 строение 2, Москва, Россия, 123104",0x46b54bc319948b27:0xecf98ed17c4dddfa,ChdDSUhNMG9nS0VJQ0FnTUNJeU5mUl93RRAB,1.0,2025-03-29T20:45:33Z,2025-03-29T20:45:33Z,год назад,,False,Google,https://www.google.com/maps/reviews/data=!4m8!14m7!1m6!2m5!1sChdDSUhNMG9nS0VJQ0FnTUNJeU5mUl93RRAB!2m1!1s0x0:0xecf98ed17c4dddfa!3m1!1s2@1:CIHM0ogKEICAgMCIyNfR_wE%7C%7C?hl=ru,2026-09-07T23:53:43.986128+00:00,4.3,345
Simach в Недальнем,"Тверской б-р, 15 строение 2, Москва, Россия, 123104",0x46b54bc319948b27:0xecf98ed17c4dddfa,ChZDSUhNMG9nS0VJQ0FnSURQclB2UmR3EAE,5.0,2024-11-29T21:48:35Z,2024-11-29T21:48:35Z,год назад,,False,Google,https://www.google.com/maps/reviews/data=!4m8!14m7!1m6!2m5!1sChZDSUhNMG9nS0VJQ0FnSURQclB2UmR3EAE!2m1!1s0x0:0xecf98ed17c4dddfa!3m1!1s2@1:CIHM0ogKEICAgIDPrPvRdw%7C%7C?hl=ru,2026-09-07T23:53:43.986242+00:00,4.3,345
Simach в Недальнем,"Тверской б-р, 15 строение 2, Москва, Россия, 123104",0x46b54bc319948b27:0xecf98ed17c4dddfa,ChZDSUhNMG9nS0VJQ0FnSURybF83R1d3EAE,1.0,2024-07-21T00:38:32Z,2024-07-21T00:38:32Z,2 года назад,"Эти товарищи не принесли ни меню , ничего, хотя был стол забронирован!",True,Google,https://www.google.com/maps/reviews/data=!4m8!14m7!1m6!2m5!1sChZDSUhNMG9nS0VJQ0FnSURybF83R1d3EAE!2m1!1s0x0:0xecf98ed17c4dddfa!3m1!1s2@1:CIHM0ogKEICAgIDrl_7GWw%7C%7C?hl=ru,2026-09-07T23:53:43.986285+00:00,4.3,345
Simach в Недальнем,"Тверской б-р, 15 строение 2, Москва, Россия, 123104",0x46b54bc319948b27:0xecf98ed17c4dddfa,ChdDSUhNMG9nS0VJQ0FnSURyc3AyVnJRRRAB,5.0,2024-07-16T13:42:38Z,2024-07-16T13:42:38Z,2 года назад,"Великолепно было все! Очень понравились гребешки с цветками цукини и летние коктейли! Теперь это любимое место! Обслуживание очень хорошее, внимательное, четкое, быстрое.",True,Google,https://www.google.com/maps/reviews/data=!4m8!14m7!1m6!2m5!1sChdDSUhNMG9nS0VJQ0FnSURyc3AyVnJRRRAB!2m1!1s0x0:0xecf98ed17c4dddfa!3m1!1s2@1:CIHM0ogKEICAgIDrsp2VrQE%7C%7C?hl=ru,2026-09-07T23:53:43.986322+00:00,4.3,345
Simach в Недальнем,"Тверской б-р, 15 строение 2, Москва, Россия, 123104",0x46b54bc319948b27:0xecf98ed17c4dddfa,ChZDSUhNMG9nS0VJQ0FnSURMbmRUUVZBEAE,1.0,2024-06-29T18:41:28Z,2024-06-29T18:41:28Z,2 года назад,"Нам не принесли меню,а друугим принесли,больше не придем",True,Google,https://www.google.com/maps/reviews/data=!4m8!14m7!1m6!2m5!1sChZDSUhNMG9nS0VJQ0FnSURMbmRUUVZBEAE!2m1!1s0x0:0xecf98ed17c4dddfa!3m1!1s2@1:CIHM0ogKEICAgIDLndTQVA%7C%7C?hl=ru,2026-09-07T23:53:43.986367+00:00,4.3,345
Simach в Недальнем,"Тверской б-р, 15 строение 2, Москва, Россия, 123104",0x46b54bc319948b27:0xecf98ed17c4dddfa,ChZDSUhNMG9nS0VJQ0FnSUN6bHFfNUZ3EAE,1.0,2024-06-01T21:49:11Z,2024-06-01T21:49:11Z,2 года назад,"Фейс контроль развернул, даже не спросив документы. Работают хамы",True,Google,https://www.google.com/maps/reviews/data=!4m8!14m7!1m6!2m5!1sChZDSUhNMG9nS0VJQ0FnSUN6bHFfNUZ3EAE!2m1!1s0x0:0xecf98ed17c4dddfa!3m1!1s2@1:CIHM0ogKEICAgICzlq_5Fw%7C%7C?hl=ru,2026-09-07T23:53:43.986397+00:00,4.3,345
Simach в Недальнем,"Тверской б-р, 15 строение 2, Москва, Россия, 123104",0x46b54bc319948b27:0xecf98ed17c4dddfa,ChZDSUhNMG9nS0VJQ0FnSURqZ3Jqbk93EAE,1.0,2024-04-30T20:43:08Z,2024-04-30T20:43:08Z,2 года назад,Ужас полнейший,True,Google,https://www.google.com/maps/reviews/data=!4m8!14m7!1m6!2m5!1sChZDSUhNMG9nS0VJQ0FnSURqZ3Jqbk93EAE!2m1!1s0x0:0xecf98ed17c4dddfa!3m1!1s2@1:CIHM0ogKEICAgIDjgrjnOw%7C%7C?hl=ru,2026-09-07T23:53:43.986435+00:00,4.3,345
Simach в Недальнем,"Тверской б-р, 15 строение 2, Москва, Россия, 123104",0x46b54bc319948b27:0xecf98ed17c4dddfa,ChZDSUhNMG9nS0VJQ0FnSUREclp2ZEJnEAE,1.0,2024-04-12T22:24:43Z,2024-04-12T22:24:43Z,2 года назад,Грубый и надменный фейс-контроль. Необоснованно не пускают. Не портите себе настроение,True,Google,https://www.google.com/maps/reviews/data=!4m8!14m7!1m6!2m5!1sChZDSUhNMG9nS0VJQ0FnSUREclp2ZEJnEAE!2m1!1s0x0:0xecf98ed17c4dddfa!3m1!1s2@1:CIHM0ogKEICAgIDDrZvdBg%7C%7C?hl=ru,2026-09-07T23:53:43.986462+00:00,4.3,345
Simach в Недальнем,"Тверской б-р, 15 строение 2, Москва, Россия, 123104",0x46b54bc319948b27:0xecf98ed17c4dddfa,ChZDSUhNMG9nS0VJQ0FnSURGXzdDY0tREAE,1.0,2023-11-12T09:25:25Z,2023-11-12T09:32:13Z,2 года назад,"Непостижимый идиотизм фейсеров. Вчера нас не пустили на вечеринку с подругой, с которой мы всю юность провели в старом Симачеве. Зато перед нами он был чрезвычайно обходителен перед восточным мужчиной с эскортницей.",True,Google,https://www.google.com/maps/reviews/data=!4m8!14m7!1m6!2m5!1sChZDSUhNMG9nS0VJQ0FnSURGXzdDY0tREAE!2m1!1s0x0:0xecf98ed17c4dddfa!3m1!1s2@1:CIHM0ogKEICAgIDF_7CcKQ%7C%7C?hl=ru,2026-09-07T23:53:43.986489+00:00,4.3,345
Simach в Недальнем,"Тверской б-р, 15 строение 2, Москва, Россия, 123104",0x46b54bc319948b27:0xecf98ed17c4dddfa,ChZDSUhNMG9nS0VJQ0FnSURadnRMbmVREAE,1.0,2023-10-01T21:43:08Z,2023-10-01T21:43:08Z,2 года назад,"ПРОСТО УЖАСНОЕ ЗАВЕДЕНИЕ. я приехала со своей бести в эту хручальню, мы решили заказать пару коктейлей, официантка нам отказала в грубой форме, сказала что больше двух коктейлей нельзя потому что нас двое, мы конечно же удивились, и решили заказать азиатскую кухню, после того как мы поели ( еда вообще не о чем, будто суши сет с вокзала ) у меня начался дикий понос, Я ДРИСТАЛА ВСЮ НОЧЬ, слава бога моя бести была рядом и поддерживала меня. крайне не советую этот рестобар. хамло заведение как и алкоголь ни о чем. про еду молчу . интерьер немного вывозит но слишком старье зеленое из татарстана",True,Google,https://www.google.com/maps/reviews/data=!4m8!14m7!1m6!2m5!1sChZDSUhNMG9nS0VJQ0FnSURadnRMbmVREAE!2m1!1s0x0:0xecf98ed17c4dddfa!3m1!1s2@1:CIHM0ogKEICAgIDZvtLneQ%7C%7C?hl=ru,2026-09-07T23:53:43.986523+00:00,4.3,345
Simach в Недальнем,"Тверской б-р, 15 строение 2, Москва, Россия, 123104",0x46b54bc319948b27:0xecf98ed17c4dddfa,ChZDSUhNMG9nS0VJQ0FnSURaMk1uV2J3EAE,1.0,2023-09-23T22:58:07Z,2023-09-23T22:58:07Z,2 года назад,,False,Google,https://www.google.com/maps/reviews/data=!4m8!14m7!1m6!2m5!1sChZDSUhNMG9nS0VJQ0FnSURaMk1uV2J3EAE!2m1!1s0x0:0xecf98ed17c4dddfa!3m1!1s2@1:CIHM0ogKEICAgIDZ2MnWbw%7C%7C?hl=ru,2026-09-07T23:53:43.986563+00:00,4.3,345
Simach в Недальнем,"Тверской б-р, 15 строение 2, Москва, Россия, 123104",0x46b54bc319948b27:0xecf98ed17c4dddfa,ChZDSUhNMG9nS0VJQ0FnSUNaaU16Z0pREAE,1.0,2023-09-02T23:08:38Z,2023-09-02T23:08:38Z,3 года назад,There's a fat idiot at the door telling people they can't come in just because he says so. This is just a despicable NYC club with the wrong zip code...,True,Google,https://www.google.com/maps/reviews/data=!4m8!14m7!1m6!2m5!1sChZDSUhNMG9nS0VJQ0FnSUNaaU16Z0pREAE!2m1!1s0x0:0xecf98ed17c4dddfa!3m1!1s2@1:CIHM0ogKEICAgICZiMzgJQ%7C%7C?hl=ru,2026-09-07T23:53:43.986599+00:00,4.3,345
Simach в Недальнем,"Тверской б-р, 15 строение 2, Москва, Россия, 123104",0x46b54bc319948b27:0xecf98ed17c4dddfa,ChZDSUhNMG9nS0VJQ0FnSUNwaEpTOUNREAE,1.0,2023-07-28T16:06:54Z,2023-07-28T16:06:54Z,3 года назад,"За пол часа ко мне ни разу никто не подошел, хотя в ресторане было всего 2 посетителя. Просила хостес/ менеджера чтобы отправила кого-то принять заказ, она говорила минутку и снова пропадала.",True,Google,https://www.google.com/maps/reviews/data=!4m8!14m7!1m6!2m5!1sChZDSUhNMG9nS0VJQ0FnSUNwaEpTOUNREAE!2m1!1s0x0:0xecf98ed17c4dddfa!3m1!1s2@1:CIHM0ogKEICAgICphJS9CQ%7C%7C?hl=ru,2026-09-07T23:53:43.986627+00:00,4.3,345
Simach в Недальнем,"Тверской б-р, 15 строение 2, Москва, Россия, 123104",0x46b54bc319948b27:0xecf98ed17c4dddfa,ChdDSUhNMG9nS0VJQ0FnSURPMmRHUGdnRRAB,5.0,2022-07-09T10:29:14Z,2023-06-18T10:07:38Z,Изменено 3 года назад,"Очень приятное, атмосферное заведение.",True,Google,https://www.google.com/maps/reviews/data=!4m8!14m7!1m6!2m5!1sChdDSUhNMG9nS0VJQ0FnSURPMmRHUGdnRRAB!2m1!1s0x0:0xecf98ed17c4dddfa!3m1!1s2@1:CIHM0ogKEICAgIDO2dGPggE%7C%7C?hl=ru,2026-09-07T23:53:43.986668+00:00,4.3,345
Simach в Недальнем,"Тверской б-р, 15 строение 2, Москва, Россия, 123104",0x46b54bc319948b27:0xecf98ed17c4dddfa,ChZDSUhNMG9nS0VJQ0FnSUR4aTdTZEhnEAE,2.0,2023-06-14T20:17:35Z,2023-06-14T20:17:35Z,3 года назад,Еда ни о чем.Алкоголь тоже.Цены неоправданные.Клуб такое себе.За интерьер пару звезд.,True,Google,https://www.google.com/maps/reviews/data=!4m8!14m7!1m6!2m5!1sChZDSUhNMG9nS0VJQ0FnSUR4aTdTZEhnEAE!2m1!1s0x0:0xecf98ed17c4dddfa!3m1!1s2@1:CIHM0ogKEICAgIDxi7SdHg%7C%7C?hl=ru,2026-09-07T23:53:43.986694+00:00,4.3,345
Simach в Недальнем,"Тверской б-р, 15 строение 2, Москва, Россия, 123104",0x46b54bc319948b27:0xecf98ed17c4dddfa,ChZDSUhNMG9nS0VJQ0FnSUR4OU43bkJBEAE,1.0,2023-06-02T22:20:11Z,2023-06-02T22:20:41Z,3 года назад,"Фейсконтроль у клуба грубый и хамит. Я пришла с подругой, нас не пустили, спросили почему, на что нас проигнорировали, при чем одеты мы были нормально, в вечерних платьях. Категорически не рекомендую даже подходить к этому клубу. Недавно туда ходили с другом, музыка ужасная и диджей неправильно работает. Половину людей как-будто под чем (боюсь что не как будто).",True,Google,https://www.google.com/maps/reviews/data=!4m8!14m7!1m6!2m5!1sChZDSUhNMG9nS0VJQ0FnSUR4OU43bkJBEAE!2m1!1s0x0:0xecf98ed17c4dddfa!3m1!1s2@1:CIHM0ogKEICAgIDx9N7nBA%7C%7C?hl=ru,2026-09-07T23:53:43.986721+00:00,4.3,345
Simach в Недальнем,"Тверской б-р, 15 строение 2, Москва, Россия, 123104",0x46b54bc319948b27:0xecf98ed17c4dddfa,ChdDSUhNMG9nS0VJQ0FnSUR4OU9EcnBnRRAB,3.0,2023-06-02T20:24:08Z,2023-06-02T20:24:08Z,3 года назад,"Так себе клуб. Не знаю почему все в восторге. Контингент средний , музыка так себе. Это я еще зашла туда не трезвая 😂 так что есть к чему им стремиться",True,Google,https://www.google.com/maps/reviews/data=!4m8!14m7!1m6!2m5!1sChdDSUhNMG9nS0VJQ0FnSUR4OU9EcnBnRRAB!2m1!1s0x0:0xecf98ed17c4dddfa!3m1!1s2@1:CIHM0ogKEICAgIDx9ODrpgE%7C%7C?hl=ru,2026-09-07T23:53:43.986754+00:00,4.3,345
Simach в Недальнем,"Тверской б-р, 15 строение 2, Москва, Россия, 123104",0x46b54bc319948b27:0xecf98ed17c4dddfa,ChdDSUhNMG9nS0VJQ0FnSURSOTdhd19nRRAB,5.0,2023-05-06T08:20:46Z,2023-05-06T08:20:46Z,3 года назад,,False,Google,https://www.google.com/maps/reviews/data=!4m8!14m7!1m6!2m5!1sChdDSUhNMG9nS0VJQ0FnSURSOTdhd19nRRAB!2m1!1s0x0:0xecf98ed17c4dddfa!3m1!1s2@1:CIHM0ogKEICAgIDR97aw_gE%7C%7C?hl=ru,2026-09-07T23:53:43.986785+00:00,4.3,345
Simach в Недальнем,"Тверской б-р, 15 строение 2, Москва, Россия, 123104",0x46b54bc319948b27:0xecf98ed17c4dddfa,ChZDSUhNMG9nS0VJQ0FnSUNXaUtXMmZREAE,5.0,2022-02-16T07:41:40Z,2022-02-16T07:41:41Z,4 года назад,Крутое место.,True,Google,https://www.google.com/maps/reviews/data=!4m8!14m7!1m6!2m5!1sChZDSUhNMG9nS0VJQ0FnSUNXaUtXMmZREAE!2m1!1s0x0:0xecf98ed17c4dddfa!3m1!1s2@1:CIHM0ogKEICAgICWiKW2fQ%7C%7C?hl=ru,2026-09-07T23:53:43.986810+00:00,4.3,345
Simach в Недальнем,"Тверской б-р, 15 строение 2, Москва, Россия, 123104",0x46b54bc319948b27:0xecf98ed17c4dddfa,ChdDSUhNMG9nS0VJQ0FnSUNXOElTbTlBRRAB,3.0,2022-02-15T21:24:11Z,2022-02-15T21:24:11Z,4 года назад,"Тусовочное место для молодежи, в котором был впервые и скорее в последний раз. Большая очередь на входе, контингент разнообразный..есть и очень сомнительные ребята..обслуживание тоже оставляет желать лучшего.",True,Google,https://www.google.com/maps/reviews/data=!4m8!14m7!1m6!2m5!1sChdDSUhNMG9nS0VJQ0FnSUNXOElTbTlBRRAB!2m1!1s0x0:0xecf98ed17c4dddfa!3m1!1s2@1:CIHM0ogKEICAgICW8ISm9AE%7C%7C?hl=ru,2026-09-07T23:53:43.986835+00:00,4.3,345
Simach в Недальнем,"Тверской б-р, 15 строение 2, Москва, Россия, 123104",0x46b54bc319948b27:0xecf98ed17c4dddfa,ChZDSUhNMG9nS0VJQ0FnSURtM19pYkdBEAE,5.0,2022-02-13T20:10:37Z,2022-02-13T20:10:37Z,4 года назад,"Отличное место, вкусно готовят, приятный интерьер",True,Google,https://www.google.com/maps/reviews/data=!4m8!14m7!1m6!2m5!1sChZDSUhNMG9nS0VJQ0FnSURtM19pYkdBEAE!2m1!1s0x0:0xecf98ed17c4dddfa!3m1!1s2@1:CIHM0ogKEICAgIDm3_ibGA%7C%7C?hl=ru,2026-09-07T23:53:44.908470+00:00,4.3,345
Simach в Недальнем,"Тверской б-р, 15 строение 2, Москва, Россия, 123104",0x46b54bc319948b27:0xecf98ed17c4dddfa,ChZDSUhNMG9nS0VJQ0FnSURtMzVpZEJBEAE,5.0,2022-02-13T20:02:45Z,2022-02-13T20:02:45Z,4 года назад,Fino e evoluído com requinte. O sushi e absolutamente fantástico.,True,Google,https://www.google.com/maps/reviews/data=!4m8!14m7!1m6!2m5!1sChZDSUhNMG9nS0VJQ0FnSURtMzVpZEJBEAE!2m1!1s0x0:0xecf98ed17c4dddfa!3m1!1s2@1:CIHM0ogKEICAgIDm35idBA%7C%7C?hl=ru,2026-09-07T23:53:44.908826+00:00,4.3,345
Simach в Недальнем,"Тверской б-р, 15 строение 2, Москва, Россия, 123104",0x46b54bc319948b27:0xecf98ed17c4dddfa,ChZDSUhNMG9nS0VJQ0FnSURtajVfN0p3EAE,5.0,2022-02-12T22:42:34Z,2022-02-12T22:42:35Z,4 года назад,,False,Google,https://www.google.com/maps/reviews/data=!4m8!14m7!1m6!2m5!1sChZDSUhNMG9nS0VJQ0FnSURtajVfN0p3EAE!2m1!1s0x0:0xecf98ed17c4dddfa!3m1!1s2@1:CIHM0ogKEICAgIDmj5_7Jw%7C%7C?hl=ru,2026-09-07T23:53:44.908899+00:00,4.3,345
Simach в Недальнем,"Тверской б-р, 15 строение 2, Москва, Россия, 123104",0x46b54bc319948b27:0xecf98ed17c4dddfa,ChZDSUhNMG9nS0VJQ0FnSURtLTVLVENnEAE,5.0,2022-02-10T17:50:59Z,2022-02-10T17:50:59Z,4 года назад,"Вкусно, особенно ром баба, модно, особенно по вечерам",True,Google,https://www.google.com/maps/reviews/data=!4m8!14m7!1m6!2m5!1sChZDSUhNMG9nS0VJQ0FnSURtLTVLVENnEAE!2m1!1s0x0:0xecf98ed17c4dddfa!3m1!1s2@1:CIHM0ogKEICAgIDm-5KTCg%7C%7C?hl=ru,2026-09-07T23:53:44.908945+00:00,4.3,345
Simach в Недальнем,"Тверской б-р, 15 строение 2, Москва, Россия, 123104",0x46b54bc319948b27:0xecf98ed17c4dddfa,ChZDSUhNMG9nS0VJQ0FnSURtbnRyNEVBEAE,5.0,2022-01-29T10:08:24Z,2022-01-29T10:08:24Z,4 года назад,,False,Google,https://www.google.com/maps/reviews/data=!4m8!14m7!1m6!2m5!1sChZDSUhNMG9nS0VJQ0FnSURtbnRyNEVBEAE!2m1!1s0x0:0xecf98ed17c4dddfa!3m1!1s2@1:CIHM0ogKEICAgIDmntr4EA%7C%7C?hl=ru,2026-09-07T23:53:44.908981+00:00,4.3,345
Simach в Недальнем,"Тверской б-р, 15 строение 2, Москва, Россия, 123104",0x46b54bc319948b27:0xecf98ed17c4dddfa,ChZDSUhNMG9nS0VJQ0FnSURtM09pT0pnEAE,5.0,2022-01-21T20:30:15Z,2022-01-21T20:30:15Z,4 года назад,,False,Google,https://www.google.com/maps/reviews/data=!4m8!14m7!1m6!2m5!1sChZDSUhNMG9nS0VJQ0FnSURtM09pT0pnEAE!2m1!1s0x0:0xecf98ed17c4dddfa!3m1!1s2@1:CIHM0ogKEICAgIDm3OiOJg%7C%7C?hl=ru,2026-09-07T23:53:44.909013+00:00,4.3,345
Simach в Недальнем,"Тверской б-р, 15 строение 2, Москва, Россия, 123104",0x46b54bc319948b27:0xecf98ed17c4dddfa,ChZDSUhNMG9nS0VJQ0FnSUNtdjlYT2RREAE,3.0,2022-01-14T17:31:47Z,2022-01-14T17:31:47Z,4 года назад,"Место для любителей потолкаться локтями.
Ждали минут 10, чтобы сдать одежду в гардероб. Потом столько же, чтобы заказать коктейль (они кстати были не очень).
Достаточно тесное помещение, которое набивается без ограничений. Дистанцию здесь точно не соблюдают)
Публика разнообразная, но в основном до 25лет, как мне показалось.",True,Google,https://www.google.com/maps/reviews/data=!4m8!14m7!1m6!2m5!1sChZDSUhNMG9nS0VJQ0FnSUNtdjlYT2RREAE!2m1!1s0x0:0xecf98ed17c4dddfa!3m1!1s2@1:CIHM0ogKEICAgICmv9XOdQ%7C%7C?hl=ru,2026-09-07T23:53:44.909045+00:00,4.3,345
Simach в Недальнем,"Тверской б-р, 15 строение 2, Москва, Россия, 123104",0x46b54bc319948b27:0xecf98ed17c4dddfa,ChZDSUhNMG9nS0VJQ0FnSUNtazVldk1REAE,5.0,2022-01-08T12:03:59Z,2022-01-08T12:03:59Z,4 года назад,,False,Google,https://www.google.com/maps/reviews/data=!4m8!14m7!1m6!2m5!1sChZDSUhNMG9nS0VJQ0FnSUNtazVldk1REAE!2m1!1s0x0:0xecf98ed17c4dddfa!3m1!1s2@1:CIHM0ogKEICAgICmk5evMQ%7C%7C?hl=ru,2026-09-07T23:53:44.909093+00:00,4.3,345
Simach в Недальнем,"Тверской б-р, 15 строение 2, Москва, Россия, 123104",0x46b54bc319948b27:0xecf98ed17c4dddfa,ChdDSUhNMG9nS0VJQ0FnSUNtZzZUNmxBRRAB,4.0,2022-01-07T08:39:14Z,2022-01-07T08:39:14Z,4 года назад,Модное вкусное место,True,Google,https://www.google.com/maps/reviews/data=!4m8!14m7!1m6!2m5!1sChdDSUhNMG9nS0VJQ0FnSUNtZzZUNmxBRRAB!2m1!1s0x0:0xecf98ed17c4dddfa!3m1!1s2@1:CIHM0ogKEICAgICmg6T6lAE%7C%7C?hl=ru,2026-09-07T23:53:44.909125+00:00,4.3,345
Simach в Недальнем,"Тверской б-р, 15 строение 2, Москва, Россия, 123104",0x46b54bc319948b27:0xecf98ed17c4dddfa,ChdDSUhNMG9nS0VJQ0FnSUNtbmFPVDRnRRAB,5.0,2022-01-06T13:00:55Z,2022-01-06T13:10:31Z,4 года назад,,False,Google,https://www.google.com/maps/reviews/data=!4m8!14m7!1m6!2m5!1sChdDSUhNMG9nS0VJQ0FnSUNtbmFPVDRnRRAB!2m1!1s0x0:0xecf98ed17c4dddfa!3m1!1s2@1:CIHM0ogKEICAgICmnaOT4gE%7C%7C?hl=ru,2026-09-07T23:53:44.909156+00:00,4.3,345
Simach в Недальнем,"Тверской б-р, 15 строение 2, Москва, Россия, 123104",0x46b54bc319948b27:0xecf98ed17c4dddfa,ChZDSUhNMG9nS0VJQ0FnSUNtN3BMOEh3EAE,5.0,2021-12-29T07:43:26Z,2021-12-29T07:43:26Z,4 года назад,,False,Google,https://www.google.com/maps/reviews/data=!4m8!14m7!1m6!2m5!1sChZDSUhNMG9nS0VJQ0FnSUNtN3BMOEh3EAE!2m1!1s0x0:0xecf98ed17c4dddfa!3m1!1s2@1:CIHM0ogKEICAgICm7pL8Hw%7C%7C?hl=ru,2026-09-07T23:53:44.909186+00:00,4.3,345
Simach в Недальнем,"Тверской б-р, 15 строение 2, Москва, Россия, 123104",0x46b54bc319948b27:0xecf98ed17c4dddfa,ChZDSUhNMG9nS0VJQ0FnSUNtdXFDaEp3EAE,1.0,2021-12-26T00:02:06Z,2021-12-26T00:02:06Z,4 года назад,,False,Google,https://www.google.com/maps/reviews/data=!4m8!14m7!1m6!2m5!1sChZDSUhNMG9nS0VJQ0FnSUNtdXFDaEp3EAE!2m1!1s0x0:0xecf98ed17c4dddfa!3m1!1s2@1:CIHM0ogKEICAgICmuqChJw%7C%7C?hl=ru,2026-09-07T23:53:44.909214+00:00,4.3,345
Simach в Недальнем,"Тверской б-р, 15 строение 2, Москва, Россия, 123104",0x46b54bc319948b27:0xecf98ed17c4dddfa,ChdDSUhNMG9nS0VJQ0FnSUNtbXNEbV93RRAB,4.0,2021-12-25T09:01:46Z,2021-12-25T09:01:49Z,4 года назад,"В целом все хорошо, звезда  минус за долгое обслуживание и сама еда вкусная,  но не чтобы целенаправленно ехать за ней .",True,Google,https://www.google.com/maps/reviews/data=!4m8!14m7!1m6!2m5!1sChdDSUhNMG9nS0VJQ0FnSUNtbXNEbV93RRAB!2m1!1s0x0:0xecf98ed17c4dddfa!3m1!1s2@1:CIHM0ogKEICAgICmmsDm_wE%7C%7C?hl=ru,2026-09-07T23:53:44.909244+00:00,4.3,345
Simach в Недальнем,"Тверской б-р, 15 строение 2, Москва, Россия, 123104",0x46b54bc319948b27:0xecf98ed17c4dddfa,ChZDSUhNMG9nS0VJQ0FnSUNtekthQ0Z3EAE,5.0,2021-12-20T16:48:46Z,2021-12-20T16:48:46Z,4 года назад,"Была здесь 2 раза с интервалом месяц. Понятно одно, чем больше людей , тем хуже сервис.. официанты не справлялись. Приходилось постоянно махать руками и кричать, чтобы заслужить внимание официантов. Но, мне нравится атмосфера, нравится интерьер, нравится кухня и ценник. Поэтому ставлю 5. Просто добавьте немного внимательности персонала к клиентам.",True,Google,https://www.google.com/maps/reviews/data=!4m8!14m7!1m6!2m5!1sChZDSUhNMG9nS0VJQ0FnSUNtekthQ0Z3EAE!2m1!1s0x0:0xecf98ed17c4dddfa!3m1!1s2@1:CIHM0ogKEICAgICmzKaCFw%7C%7C?hl=ru,2026-09-07T23:53:44.909276+00:00,4.3,345
Simach в Недальнем,"Тверской б-р, 15 строение 2, Москва, Россия, 123104",0x46b54bc319948b27:0xecf98ed17c4dddfa,ChZDSUhNMG9nS0VJQ0FnSUNtaExEblJ3EAE,1.0,2021-12-18T10:45:15Z,2021-12-18T10:45:15Z,4 года назад,Не пустили потому что я был не пьяный,True,Google,https://www.google.com/maps/reviews/data=!4m8!14m7!1m6!2m5!1sChZDSUhNMG9nS0VJQ0FnSUNtaExEblJ3EAE!2m1!1s0x0:0xecf98ed17c4dddfa!3m1!1s2@1:CIHM0ogKEICAgICmhLDnRw%7C%7C?hl=ru,2026-09-07T23:53:44.909314+00:00,4.3,345
Simach в Недальнем,"Тверской б-р, 15 строение 2, Москва, Россия, 123104",0x46b54bc319948b27:0xecf98ed17c4dddfa,ChZDSUhNMG9nS0VJQ0FnSUNtdUxHc2RBEAE,1.0,2021-12-18T00:20:04Z,2021-12-18T00:20:04Z,4 года назад,"Ужасные фейсары, впустили первый раз без разговоров, вышли покурить и встретить друзей и потом нас уже не впустили. Ладно не пустить изначально, но когда не пускают второй раз со словами «наденьте что нибудь нарядное» это уже слишком. Прошу обратить внимание на фейсеров и вразумить их как нибудь, а лучше заменить) спасибо",True,Google,https://www.google.com/maps/reviews/data=!4m8!14m7!1m6!2m5!1sChZDSUhNMG9nS0VJQ0FnSUNtdUxHc2RBEAE!2m1!1s0x0:0xecf98ed17c4dddfa!3m1!1s2@1:CIHM0ogKEICAgICmuLGsdA%7C%7C?hl=ru,2026-09-07T23:53:44.909344+00:00,4.3,345
Simach в Недальнем,"Тверской б-р, 15 строение 2, Москва, Россия, 123104",0x46b54bc319948b27:0xecf98ed17c4dddfa,ChdDSUhNMG9nS0VJQ0FnSUNtdUppWG53RRAB,5.0,2021-12-17T21:19:12Z,2021-12-17T21:19:12Z,4 года назад,,False,Google,https://www.google.com/maps/reviews/data=!4m8!14m7!1m6!2m5!1sChdDSUhNMG9nS0VJQ0FnSUNtdUppWG53RRAB!2m1!1s0x0:0xecf98ed17c4dddfa!3m1!1s2@1:CIHM0ogKEICAgICmuJiXnwE%7C%7C?hl=ru,2026-09-07T23:53:44.909382+00:00,4.3,345
Simach в Недальнем,"Тверской б-р, 15 строение 2, Москва, Россия, 123104",0x46b54bc319948b27:0xecf98ed17c4dddfa,ChdDSUhNMG9nS0VJQ0FnSUNta1A2NTd3RRAB,4.0,2021-12-15T16:43:00Z,2021-12-15T16:43:00Z,4 года назад,,False,Google,https://www.google.com/maps/reviews/data=!4m8!14m7!1m6!2m5!1sChdDSUhNMG9nS0VJQ0FnSUNta1A2NTd3RRAB!2m1!1s0x0:0xecf98ed17c4dddfa!3m1!1s2@1:CIHM0ogKEICAgICmkP657wE%7C%7C?hl=ru,2026-09-07T23:53:44.909410+00:00,4.3,345
Simach в Недальнем,"Тверской б-р, 15 строение 2, Москва, Россия, 123104",0x46b54bc319948b27:0xecf98ed17c4dddfa,ChdDSUhNMG9nS0VJQ0FnSURHNV96cG93RRAB,1.0,2021-12-11T20:46:01Z,2021-12-11T20:46:01Z,4 года назад,,False,Google,https://www.google.com/maps/reviews/data=!4m8!14m7!1m6!2m5!1sChdDSUhNMG9nS0VJQ0FnSURHNV96cG93RRAB!2m1!1s0x0:0xecf98ed17c4dddfa!3m1!1s2@1:CIHM0ogKEICAgIDG5_zpowE%7C%7C?hl=ru,2026-09-07T23:53:44.909438+00:00,4.3,345
Simach в Недальнем,"Тверской б-р, 15 строение 2, Москва, Россия, 123104",0x46b54bc319948b27:0xecf98ed17c4dddfa,ChZDSUhNMG9nS0VJQ0FnSURHcGJfRWFnEAE,4.0,2021-12-04T12:16:05Z,2021-12-04T12:16:05Z,4 года назад,,False,Google,https://www.google.com/maps/reviews/data=!4m8!14m7!1m6!2m5!1sChZDSUhNMG9nS0VJQ0FnSURHcGJfRWFnEAE!2m1!1s0x0:0xecf98ed17c4dddfa!3m1!1s2@1:CIHM0ogKEICAgIDGpb_Eag%7C%7C?hl=ru,2026-09-07T23:53:44.909466+00:00,4.3,345
Simach в Недальнем,"Тверской б-р, 15 строение 2, Москва, Россия, 123104",0x46b54bc319948b27:0xecf98ed17c4dddfa,ChZDSUhNMG9nS0VJQ0FnSURHeGRtZE1BEAE,5.0,2021-12-04T03:11:29Z,2021-12-04T03:11:29Z,4 года назад,,False,Google,https://www.google.com/maps/reviews/data=!4m8!14m7!1m6!2m5!1sChZDSUhNMG9nS0VJQ0FnSURHeGRtZE1BEAE!2m1!1s0x0:0xecf98ed17c4dddfa!3m1!1s2@1:CIHM0ogKEICAgIDGxdmdMA%7C%7C?hl=ru,2026-09-07T23:53:45.647897+00:00,4.3,345
Simach в Недальнем,"Тверской б-р, 15 строение 2, Москва, Россия, 123104",0x46b54bc319948b27:0xecf98ed17c4dddfa,ChdDSUhNMG9nS0VJQ0FnSURHMXZpN3hBRRAB,5.0,2021-11-27T06:20:02Z,2021-11-27T06:20:02Z,4 года назад,Очень вкусно и красиво,True,Google,https://www.google.com/maps/reviews/data=!4m8!14m7!1m6!2m5!1sChdDSUhNMG9nS0VJQ0FnSURHMXZpN3hBRRAB!2m1!1s0x0:0xecf98ed17c4dddfa!3m1!1s2@1:CIHM0ogKEICAgIDG1vi7xAE%7C%7C?hl=ru,2026-09-07T23:53:45.648127+00:00,4.3,345
Simach в Недальнем,"Тверской б-р, 15 строение 2, Москва, Россия, 123104",0x46b54bc319948b27:0xecf98ed17c4dddfa,ChRDSUhNMG9nS0VJQ0FnSURHOU9KWhAB,5.0,2021-11-19T21:37:51Z,2021-11-19T21:37:51Z,4 года назад,Легенда одним словом!,True,Google,https://www.google.com/maps/reviews/data=!4m8!14m7!1m6!2m5!1sChRDSUhNMG9nS0VJQ0FnSURHOU9KWhAB!2m1!1s0x0:0xecf98ed17c4dddfa!3m1!1s2@1:CIHM0ogKEICAgIDG9OJZ%7C%7C?hl=ru,2026-09-07T23:53:45.648201+00:00,4.3,345
Simach в Недальнем,"Тверской б-р, 15 строение 2, Москва, Россия, 123104",0x46b54bc319948b27:0xecf98ed17c4dddfa,ChdDSUhNMG9nS0VJQ0FnSUNHal9LNXJBRRAB,5.0,2021-11-12T20:57:52Z,2021-11-12T20:58:11Z,4 года назад,"Атмосферное, движное место",True,Google,https://www.google.com/maps/reviews/data=!4m8!14m7!1m6!2m5!1sChdDSUhNMG9nS0VJQ0FnSUNHal9LNXJBRRAB!2m1!1s0x0:0xecf98ed17c4dddfa!3m1!1s2@1:CIHM0ogKEICAgICGj_K5rAE%7C%7C?hl=ru,2026-09-07T23:53:45.648245+00:00,4.3,345
Simach в Недальнем,"Тверской б-р, 15 строение 2, Москва, Россия, 123104",0x46b54bc319948b27:0xecf98ed17c4dddfa,ChdDSUhNMG9nS0VJQ0FnSUNHbC1qWmtRRRAB,5.0,2021-11-11T21:41:46Z,2021-11-11T21:41:46Z,4 года назад,👍,True,Google,https://www.google.com/maps/reviews/data=!4m8!14m7!1m6!2m5!1sChdDSUhNMG9nS0VJQ0FnSUNHbC1qWmtRRRAB!2m1!1s0x0:0xecf98ed17c4dddfa!3m1!1s2@1:CIHM0ogKEICAgICGl-jZkQE%7C%7C?hl=ru,2026-09-07T23:53:45.648282+00:00,4.3,345
Simach в Недальнем,"Тверской б-р, 15 строение 2, Москва, Россия, 123104",0x46b54bc319948b27:0xecf98ed17c4dddfa,ChdDSUhNMG9nS0VJQ0FnSUNHMjl1WGdBRRAB,5.0,2021-11-10T12:35:54Z,2021-11-10T12:35:54Z,4 года назад,,False,Google,https://www.google.com/maps/reviews/data=!4m8!14m7!1m6!2m5!1sChdDSUhNMG9nS0VJQ0FnSUNHMjl1WGdBRRAB!2m1!1s0x0:0xecf98ed17c4dddfa!3m1!1s2@1:CIHM0ogKEICAgICG29uXgAE%7C%7C?hl=ru,2026-09-07T23:53:45.648318+00:00,4.3,345
Simach в Недальнем,"Тверской б-р, 15 строение 2, Москва, Россия, 123104",0x46b54bc319948b27:0xecf98ed17c4dddfa,ChdDSUhNMG9nS0VJQ0FnSUNHdnFibV9RRRAB,4.0,2021-10-30T17:59:38Z,2021-10-30T17:59:38Z,4 года назад,,False,Google,https://www.google.com/maps/reviews/data=!4m8!14m7!1m6!2m5!1sChdDSUhNMG9nS0VJQ0FnSUNHdnFibV9RRRAB!2m1!1s0x0:0xecf98ed17c4dddfa!3m1!1s2@1:CIHM0ogKEICAgICGvqbm_QE%7C%7C?hl=ru,2026-09-07T23:53:45.648349+00:00,4.3,345
Simach в Недальнем,"Тверской б-р, 15 строение 2, Москва, Россия, 123104",0x46b54bc319948b27:0xecf98ed17c4dddfa,ChdDSUhNMG9nS0VJQ0FnSUNHanZUUXZ3RRAB,5.0,2021-10-29T08:22:08Z,2021-10-29T08:22:09Z,4 года назад,"Симпатично, приличная публика, вкусно...",True,Google,https://www.google.com/maps/reviews/data=!4m8!14m7!1m6!2m5!1sChdDSUhNMG9nS0VJQ0FnSUNHanZUUXZ3RRAB!2m1!1s0x0:0xecf98ed17c4dddfa!3m1!1s2@1:CIHM0ogKEICAgICGjvTQvwE%7C%7C?hl=ru,2026-09-07T23:53:45.648378+00:00,4.3,345
Simach в Недальнем,"Тверской б-р, 15 строение 2, Москва, Россия, 123104",0x46b54bc319948b27:0xecf98ed17c4dddfa,ChdDSUhNMG9nS0VJQ0FnSUNHcHRMZnVBRRAB,5.0,2021-10-27T21:05:06Z,2021-10-27T21:05:06Z,4 года назад,,False,Google,https://www.google.com/maps/reviews/data=!4m8!14m7!1m6!2m5!1sChdDSUhNMG9nS0VJQ0FnSUNHcHRMZnVBRRAB!2m1!1s0x0:0xecf98ed17c4dddfa!3m1!1s2@1:CIHM0ogKEICAgICGptLfuAE%7C%7C?hl=ru,2026-09-07T23:53:45.648408+00:00,4.3,345
Simach в Недальнем,"Тверской б-р, 15 строение 2, Москва, Россия, 123104",0x46b54bc319948b27:0xecf98ed17c4dddfa,ChdDSUhNMG9nS0VJQ0FnSUNHb3R5eDVRRRAB,1.0,2021-10-24T09:38:04Z,2021-10-24T09:38:04Z,4 года назад,,False,Google,https://www.google.com/maps/reviews/data=!4m8!14m7!1m6!2m5!1sChdDSUhNMG9nS0VJQ0FnSUNHb3R5eDVRRRAB!2m1!1s0x0:0xecf98ed17c4dddfa!3m1!1s2@1:CIHM0ogKEICAgICGotyx5QE%7C%7C?hl=ru,2026-09-07T23:53:45.648437+00:00,4.3,345
Simach в Недальнем,"Тверской б-р, 15 строение 2, Москва, Россия, 123104",0x46b54bc319948b27:0xecf98ed17c4dddfa,ChZDSUhNMG9nS0VJQ0FnSUNHX08yWGRnEAE,1.0,2021-10-23T17:23:39Z,2021-10-23T17:23:39Z,4 года назад,"Отвратительное место. И вот почему:
•Фейс-контроль не работает от слова совсем. Пускают всех подряд, безвкусно одетых и эскортниц. Это место давно перестало быть оплотом золотой молодежи, теперь завсегдатаями являются позорные дамы из Южного Бутово.
•Охрана не следит за гостями. В ночь с 22 на 23 октября компания подростков раскуривала траву прямо на балконе на втором этаже, охранник зашёл, понюхал и ушёл.
•СЛИШКОМ много людей, опять же, смотрите п.1. Вы не то что не сядете, вы не сможете даже передвигаться по перемещению с 12.30 до 2.30, яблоку негде упасть. К бару не подойти, свою одежду из гардероба вы будете ждать минимум 20 минут. Непонятно, почему допускают такое переполнение помещения.
•Убирать физически не успевают, а хамоватые гости оставляют бокалы повсюду, в том числе в коридорах на полу. Вчера мои туфли пострадали от осколков, и дело тут опять же не в быстроте работы уборщиц, а в невозможности уследить за такой толпой.
•Еда стала заметно хуже, чем в старом Симаче. Как и контингент. Коктейли неплохи.
Вывод: новый Симач не идёт ни в какое сравнение со старым, омерзительная публика. Да, кстати, охрана не проверяет паспорта, будьте готовы встретиться с толпой малолеток, впервые приехавших в Москву и нюхающих в туалете на 2ом.",True,Google,https://www.google.com/maps/reviews/data=!4m8!14m7!1m6!2m5!1sChZDSUhNMG9nS0VJQ0FnSUNHX08yWGRnEAE!2m1!1s0x0:0xecf98ed17c4dddfa!3m1!1s2@1:CIHM0ogKEICAgICG_O2Xdg%7C%7C?hl=ru,2026-09-07T23:53:45.648466+00:00,4.3,345
Simach в Недальнем,"Тверской б-р, 15 строение 2, Москва, Россия, 123104",0x46b54bc319948b27:0xecf98ed17c4dddfa,ChZDSUhNMG9nS0VJQ0FnSUNHMEtPR2JREAE,4.0,2021-10-17T22:35:04Z,2021-10-17T22:35:04Z,4 года назад,,False,Google,https://www.google.com/maps/reviews/data=!4m8!14m7!1m6!2m5!1sChZDSUhNMG9nS0VJQ0FnSUNHMEtPR2JREAE!2m1!1s0x0:0xecf98ed17c4dddfa!3m1!1s2@1:CIHM0ogKEICAgICG0KOGbQ%7C%7C?hl=ru,2026-09-07T23:53:45.648524+00:00,4.3,345
Simach в Недальнем,"Тверской б-р, 15 строение 2, Москва, Россия, 123104",0x46b54bc319948b27:0xecf98ed17c4dddfa,ChdDSUhNMG9nS0VJQ0FnSUQ2ajhQM3hBRRAB,5.0,2021-10-14T19:50:53Z,2021-10-14T19:50:53Z,4 года назад,"Как ресторан -отлично, но только не как клуб, туда лучше не соваться",True,Google,https://www.google.com/maps/reviews/data=!4m8!14m7!1m6!2m5!1sChdDSUhNMG9nS0VJQ0FnSUQ2ajhQM3hBRRAB!2m1!1s0x0:0xecf98ed17c4dddfa!3m1!1s2@1:CIHM0ogKEICAgID6j8P3xAE%7C%7C?hl=ru,2026-09-07T23:53:45.648556+00:00,4.3,345
Simach в Недальнем,"Тверской б-р, 15 строение 2, Москва, Россия, 123104",0x46b54bc319948b27:0xecf98ed17c4dddfa,ChdDSUhNMG9nS0VJQ0FnSUQ2bV9DWHl3RRAB,5.0,2021-10-12T03:34:32Z,2021-10-12T03:34:32Z,4 года назад,,False,Google,https://www.google.com/maps/reviews/data=!4m8!14m7!1m6!2m5!1sChdDSUhNMG9nS0VJQ0FnSUQ2bV9DWHl3RRAB!2m1!1s0x0:0xecf98ed17c4dddfa!3m1!1s2@1:CIHM0ogKEICAgID6m_CXywE%7C%7C?hl=ru,2026-09-07T23:53:45.648604+00:00,4.3,345
Simach в Недальнем,"Тверской б-р, 15 строение 2, Москва, Россия, 123104",0x46b54bc319948b27:0xecf98ed17c4dddfa,ChdDSUhNMG9nS0VJQ0FnSUQ2czZpeWdBRRAB,1.0,2021-10-10T16:49:32Z,2021-10-10T16:49:32Z,4 года назад,"Очень грубый персонал, дезинформирует своих клиентов, обращение с гостями оставляет желать лучшего
На территории всего ресторана присутствует крайне неприятный запах освежителя для туалета
Отсутствует уборка второго этажа",True,Google,https://www.google.com/maps/reviews/data=!4m8!14m7!1m6!2m5!1sChdDSUhNMG9nS0VJQ0FnSUQ2czZpeWdBRRAB!2m1!1s0x0:0xecf98ed17c4dddfa!3m1!1s2@1:CIHM0ogKEICAgID6s6iygAE%7C%7C?hl=ru,2026-09-07T23:53:45.648647+00:00,4.3,345
Simach в Недальнем,"Тверской б-р, 15 строение 2, Москва, Россия, 123104",0x46b54bc319948b27:0xecf98ed17c4dddfa,ChdDSUhNMG9nS0VJQ0FnSUQ2NmNXT2lRRRAB,4.0,2021-10-04T08:51:49Z,2021-10-04T08:51:49Z,4 года назад,,False,Google,https://www.google.com/maps/reviews/data=!4m8!14m7!1m6!2m5!1sChdDSUhNMG9nS0VJQ0FnSUQ2NmNXT2lRRRAB!2m1!1s0x0:0xecf98ed17c4dddfa!3m1!1s2@1:CIHM0ogKEICAgID66cWOiQE%7C%7C?hl=ru,2026-09-07T23:53:45.648696+00:00,4.3,345
Simach в Недальнем,"Тверской б-р, 15 строение 2, Москва, Россия, 123104",0x46b54bc319948b27:0xecf98ed17c4dddfa,ChZDSUhNMG9nS0VJQ0FnSUQ2X3NhN1hBEAE,5.0,2021-10-01T06:02:28Z,2021-10-01T06:02:28Z,4 года назад,❤️,True,Google,https://www.google.com/maps/reviews/data=!4m8!14m7!1m6!2m5!1sChZDSUhNMG9nS0VJQ0FnSUQ2X3NhN1hBEAE!2m1!1s0x0:0xecf98ed17c4dddfa!3m1!1s2@1:CIHM0ogKEICAgID6_sa7XA%7C%7C?hl=ru,2026-09-07T23:53:45.648734+00:00,4.3,345
Simach в Недальнем,"Тверской б-р, 15 строение 2, Москва, Россия, 123104",0x46b54bc319948b27:0xecf98ed17c4dddfa,ChZDSUhNMG9nS0VJQ0FnSUQ2X29ieENREAE,4.0,2021-10-01T05:58:46Z,2021-10-01T05:58:46Z,4 года назад,,False,Google,https://www.google.com/maps/reviews/data=!4m8!14m7!1m6!2m5!1sChZDSUhNMG9nS0VJQ0FnSUQ2X29ieENREAE!2m1!1s0x0:0xecf98ed17c4dddfa!3m1!1s2@1:CIHM0ogKEICAgID6_obxCQ%7C%7C?hl=ru,2026-09-07T23:53:45.648763+00:00,4.3,345
Simach в Недальнем,"Тверской б-р, 15 строение 2, Москва, Россия, 123104",0x46b54bc319948b27:0xecf98ed17c4dddfa,ChZDSUhNMG9nS0VJQ0FnSUQ2MHJ6VktBEAE,3.0,2021-09-25T06:04:09Z,2021-09-25T08:02:11Z,4 года назад,,False,Google,https://www.google.com/maps/reviews/data=!4m8!14m7!1m6!2m5!1sChZDSUhNMG9nS0VJQ0FnSUQ2MHJ6VktBEAE!2m1!1s0x0:0xecf98ed17c4dddfa!3m1!1s2@1:CIHM0ogKEICAgID60rzVKA%7C%7C?hl=ru,2026-09-07T23:53:45.648930+00:00,4.3,345
Simach в Недальнем,"Тверской б-р, 15 строение 2, Москва, Россия, 123104",0x46b54bc319948b27:0xecf98ed17c4dddfa,ChZDSUhNMG9nS0VJQ0FnSUQ2a3Y3cGF3EAE,2.0,2021-09-25T00:29:36Z,2021-09-25T00:29:36Z,4 года назад,,False,Google,https://www.google.com/maps/reviews/data=!4m8!14m7!1m6!2m5!1sChZDSUhNMG9nS0VJQ0FnSUQ2a3Y3cGF3EAE!2m1!1s0x0:0xecf98ed17c4dddfa!3m1!1s2@1:CIHM0ogKEICAgID6kv7paw%7C%7C?hl=ru,2026-09-07T23:53:45.649220+00:00,4.3,345
Happy End Bar&Kitchen,"Спиридоньевский пер., 9/1, Москва, Россия, 123001",0x46b54b87eeee77c7:0x9d94b4cc3c6ecb41,Ci9DQUlRQUNvZENodHljRjlvT2s1TFpYWnljRXcyUjJGd09XaHZXSGRFVWxKaU9IYxAB,5.0,2026-08-13T11:28:21Z,2026-08-13T11:28:21Z,3 недели назад,"пришел сюда после долгой паузы
1.персонал стал на голову выше, приятный контакт и заинтересованность
2.музыка стала более разнообразной, есть и понятная попса и новые зарубежные хиты, что для меня плюс
3.отметил бы контингент, много симпатичных девушек и парней
4. еду я не попробовал, но что-то там было, а алкоголь и цена для патриков хорошая",True,Google,https://www.google.com/maps/reviews/data=!4m8!14m7!1m6!2m5!1sCi9DQUlRQUNvZENodHljRjlvT2s1TFpYWnljRXcyUjJGd09XaHZXSGRFVWxKaU9IYxAB!2m1!1s0x0:0x9d94b4cc3c6ecb41!3m1!1s2@1:CAIQACodChtycF9oOk5LZXZycEw2R2FwOWhvWHdEUlJiOHc%7C%7C?hl=ru,2026-09-07T23:53:45.985083+00:00,4,187
Happy End Bar&Kitchen,"Спиридоньевский пер., 9/1, Москва, Россия, 123001",0x46b54b87eeee77c7:0x9d94b4cc3c6ecb41,Ci9DQUlRQUNvZENodHljRjlvT2pGd01rRlBOWFJJTldvNFdqWkZNVWxaVVRWcWNsRRAB,1.0,2026-03-28T16:43:59Z,2026-03-28T16:43:59Z,5 месяцев назад,"Что за гнилое место. Пришли специально за бургерами в коллабе с Jnkl после 5 вечера сегодня. Стучались в дверь, звонили в звонок. В итоге изнутри открыли дверь и ушли не встретив не поздоровавшись. Опять же 20 минут заведение уже работало.
Мы спустились вниз, спросили про еду, при этом никто не поздоровался все еще, на что нам просто ответили «сегодня кухня не работает». И все. Все что нужно знать о клиентской ориентированности этого заведения.",True,Google,https://www.google.com/maps/reviews/data=!4m8!14m7!1m6!2m5!1sCi9DQUlRQUNvZENodHljRjlvT2pGd01rRlBOWFJJTldvNFdqWkZNVWxaVVRWcWNsRRAB!2m1!1s0x0:0x9d94b4cc3c6ecb41!3m1!1s2@1:CAIQACodChtycF9oOjFwMkFPNXRINWo4WjZFMUlZUTVqclE%7C%7C?hl=ru,2026-09-07T23:53:45.985269+00:00,4,187
Happy End Bar&Kitchen,"Спиридоньевский пер., 9/1, Москва, Россия, 123001",0x46b54b87eeee77c7:0x9d94b4cc3c6ecb41,Ci9DQUlRQUNvZENodHljRjlvT2pGUVVEazJWRlJrVFZwV2FVdEZVSGxPVGtwSVIxRRAB,1.0,2026-01-17T21:46:57Z,2026-01-17T21:46:57Z,7 месяцев назад,"Хотели ночью отдохнуть и нашли в картах это место)Нам с подругой сказали вход 10к с человека)Для такого места(не большой,мало места)10к много.Мы развернулись и уехали))Я еще не пью особо и на что мне тратить там 10к на пару часов я не знаю))",True,Google,https://www.google.com/maps/reviews/data=!4m8!14m7!1m6!2m5!1sCi9DQUlRQUNvZENodHljRjlvT2pGUVVEazJWRlJrVFZwV2FVdEZVSGxPVGtwSVIxRRAB!2m1!1s0x0:0x9d94b4cc3c6ecb41!3m1!1s2@1:CAIQACodChtycF9oOjFQUDk2VFRkTVpWaUtFUHlOTkpIR1E%7C%7C?hl=ru,2026-09-07T23:53:45.985335+00:00,4,187
Happy End Bar&Kitchen,"Спиридоньевский пер., 9/1, Москва, Россия, 123001",0x46b54b87eeee77c7:0x9d94b4cc3c6ecb41,Ci9DQUlRQUNvZENodHljRjlvT2tsYU1tVmlabEZ5UjFKU1RqSlNNMUJHVFVGTFRuYxAB,5.0,2025-08-06T09:56:01Z,2025-08-06T09:56:01Z,год назад,"Бар, в который с удовольствием возвращаюсь. С друзьями, на свидание - идеально. Хорошая подборка музыки, приятный движ. Коктейли супер, обязательно попробуйте Happy Apple Tini!✨",True,Google,https://www.google.com/maps/reviews/data=!4m8!14m7!1m6!2m5!1sCi9DQUlRQUNvZENodHljRjlvT2tsYU1tVmlabEZ5UjFKU1RqSlNNMUJHVFVGTFRuYxAB!2m1!1s0x0:0x9d94b4cc3c6ecb41!3m1!1s2@1:CAIQACodChtycF9oOklaMmViZlFyR1JSTjJSM1BGTUFLTnc%7C%7C?hl=ru,2026-09-07T23:53:45.985382+00:00,4,187
Happy End Bar&Kitchen,"Спиридоньевский пер., 9/1, Москва, Россия, 123001",0x46b54b87eeee77c7:0x9d94b4cc3c6ecb41,Ci9DQUlRQUNvZENodHljRjlvT2taVGRtTnRUa3R3VURWa2JGSnJaMDUyVTBOWE5XYxAB,5.0,2025-08-04T08:51:54Z,2025-08-04T08:51:54Z,год назад,"Один из лучших баров с танцами в Москве. Легкая танцевальная музыка, красивая публика, все молодые, никаких скуфов 😁, хорошие коктейли, особенно люблю фирменный  Happy End с кокосом. Танцпол небольшой, но уютный и всегда есть место 🩷",True,Google,https://www.google.com/maps/reviews/data=!4m8!14m7!1m6!2m5!1sCi9DQUlRQUNvZENodHljRjlvT2taVGRtTnRUa3R3VURWa2JGSnJaMDUyVTBOWE5XYxAB!2m1!1s0x0:0x9d94b4cc3c6ecb41!3m1!1s2@1:CAIQACodChtycF9oOkZTdmNtTktwUDVkbFJrZ052U0NXNWc%7C%7C?hl=ru,2026-09-07T23:53:45.985422+00:00,4,187
Happy End Bar&Kitchen,"Спиридоньевский пер., 9/1, Москва, Россия, 123001",0x46b54b87eeee77c7:0x9d94b4cc3c6ecb41,Ci9DQUlRQUNvZENodHljRjlvT2w5V1dYbGpWVW8zUjFCRlEwSkZkM2RHY0VoQlYxRRAB,5.0,2025-08-02T09:09:00Z,2025-08-02T09:09:00Z,год назад,"Подруги тайком отвезли сюда на девичник. Подкатили к Happy End на тонированном BMW и эпохально зашли 😂 В этот день повезло с диджеем, играли классные песни. Успели и потанцевать, и выпить и даже научиться правильно пить текилу. За инструктаж отдельно благодарим бармена с короткими волосами, он был супер милым 🥹 И за подарочный милфкейк от команды тоже tnx!!",True,Google,https://www.google.com/maps/reviews/data=!4m8!14m7!1m6!2m5!1sCi9DQUlRQUNvZENodHljRjlvT2w5V1dYbGpWVW8zUjFCRlEwSkZkM2RHY0VoQlYxRRAB!2m1!1s0x0:0x9d94b4cc3c6ecb41!3m1!1s2@1:CAIQACodChtycF9oOl9WWXljVUo3R1BFQ0JFd3dGcEhBV1E%7C%7C?hl=ru,2026-09-07T23:53:45.985457+00:00,4,187
Happy End Bar&Kitchen,"Спиридоньевский пер., 9/1, Москва, Россия, 123001",0x46b54b87eeee77c7:0x9d94b4cc3c6ecb41,Ci9DQUlRQUNvZENodHljRjlvT21ocWIycHZjbm8yYzNvMlEyNWlaRjlUTjBWRE4yYxAB,5.0,2025-07-31T07:19:07Z,2025-07-31T07:19:07Z,год назад,"Вот не в одном баре я не ел такого вкусного бургера. Видно, что ребята заботятся не только о том чтобы было вкусно выпить, но и поесть. Советую тот что с голубым сыром и вишней. С чем-нибудь крепким залетает как к себе домой.",True,Google,https://www.google.com/maps/reviews/data=!4m8!14m7!1m6!2m5!1sCi9DQUlRQUNvZENodHljRjlvT21ocWIycHZjbm8yYzNvMlEyNWlaRjlUTjBWRE4yYxAB!2m1!1s0x0:0x9d94b4cc3c6ecb41!3m1!1s2@1:CAIQACodChtycF9oOmhqb2pvcno2c3o2Q25iZF9TN0VDN2c%7C%7C?hl=ru,2026-09-07T23:53:45.985494+00:00,4,187
Happy End Bar&Kitchen,"Спиридоньевский пер., 9/1, Москва, Россия, 123001",0x46b54b87eeee77c7:0x9d94b4cc3c6ecb41,Ci9DQUlRQUNvZENodHljRjlvT2psZlpXcHpVM3BtVm1ORWVYWm9kekpPTkZSUVUzYxAB,5.0,2025-07-29T08:46:05Z,2025-07-29T08:46:05Z,год назад,"Блин, какой был крутой гест с Машей Баранец 😻 Мы два дня подряд ходили!! Коктейль Бэйзил инстинкт понравился очень, свежий, легкий, с горчинкой. Мб введете на постоянку 🙏🏻",True,Google,https://www.google.com/maps/reviews/data=!4m8!14m7!1m6!2m5!1sCi9DQUlRQUNvZENodHljRjlvT2psZlpXcHpVM3BtVm1ORWVYWm9kekpPTkZSUVUzYxAB!2m1!1s0x0:0x9d94b4cc3c6ecb41!3m1!1s2@1:CAIQACodChtycF9oOjlfZWpzU3pmVmNEeXZodzJONFRQU3c%7C%7C?hl=ru,2026-09-07T23:53:45.985525+00:00,4,187
Happy End Bar&Kitchen,"Спиридоньевский пер., 9/1, Москва, Россия, 123001",0x46b54b87eeee77c7:0x9d94b4cc3c6ecb41,Ci9DQUlRQUNvZENodHljRjlvT2pObU5GSlRjMnR3UjNwQk9EQnllR1l4UjJKSGVtYxAB,5.0,2025-07-27T14:39:59Z,2025-07-27T14:39:59Z,год назад,"мне кажется, одно из лучших мест для ночной жизни в Москве. есть танцпол, желтая комната с камерной атмосферой, крутейшие коктейли, небольшое, но реально вкусное меню. фейс-контроль не очень строгий, но все же лучше выглядеть прилично))",True,Google,https://www.google.com/maps/reviews/data=!4m8!14m7!1m6!2m5!1sCi9DQUlRQUNvZENodHljRjlvT2pObU5GSlRjMnR3UjNwQk9EQnllR1l4UjJKSGVtYxAB!2m1!1s0x0:0x9d94b4cc3c6ecb41!3m1!1s2@1:CAIQACodChtycF9oOjNmNFJTc2twR3pBODByeGYxR2JHemc%7C%7C?hl=ru,2026-09-07T23:53:46.158217+00:00,4,187
Happy End Bar&Kitchen,"Спиридоньевский пер., 9/1, Москва, Россия, 123001",0x46b54b87eeee77c7:0x9d94b4cc3c6ecb41,Ci9DQUlRQUNvZENodHljRjlvT21sWmMzaEZNakEwUTBwc1QwaG9lbk5CV1RoamVGRRAB,5.0,2025-07-24T08:02:17Z,2025-07-24T08:02:17Z,год назад,"С удовольствием возвращаюсь в родной Happy End. Незаезженные плейлисты, вкусные коктейли, самая крутая картошка фри, всегда приятная публика.",True,Google,https://www.google.com/maps/reviews/data=!4m8!14m7!1m6!2m5!1sCi9DQUlRQUNvZENodHljRjlvT21sWmMzaEZNakEwUTBwc1QwaG9lbk5CV1RoamVGRRAB!2m1!1s0x0:0x9d94b4cc3c6ecb41!3m1!1s2@1:CAIQACodChtycF9oOmlZc3hFMjA0Q0psT0hoenNBWThjeFE%7C%7C?hl=ru,2026-09-07T23:53:46.158388+00:00,4,187
Happy End Bar&Kitchen,"Спиридоньевский пер., 9/1, Москва, Россия, 123001",0x46b54b87eeee77c7:0x9d94b4cc3c6ecb41,Ci9DQUlRQUNvZENodHljRjlvT25kaU9EbENObUpGVVZwamRDMUpkRzgxTW5vdFluYxAB,5.0,2025-07-21T10:28:53Z,2025-07-21T10:28:53Z,год назад,"Даже не планировали сюда заходить, но гуляли по Патрикам и розовая вывеска заманила нас сама) Всем рекомендую попробовать здесь Порн Стар Мартини, делают прям очень хорошо 🤌🏻",True,Google,https://www.google.com/maps/reviews/data=!4m8!14m7!1m6!2m5!1sCi9DQUlRQUNvZENodHljRjlvT25kaU9EbENObUpGVVZwamRDMUpkRzgxTW5vdFluYxAB!2m1!1s0x0:0x9d94b4cc3c6ecb41!3m1!1s2@1:CAIQACodChtycF9oOndiODlCNmJFUVpjdC1JdG81MnotYnc%7C%7C?hl=ru,2026-09-07T23:53:46.158437+00:00,4,187
Happy End Bar&Kitchen,"Спиридоньевский пер., 9/1, Москва, Россия, 123001",0x46b54b87eeee77c7:0x9d94b4cc3c6ecb41,Ci9DQUlRQUNvZENodHljRjlvT25OVVV6QXlTMTlPT0ZVM1ZVeHpXVUpJY0doelkxRRAB,5.0,2025-07-18T10:40:24Z,2025-07-18T10:40:24Z,год назад,"Были с другом, все супер. Фейсеры адекватные. Пьяных не пускают, а всем нормальным велком. Ценник на алкоголь немного высокий , но это компенсируется крутыми диджеями, которых не везде встретишь. Публика разная, есть с кем познакомиться)",True,Google,https://www.google.com/maps/reviews/data=!4m8!14m7!1m6!2m5!1sCi9DQUlRQUNvZENodHljRjlvT25OVVV6QXlTMTlPT0ZVM1ZVeHpXVUpJY0doelkxRRAB!2m1!1s0x0:0x9d94b4cc3c6ecb41!3m1!1s2@1:CAIQACodChtycF9oOnNUUzAyS19OOFU3VUxzWUJIcGhzY1E%7C%7C?hl=ru,2026-09-07T23:53:46.158480+00:00,4,187
Happy End Bar&Kitchen,"Спиридоньевский пер., 9/1, Москва, Россия, 123001",0x46b54b87eeee77c7:0x9d94b4cc3c6ecb41,Ci9DQUlRQUNvZENodHljRjlvT2w5SVgyUllhMGMwY0ZkcFpVZHRPVjl5VTNsNlJWRRAB,5.0,2025-07-16T17:19:06Z,2025-07-16T17:19:06Z,год назад,"Думали, что зайдем ненадолго, а в итоге остались  на всю ночь 🤭 Такая тут приятная атмосфера, все танцуют, веселятся и живут эту жизнь на все сто. Идеальное место для тех кто умеет и любить тусоваться",True,Google,https://www.google.com/maps/reviews/data=!4m8!14m7!1m6!2m5!1sCi9DQUlRQUNvZENodHljRjlvT2w5SVgyUllhMGMwY0ZkcFpVZHRPVjl5VTNsNlJWRRAB!2m1!1s0x0:0x9d94b4cc3c6ecb41!3m1!1s2@1:CAIQACodChtycF9oOl9IX2RYa0c0cFdpZUdtOV9yU3l6RVE%7C%7C?hl=ru,2026-09-07T23:53:46.158534+00:00,4,187
Happy End Bar&Kitchen,"Спиридоньевский пер., 9/1, Москва, Россия, 123001",0x46b54b87eeee77c7:0x9d94b4cc3c6ecb41,ChZDSUhNMG9nS0VJQ0FnSUNINU9XYWJBEAE,1.0,2024-09-01T12:43:39Z,2024-09-01T12:43:39Z,2 года назад,"Сервис оставляет желать лучшего:) Были несколько раз, и каждый раз бармены стоят с недовольными лицами и буквально  бросают сдачу на стол…",True,Google,https://www.google.com/maps/reviews/data=!4m8!14m7!1m6!2m5!1sChZDSUhNMG9nS0VJQ0FnSUNINU9XYWJBEAE!2m1!1s0x0:0x9d94b4cc3c6ecb41!3m1!1s2@1:CIHM0ogKEICAgICH5OWabA%7C%7C?hl=ru,2026-09-07T23:53:46.158578+00:00,4,187
Happy End Bar&Kitchen,"Спиридоньевский пер., 9/1, Москва, Россия, 123001",0x46b54b87eeee77c7:0x9d94b4cc3c6ecb41,ChZDSUhNMG9nS0VJQ0FnSUM3eGFIUVRnEAE,1.0,2024-08-17T09:52:31Z,2024-08-17T09:52:31Z,2 года назад,"Народу,тьма, все толкаются, на баре
принимают только нал, видимо потому что уходят от
налогов, но цены при этом высокие и ещё
сверху непонятный сервисный сбор к
каждой позиции. Вы ничего не
перепутули?! Не в России живёте?",True,Google,https://www.google.com/maps/reviews/data=!4m8!14m7!1m6!2m5!1sChZDSUhNMG9nS0VJQ0FnSUM3eGFIUVRnEAE!2m1!1s0x0:0x9d94b4cc3c6ecb41!3m1!1s2@1:CIHM0ogKEICAgIC7xaHQTg%7C%7C?hl=ru,2026-09-07T23:53:46.158615+00:00,4,187
Happy End Bar&Kitchen,"Спиридоньевский пер., 9/1, Москва, Россия, 123001",0x46b54b87eeee77c7:0x9d94b4cc3c6ecb41,ChdDSUhNMG9nS0VJQ0FnSUNydHREenpRRRAB,2.0,2024-07-06T22:36:43Z,2024-07-06T22:36:43Z,2 года назад,Переоцененное место. музыка после 23:00 как в обычном сетевом клубе,True,Google,https://www.google.com/maps/reviews/data=!4m8!14m7!1m6!2m5!1sChdDSUhNMG9nS0VJQ0FnSUNydHREenpRRRAB!2m1!1s0x0:0x9d94b4cc3c6ecb41!3m1!1s2@1:CIHM0ogKEICAgICrttDzzQE%7C%7C?hl=ru,2026-09-07T23:53:46.158655+00:00,4,187
Happy End Bar&Kitchen,"Спиридоньевский пер., 9/1, Москва, Россия, 123001",0x46b54b87eeee77c7:0x9d94b4cc3c6ecb41,ChdDSUhNMG9nS0VJQ0FnSUR0ckk2ZWp3RRAB,1.0,2024-02-03T00:44:40Z,2024-02-03T00:44:40Z,2 года назад,К сожалению место не очень. Не советую.,True,Google,https://www.google.com/maps/reviews/data=!4m8!14m7!1m6!2m5!1sChdDSUhNMG9nS0VJQ0FnSUR0ckk2ZWp3RRAB!2m1!1s0x0:0x9d94b4cc3c6ecb41!3m1!1s2@1:CIHM0ogKEICAgIDtrI6ejwE%7C%7C?hl=ru,2026-09-07T23:53:46.158685+00:00,4,187
Happy End Bar&Kitchen,"Спиридоньевский пер., 9/1, Москва, Россия, 123001",0x46b54b87eeee77c7:0x9d94b4cc3c6ecb41,ChZDSUhNMG9nS0VJQ0FnSUR0c1BPS0ZBEAE,5.0,2024-02-02T04:13:43Z,2024-02-02T04:13:43Z,2 года назад,"странное заведение. надо быть слишком пьяным или укуренным, чтобы там как то было интересно. захотел попить воды, меня долго отсылали от одного к другому бармену. так и не дали. я взял и ушел. скучно стало. а напиваться я не захотел.",True,Google,https://www.google.com/maps/reviews/data=!4m8!14m7!1m6!2m5!1sChZDSUhNMG9nS0VJQ0FnSUR0c1BPS0ZBEAE!2m1!1s0x0:0x9d94b4cc3c6ecb41!3m1!1s2@1:CIHM0ogKEICAgIDtsPOKFA%7C%7C?hl=ru,2026-09-07T23:53:46.158714+00:00,4,187
Happy End Bar&Kitchen,"Спиридоньевский пер., 9/1, Москва, Россия, 123001",0x46b54b87eeee77c7:0x9d94b4cc3c6ecb41,ChdDSUhNMG9nS0VJQ0FnSUNaNi1DYjBnRRAB,5.0,2023-09-18T12:43:13Z,2023-09-18T12:44:12Z,2 года назад,Отличный  место,True,Google,https://www.google.com/maps/reviews/data=!4m8!14m7!1m6!2m5!1sChdDSUhNMG9nS0VJQ0FnSUNaNi1DYjBnRRAB!2m1!1s0x0:0x9d94b4cc3c6ecb41!3m1!1s2@1:CIHM0ogKEICAgICZ6-Cb0gE%7C%7C?hl=ru,2026-09-07T23:53:46.158749+00:00,4,187
Happy End Bar&Kitchen,"Спиридоньевский пер., 9/1, Москва, Россия, 123001",0x46b54b87eeee77c7:0x9d94b4cc3c6ecb41,ChZDSUhNMG9nS0VJQ0FnSUNwdDlPY0FnEAE,1.0,2023-08-12T11:52:35Z,2023-08-12T11:52:35Z,3 года назад,"Бар утверждает, что дресс-кода нет, при этом нам отказали на фейс-контроле (были в топах и джинсах). При нас пропускали только полуодетых девушек на каблуках и мужчин, которые, очевидно, будут делать кассу :) Не тратьте время🤷🏼‍♀️",True,Google,https://www.google.com/maps/reviews/data=!4m8!14m7!1m6!2m5!1sChZDSUhNMG9nS0VJQ0FnSUNwdDlPY0FnEAE!2m1!1s0x0:0x9d94b4cc3c6ecb41!3m1!1s2@1:CIHM0ogKEICAgICpt9OcAg%7C%7C?hl=ru,2026-09-07T23:53:46.158777+00:00,4,187
Happy End Bar&Kitchen,"Спиридоньевский пер., 9/1, Москва, Россия, 123001",0x46b54b87eeee77c7:0x9d94b4cc3c6ecb41,ChZDSUhNMG9nS0VJQ0FnSUR4OUtDREpBEAE,2.0,2023-06-02T20:22:18Z,2023-06-02T20:22:18Z,3 года назад,Народу тьма. Музыка так себе. Много подростков и мужичков лет 45ти ищущих телочку. Помещение не интересное. Тупо большая квадратная комната. Напитки хорошие это да :),True,Google,https://www.google.com/maps/reviews/data=!4m8!14m7!1m6!2m5!1sChZDSUhNMG9nS0VJQ0FnSUR4OUtDREpBEAE!2m1!1s0x0:0x9d94b4cc3c6ecb41!3m1!1s2@1:CIHM0ogKEICAgIDx9KCDJA%7C%7C?hl=ru,2026-09-07T23:53:46.158811+00:00,4,187
Happy End Bar&Kitchen,"Спиридоньевский пер., 9/1, Москва, Россия, 123001",0x46b54b87eeee77c7:0x9d94b4cc3c6ecb41,ChZDSUhNMG9nS0VJQ0FnSURtenNtaklnEAE,4.0,2022-01-28T16:46:34Z,2022-01-28T16:46:34Z,4 года назад,"Были на завтраке в коллаборации с instafoodpassion. Еда вкусная, но хотелось бы подачу блюд одновременно, если мы за столиком вдвоём заказали одновременно) так как второе блюдо мы ещё минут 7-10 ждали) и одно из наших блюд уже успело остыть. А так все супер! Вкусно и сочетания все классные. В самом помещении темновато.",True,Google,https://www.google.com/maps/reviews/data=!4m8!14m7!1m6!2m5!1sChZDSUhNMG9nS0VJQ0FnSURtenNtaklnEAE!2m1!1s0x0:0x9d94b4cc3c6ecb41!3m1!1s2@1:CIHM0ogKEICAgIDmzsmjIg%7C%7C?hl=ru,2026-09-07T23:53:46.158843+00:00,4,187
Happy End Bar&Kitchen,"Спиридоньевский пер., 9/1, Москва, Россия, 123001",0x46b54b87eeee77c7:0x9d94b4cc3c6ecb41,ChdDSUhNMG9nS0VJQ0FnSURtLXNiMndBRRAB,5.0,2022-01-26T07:11:40Z,2022-01-26T07:11:40Z,4 года назад,,False,Google,https://www.google.com/maps/reviews/data=!4m8!14m7!1m6!2m5!1sChdDSUhNMG9nS0VJQ0FnSURtLXNiMndBRRAB!2m1!1s0x0:0x9d94b4cc3c6ecb41!3m1!1s2@1:CIHM0ogKEICAgIDm-sb2wAE%7C%7C?hl=ru,2026-09-07T23:53:46.158882+00:00,4,187
Happy End Bar&Kitchen,"Спиридоньевский пер., 9/1, Москва, Россия, 123001",0x46b54b87eeee77c7:0x9d94b4cc3c6ecb41,ChZDSUhNMG9nS0VJQ0FnSUNteHVDeFVREAE,4.0,2021-12-26T21:23:25Z,2021-12-26T21:23:25Z,4 года назад,Слишком мало места!,True,Google,https://www.google.com/maps/reviews/data=!4m8!14m7!1m6!2m5!1sChZDSUhNMG9nS0VJQ0FnSUNteHVDeFVREAE!2m1!1s0x0:0x9d94b4cc3c6ecb41!3m1!1s2@1:CIHM0ogKEICAgICmxuCxUQ%7C%7C?hl=ru,2026-09-07T23:53:46.158921+00:00,4,187
Happy End Bar&Kitchen,"Спиридоньевский пер., 9/1, Москва, Россия, 123001",0x46b54b87eeee77c7:0x9d94b4cc3c6ecb41,ChZDSUhNMG9nS0VJQ0FnSURHbGVmOVZBEAE,1.0,2021-12-04T22:26:49Z,2021-12-04T22:26:49Z,4 года назад,,False,Google,https://www.google.com/maps/reviews/data=!4m8!14m7!1m6!2m5!1sChZDSUhNMG9nS0VJQ0FnSURHbGVmOVZBEAE!2m1!1s0x0:0x9d94b4cc3c6ecb41!3m1!1s2@1:CIHM0ogKEICAgIDGlef9VA%7C%7C?hl=ru,2026-09-07T23:53:46.158950+00:00,4,187
Happy End Bar&Kitchen,"Спиридоньевский пер., 9/1, Москва, Россия, 123001",0x46b54b87eeee77c7:0x9d94b4cc3c6ecb41,ChZDSUhNMG9nS0VJQ0FnSURHZ3Z6cmRREAE,5.0,2021-11-22T04:38:21Z,2021-11-22T04:38:21Z,4 года назад,,False,Google,https://www.google.com/maps/reviews/data=!4m8!14m7!1m6!2m5!1sChZDSUhNMG9nS0VJQ0FnSURHZ3Z6cmRREAE!2m1!1s0x0:0x9d94b4cc3c6ecb41!3m1!1s2@1:CIHM0ogKEICAgIDGgvzrdQ%7C%7C?hl=ru,2026-09-07T23:53:46.158977+00:00,4,187
Happy End Bar&Kitchen,"Спиридоньевский пер., 9/1, Москва, Россия, 123001",0x46b54b87eeee77c7:0x9d94b4cc3c6ecb41,ChdDSUhNMG9nS0VJQ0FnSURZX3Bmb3l3RRAB,5.0,2019-05-14T13:07:58Z,2021-11-22T04:18:14Z,Изменено 4 года назад,"Прекрасное заведение, чтобы расслабиться. Музыкальное сопровождение хорошее. Сильно много юных персон",True,Google,https://www.google.com/maps/reviews/data=!4m8!14m7!1m6!2m5!1sChdDSUhNMG9nS0VJQ0FnSURZX3Bmb3l3RRAB!2m1!1s0x0:0x9d94b4cc3c6ecb41!3m1!1s2@1:CIHM0ogKEICAgIDY_pfoywE%7C%7C?hl=ru,2026-09-07T23:53:46.159003+00:00,4,187
Happy End Bar&Kitchen,"Спиридоньевский пер., 9/1, Москва, Россия, 123001",0x46b54b87eeee77c7:0x9d94b4cc3c6ecb41,ChZDSUhNMG9nS0VJQ0FnSUNHaXJLM0VBEAE,5.0,2021-10-25T17:29:31Z,2021-10-25T17:29:31Z,4 года назад,Очень классная компани,True,Google,https://www.google.com/maps/reviews/data=!4m8!14m7!1m6!2m5!1sChZDSUhNMG9nS0VJQ0FnSUNHaXJLM0VBEAE!2m1!1s0x0:0x9d94b4cc3c6ecb41!3m1!1s2@1:CIHM0ogKEICAgICGirK3EA%7C%7C?hl=ru,2026-09-07T23:53:46.159033+00:00,4,187
Happy End Bar&Kitchen,"Спиридоньевский пер., 9/1, Москва, Россия, 123001",0x46b54b87eeee77c7:0x9d94b4cc3c6ecb41,ChZDSUhNMG9nS0VJQ0FnSUNHdElQWWJ3EAE,5.0,2021-10-21T18:42:39Z,2021-10-21T18:42:39Z,4 года назад,"Great cocktails, music and atmosphere.",True,Google,https://www.google.com/maps/reviews/data=!4m8!14m7!1m6!2m5!1sChZDSUhNMG9nS0VJQ0FnSUNHdElQWWJ3EAE!2m1!1s0x0:0x9d94b4cc3c6ecb41!3m1!1s2@1:CIHM0ogKEICAgICGtIPYbw%7C%7C?hl=ru,2026-09-07T23:53:47.065690+00:00,4,187
Happy End Bar&Kitchen,"Спиридоньевский пер., 9/1, Москва, Россия, 123001",0x46b54b87eeee77c7:0x9d94b4cc3c6ecb41,ChZDSUhNMG9nS0VJQ0FnSUNHd0tIWVpnEAE,1.0,2021-10-16T21:17:59Z,2021-10-16T21:17:59Z,4 года назад,"Не пустили по фэйс контролю
Мне что надо эскортницей стать, чтобы пустили отдохнуть?
Не советую никому!!!",True,Google,https://www.google.com/maps/reviews/data=!4m8!14m7!1m6!2m5!1sChZDSUhNMG9nS0VJQ0FnSUNHd0tIWVpnEAE!2m1!1s0x0:0x9d94b4cc3c6ecb41!3m1!1s2@1:CIHM0ogKEICAgICGwKHYZg%7C%7C?hl=ru,2026-09-07T23:53:47.065923+00:00,4,187
Happy End Bar&Kitchen,"Спиридоньевский пер., 9/1, Москва, Россия, 123001",0x46b54b87eeee77c7:0x9d94b4cc3c6ecb41,ChZDSUhNMG9nS0VJQ0FnSUQ2c2VTU0l3EAE,1.0,2021-10-02T20:30:25Z,2021-10-02T20:30:25Z,4 года назад,"Скажите пожалуйста, как воспринимать «отказ без объяснений» двум прилично выглядящим девушкам с паспортами и соответствующим возрастом?!??!?!Я в шоке от работы фэйсконтроля……..",True,Google,https://www.google.com/maps/reviews/data=!4m8!14m7!1m6!2m5!1sChZDSUhNMG9nS0VJQ0FnSUQ2c2VTU0l3EAE!2m1!1s0x0:0x9d94b4cc3c6ecb41!3m1!1s2@1:CIHM0ogKEICAgID6seSSIw%7C%7C?hl=ru,2026-09-07T23:53:47.065992+00:00,4,187
Happy End Bar&Kitchen,"Спиридоньевский пер., 9/1, Москва, Россия, 123001",0x46b54b87eeee77c7:0x9d94b4cc3c6ecb41,ChZDSUhNMG9nS0VJQ0FnSUM2dGVlQlBnEAE,5.0,2021-09-10T00:47:03Z,2021-09-10T00:47:03Z,4 года назад,,False,Google,https://www.google.com/maps/reviews/data=!4m8!14m7!1m6!2m5!1sChZDSUhNMG9nS0VJQ0FnSUM2dGVlQlBnEAE!2m1!1s0x0:0x9d94b4cc3c6ecb41!3m1!1s2@1:CIHM0ogKEICAgIC6teeBPg%7C%7C?hl=ru,2026-09-07T23:53:47.066033+00:00,4,187
Happy End Bar&Kitchen,"Спиридоньевский пер., 9/1, Москва, Россия, 123001",0x46b54b87eeee77c7:0x9d94b4cc3c6ecb41,ChZDSUhNMG9nS0VJQ0FnSUNhbGNDckV3EAE,5.0,2021-08-05T11:10:22Z,2021-08-05T11:10:22Z,5 лет назад,,False,Google,https://www.google.com/maps/reviews/data=!4m8!14m7!1m6!2m5!1sChZDSUhNMG9nS0VJQ0FnSUNhbGNDckV3EAE!2m1!1s0x0:0x9d94b4cc3c6ecb41!3m1!1s2@1:CIHM0ogKEICAgICalcCrEw%7C%7C?hl=ru,2026-09-07T23:53:47.066069+00:00,4,187
Happy End Bar&Kitchen,"Спиридоньевский пер., 9/1, Москва, Россия, 123001",0x46b54b87eeee77c7:0x9d94b4cc3c6ecb41,ChZDSUhNMG9nS0VJQ0FnSUNhcU8tck9nEAE,5.0,2021-07-22T19:33:58Z,2021-07-22T19:33:58Z,5 лет назад,"Приятная атмосфера, вежливый персонал ,еда -космос💓",True,Google,https://www.google.com/maps/reviews/data=!4m8!14m7!1m6!2m5!1sChZDSUhNMG9nS0VJQ0FnSUNhcU8tck9nEAE!2m1!1s0x0:0x9d94b4cc3c6ecb41!3m1!1s2@1:CIHM0ogKEICAgICaqO-rOg%7C%7C?hl=ru,2026-09-07T23:53:47.066098+00:00,4,187
Happy End Bar&Kitchen,"Спиридоньевский пер., 9/1, Москва, Россия, 123001",0x46b54b87eeee77c7:0x9d94b4cc3c6ecb41,ChdDSUhNMG9nS0VJQ0FnSUNha05yNnhnRRAB,5.0,2021-07-21T11:27:04Z,2021-07-21T11:27:04Z,5 лет назад,,False,Google,https://www.google.com/maps/reviews/data=!4m8!14m7!1m6!2m5!1sChdDSUhNMG9nS0VJQ0FnSUNha05yNnhnRRAB!2m1!1s0x0:0x9d94b4cc3c6ecb41!3m1!1s2@1:CIHM0ogKEICAgICakNr6xgE%7C%7C?hl=ru,2026-09-07T23:53:47.066133+00:00,4,187
Happy End Bar&Kitchen,"Спиридоньевский пер., 9/1, Москва, Россия, 123001",0x46b54b87eeee77c7:0x9d94b4cc3c6ecb41,ChZDSUhNMG9nS0VJQ0FnSURxdGZ1Rk1nEAE,3.0,2021-07-14T15:28:15Z,2021-07-14T15:28:15Z,5 лет назад,"необоснованно хайповое место, в основном приходят девочки-малолетки и типы-охотники))",True,Google,https://www.google.com/maps/reviews/data=!4m8!14m7!1m6!2m5!1sChZDSUhNMG9nS0VJQ0FnSURxdGZ1Rk1nEAE!2m1!1s0x0:0x9d94b4cc3c6ecb41!3m1!1s2@1:CIHM0ogKEICAgIDqtfuFMg%7C%7C?hl=ru,2026-09-07T23:53:47.066160+00:00,4,187
Happy End Bar&Kitchen,"Спиридоньевский пер., 9/1, Москва, Россия, 123001",0x46b54b87eeee77c7:0x9d94b4cc3c6ecb41,ChZDSUhNMG9nS0VJQ0FnSURxMmRQblNnEAE,5.0,2021-07-13T15:30:09Z,2021-07-13T15:30:09Z,5 лет назад,,False,Google,https://www.google.com/maps/reviews/data=!4m8!14m7!1m6!2m5!1sChZDSUhNMG9nS0VJQ0FnSURxMmRQblNnEAE!2m1!1s0x0:0x9d94b4cc3c6ecb41!3m1!1s2@1:CIHM0ogKEICAgIDq2dPnSg%7C%7C?hl=ru,2026-09-07T23:53:47.066187+00:00,4,187
Happy End Bar&Kitchen,"Спиридоньевский пер., 9/1, Москва, Россия, 123001",0x46b54b87eeee77c7:0x9d94b4cc3c6ecb41,ChdDSUhNMG9nS0VJQ0FnSURxOHRlSjBnRRAB,4.0,2021-07-04T13:42:00Z,2021-07-04T13:42:00Z,5 лет назад,,False,Google,https://www.google.com/maps/reviews/data=!4m8!14m7!1m6!2m5!1sChdDSUhNMG9nS0VJQ0FnSURxOHRlSjBnRRAB!2m1!1s0x0:0x9d94b4cc3c6ecb41!3m1!1s2@1:CIHM0ogKEICAgIDq8teJ0gE%7C%7C?hl=ru,2026-09-07T23:53:47.066213+00:00,4,187
Happy End Bar&Kitchen,"Спиридоньевский пер., 9/1, Москва, Россия, 123001",0x46b54b87eeee77c7:0x9d94b4cc3c6ecb41,ChdDSUhNMG9nS0VJQ0FnSUNxMmRDdzBRRRAB,1.0,2021-06-11T22:14:26Z,2021-06-11T22:14:26Z,5 лет назад,Worst facers in the world! Absolutely no clue what’s wrong with us every time we want to get in. Facers appear to be racists.,True,Google,https://www.google.com/maps/reviews/data=!4m8!14m7!1m6!2m5!1sChdDSUhNMG9nS0VJQ0FnSUNxMmRDdzBRRRAB!2m1!1s0x0:0x9d94b4cc3c6ecb41!3m1!1s2@1:CIHM0ogKEICAgICq2dCw0QE%7C%7C?hl=ru,2026-09-07T23:53:47.066252+00:00,4,187
Happy End Bar&Kitchen,"Спиридоньевский пер., 9/1, Москва, Россия, 123001",0x46b54b87eeee77c7:0x9d94b4cc3c6ecb41,ChdDSUhNMG9nS0VJQ0FnSUNxbXFpajRRRRAB,5.0,2021-06-03T11:35:19Z,2021-06-03T11:35:19Z,5 лет назад,Классное место для отдыха и расслабления,True,Google,https://www.google.com/maps/reviews/data=!4m8!14m7!1m6!2m5!1sChdDSUhNMG9nS0VJQ0FnSUNxbXFpajRRRRAB!2m1!1s0x0:0x9d94b4cc3c6ecb41!3m1!1s2@1:CIHM0ogKEICAgICqmqij4QE%7C%7C?hl=ru,2026-09-07T23:53:47.066282+00:00,4,187
Happy End Bar&Kitchen,"Спиридоньевский пер., 9/1, Москва, Россия, 123001",0x46b54b87eeee77c7:0x9d94b4cc3c6ecb41,ChdDSUhNMG9nS0VJQ0FnSURLemFYLW5nRRAB,5.0,2021-05-16T14:30:13Z,2021-05-16T14:30:13Z,5 лет назад,"Крутой бар-клуб с очень разной музыкой, под которую самое главное танцуется!
Есть меню, с небольшим выбором коктелей и закусок-переекусов в виде бургеров и т п
Дизайн необычный, есть vip zone, через маленькую дверь словно нора Хоббита, попадаешь совсем в иное царство, другая музыка, барменши красивые, телефон и телевизор в ретро стиле
Классное место для тусовки с цветными шотами!",True,Google,https://www.google.com/maps/reviews/data=!4m8!14m7!1m6!2m5!1sChdDSUhNMG9nS0VJQ0FnSURLemFYLW5nRRAB!2m1!1s0x0:0x9d94b4cc3c6ecb41!3m1!1s2@1:CIHM0ogKEICAgIDKzaX-ngE%7C%7C?hl=ru,2026-09-07T23:53:47.066311+00:00,4,187
Happy End Bar&Kitchen,"Спиридоньевский пер., 9/1, Москва, Россия, 123001",0x46b54b87eeee77c7:0x9d94b4cc3c6ecb41,ChZDSUhNMG9nS0VJQ0FnSURLOWVyV1VREAE,4.0,2021-05-15T20:50:46Z,2021-05-15T20:50:46Z,5 лет назад,,False,Google,https://www.google.com/maps/reviews/data=!4m8!14m7!1m6!2m5!1sChZDSUhNMG9nS0VJQ0FnSURLOWVyV1VREAE!2m1!1s0x0:0x9d94b4cc3c6ecb41!3m1!1s2@1:CIHM0ogKEICAgIDK9erWUQ%7C%7C?hl=ru,2026-09-07T23:53:47.066347+00:00,4,187
Happy End Bar&Kitchen,"Спиридоньевский пер., 9/1, Москва, Россия, 123001",0x46b54b87eeee77c7:0x9d94b4cc3c6ecb41,ChZDSUhNMG9nS0VJQ0FnSUR5cDgyN0pnEAE,5.0,2021-03-20T03:22:13Z,2021-03-20T03:22:13Z,5 лет назад,,False,Google,https://www.google.com/maps/reviews/data=!4m8!14m7!1m6!2m5!1sChZDSUhNMG9nS0VJQ0FnSUR5cDgyN0pnEAE!2m1!1s0x0:0x9d94b4cc3c6ecb41!3m1!1s2@1:CIHM0ogKEICAgIDyp827Jg%7C%7C?hl=ru,2026-09-07T23:53:47.066373+00:00,4,187
Happy End Bar&Kitchen,"Спиридоньевский пер., 9/1, Москва, Россия, 123001",0x46b54b87eeee77c7:0x9d94b4cc3c6ecb41,ChdDSUhNMG9nS0VJQ0FnSUR5MWFqdzhBRRAB,1.0,2021-03-14T23:02:55Z,2021-03-14T23:02:55Z,5 лет назад,,False,Google,https://www.google.com/maps/reviews/data=!4m8!14m7!1m6!2m5!1sChdDSUhNMG9nS0VJQ0FnSUR5MWFqdzhBRRAB!2m1!1s0x0:0x9d94b4cc3c6ecb41!3m1!1s2@1:CIHM0ogKEICAgIDy1ajw8AE%7C%7C?hl=ru,2026-09-07T23:53:47.066398+00:00,4,187
Happy End Bar&Kitchen,"Спиридоньевский пер., 9/1, Москва, Россия, 123001",0x46b54b87eeee77c7:0x9d94b4cc3c6ecb41,ChdDSUhNMG9nS0VJQ0FnSUR5eFo2OTRRRRAB,5.0,2021-03-13T20:51:21Z,2021-03-13T20:51:21Z,5 лет назад,,False,Google,https://www.google.com/maps/reviews/data=!4m8!14m7!1m6!2m5!1sChdDSUhNMG9nS0VJQ0FnSUR5eFo2OTRRRRAB!2m1!1s0x0:0x9d94b4cc3c6ecb41!3m1!1s2@1:CIHM0ogKEICAgIDyxZ694QE%7C%7C?hl=ru,2026-09-07T23:53:47.066423+00:00,4,187
Happy End Bar&Kitchen,"Спиридоньевский пер., 9/1, Москва, Россия, 123001",0x46b54b87eeee77c7:0x9d94b4cc3c6ecb41,ChdDSUhNMG9nS0VJQ0FnSUR5bWNIYl93RRAB,5.0,2021-03-12T18:42:28Z,2021-03-12T18:42:28Z,5 лет назад,,False,Google,https://www.google.com/maps/reviews/data=!4m8!14m7!1m6!2m5!1sChdDSUhNMG9nS0VJQ0FnSUR5bWNIYl93RRAB!2m1!1s0x0:0x9d94b4cc3c6ecb41!3m1!1s2@1:CIHM0ogKEICAgIDymcHb_wE%7C%7C?hl=ru,2026-09-07T23:53:47.066448+00:00,4,187
Happy End Bar&Kitchen,"Спиридоньевский пер., 9/1, Москва, Россия, 123001",0x46b54b87eeee77c7:0x9d94b4cc3c6ecb41,ChZDSUhNMG9nS0VJQ0FnSUR5N29qMU5REAE,1.0,2021-03-08T06:45:33Z,2021-03-08T06:45:33Z,5 лет назад,,False,Google,https://www.google.com/maps/reviews/data=!4m8!14m7!1m6!2m5!1sChZDSUhNMG9nS0VJQ0FnSUR5N29qMU5REAE!2m1!1s0x0:0x9d94b4cc3c6ecb41!3m1!1s2@1:CIHM0ogKEICAgIDy7oj1NQ%7C%7C?hl=ru,2026-09-07T23:53:47.066474+00:00,4,187
Happy End Bar&Kitchen,"Спиридоньевский пер., 9/1, Москва, Россия, 123001",0x46b54b87eeee77c7:0x9d94b4cc3c6ecb41,ChZDSUhNMG9nS0VJQ0FnSUR5cnZLWUxBEAE,1.0,2021-03-08T00:09:31Z,2021-03-08T00:09:31Z,5 лет назад,"Хотели повеселиться и отдохнуть в баре Happy End, но фейсконтроль нам отказал. Да, мы не были обвешены брендами, как это сейчас делают многие, но выглядели стильно и прилично, но фейсконтроль нам отказал, сказав, что «в приоритете» вход по приглашениям, далее мы поняли, что вход «по знакомствам», если из нет - досвидания, езжайте, куда хотите. Зато перед нами пропустили пафосную компанию, а так же блогеров, которые конечно же повысят статус заведения. В общем, если вы не приверженцы пофосных взглядов и не можете сказать «да вы знаете, кто я/мой парень/отец и тд, то в это заведение вы не попадёте.",True,Google,https://www.google.com/maps/reviews/data=!4m8!14m7!1m6!2m5!1sChZDSUhNMG9nS0VJQ0FnSUR5cnZLWUxBEAE!2m1!1s0x0:0x9d94b4cc3c6ecb41!3m1!1s2@1:CIHM0ogKEICAgIDyrvKYLA%7C%7C?hl=ru,2026-09-07T23:53:47.066500+00:00,4,187
Happy End Bar&Kitchen,"Спиридоньевский пер., 9/1, Москва, Россия, 123001",0x46b54b87eeee77c7:0x9d94b4cc3c6ecb41,ChZDSUhNMG9nS0VJQ0FnSUR5cnFMLWV3EAE,1.0,2021-03-07T23:51:04Z,2021-03-07T23:51:04Z,5 лет назад,"Пришли с подругой в бар с 7 на 8 марта. К сожалению, фейс контроль не пустил по причине «в приоритете только по приглашениям», как нам разъяснили позже - по наличию знакомых в самом баре)
На входе стоит камера - смотрят, популярная ты личность или нет, от этого зависит возможность на вход. Печально осознавать, что хорошее место погрязло в погоне за популярностью и понтами, адекватным людям без миллиона подписчиков, которые хотят хорошо провести время и расслабиться, вход воспрещён. Хотите прочувствовать гниль Московского общества и словивших звезду недоличностей - вам сюда.",True,Google,https://www.google.com/maps/reviews/data=!4m8!14m7!1m6!2m5!1sChZDSUhNMG9nS0VJQ0FnSUR5cnFMLWV3EAE!2m1!1s0x0:0x9d94b4cc3c6ecb41!3m1!1s2@1:CIHM0ogKEICAgIDyrqL-ew%7C%7C?hl=ru,2026-09-07T23:53:49.070523+00:00,4,187
Happy End Bar&Kitchen,"Спиридоньевский пер., 9/1, Москва, Россия, 123001",0x46b54b87eeee77c7:0x9d94b4cc3c6ecb41,ChZDSUhNMG9nS0VJQ0FnSUNZa3VfVlhBEAE,5.0,2019-04-09T05:17:36Z,2021-02-27T23:59:25Z,Изменено 5 лет назад,,False,Google,https://www.google.com/maps/reviews/data=!4m8!14m7!1m6!2m5!1sChZDSUhNMG9nS0VJQ0FnSUNZa3VfVlhBEAE!2m1!1s0x0:0x9d94b4cc3c6ecb41!3m1!1s2@1:CIHM0ogKEICAgICYku_VXA%7C%7C?hl=ru,2026-09-07T23:53:49.070725+00:00,4,187
Happy End Bar&Kitchen,"Спиридоньевский пер., 9/1, Москва, Россия, 123001",0x46b54b87eeee77c7:0x9d94b4cc3c6ecb41,ChZDSUhNMG9nS0VJQ0FnSUR5d0wyTk5BEAE,1.0,2021-02-20T01:25:06Z,2021-02-20T01:25:06Z,5 лет назад,,False,Google,https://www.google.com/maps/reviews/data=!4m8!14m7!1m6!2m5!1sChZDSUhNMG9nS0VJQ0FnSUR5d0wyTk5BEAE!2m1!1s0x0:0x9d94b4cc3c6ecb41!3m1!1s2@1:CIHM0ogKEICAgIDywL2NNA%7C%7C?hl=ru,2026-09-07T23:53:49.070783+00:00,4,187
Happy End Bar&Kitchen,"Спиридоньевский пер., 9/1, Москва, Россия, 123001",0x46b54b87eeee77c7:0x9d94b4cc3c6ecb41,ChdDSUhNMG9nS0VJQ0FnSUN5MmJuU3lRRRAB,4.0,2021-02-05T09:22:07Z,2021-02-05T09:22:07Z,5 лет назад,,False,Google,https://www.google.com/maps/reviews/data=!4m8!14m7!1m6!2m5!1sChdDSUhNMG9nS0VJQ0FnSUN5MmJuU3lRRRAB!2m1!1s0x0:0x9d94b4cc3c6ecb41!3m1!1s2@1:CIHM0ogKEICAgICy2bnSyQE%7C%7C?hl=ru,2026-09-07T23:53:49.070819+00:00,4,187
Happy End Bar&Kitchen,"Спиридоньевский пер., 9/1, Москва, Россия, 123001",0x46b54b87eeee77c7:0x9d94b4cc3c6ecb41,ChdDSUhNMG9nS0VJQ0FnSURTLTktT2hBRRAB,4.0,2021-01-11T08:17:43Z,2021-01-11T08:17:43Z,5 лет назад,"Красивый интерьер, но зимой очень холодно :(  коктейли вкусные, меню ни о чем",True,Google,https://www.google.com/maps/reviews/data=!4m8!14m7!1m6!2m5!1sChdDSUhNMG9nS0VJQ0FnSURTLTktT2hBRRAB!2m1!1s0x0:0x9d94b4cc3c6ecb41!3m1!1s2@1:CIHM0ogKEICAgIDS-9-OhAE%7C%7C?hl=ru,2026-09-07T23:53:49.070851+00:00,4,187
Happy End Bar&Kitchen,"Спиридоньевский пер., 9/1, Москва, Россия, 123001",0x46b54b87eeee77c7:0x9d94b4cc3c6ecb41,ChdDSUhNMG9nS0VJQ0FnSUNpZzRIR2tRRRAB,3.0,2020-11-13T05:15:56Z,2020-11-13T05:15:56Z,5 лет назад,,False,Google,https://www.google.com/maps/reviews/data=!4m8!14m7!1m6!2m5!1sChdDSUhNMG9nS0VJQ0FnSUNpZzRIR2tRRRAB!2m1!1s0x0:0x9d94b4cc3c6ecb41!3m1!1s2@1:CIHM0ogKEICAgICig4HGkQE%7C%7C?hl=ru,2026-09-07T23:53:49.070886+00:00,4,187
Happy End Bar&Kitchen,"Спиридоньевский пер., 9/1, Москва, Россия, 123001",0x46b54b87eeee77c7:0x9d94b4cc3c6ecb41,ChdDSUhNMG9nS0VJQ0FnSUNpa2R6UTVBRRAB,5.0,2020-11-05T19:34:15Z,2020-11-05T19:34:15Z,5 лет назад,"Хорошее меню, отличная музыка, приятная атмосфера",True,Google,https://www.google.com/maps/reviews/data=!4m8!14m7!1m6!2m5!1sChdDSUhNMG9nS0VJQ0FnSUNpa2R6UTVBRRAB!2m1!1s0x0:0x9d94b4cc3c6ecb41!3m1!1s2@1:CIHM0ogKEICAgICikdzQ5AE%7C%7C?hl=ru,2026-09-07T23:53:49.070916+00:00,4,187
Happy End Bar&Kitchen,"Спиридоньевский пер., 9/1, Москва, Россия, 123001",0x46b54b87eeee77c7:0x9d94b4cc3c6ecb41,ChdDSUhNMG9nS0VJQ0FnSUNpc3Q2ZjB3RRAB,3.0,2020-10-27T16:31:53Z,2020-10-27T16:35:34Z,5 лет назад,"Музыка сначала была не очень, совсем не танцевальная (была диско пати), несколько раз играла Алла Пугачева (это что, так можно сейчас?), потом диджей видимо понял, что совсем тухло и включил известные треки.
Но больше меня расстроил кассир. Мало того все коктейли на баре стоят одинаково 750 руб  (я заказала один Happy End и пожалела, он и 300 руб не стоит), так мне ещё и молча не додали сдачу 50 руб. Это, конечно, копейки, но мне не понравился подход: вместо того, чтобы извиниться и предложить другой способ оплаты (кстати, по карте оплатить нельзя было, только наличные или перевод), мне просто молча вернули 200 руб и когда я это заметила и попросила вернуть остальную сдачу, женщина с не очень довольным видом у кассы развела руками.
Такое себе.",True,Google,https://www.google.com/maps/reviews/data=!4m8!14m7!1m6!2m5!1sChdDSUhNMG9nS0VJQ0FnSUNpc3Q2ZjB3RRAB!2m1!1s0x0:0x9d94b4cc3c6ecb41!3m1!1s2@1:CIHM0ogKEICAgICist6f0wE%7C%7C?hl=ru,2026-09-07T23:53:49.070945+00:00,4,187
Happy End Bar&Kitchen,"Спиридоньевский пер., 9/1, Москва, Россия, 123001",0x46b54b87eeee77c7:0x9d94b4cc3c6ecb41,ChdDSUhNMG9nS0VJQ0FnSURDajRiTDZRRRAB,3.0,2020-10-15T22:03:25Z,2020-10-15T22:03:25Z,5 лет назад,,False,Google,https://www.google.com/maps/reviews/data=!4m8!14m7!1m6!2m5!1sChdDSUhNMG9nS0VJQ0FnSURDajRiTDZRRRAB!2m1!1s0x0:0x9d94b4cc3c6ecb41!3m1!1s2@1:CIHM0ogKEICAgIDCj4bL6QE%7C%7C?hl=ru,2026-09-07T23:53:49.070993+00:00,4,187
Happy End Bar&Kitchen,"Спиридоньевский пер., 9/1, Москва, Россия, 123001",0x46b54b87eeee77c7:0x9d94b4cc3c6ecb41,ChdDSUhNMG9nS0VJQ0FnSURDNF9ESDNBRRAB,5.0,2020-10-09T20:29:11Z,2020-10-09T20:29:11Z,5 лет назад,"Регулярно ходим с подругами  Happy End , очень нравится атмосфера и коктейли)  По пятницам музыка и танцы!)",True,Google,https://www.google.com/maps/reviews/data=!4m8!14m7!1m6!2m5!1sChdDSUhNMG9nS0VJQ0FnSURDNF9ESDNBRRAB!2m1!1s0x0:0x9d94b4cc3c6ecb41!3m1!1s2@1:CIHM0ogKEICAgIDC4_DH3AE%7C%7C?hl=ru,2026-09-07T23:53:49.071020+00:00,4,187
Happy End Bar&Kitchen,"Спиридоньевский пер., 9/1, Москва, Россия, 123001",0x46b54b87eeee77c7:0x9d94b4cc3c6ecb41,ChdDSUhNMG9nS0VJQ0FnSURDLUtYaG9RRRAB,4.0,2020-09-14T12:14:20Z,2020-09-14T12:14:20Z,5 лет назад,"Красивый и оригинальный интерьер, интересное меню, есть большая веранда , нормальный и адекватный персонал. Приятный контингент.
Отличное местоположение
Но дорого",True,Google,https://www.google.com/maps/reviews/data=!4m8!14m7!1m6!2m5!1sChdDSUhNMG9nS0VJQ0FnSURDLUtYaG9RRRAB!2m1!1s0x0:0x9d94b4cc3c6ecb41!3m1!1s2@1:CIHM0ogKEICAgIDC-KXhoQE%7C%7C?hl=ru,2026-09-07T23:53:49.071049+00:00,4,187
Happy End Bar&Kitchen,"Спиридоньевский пер., 9/1, Москва, Россия, 123001",0x46b54b87eeee77c7:0x9d94b4cc3c6ecb41,ChdDSUhNMG9nS0VJQ0FnSURDMlAtMW5RRRAB,5.0,2020-09-14T00:43:36Z,2020-09-14T00:43:36Z,5 лет назад,Топовое местечко,True,Google,https://www.google.com/maps/reviews/data=!4m8!14m7!1m6!2m5!1sChdDSUhNMG9nS0VJQ0FnSURDMlAtMW5RRRAB!2m1!1s0x0:0x9d94b4cc3c6ecb41!3m1!1s2@1:CIHM0ogKEICAgIDC2P-1nQE%7C%7C?hl=ru,2026-09-07T23:53:49.071079+00:00,4,187
Happy End Bar&Kitchen,"Спиридоньевский пер., 9/1, Москва, Россия, 123001",0x46b54b87eeee77c7:0x9d94b4cc3c6ecb41,ChdDSUhNMG9nS0VJQ0FnSUNDcjlxMDZnRRAB,1.0,2020-09-08T17:51:24Z,2020-09-08T17:51:24Z,5 лет назад,Пародия,True,Google,https://www.google.com/maps/reviews/data=!4m8!14m7!1m6!2m5!1sChdDSUhNMG9nS0VJQ0FnSUNDcjlxMDZnRRAB!2m1!1s0x0:0x9d94b4cc3c6ecb41!3m1!1s2@1:CIHM0ogKEICAgICCr9q06gE%7C%7C?hl=ru,2026-09-07T23:53:49.071106+00:00,4,187
Happy End Bar&Kitchen,"Спиридоньевский пер., 9/1, Москва, Россия, 123001",0x46b54b87eeee77c7:0x9d94b4cc3c6ecb41,ChZDSUhNMG9nS0VJQ0FnSUNDLVpfdUJBEAE,5.0,2020-08-29T12:56:51Z,2020-08-29T12:56:51Z,6 лет назад,,False,Google,https://www.google.com/maps/reviews/data=!4m8!14m7!1m6!2m5!1sChZDSUhNMG9nS0VJQ0FnSUNDLVpfdUJBEAE!2m1!1s0x0:0x9d94b4cc3c6ecb41!3m1!1s2@1:CIHM0ogKEICAgICC-Z_uBA%7C%7C?hl=ru,2026-09-07T23:53:49.071131+00:00,4,187
Happy End Bar&Kitchen,"Спиридоньевский пер., 9/1, Москва, Россия, 123001",0x46b54b87eeee77c7:0x9d94b4cc3c6ecb41,ChdDSUhNMG9nS0VJQ0FnSUNDNGZLQ19nRRAB,5.0,2020-08-25T22:14:48Z,2020-08-25T22:14:48Z,6 лет назад,,False,Google,https://www.google.com/maps/reviews/data=!4m8!14m7!1m6!2m5!1sChdDSUhNMG9nS0VJQ0FnSUNDNGZLQ19nRRAB!2m1!1s0x0:0x9d94b4cc3c6ecb41!3m1!1s2@1:CIHM0ogKEICAgICC4fKC_gE%7C%7C?hl=ru,2026-09-07T23:53:49.071167+00:00,4,187
Happy End Bar&Kitchen,"Спиридоньевский пер., 9/1, Москва, Россия, 123001",0x46b54b87eeee77c7:0x9d94b4cc3c6ecb41,ChdDSUhNMG9nS0VJQ0FnSUNDX3NldjFRRRAB,5.0,2020-08-24T20:11:13Z,2020-08-24T20:11:13Z,6 лет назад,"если вы школьница 14 лет, то лучше в отокомае",True,Google,https://www.google.com/maps/reviews/data=!4m8!14m7!1m6!2m5!1sChdDSUhNMG9nS0VJQ0FnSUNDX3NldjFRRRAB!2m1!1s0x0:0x9d94b4cc3c6ecb41!3m1!1s2@1:CIHM0ogKEICAgICC_sev1QE%7C%7C?hl=ru,2026-09-07T23:53:49.071193+00:00,4,187
Happy End Bar&Kitchen,"Спиридоньевский пер., 9/1, Москва, Россия, 123001",0x46b54b87eeee77c7:0x9d94b4cc3c6ecb41,ChdDSUhNMG9nS0VJQ0FnSUNDbnBQV3dRRRAB,5.0,2020-08-23T20:21:53Z,2020-08-23T20:22:06Z,6 лет назад,Особенное место в клубной жизни Москвы..,True,Google,https://www.google.com/maps/reviews/data=!4m8!14m7!1m6!2m5!1sChdDSUhNMG9nS0VJQ0FnSUNDbnBQV3dRRRAB!2m1!1s0x0:0x9d94b4cc3c6ecb41!3m1!1s2@1:CIHM0ogKEICAgICCnpPWwQE%7C%7C?hl=ru,2026-09-07T23:53:49.071220+00:00,4,187
Happy End Bar&Kitchen,"Спиридоньевский пер., 9/1, Москва, Россия, 123001",0x46b54b87eeee77c7:0x9d94b4cc3c6ecb41,ChdDSUhNMG9nS0VJQ0FnSUNDN3UtYWl3RRAB,5.0,2020-08-23T15:19:18Z,2020-08-23T15:19:18Z,6 лет назад,,False,Google,https://www.google.com/maps/reviews/data=!4m8!14m7!1m6!2m5!1sChdDSUhNMG9nS0VJQ0FnSUNDN3UtYWl3RRAB!2m1!1s0x0:0x9d94b4cc3c6ecb41!3m1!1s2@1:CIHM0ogKEICAgICC7u-aiwE%7C%7C?hl=ru,2026-09-07T23:53:49.071246+00:00,4,187
Happy End Bar&Kitchen,"Спиридоньевский пер., 9/1, Москва, Россия, 123001",0x46b54b87eeee77c7:0x9d94b4cc3c6ecb41,ChZDSUhNMG9nS0VJQ0FnSUNDenRhOWRBEAE,5.0,2020-08-22T18:45:05Z,2020-08-22T18:45:05Z,6 лет назад,,False,Google,https://www.google.com/maps/reviews/data=!4m8!14m7!1m6!2m5!1sChZDSUhNMG9nS0VJQ0FnSUNDenRhOWRBEAE!2m1!1s0x0:0x9d94b4cc3c6ecb41!3m1!1s2@1:CIHM0ogKEICAgICCzta9dA%7C%7C?hl=ru,2026-09-07T23:53:49.071272+00:00,4,187
Happy End Bar&Kitchen,"Спиридоньевский пер., 9/1, Москва, Россия, 123001",0x46b54b87eeee77c7:0x9d94b4cc3c6ecb41,ChZDSUhNMG9nS0VJQ0FnSUQ4eDR1ZUdnEAE,5.0,2020-08-01T11:22:51Z,2020-08-01T11:22:51Z,6 лет назад,,False,Google,https://www.google.com/maps/reviews/data=!4m8!14m7!1m6!2m5!1sChZDSUhNMG9nS0VJQ0FnSUQ4eDR1ZUdnEAE!2m1!1s0x0:0x9d94b4cc3c6ecb41!3m1!1s2@1:CIHM0ogKEICAgID8x4ueGg%7C%7C?hl=ru,2026-09-07T23:53:49.071297+00:00,4,187
GIPSY,"Болотная наб., 3, строение 2, Москва, Россия, 119072",0x46b54baa0cef5465:0x90fc8bf9a8948b57,Ci9DQUlRQUNvZENodHljRjlvT2toelp6ZENURWhsVVV0UE1rMUtjamwwY0hkRk0wRRAB,5.0,2026-07-06T07:22:59Z,2026-07-06T07:22:59Z,2 месяца назад,"Был здесь на выпускном и завидовал выпускникам - в моё время о таком я даже не мог и мечтать -))

Клуб давний, с историей; как оказалось, я тут был, но... лет 15 назад. А постепенно что-то начало вспоминаться -))

Gypsy - многоуровневый, что в нашем случае дало возможность разделить зону родителей и зону детей (у детей к родителям доступа не было, а родителей к детям - был).
Сцена и танцпол, вроде бы, небольшие, но места хватило всем.

Прочитал в одном из отзывов (с другого выпускного), что организация была плохой.
В нашем случае организация была очень крутой.
То, что всех обыскивали - так клуб рискует закрытием, если они позволят подросткам пронести алкоголь.
Но я бы не сказал, что девушек обыскивали как-то слишком сурово. Другое дело, что всего один человек был на рамке, что задерживало всю девичью группу.
Зато парней обыскивали быстро.
Замечу - и родителей, и учителей - всех.
И это - тоже правильно.

А так - свет, звук, шоу - всё было на высочайшем уровне. Даже такому домоседу, как я, всё понравилось -)

Охранники - немолодые, довольно суровые, большие, но любое их вмешательство было корректным и по делу.

Gypsy по-прежнему крут.
И стандарт выпускного - высочайший стандарт - для меня теперь неизменно ассоциируется с ним.",True,Google,https://www.google.com/maps/reviews/data=!4m8!14m7!1m6!2m5!1sCi9DQUlRQUNvZENodHljRjlvT2toelp6ZENURWhsVVV0UE1rMUtjamwwY0hkRk0wRRAB!2m1!1s0x0:0x90fc8bf9a8948b57!3m1!1s2@1:CAIQACodChtycF9oOkhzZzdCTEhlUUtPMk1Kcjl0cHdFM0E%7C%7C?hl=ru,2026-09-07T23:53:49.400872+00:00,3.4,628
GIPSY,"Болотная наб., 3, строение 2, Москва, Россия, 119072",0x46b54baa0cef5465:0x90fc8bf9a8948b57,Ci9DQUlRQUNvZENodHljRjlvT2pFNFdXdDVWemRYZUVSQ2FWVk1VM1JFUVhjNE0xRRAB,1.0,2026-06-19T21:41:38Z,2026-06-19T21:41:38Z,2 месяца назад,,False,Google,https://www.google.com/maps/reviews/data=!4m8!14m7!1m6!2m5!1sCi9DQUlRQUNvZENodHljRjlvT2pFNFdXdDVWemRYZUVSQ2FWVk1VM1JFUVhjNE0xRRAB!2m1!1s0x0:0x90fc8bf9a8948b57!3m1!1s2@1:CAIQACodChtycF9oOjE4WWt5VzdXeERCaVVMU3REQXc4M1E%7C%7C?hl=ru,2026-09-07T23:53:49.401076+00:00,3.4,628
GIPSY,"Болотная наб., 3, строение 2, Москва, Россия, 119072",0x46b54baa0cef5465:0x90fc8bf9a8948b57,Ci9DQUlRQUNvZENodHljRjlvT21GRGNYRmZaVGhWWjBGbGRFWkNObmxhUVc1RGQyYxAB,5.0,2026-05-16T14:36:19Z,2026-05-16T14:36:19Z,3 месяца назад,"Для многих это место культовое, я была здесь на концерте ЛСП, впечатления остались положительные. Аккустика хорошая, танцпол большой, коктейли вкусные. На фейс-контроле действительно кого-то разворачивали, но объясняли причину - в основном из-за спортивной одежды или отсутствия паспорта.",True,Google,https://www.google.com/maps/reviews/data=!4m8!14m7!1m6!2m5!1sCi9DQUlRQUNvZENodHljRjlvT21GRGNYRmZaVGhWWjBGbGRFWkNObmxhUVc1RGQyYxAB!2m1!1s0x0:0x90fc8bf9a8948b57!3m1!1s2@1:CAIQACodChtycF9oOmFDcXFfZThVZ0FldEZCNnlaQW5Dd2c%7C%7C?hl=ru,2026-09-07T23:53:49.401133+00:00,3.4,628
GIPSY,"Болотная наб., 3, строение 2, Москва, Россия, 119072",0x46b54baa0cef5465:0x90fc8bf9a8948b57,Ci9DQUlRQUNvZENodHljRjlvT2xKTFJtd3lNRTQ1YjJKcmVrZFBjbkprVWw5UWMzYxAB,5.0,2026-05-02T12:43:33Z,2026-05-02T12:43:33Z,4 месяца назад,Hi. I want to go to ghost club tonight. What is the entry fee (if any) and can 1 stag enter?,True,Google,https://www.google.com/maps/reviews/data=!4m8!14m7!1m6!2m5!1sCi9DQUlRQUNvZENodHljRjlvT2xKTFJtd3lNRTQ1YjJKcmVrZFBjbkprVWw5UWMzYxAB!2m1!1s0x0:0x90fc8bf9a8948b57!3m1!1s2@1:CAIQACodChtycF9oOlJLRmwyME45b2JrekdPcnJkUl9Qc3c%7C%7C?hl=ru,2026-09-07T23:53:49.401175+00:00,3.4,628
GIPSY,"Болотная наб., 3, строение 2, Москва, Россия, 119072",0x46b54baa0cef5465:0x90fc8bf9a8948b57,Ci9DQUlRQUNvZENodHljRjlvT2xkcFdXUkNiazFzV1dWcFdtWnBYelZ4YWtwMFpWRRAB,5.0,2026-04-27T14:21:26Z,2026-04-27T14:21:26Z,4 месяца назад,,False,Google,https://www.google.com/maps/reviews/data=!4m8!14m7!1m6!2m5!1sCi9DQUlRQUNvZENodHljRjlvT2xkcFdXUkNiazFzV1dWcFdtWnBYelZ4YWtwMFpWRRAB!2m1!1s0x0:0x90fc8bf9a8948b57!3m1!1s2@1:CAIQACodChtycF9oOldpWWRCbk1sWWVpWmZpXzVxakp0ZVE%7C%7C?hl=ru,2026-09-07T23:53:49.401213+00:00,3.4,628
GIPSY,"Болотная наб., 3, строение 2, Москва, Россия, 119072",0x46b54baa0cef5465:0x90fc8bf9a8948b57,Ci9DQUlRQUNvZENodHljRjlvT21WUFdsWmtXV2hVYld0bFowdEZTemhZU1hjelgyYxAB,1.0,2026-04-17T15:10:01Z,2026-04-17T15:10:01Z,4 месяца назад,"Ужасная организация, не пускаю по купленным билетам( парный танцпол), ждали целый час, с обычными билетами пустили, в обычном порядке, нас же держали ЦЕЛЫЙ ЧАС, не советую к посещению данную площадку для концертов",True,Google,https://www.google.com/maps/reviews/data=!4m8!14m7!1m6!2m5!1sCi9DQUlRQUNvZENodHljRjlvT21WUFdsWmtXV2hVYld0bFowdEZTemhZU1hjelgyYxAB!2m1!1s0x0:0x90fc8bf9a8948b57!3m1!1s2@1:CAIQACodChtycF9oOmVPWlZkWWhUbWtlZ0tFSzhYSXczX2c%7C%7C?hl=ru,2026-09-07T23:53:49.401247+00:00,3.4,628
GIPSY,"Болотная наб., 3, строение 2, Москва, Россия, 119072",0x46b54baa0cef5465:0x90fc8bf9a8948b57,Ci9DQUlRQUNvZENodHljRjlvT20xV1F6WmtaRlZHYlVnelpWWTBVREJFZEVWNU9VRRAB,1.0,2026-02-15T00:02:34Z,2026-02-15T00:02:34Z,6 месяцев назад,,False,Google,https://www.google.com/maps/reviews/data=!4m8!14m7!1m6!2m5!1sCi9DQUlRQUNvZENodHljRjlvT20xV1F6WmtaRlZHYlVnelpWWTBVREJFZEVWNU9VRRAB!2m1!1s0x0:0x90fc8bf9a8948b57!3m1!1s2@1:CAIQACodChtycF9oOm1WQzZkZFVGbUgzZVY0UDBEdEV5OUE%7C%7C?hl=ru,2026-09-07T23:53:49.401286+00:00,3.4,628
GIPSY,"Болотная наб., 3, строение 2, Москва, Россия, 119072",0x46b54baa0cef5465:0x90fc8bf9a8948b57,Ci9DQUlRQUNvZENodHljRjlvT25kUVdIRTVkemczZEY4dFlXNWhhM1k0ZG5OdGRGRRAB,1.0,2026-02-14T23:33:33Z,2026-02-14T23:33:33Z,6 месяцев назад,"На сайте/ в соц. сетях написано о бесплатном входе на 14 февраля для всех девушек, по итогу после нахождения на улице порядка двух часов на морозе в коротких юбках нас девушек не впустили, поставив перед выбором платить 35к депозита или уходить. Таким образом, ситуация получилась неприятная, отстояв на морозе и отморозив все органы (наряженные девочки в коротких юбках и тонких кофточках) более двух часов пришлось уйти. Таким образом, вы ввели посетителей в заблуждение, так как обещали бесплатнный вход в течении всего времени, а по факту без возможности бесплатно зайти

Это оказалось очень неприятно, праздник испорчен",True,Google,https://www.google.com/maps/reviews/data=!4m8!14m7!1m6!2m5!1sCi9DQUlRQUNvZENodHljRjlvT25kUVdIRTVkemczZEY4dFlXNWhhM1k0ZG5OdGRGRRAB!2m1!1s0x0:0x90fc8bf9a8948b57!3m1!1s2@1:CAIQACodChtycF9oOndQWHE5dzg3dF8tYW5ha3Y4dnNtdFE%7C%7C?hl=ru,2026-09-07T23:53:49.401314+00:00,3.4,628
GIPSY,"Болотная наб., 3, строение 2, Москва, Россия, 119072",0x46b54baa0cef5465:0x90fc8bf9a8948b57,Ci9DQUlRQUNvZENodHljRjlvT2taWFJ6TmhjVlpPZFVwbVdrWkNZVmhEVlc5elpFRRAB,1.0,2026-01-01T00:09:47Z,2026-01-01T00:09:47Z,8 месяцев назад,Заболел из-за медленнлй очереди. Морозят людей на холоде.,True,Google,https://www.google.com/maps/reviews/data=!4m8!14m7!1m6!2m5!1sCi9DQUlRQUNvZENodHljRjlvT2taWFJ6TmhjVlpPZFVwbVdrWkNZVmhEVlc5elpFRRAB!2m1!1s0x0:0x90fc8bf9a8948b57!3m1!1s2@1:CAIQACodChtycF9oOkZXRzNhcVZOdUpmWkZCYVhDVW9zZEE%7C%7C?hl=ru,2026-09-07T23:53:49.563616+00:00,3.4,628
GIPSY,"Болотная наб., 3, строение 2, Москва, Россия, 119072",0x46b54baa0cef5465:0x90fc8bf9a8948b57,Ci9DQUlRQUNvZENodHljRjlvT210Rk4ybHVSR1ZMWVRORmVYVnpOM2sxVFhoaFgwRRAB,1.0,2025-12-31T21:57:42Z,2025-12-31T21:57:42Z,8 месяцев назад,"Развернули без объяснений)
( дресс код ,паспорт и тд было соблюдены)
Классный новый год ребята спасибо
Купила билет ещё 13 ноября...
Смысл вообще что то онлайн продавать если можно не пускать без причины просто так)?",True,Google,https://www.google.com/maps/reviews/data=!4m8!14m7!1m6!2m5!1sCi9DQUlRQUNvZENodHljRjlvT210Rk4ybHVSR1ZMWVRORmVYVnpOM2sxVFhoaFgwRRAB!2m1!1s0x0:0x90fc8bf9a8948b57!3m1!1s2@1:CAIQACodChtycF9oOmtFN2luRGVLYTNFeXVzN3k1TXhhX0E%7C%7C?hl=ru,2026-09-07T23:53:49.563819+00:00,3.4,628
GIPSY,"Болотная наб., 3, строение 2, Москва, Россия, 119072",0x46b54baa0cef5465:0x90fc8bf9a8948b57,Ci9DQUlRQUNvZENodHljRjlvT2tVd2RFMW9ka3hwVEdaT1VERk5RVWs0YzNKblRrRRAB,1.0,2025-12-30T20:29:11Z,2025-12-30T20:29:11Z,8 месяцев назад,سيي جدا,True,Google,https://www.google.com/maps/reviews/data=!4m8!14m7!1m6!2m5!1sCi9DQUlRQUNvZENodHljRjlvT2tVd2RFMW9ka3hwVEdaT1VERk5RVWs0YzNKblRrRRAB!2m1!1s0x0:0x90fc8bf9a8948b57!3m1!1s2@1:CAIQACodChtycF9oOkUwdE1odkxpTGZOUDFNQUk4c3JnTkE%7C%7C?hl=ru,2026-09-07T23:53:49.563890+00:00,3.4,628
GIPSY,"Болотная наб., 3, строение 2, Москва, Россия, 119072",0x46b54baa0cef5465:0x90fc8bf9a8948b57,Ci9DQUlRQUNvZENodHljRjlvT2w5WmJrcDNOV3h4V0ZwelZGWmlUMVp5TWt0R1RsRRAB,1.0,2025-12-23T11:55:39Z,2025-12-23T11:55:39Z,8 месяцев назад,,False,Google,https://www.google.com/maps/reviews/data=!4m8!14m7!1m6!2m5!1sCi9DQUlRQUNvZENodHljRjlvT2w5WmJrcDNOV3h4V0ZwelZGWmlUMVp5TWt0R1RsRRAB!2m1!1s0x0:0x90fc8bf9a8948b57!3m1!1s2@1:CAIQACodChtycF9oOl9Zbkp3NWxxWFpzVFZiT1ZyMktGTlE%7C%7C?hl=ru,2026-09-07T23:53:49.563933+00:00,3.4,628
GIPSY,"Болотная наб., 3, строение 2, Москва, Россия, 119072",0x46b54baa0cef5465:0x90fc8bf9a8948b57,Ci9DQUlRQUNvZENodHljRjlvT213M1pGcEdkbEpZWkVkeU5WUk5kelZoWjI5M1RFRRAB,2.0,2025-11-29T13:39:04Z,2025-11-29T13:39:04Z,9 месяцев назад,"Официантки клянчат деньги,обслуживание 4/10.За такое обслуживание жаба давит,чтобы оставить им чаевые.Но пришлось дать наличными,так как мы сказав что на карте у нас нет денег(вы можете мне дать наличными)такой ответ мы получили.Хотя у нас депозит вышел 46000₽
Но атмосфера нам очень нравится,музыки,диджеи,охранники хорошо делают свою работу",True,Google,https://www.google.com/maps/reviews/data=!4m8!14m7!1m6!2m5!1sCi9DQUlRQUNvZENodHljRjlvT213M1pGcEdkbEpZWkVkeU5WUk5kelZoWjI5M1RFRRAB!2m1!1s0x0:0x90fc8bf9a8948b57!3m1!1s2@1:CAIQACodChtycF9oOmw3ZFpGdlJYZEdyNVRNdzVhZ293TEE%7C%7C?hl=ru,2026-09-07T23:53:49.563970+00:00,3.4,628
GIPSY,"Болотная наб., 3, строение 2, Москва, Россия, 119072",0x46b54baa0cef5465:0x90fc8bf9a8948b57,Ci9DQUlRQUNvZENodHljRjlvT2xoaFVsUjBielpQTVY5YVEwOUpVazlLTjNwVFkyYxAB,1.0,2025-10-20T13:36:53Z,2025-10-20T13:36:53Z,10 месяцев назад,"Действительно фейсеры не пропускают людей с заранее купленными билетами, потратил 10к в пустую... пишут, якобы правила заведения) как это связано с мероприятиями, на которые люди покупают билеты, а не просто приходят потусить никто адекватно не ответит) хотя при этом билет все же сканируют, чтобы ""отметить"" человека) два раза уже не проходили фейсеров с луками на 300к+ ))) делайте выводы",True,Google,https://www.google.com/maps/reviews/data=!4m8!14m7!1m6!2m5!1sCi9DQUlRQUNvZENodHljRjlvT2xoaFVsUjBielpQTVY5YVEwOUpVazlLTjNwVFkyYxAB!2m1!1s0x0:0x90fc8bf9a8948b57!3m1!1s2@1:CAIQACodChtycF9oOlhhUlR0bzZPMV9aQ09JUk9KN3pTY2c%7C%7C?hl=ru,2026-09-07T23:53:49.564019+00:00,3.4,628
GIPSY,"Болотная наб., 3, строение 2, Москва, Россия, 119072",0x46b54baa0cef5465:0x90fc8bf9a8948b57,Ci9DQUlRQUNvZENodHljRjlvT25kaFIwdEpTakpYZEdWMU5IWXRVRzVyV1U4emNIYxAB,1.0,2025-10-20T09:21:01Z,2025-10-20T09:21:01Z,10 месяцев назад,"в пятницу (17.10.2025) купили билеты через яндекс афишу на тусовку дифм, хотели потанцевать, послушать музыку. пускать на мероприятие стали только в 22/00, так нас  еще и не пустили. билеты предоплаченные отсканили, но в клуб не пустили, сказав, что  дословно ""у них проходят не все"". Охранник заверил, что деньги вернут (мой билет стоил именно на тусовку 2500р., подруга взяла за 3000р.)
Некрасиво поступили, у подруги еще и день рождения был в  этот день. Очень ждем, что Вы нам компенсируете затраты на билеты и моральный вред.",True,Google,https://www.google.com/maps/reviews/data=!4m8!14m7!1m6!2m5!1sCi9DQUlRQUNvZENodHljRjlvT25kaFIwdEpTakpYZEdWMU5IWXRVRzVyV1U4emNIYxAB!2m1!1s0x0:0x90fc8bf9a8948b57!3m1!1s2@1:CAIQACodChtycF9oOndhR0tJSjJXdGV1NHYtUG5rWU8zcHc%7C%7C?hl=ru,2026-09-07T23:53:49.564081+00:00,3.4,628
GIPSY,"Болотная наб., 3, строение 2, Москва, Россия, 119072",0x46b54baa0cef5465:0x90fc8bf9a8948b57,Ci9DQUlRQUNvZENodHljRjlvT2xsVU5FWTBlbGhuWDJkaVowNXRWRTlGWjFsMWMyYxAB,1.0,2025-10-19T18:52:17Z,2025-10-19T18:52:17Z,10 месяцев назад,"Отвратительное место. Добиралась три часа. Фейс контроль, не пропустил по билету. А смысл тогда вообще продавать билеты на сайте,если половину людей не пускают? Или ваш клуб так наживается на невинных людях?Если в течении недели,не вернутся деньги,будет написано заявление.Это заведение нужно проверять. Самый худший клуб.",True,Google,https://www.google.com/maps/reviews/data=!4m8!14m7!1m6!2m5!1sCi9DQUlRQUNvZENodHljRjlvT2xsVU5FWTBlbGhuWDJkaVowNXRWRTlGWjFsMWMyYxAB!2m1!1s0x0:0x90fc8bf9a8948b57!3m1!1s2@1:CAIQACodChtycF9oOllUNEY0elhnX2diZ05tVE9FZ1l1c2c%7C%7C?hl=ru,2026-09-07T23:53:49.564128+00:00,3.4,628
GIPSY,"Болотная наб., 3, строение 2, Москва, Россия, 119072",0x46b54baa0cef5465:0x90fc8bf9a8948b57,Ci9DQUlRQUNvZENodHljRjlvT25wd1kyWTVkRWR3UWtkcE9ITndlVWRTYUdjNFJsRRAB,1.0,2025-10-18T22:34:21Z,2025-10-18T22:34:21Z,10 месяцев назад,,False,Google,https://www.google.com/maps/reviews/data=!4m8!14m7!1m6!2m5!1sCi9DQUlRQUNvZENodHljRjlvT25wd1kyWTVkRWR3UWtkcE9ITndlVWRTYUdjNFJsRRAB!2m1!1s0x0:0x90fc8bf9a8948b57!3m1!1s2@1:CAIQACodChtycF9oOnpwY2Y5dEdwQkdpOHNweUdSaGc4RlE%7C%7C?hl=ru,2026-09-07T23:53:49.564162+00:00,3.4,628
GIPSY,"Болотная наб., 3, строение 2, Москва, Россия, 119072",0x46b54baa0cef5465:0x90fc8bf9a8948b57,Ci9DQUlRQUNvZENodHljRjlvT25kZlJpMHhWMVZmTUdnd1J6Uk9XazluVDNRdFVtYxAB,4.0,2025-10-07T10:44:01Z,2025-10-07T10:44:01Z,11 месяцев назад,"Fun place, lots of people, music good if you’re into mainstream stuff. cocktails strong, crowd chill. not a fan of the entrance line, though, we waited 20 minutes to get in. still, a good vibe overall.",True,Google,https://www.google.com/maps/reviews/data=!4m8!14m7!1m6!2m5!1sCi9DQUlRQUNvZENodHljRjlvT25kZlJpMHhWMVZmTUdnd1J6Uk9XazluVDNRdFVtYxAB!2m1!1s0x0:0x90fc8bf9a8948b57!3m1!1s2@1:CAIQACodChtycF9oOndfRi0xV1VfMGgwRzROWk9nT3QtUmc%7C%7C?hl=ru,2026-09-07T23:53:49.564189+00:00,3.4,628
GIPSY,"Болотная наб., 3, строение 2, Москва, Россия, 119072",0x46b54baa0cef5465:0x90fc8bf9a8948b57,Ci9DQUlRQUNvZENodHljRjlvT2pKRFlWOU9hbVJSU0UxRVYwWkRhR2xpVkZGeGNHYxAB,1.0,2025-09-26T22:17:05Z,2025-09-26T22:17:05Z,11 месяцев назад,"Не попал на концерт любимого исполнителя , так как не прошел  фейс контроль , одет был прилично , пришел со второй половинкой ,  не смотря на покупку билета и соответствующий внешний вид,  было отказано . Отвратительное место , никому не советую.",True,Google,https://www.google.com/maps/reviews/data=!4m8!14m7!1m6!2m5!1sCi9DQUlRQUNvZENodHljRjlvT2pKRFlWOU9hbVJSU0UxRVYwWkRhR2xpVkZGeGNHYxAB!2m1!1s0x0:0x90fc8bf9a8948b57!3m1!1s2@1:CAIQACodChtycF9oOjJDYV9OamRRSE1EV0ZDaGliVFFxcGc%7C%7C?hl=ru,2026-09-07T23:53:49.564266+00:00,3.4,628
GIPSY,"Болотная наб., 3, строение 2, Москва, Россия, 119072",0x46b54baa0cef5465:0x90fc8bf9a8948b57,Ci9DQUlRQUNvZENodHljRjlvT25SSVF6bFhVVUpGTlc5RFlVRlVZWFJLU1ZkV09FRRAB,1.0,2025-09-20T00:43:26Z,2025-09-20T14:51:34Z,11 месяцев назад,"Отвратительное место
Огромное количество концертов организовывается на данной площадке, а попасть на эти концерты нет возможности, без объяснения причины вас просто развернут, ваша площадка интересна только со стороны выступающих артистов, в остальном из запоминающегося только хамло персонал с надменными лицами
Никогда больше не вернусь даже под предлогом концертов
Очень надеюсь на возврат средств, потому что ваша организация не стоит и копейки….
На входе сказали, что билеты отменили, возврат средств придет. Подошла уточнила перед уходом, на что получила ответ: ну мы же не первый год так работаем, таких ситуаций миллион, идите. После того, как была написана заявка в поддержку выяснилось, что никакую отмену не произвели и теперь нужно разбираться
Вот вам и образцово-показательное место с замечательным фейс контролем, состоящим из 2 человек: парня, сканирующего билеты, и охранника, которые решают, попадете вы на концерт любимого артиста или нет)",True,Google,https://www.google.com/maps/reviews/data=!4m8!14m7!1m6!2m5!1sCi9DQUlRQUNvZENodHljRjlvT25SSVF6bFhVVUpGTlc5RFlVRlVZWFJLU1ZkV09FRRAB!2m1!1s0x0:0x90fc8bf9a8948b57!3m1!1s2@1:CAIQACodChtycF9oOnRIQzlXUUJFNW9DYUFUYXRKSVdWOEE%7C%7C?hl=ru,2026-09-07T23:53:49.564300+00:00,3.4,628
GIPSY,"Болотная наб., 3, строение 2, Москва, Россия, 119072",0x46b54baa0cef5465:0x90fc8bf9a8948b57,Ci9DQUlRQUNvZENodHljRjlvT2t4TGNVSkJOV0pDWHpsVVZHUlVja0YxZWtwWlQzYxAB,1.0,2025-09-13T05:55:46Z,2025-09-13T05:55:46Z,11 месяцев назад,"Убогий персонал, в ночь 12 на 13.09 не попали на концерт, из за фэс контроля, интересно к чему это причастно, заведение отстой",True,Google,https://www.google.com/maps/reviews/data=!4m8!14m7!1m6!2m5!1sCi9DQUlRQUNvZENodHljRjlvT2t4TGNVSkJOV0pDWHpsVVZHUlVja0YxZWtwWlQzYxAB!2m1!1s0x0:0x90fc8bf9a8948b57!3m1!1s2@1:CAIQACodChtycF9oOkxLcUJBNWJCXzlUVGRUckF1ekpZT3c%7C%7C?hl=ru,2026-09-07T23:53:49.564348+00:00,3.4,628
GIPSY,"Болотная наб., 3, строение 2, Москва, Россия, 119072",0x46b54baa0cef5465:0x90fc8bf9a8948b57,Ci9DQUlRQUNvZENodHljRjlvT2xZNFlXUkhiSGRWVW1KdmMxZHRlRVYxT1ZBeGFWRRAB,1.0,2025-08-30T23:24:39Z,2025-08-30T23:24:39Z,год назад,"Без каких-либо объяснений на входе требуют проходку, когда ночь без депозита
Замечательное заведение)) никому не советую
Это был мой худший опыт",True,Google,https://www.google.com/maps/reviews/data=!4m8!14m7!1m6!2m5!1sCi9DQUlRQUNvZENodHljRjlvT2xZNFlXUkhiSGRWVW1KdmMxZHRlRVYxT1ZBeGFWRRAB!2m1!1s0x0:0x90fc8bf9a8948b57!3m1!1s2@1:CAIQACodChtycF9oOlY4YWRHbHdVUmJvc1dteEV1OVAxaVE%7C%7C?hl=ru,2026-09-07T23:53:49.564378+00:00,3.4,628
GIPSY,"Болотная наб., 3, строение 2, Москва, Россия, 119072",0x46b54baa0cef5465:0x90fc8bf9a8948b57,Ci9DQUlRQUNvZENodHljRjlvT21Jek9FWkdTSHBVWmpWNVVGZGlhM05ETFVvek5tYxAB,1.0,2025-08-26T07:38:45Z,2025-08-26T07:59:21Z,год назад,"Была в этом клубе год назад на концерте CMH, была приятно поражена атмосферой и вайбом, впечатления БЫЛИ хорошие. Спустя год (24.08.2025) пришли с сестрой сюда же на тот же концерт. В этот раз не впустили фейсеры без причины! Билеты куплены, оплачены. Мы пришли к 19:00 (начало концерта) нас попросили подождать до 19:50, так как не проходили по дресс коду. Не спорю, наш косяк. Мы без возмущений подождали 50 минут с другими ребятами, которых тоже не пропустили по причине несоответствия дресс кода. Затем пошли показывать билеты и паспорта и нас не пропустили вообще без причин! При этом ржали. Видео у меня имеется этих лиц (три скуфских охранника) и главное остальных ребят спокойно пропустили, а нас с сестрой нет. Пыталась решить проблему на месте. Один из них объявился якобы администратором (в этом я сильно сомневаюсь, думаю обманули) и сказал, что это не его проблемы, шуруйте отсюда и смеется)
Почитав отзывы других обманутых людей подобным образом бедолаг как мы и несуразные ответы владельца, могу сделать вывод, что это всё общая тема мошенничества! Эти вишибалы потом трясут деньги за проход и делят их между собой. Хотя, с чего вообще платить? У нас КУПЛЕН билет. Короче, понанимали зеков и зеки крышуют. Обидно! Было хорошее впечатление. Совести 0 у товарищей.",True,Google,https://www.google.com/maps/reviews/data=!4m8!14m7!1m6!2m5!1sCi9DQUlRQUNvZENodHljRjlvT21Jek9FWkdTSHBVWmpWNVVGZGlhM05ETFVvek5tYxAB!2m1!1s0x0:0x90fc8bf9a8948b57!3m1!1s2@1:CAIQACodChtycF9oOmIzOEZGSHpUZjV5UFdia3NDLUozNmc%7C%7C?hl=ru,2026-09-07T23:53:49.564408+00:00,3.4,628
GIPSY,"Болотная наб., 3, строение 2, Москва, Россия, 119072",0x46b54baa0cef5465:0x90fc8bf9a8948b57,Ci9DQUlRQUNvZENodHljRjlvT2tSdldUQjJkRkJLV0RSalZETXpVRVkzVmxKT05GRRAB,1.0,2025-08-22T21:39:42Z,2025-08-22T21:39:42Z,год назад,"Не пропустили по купленным билетам. Продали намного больше билетов, чем есть вместимость клуба, больше половины очереди отсеяли",True,Google,https://www.google.com/maps/reviews/data=!4m8!14m7!1m6!2m5!1sCi9DQUlRQUNvZENodHljRjlvT2tSdldUQjJkRkJLV0RSalZETXpVRVkzVmxKT05GRRAB!2m1!1s0x0:0x90fc8bf9a8948b57!3m1!1s2@1:CAIQACodChtycF9oOkRvWTB2dFBKWDRjVDMzUEY3VlJONFE%7C%7C?hl=ru,2026-09-07T23:53:49.564460+00:00,3.4,628
GIPSY,"Болотная наб., 3, строение 2, Москва, Россия, 119072",0x46b54baa0cef5465:0x90fc8bf9a8948b57,Ci9DQUlRQUNvZENodHljRjlvT25sdmRUWjRPSEZ2VjE4eVNXTlhjMUpVUzE4NFQwRRAB,1.0,2025-08-10T13:18:03Z,2025-08-10T13:18:03Z,год назад,"Хотели сходить к вам, но почитав отзывы, точно не пойдем. Хорошо билеты не купили)) странно, что вообще такое можно делать. И по ответам ""владельца"", чувствуется, что ему совершенно наплевать. Хотя в Москве столько народу, что на десять недовольных, придет куча довольных. Ужас даже не в заведении, а просто в гнилом человеке. У такого и не может быть ничего нормального.",True,Google,https://www.google.com/maps/reviews/data=!4m8!14m7!1m6!2m5!1sCi9DQUlRQUNvZENodHljRjlvT25sdmRUWjRPSEZ2VjE4eVNXTlhjMUpVUzE4NFQwRRAB!2m1!1s0x0:0x90fc8bf9a8948b57!3m1!1s2@1:CAIQACodChtycF9oOnlvdTZ4OHFvV18ySWNXc1JUS184T0E%7C%7C?hl=ru,2026-09-07T23:53:49.564490+00:00,3.4,628
GIPSY,"Болотная наб., 3, строение 2, Москва, Россия, 119072",0x46b54baa0cef5465:0x90fc8bf9a8948b57,Ci9DQUlRQUNvZENodHljRjlvT2xCclUwdFRORU5zWTNKU1pHdExiRlpQU1c5aFNXYxAB,2.0,2025-08-09T11:04:58Z,2025-08-09T11:04:58Z,год назад,كان هذا الملهى جيدا ولكن حاليا اصبح الامر استغلال خصوصا ذلك الموظف الذي يبدو اقرب للصينيين يقوم استغلال الزبائن طلب منا دفع مبلغ ٥٠ الف روبل ع ان جلسنا ف مكان الvib ووافقنا وادخلنا من ممر الvib ثم وصلنا لاخر جلسة بعيده عن المكان المخصص للرقص فغادرنا عندها قام بالسب,True,Google,https://www.google.com/maps/reviews/data=!4m8!14m7!1m6!2m5!1sCi9DQUlRQUNvZENodHljRjlvT2xCclUwdFRORU5zWTNKU1pHdExiRlpQU1c5aFNXYxAB!2m1!1s0x0:0x90fc8bf9a8948b57!3m1!1s2@1:CAIQACodChtycF9oOlBrU0tTNENsY3JSZGtLbFZPSW9hSWc%7C%7C?hl=ru,2026-09-07T23:53:49.564523+00:00,3.4,628
GIPSY,"Болотная наб., 3, строение 2, Москва, Россия, 119072",0x46b54baa0cef5465:0x90fc8bf9a8948b57,Ci9DQUlRQUNvZENodHljRjlvT2xoUk1GOXhVRzE2U2xWc01sbEJZVUowWm5sU0xWRRAB,1.0,2025-08-02T22:40:26Z,2025-08-02T22:40:26Z,год назад,Ужасная администрация ужасный персонал ужасная выпивка,True,Google,https://www.google.com/maps/reviews/data=!4m8!14m7!1m6!2m5!1sCi9DQUlRQUNvZENodHljRjlvT2xoUk1GOXhVRzE2U2xWc01sbEJZVUowWm5sU0xWRRAB!2m1!1s0x0:0x90fc8bf9a8948b57!3m1!1s2@1:CAIQACodChtycF9oOlhRMF9xUG16SlVsMllBYUJ0ZnlSLVE%7C%7C?hl=ru,2026-09-07T23:53:49.564555+00:00,3.4,628
GIPSY,"Болотная наб., 3, строение 2, Москва, Россия, 119072",0x46b54baa0cef5465:0x90fc8bf9a8948b57,Ci9DQUlRQUNvZENodHljRjlvT2t0RVdWZEROWHAzV1hWR2RYWktVVzlFYjBZMVRXYxAB,1.0,2025-07-11T23:58:41Z,2025-07-11T23:58:41Z,год назад,"Перед поездкой в gipsy, звонил им и узнавал стоимость депозита. Сказали 3к с лица. Приехали и охрана оценивающе с ног до головы выдали 25к с человека.",True,Google,https://www.google.com/maps/reviews/data=!4m8!14m7!1m6!2m5!1sCi9DQUlRQUNvZENodHljRjlvT2t0RVdWZEROWHAzV1hWR2RYWktVVzlFYjBZMVRXYxAB!2m1!1s0x0:0x90fc8bf9a8948b57!3m1!1s2@1:CAIQACodChtycF9oOktEWVdDNXp3WXVGdXZKUW9Eb0Y1TWc%7C%7C?hl=ru,2026-09-07T23:53:49.564581+00:00,3.4,628
GIPSY,"Болотная наб., 3, строение 2, Москва, Россия, 119072",0x46b54baa0cef5465:0x90fc8bf9a8948b57,Ci9DQUlRQUNvZENodHljRjlvT2tacGFWWldWemhpYjJaM1QxQlFkbXRtTkVkUmFGRRAB,5.0,2025-07-03T09:39:16Z,2025-07-03T09:39:16Z,год назад,Fiyatlar pahalı değil. Yaşadığım ülke gibi sömürmüyorlar. Atmosfer ve korografik danslar mükemmeldi. Gidecek olanlara tavsiye ederim,True,Google,https://www.google.com/maps/reviews/data=!4m8!14m7!1m6!2m5!1sCi9DQUlRQUNvZENodHljRjlvT2tacGFWWldWemhpYjJaM1QxQlFkbXRtTkVkUmFGRRAB!2m1!1s0x0:0x90fc8bf9a8948b57!3m1!1s2@1:CAIQACodChtycF9oOkZpaVZWVzhib2Z3T1BQdmtmNEdRaFE%7C%7C?hl=ru,2026-09-07T23:53:51.444307+00:00,3.4,628
GIPSY,"Болотная наб., 3, строение 2, Москва, Россия, 119072",0x46b54baa0cef5465:0x90fc8bf9a8948b57,Ci9DQUlRQUNvZENodHljRjlvT2tsUFEwWkRUa0pCVDJSMmVpMVlUakZoWW5wV2RHYxAB,1.0,2025-06-25T11:25:00Z,2025-06-25T11:25:00Z,год назад,,False,Google,https://www.google.com/maps/reviews/data=!4m8!14m7!1m6!2m5!1sCi9DQUlRQUNvZENodHljRjlvT2tsUFEwWkRUa0pCVDJSMmVpMVlUakZoWW5wV2RHYxAB!2m1!1s0x0:0x90fc8bf9a8948b57!3m1!1s2@1:CAIQACodChtycF9oOklPQ0ZDTkJBT2R2ei1YTjFhYnpWdGc%7C%7C?hl=ru,2026-09-07T23:53:51.444520+00:00,3.4,628
GIPSY,"Болотная наб., 3, строение 2, Москва, Россия, 119072",0x46b54baa0cef5465:0x90fc8bf9a8948b57,Ci9DQUlRQUNvZENodHljRjlvT2tFd2VTMWpjVmd5VW5Sd1NrbGlVazlhYlRJNU1tYxAB,1.0,2025-06-21T10:46:09Z,2025-06-21T10:46:09Z,год назад,"Двойственное впечатление. Была в данном заведении более 8 раз.
Атмосфера на высоте, много барных стоек, за счет чего ни кто не стоит на голове пока изучаешь меню, чистота, в клубе охрана на каждом углу, ни разу не были замечены драки, какие-то потасовки присекались сразу.
НО ЕСТЬ ОГРОМНОЕ НО!!!
Фейсконтроль на входе в клуб это какая-то отдельная каста по принципу ""а давайте сыграем в русскую рулетку"" Вообще не понятен принцип входа, сегодня депозит 3к, завтра 6к (это с тем учётом что кол-во людей всегда одно) захотели разрешили пройти, захотели отказали без объяснения причин!!!
Вчера на входе проверив паспорта, затем отвлеклись на промоутеров обсудив какой-то вопрос, прервав оплату, нас с подругой развернули со словами ""извините,сегодня вы не сможете попасть в клуб"". Ну вы сначала
завершите !начатый!  диалог с гостем, а потом отвлекайтесь на посторонние разговоры, тем более там не один сотрудник стоит с кем можно обсудить рабочие моменты!!!
В итоге настроение испорчено и в следующий раз я навряд уже вернусь в ваше заведение.",True,Google,https://www.google.com/maps/reviews/data=!4m8!14m7!1m6!2m5!1sCi9DQUlRQUNvZENodHljRjlvT2tFd2VTMWpjVmd5VW5Sd1NrbGlVazlhYlRJNU1tYxAB!2m1!1s0x0:0x90fc8bf9a8948b57!3m1!1s2@1:CAIQACodChtycF9oOkEweS1jcVgyUnRwSkliUk9abTI5Mmc%7C%7C?hl=ru,2026-09-07T23:53:51.444583+00:00,3.4,628
GIPSY,"Болотная наб., 3, строение 2, Москва, Россия, 119072",0x46b54baa0cef5465:0x90fc8bf9a8948b57,Ci9DQUlRQUNvZENodHljRjlvT2xObVoydEdjVlZJUmtSc2MxWlFVM0ZxZWtaQ2JsRRAB,1.0,2025-05-31T19:29:01Z,2025-05-31T19:29:01Z,год назад,"Отвратительное место. Душно, жарко, алкоголь отвратного качества, про еду молчу.",True,Google,https://www.google.com/maps/reviews/data=!4m8!14m7!1m6!2m5!1sCi9DQUlRQUNvZENodHljRjlvT2xObVoydEdjVlZJUmtSc2MxWlFVM0ZxZWtaQ2JsRRAB!2m1!1s0x0:0x90fc8bf9a8948b57!3m1!1s2@1:CAIQACodChtycF9oOlNmZ2tGcVVIRkRsc1ZQU3FqekZCblE%7C%7C?hl=ru,2026-09-07T23:53:51.444650+00:00,3.4,628
GIPSY,"Болотная наб., 3, строение 2, Москва, Россия, 119072",0x46b54baa0cef5465:0x90fc8bf9a8948b57,ChZDSUhNMG9nS0VJQ0FnTURvMkxidkRBEAE,1.0,2025-04-21T19:51:48Z,2025-04-21T19:51:48Z,год назад,,False,Google,https://www.google.com/maps/reviews/data=!4m8!14m7!1m6!2m5!1sChZDSUhNMG9nS0VJQ0FnTURvMkxidkRBEAE!2m1!1s0x0:0x90fc8bf9a8948b57!3m1!1s2@1:CIHM0ogKEICAgMDo2LbvDA%7C%7C?hl=ru,2026-09-07T23:53:51.444688+00:00,3.4,628
GIPSY,"Болотная наб., 3, строение 2, Москва, Россия, 119072",0x46b54baa0cef5465:0x90fc8bf9a8948b57,ChdDSUhNMG9nS0VJQ0FnTURJNXRlSnhBRRAB,1.0,2025-04-09T12:02:37Z,2025-04-09T12:02:37Z,год назад,,False,Google,https://www.google.com/maps/reviews/data=!4m8!14m7!1m6!2m5!1sChdDSUhNMG9nS0VJQ0FnTURJNXRlSnhBRRAB!2m1!1s0x0:0x90fc8bf9a8948b57!3m1!1s2@1:CIHM0ogKEICAgMDI5teJxAE%7C%7C?hl=ru,2026-09-07T23:53:51.444714+00:00,3.4,628
GIPSY,"Болотная наб., 3, строение 2, Москва, Россия, 119072",0x46b54baa0cef5465:0x90fc8bf9a8948b57,ChZDSUhNMG9nS0VJQ0FnTUNJbTdHMklnEAE,1.0,2025-04-04T21:17:43Z,2025-04-04T21:17:43Z,год назад,مقلب .. not good at all,True,Google,https://www.google.com/maps/reviews/data=!4m8!14m7!1m6!2m5!1sChZDSUhNMG9nS0VJQ0FnTUNJbTdHMklnEAE!2m1!1s0x0:0x90fc8bf9a8948b57!3m1!1s2@1:CIHM0ogKEICAgMCIm7G2Ig%7C%7C?hl=ru,2026-09-07T23:53:51.444741+00:00,3.4,628
GIPSY,"Болотная наб., 3, строение 2, Москва, Россия, 119072",0x46b54baa0cef5465:0x90fc8bf9a8948b57,ChdDSUhNMG9nS0VJQ0FnTUR3OE03RS1RRRAB,1.0,2025-03-22T23:45:42Z,2025-03-22T23:45:42Z,год назад,,False,Google,https://www.google.com/maps/reviews/data=!4m8!14m7!1m6!2m5!1sChdDSUhNMG9nS0VJQ0FnTUR3OE03RS1RRRAB!2m1!1s0x0:0x90fc8bf9a8948b57!3m1!1s2@1:CIHM0ogKEICAgMDw8M7E-QE%7C%7C?hl=ru,2026-09-07T23:53:51.444769+00:00,3.4,628
GIPSY,"Болотная наб., 3, строение 2, Москва, Россия, 119072",0x46b54baa0cef5465:0x90fc8bf9a8948b57,ChdDSUhNMG9nS0VJQ0FnTURRbGRfcXZBRRAB,1.0,2025-03-12T17:09:04Z,2025-03-12T17:09:04Z,год назад,"ОТРАВИЛИ! Были с мужем в ВК Джипси 8 марта с 1:00 до 3:00 ночи, в конце зачем-то (уже сто раз пожалела) решила взять себе шаурму с курицей. Муж не стал есть, съела только я. И больше, кроме этой шаурмы я ничего не ела. Как итог - дикое отравление с ТЕМПЕРАТУРОЙ 38.2 уже 2 дня!! Подключила врачей уже.
Абсолютно халтурные коктейли, куда капают несколько капель алкоголя.
Из плюсов - хорошее шоу, танцевали отлично (на этом всё).
Была здесь несколько раз, но это было 3-4 года назад, такого ужаса никогда не было!!
Решайте сами, но главное НИЧЕГО ЗДЕСЬ НЕ ПОКУПАЙТЕ ИЗ ЕДЫ!! Просто предостерегаю людей от ОТРАВЛЕНИЯ.",True,Google,https://www.google.com/maps/reviews/data=!4m8!14m7!1m6!2m5!1sChdDSUhNMG9nS0VJQ0FnTURRbGRfcXZBRRAB!2m1!1s0x0:0x90fc8bf9a8948b57!3m1!1s2@1:CIHM0ogKEICAgMDQld_qvAE%7C%7C?hl=ru,2026-09-07T23:53:51.444796+00:00,3.4,628
GIPSY,"Болотная наб., 3, строение 2, Москва, Россия, 119072",0x46b54baa0cef5465:0x90fc8bf9a8948b57,ChZDSUhNMG9nS0VJQ0FnTUNnMmVyNEZREAE,1.0,2025-02-18T22:51:15Z,2025-02-18T22:51:15Z,год назад,"Отстой. Хотели в 2 часа ночи зайти на огонек во вторник, а Вы закрыты. Потеряли 5 потенциальных гостей. Сервис - не Ваш конек. Ставлю 1 звезду, так как ничего и не попробовали, а хотели хорошенько потратиться. Ушли злые и неудовлетверенные",True,Google,https://www.google.com/maps/reviews/data=!4m8!14m7!1m6!2m5!1sChZDSUhNMG9nS0VJQ0FnTUNnMmVyNEZREAE!2m1!1s0x0:0x90fc8bf9a8948b57!3m1!1s2@1:CIHM0ogKEICAgMCg2er4FQ%7C%7C?hl=ru,2026-09-07T23:53:51.444835+00:00,3.4,628
GIPSY,"Болотная наб., 3, строение 2, Москва, Россия, 119072",0x46b54baa0cef5465:0x90fc8bf9a8948b57,ChdDSUhNMG9nS0VJQ0FnTURBOXAzbW1BRRAB,1.0,2025-02-08T23:19:12Z,2025-02-08T23:19:12Z,год назад,"⚠️ warning ⚠️

As a non-local, you will singled out and treated differently from other patrons. The staff will ask u to pay an exorbitant amount of over than 30,000 ₽ to get a table ( the entrance fee is 3000 ₽) , which was significantly higher than what others seemed to be paying. you will be targeted and unwelcome.

the way the staff will look at you  and interacte with you manipulatively and disrespectfully.  they will take advantage of the fact that you are not from the area.",True,Google,https://www.google.com/maps/reviews/data=!4m8!14m7!1m6!2m5!1sChdDSUhNMG9nS0VJQ0FnTURBOXAzbW1BRRAB!2m1!1s0x0:0x90fc8bf9a8948b57!3m1!1s2@1:CIHM0ogKEICAgMDA9p3mmAE%7C%7C?hl=ru,2026-09-07T23:53:51.444864+00:00,3.4,628
GIPSY,"Болотная наб., 3, строение 2, Москва, Россия, 119072",0x46b54baa0cef5465:0x90fc8bf9a8948b57,ChdDSUhNMG9nS0VJQ0FnTURBOW9qMjJ3RRAB,1.0,2025-02-08T22:23:10Z,2025-02-08T22:23:10Z,год назад,אין שירות,True,Google,https://www.google.com/maps/reviews/data=!4m8!14m7!1m6!2m5!1sChdDSUhNMG9nS0VJQ0FnTURBOW9qMjJ3RRAB!2m1!1s0x0:0x90fc8bf9a8948b57!3m1!1s2@1:CIHM0ogKEICAgMDA9oj22wE%7C%7C?hl=ru,2026-09-07T23:53:51.444898+00:00,3.4,628
GIPSY,"Болотная наб., 3, строение 2, Москва, Россия, 119072",0x46b54baa0cef5465:0x90fc8bf9a8948b57,ChZDSUhNMG9nS0VJQ0FnSUNfaTlhTmVnEAE,5.0,2025-01-19T00:08:17Z,2025-01-19T00:08:17Z,год назад,,False,Google,https://www.google.com/maps/reviews/data=!4m8!14m7!1m6!2m5!1sChZDSUhNMG9nS0VJQ0FnSUNfaTlhTmVnEAE!2m1!1s0x0:0x90fc8bf9a8948b57!3m1!1s2@1:CIHM0ogKEICAgIC_i9aNeg%7C%7C?hl=ru,2026-09-07T23:53:51.444931+00:00,3.4,628
GIPSY,"Болотная наб., 3, строение 2, Москва, Россия, 119072",0x46b54baa0cef5465:0x90fc8bf9a8948b57,ChRDSUhNMG9nS0VJQ0FnSURmcHVoSRAB,1.0,2025-01-06T02:22:36Z,2025-01-06T02:22:36Z,год назад,لا يستحق الزياره فهم يستغلونك يجعلونك دفع طاوله وصنعون المشكله لك لكي يخرجونك جدا سي في كل شي,True,Google,https://www.google.com/maps/reviews/data=!4m8!14m7!1m6!2m5!1sChRDSUhNMG9nS0VJQ0FnSURmcHVoSRAB!2m1!1s0x0:0x90fc8bf9a8948b57!3m1!1s2@1:CIHM0ogKEICAgIDfpuhI%7C%7C?hl=ru,2026-09-07T23:53:51.444968+00:00,3.4,628
GIPSY,"Болотная наб., 3, строение 2, Москва, Россия, 119072",0x46b54baa0cef5465:0x90fc8bf9a8948b57,ChZDSUhNMG9nS0VJQ0FnSUNmdTZHc0NBEAE,1.0,2025-01-01T23:58:32Z,2025-01-01T23:59:14Z,год назад,"С первого января на второе играл отстойный пьяный диджей который не мог банально зал раскачать, и пищдел через каждый трек,херня
Ещё и шары за касарь, сумма которых в депозит не входит,с этого я вообще выпал)))",True,Google,https://www.google.com/maps/reviews/data=!4m8!14m7!1m6!2m5!1sChZDSUhNMG9nS0VJQ0FnSUNmdTZHc0NBEAE!2m1!1s0x0:0x90fc8bf9a8948b57!3m1!1s2@1:CIHM0ogKEICAgICfu6GsCA%7C%7C?hl=ru,2026-09-07T23:53:51.444997+00:00,3.4,628
GIPSY,"Болотная наб., 3, строение 2, Москва, Россия, 119072",0x46b54baa0cef5465:0x90fc8bf9a8948b57,ChZDSUhNMG9nS0VJQ0FnSUR2eGJQREhBEAE,3.0,2024-12-22T08:02:26Z,2024-12-22T08:02:26Z,год назад,"Охрана нормальная, музыка из сплошных ремиксов, дорогие столики, депозиты от 30-50к... Клуб большой, хз зачем там музыканты из Африки....",True,Google,https://www.google.com/maps/reviews/data=!4m8!14m7!1m6!2m5!1sChZDSUhNMG9nS0VJQ0FnSUR2eGJQREhBEAE!2m1!1s0x0:0x90fc8bf9a8948b57!3m1!1s2@1:CIHM0ogKEICAgIDvxbPDHA%7C%7C?hl=ru,2026-09-07T23:53:51.445028+00:00,3.4,628
GIPSY,"Болотная наб., 3, строение 2, Москва, Россия, 119072",0x46b54baa0cef5465:0x90fc8bf9a8948b57,ChdDSUhNMG9nS0VJQ0FnSUN2d19TYW9RRRAB,1.0,2024-12-14T03:28:47Z,2024-12-14T03:28:47Z,год назад,"Самый худший клуб в Москве!Покупая билеты на любимых артистов,знайте,хорошо выглядев,вас могут просто отправить на выход,без объяснения причин,за ваши же деньги!Беспредел!Вечер испорчен,осадок остался.",True,Google,https://www.google.com/maps/reviews/data=!4m8!14m7!1m6!2m5!1sChdDSUhNMG9nS0VJQ0FnSUN2d19TYW9RRRAB!2m1!1s0x0:0x90fc8bf9a8948b57!3m1!1s2@1:CIHM0ogKEICAgICvw_SaoQE%7C%7C?hl=ru,2026-09-07T23:53:51.445058+00:00,3.4,628
GIPSY,"Болотная наб., 3, строение 2, Москва, Россия, 119072",0x46b54baa0cef5465:0x90fc8bf9a8948b57,ChZDSUhNMG9nS0VJQ0FnSUN2MWFuc2Z3EAE,1.0,2024-12-13T06:53:01Z,2024-12-13T06:53:01Z,год назад,"Купили с другом билеты на концерт «ЛСП» 29 ноября 2024. По итогу на входе нас не пропустили без объяснения причин. Правил площадки мы не нарушали. Вечер испорчен… время, деньги, нервы, ожидания потрачены в пустую, человек работающий на досмотре сказал что деньги вернутся в течении 4-х дней.
Прошло уже 14… деньги обратно не поступили.
Позорники",True,Google,https://www.google.com/maps/reviews/data=!4m8!14m7!1m6!2m5!1sChZDSUhNMG9nS0VJQ0FnSUN2MWFuc2Z3EAE!2m1!1s0x0:0x90fc8bf9a8948b57!3m1!1s2@1:CIHM0ogKEICAgICv1ansfw%7C%7C?hl=ru,2026-09-07T23:53:51.445092+00:00,3.4,628
GIPSY,"Болотная наб., 3, строение 2, Москва, Россия, 119072",0x46b54baa0cef5465:0x90fc8bf9a8948b57,ChdDSUhNMG9nS0VJQ0FnSURQbkxHdXFBRRAB,1.0,2024-11-30T01:04:03Z,2024-11-30T01:04:03Z,год назад,"Фейс контроль не пускает без каких либо причин, не ходите сюда!!!!!",True,Google,https://www.google.com/maps/reviews/data=!4m8!14m7!1m6!2m5!1sChdDSUhNMG9nS0VJQ0FnSURQbkxHdXFBRRAB!2m1!1s0x0:0x90fc8bf9a8948b57!3m1!1s2@1:CIHM0ogKEICAgIDPnLGuqAE%7C%7C?hl=ru,2026-09-07T23:53:51.445208+00:00,3.4,628
GIPSY,"Болотная наб., 3, строение 2, Москва, Россия, 119072",0x46b54baa0cef5465:0x90fc8bf9a8948b57,ChZDSUhNMG9nS0VJQ0FnSURQbk9qSk9nEAE,1.0,2024-11-30T00:13:03Z,2024-11-30T00:13:03Z,год назад,"Самый худший клуб в России в котором я был! Были прилично одеты, приехали с другого города, в полном адекватном состоянии и не в алкогольном опьянении, купили билеты за 2 недели до начала!!!! За пару дней до дня рождения не пустили, видите ли не пошли фейс контроль, хотя даже паспорт не смотрели!! Просто беспредел… максимально испорченные выходные и самое худшее впечатление из-за данного клуба и к тому же испорченый подарок на день рождение! Больше никогда сюда не вернемся!!
Персонаж из так называемого «фейс контроля» даже не смотрел, просто отказал! Был одет неопрятно в самых дешевых тряпках с рынка! Полнейший бред…
Надеюсь данное заведение закроют чтобы не было таких ситуаций и судя по отзывам мы не одни такие.",True,Google,https://www.google.com/maps/reviews/data=!4m8!14m7!1m6!2m5!1sChZDSUhNMG9nS0VJQ0FnSURQbk9qSk9nEAE!2m1!1s0x0:0x90fc8bf9a8948b57!3m1!1s2@1:CIHM0ogKEICAgIDPnOjJOg%7C%7C?hl=ru,2026-09-07T23:53:51.445262+00:00,3.4,628
GIPSY,"Болотная наб., 3, строение 2, Москва, Россия, 119072",0x46b54baa0cef5465:0x90fc8bf9a8948b57,ChZDSUhNMG9nS0VJQ0FnSURYaDlhNVJnEAE,1.0,2024-10-31T14:09:50Z,2024-10-31T14:09:50Z,год назад,"Купил билет,не пустили,деньги до сих пор не вернули.Никому не советую,развод.",True,Google,https://www.google.com/maps/reviews/data=!4m8!14m7!1m6!2m5!1sChZDSUhNMG9nS0VJQ0FnSURYaDlhNVJnEAE!2m1!1s0x0:0x90fc8bf9a8948b57!3m1!1s2@1:CIHM0ogKEICAgIDXh9a5Rg%7C%7C?hl=ru,2026-09-07T23:53:53.879942+00:00,3.4,628
GIPSY,"Болотная наб., 3, строение 2, Москва, Россия, 119072",0x46b54baa0cef5465:0x90fc8bf9a8948b57,ChdDSUhNMG9nS0VJQ0FnSURYbzctU2dnRRAB,1.0,2024-10-30T18:20:03Z,2024-10-30T18:20:03Z,год назад,"Купил билет на концерт в гипси. Но не прошел контроль.Деньги сказали вернут, но до сих пор нет. Просто развод, потерянное время, и испорченный вечер. Не советую посещать это заведение.",True,Google,https://www.google.com/maps/reviews/data=!4m8!14m7!1m6!2m5!1sChdDSUhNMG9nS0VJQ0FnSURYbzctU2dnRRAB!2m1!1s0x0:0x90fc8bf9a8948b57!3m1!1s2@1:CIHM0ogKEICAgIDXo7-SggE%7C%7C?hl=ru,2026-09-07T23:53:53.880098+00:00,3.4,628
GIPSY,"Болотная наб., 3, строение 2, Москва, Россия, 119072",0x46b54baa0cef5465:0x90fc8bf9a8948b57,ChdDSUhNMG9nS0VJQ0FnSUNuX2ZLTDJ3RRAB,1.0,2024-09-29T02:39:32Z,2024-09-29T02:39:32Z,год назад,"Не пустили на фейс контроле,  очередь была большой. Не понятно по каким причинам, нахамили и выгнали как каких то бомжей.... Мы протягиваем билет и паспорта, обе с подругой совершеннолетние, по всем правилам подходим. Нам говорят, уходите, я говорю, в плане? Он говорит в прямом и пихает нас. Настроение испорчено, деньги на такси жалко.. ждали очень долго а в результате даже не пустили. Просто хамство..............",True,Google,https://www.google.com/maps/reviews/data=!4m8!14m7!1m6!2m5!1sChdDSUhNMG9nS0VJQ0FnSUNuX2ZLTDJ3RRAB!2m1!1s0x0:0x90fc8bf9a8948b57!3m1!1s2@1:CIHM0ogKEICAgICn_fKL2wE%7C%7C?hl=ru,2026-09-07T23:53:53.880146+00:00,3.4,628
GIPSY,"Болотная наб., 3, строение 2, Москва, Россия, 119072",0x46b54baa0cef5465:0x90fc8bf9a8948b57,ChZDSUhNMG9nS0VJQ0FnSUNudmVINVp3EAE,5.0,2024-09-29T00:41:48Z,2024-09-29T00:41:48Z,год назад,"В данный момент нахожусь в данном заведении. Это один из лучших клубов где я был. Ребят, спасибо Вам большое, за такую прекрасную ночь, Вы лучшие. Всем рекомендую посетить данное заведение❤️",True,Google,https://www.google.com/maps/reviews/data=!4m8!14m7!1m6!2m5!1sChZDSUhNMG9nS0VJQ0FnSUNudmVINVp3EAE!2m1!1s0x0:0x90fc8bf9a8948b57!3m1!1s2@1:CIHM0ogKEICAgICnveH5Zw%7C%7C?hl=ru,2026-09-07T23:53:53.880194+00:00,3.4,628
GIPSY,"Болотная наб., 3, строение 2, Москва, Россия, 119072",0x46b54baa0cef5465:0x90fc8bf9a8948b57,ChZDSUhNMG9nS0VJQ0FnSURicXNmT0FREAE,1.0,2024-08-04T07:50:15Z,2024-08-04T07:50:15Z,2 года назад,"Столкнулись, с той же проблемой, что и многие. Фейсы просто не пустили и аннулировали билет, без каких-либо причин, попутно пытаясь впарить столик за 50к",True,Google,https://www.google.com/maps/reviews/data=!4m8!14m7!1m6!2m5!1sChZDSUhNMG9nS0VJQ0FnSURicXNmT0FREAE!2m1!1s0x0:0x90fc8bf9a8948b57!3m1!1s2@1:CIHM0ogKEICAgIDbqsfOAQ%7C%7C?hl=ru,2026-09-07T23:53:53.880231+00:00,3.4,628
GIPSY,"Болотная наб., 3, строение 2, Москва, Россия, 119072",0x46b54baa0cef5465:0x90fc8bf9a8948b57,ChZDSUhNMG9nS0VJQ0FnSURiblBIQkVnEAE,1.0,2024-08-03T00:02:37Z,2024-08-03T00:02:37Z,2 года назад,"Это место было классным в 2013 последний раз 😄 на входе очередь не двигается, хотя внутри достаточно свободно. Дальше разводили на каждом шагу 😄
Предложили пройти через вип вход со столом за 25к на 5 человек в пятницу. Ну ок) коктейли - вода, контингент сомнительный. Решили заказать вино чтобы не пить сладкую воду вместо коктейлей. Принесли бутылку за х7 от цены Simple Wine не согласовав прайс и потом рассказывали сказки что нельзя отменить заказ закрытой бутылки вина. Хотя статья 782 ГК РФ была на нашей стороне. Мы решили забить, не портить вечер уж до конца и оставили 40к за сомнительный сервис. Ну што ш 😅
Кальянщик топ",True,Google,https://www.google.com/maps/reviews/data=!4m8!14m7!1m6!2m5!1sChZDSUhNMG9nS0VJQ0FnSURiblBIQkVnEAE!2m1!1s0x0:0x90fc8bf9a8948b57!3m1!1s2@1:CIHM0ogKEICAgIDbnPHBEg%7C%7C?hl=ru,2026-09-07T23:53:53.880271+00:00,3.4,628
GIPSY,"Болотная наб., 3, строение 2, Москва, Россия, 119072",0x46b54baa0cef5465:0x90fc8bf9a8948b57,ChdDSUhNMG9nS0VJQ0FnSURibk9Id3RnRRAB,1.0,2024-08-02T23:57:42Z,2024-08-02T23:57:42Z,2 года назад,"Atmosphere was acceptable, but the service really bad and super overpriced, You find much better places in Moscow, my recommendation is to choose one of the other cubs",True,Google,https://www.google.com/maps/reviews/data=!4m8!14m7!1m6!2m5!1sChdDSUhNMG9nS0VJQ0FnSURibk9Id3RnRRAB!2m1!1s0x0:0x90fc8bf9a8948b57!3m1!1s2@1:CIHM0ogKEICAgIDbnOHwtgE%7C%7C?hl=ru,2026-09-07T23:53:53.880323+00:00,3.4,628
GIPSY,"Болотная наб., 3, строение 2, Москва, Россия, 119072",0x46b54baa0cef5465:0x90fc8bf9a8948b57,ChdDSUhNMG9nS0VJQ0FnSURibk1HeWxnRRAB,1.0,2024-08-02T23:55:48Z,2024-08-02T23:55:48Z,2 года назад,"It‘s not what it used to be, the dancers were nice but the service is really bad",True,Google,https://www.google.com/maps/reviews/data=!4m8!14m7!1m6!2m5!1sChdDSUhNMG9nS0VJQ0FnSURibk1HeWxnRRAB!2m1!1s0x0:0x90fc8bf9a8948b57!3m1!1s2@1:CIHM0ogKEICAgIDbnMGylgE%7C%7C?hl=ru,2026-09-07T23:53:53.880362+00:00,3.4,628
GIPSY,"Болотная наб., 3, строение 2, Москва, Россия, 119072",0x46b54baa0cef5465:0x90fc8bf9a8948b57,ChdDSUhNMG9nS0VJQ0FnSURiblA2Y3N3RRAB,1.0,2024-08-02T23:53:20Z,2024-08-02T23:53:20Z,2 года назад,"Old club,it was nice before, but now they just try to rip you off",True,Google,https://www.google.com/maps/reviews/data=!4m8!14m7!1m6!2m5!1sChdDSUhNMG9nS0VJQ0FnSURiblA2Y3N3RRAB!2m1!1s0x0:0x90fc8bf9a8948b57!3m1!1s2@1:CIHM0ogKEICAgIDbnP6cswE%7C%7C?hl=ru,2026-09-07T23:53:53.880396+00:00,3.4,628
GIPSY,"Болотная наб., 3, строение 2, Москва, Россия, 119072",0x46b54baa0cef5465:0x90fc8bf9a8948b57,ChZDSUhNMG9nS0VJQ0FnSURibk43aFR3EAE,1.0,2024-08-02T23:51:13Z,2024-08-02T23:51:13Z,2 года назад,"Bad music, and they just try to rip you off, bring you cheap wine for 8x the price. My recommendation go to yausa or blanc",True,Google,https://www.google.com/maps/reviews/data=!4m8!14m7!1m6!2m5!1sChZDSUhNMG9nS0VJQ0FnSURibk43aFR3EAE!2m1!1s0x0:0x90fc8bf9a8948b57!3m1!1s2@1:CIHM0ogKEICAgIDbnN7hTw%7C%7C?hl=ru,2026-09-07T23:53:53.880429+00:00,3.4,628
GIPSY,"Болотная наб., 3, строение 2, Москва, Россия, 119072",0x46b54baa0cef5465:0x90fc8bf9a8948b57,ChdDSUhNMG9nS0VJQ0FnSUNibnFIOTh3RRAB,1.0,2024-07-27T12:25:23Z,2024-07-27T12:25:23Z,2 года назад,Охеревший персонал,True,Google,https://www.google.com/maps/reviews/data=!4m8!14m7!1m6!2m5!1sChdDSUhNMG9nS0VJQ0FnSUNibnFIOTh3RRAB!2m1!1s0x0:0x90fc8bf9a8948b57!3m1!1s2@1:CIHM0ogKEICAgICbnqH98wE%7C%7C?hl=ru,2026-09-07T23:53:53.880459+00:00,3.4,628
GIPSY,"Болотная наб., 3, строение 2, Москва, Россия, 119072",0x46b54baa0cef5465:0x90fc8bf9a8948b57,ChdDSUhNMG9nS0VJQ0FnSURyNS1UZndRRRAB,1.0,2024-07-20T22:54:31Z,2024-07-20T22:54:31Z,2 года назад,"Максимально стрёмное место, в которое не пускают без объяснения причин. Не советую туда ходить, только время потеряете. Есть места более дружелюбные",True,Google,https://www.google.com/maps/reviews/data=!4m8!14m7!1m6!2m5!1sChdDSUhNMG9nS0VJQ0FnSURyNS1UZndRRRAB!2m1!1s0x0:0x90fc8bf9a8948b57!3m1!1s2@1:CIHM0ogKEICAgIDr5-TfwQE%7C%7C?hl=ru,2026-09-07T23:53:53.880487+00:00,3.4,628
GIPSY,"Болотная наб., 3, строение 2, Москва, Россия, 119072",0x46b54baa0cef5465:0x90fc8bf9a8948b57,ChdDSUhNMG9nS0VJQ0FnSURyaTh1SS1BRRAB,1.0,2024-07-20T06:45:52Z,2024-07-20T06:45:52Z,2 года назад,"Итак, хотел с другом вчера попасть в этот клуб, предварительно прочитав отзывы о нем, где говорилось о «схеме» с фейс контролем… Изначально я не очень поверил этим отзывам, так как всякое может быть, но по приезде в клуб я поменял свое мнение.
Как говорилось во многих отзывах ниже - людей просто разворачивают у входа, подкрепляя это тем, что ты не прошел фейс контроль. По каким критериям они это смотрят? Никто этого сказать не может.
Мы были трезвые, хорошо одетые, никому не грубили, да, мы отказались от оплаты депозита за стол в размере 20 тысяч рублей, потому что стол нам совсем был неинтересен. Я думаю, что суть схемы заключается в том, чтобы пускать только платежеспособных граждан (не можешь позволить стол - тебе тут не место). Вся это процедура выглядела максимально дешево и глупо, мнение о клубе очень сильно испортилось, хотя мы даже не были внутри.
Если вы не хотите сыграть в рулетку с прохождением фейс контроля , тогда ищите другие клубы, где нет таких дешевых разводил.
Крайне не советую этот клуб, жду деньги за мой депозит.",True,Google,https://www.google.com/maps/reviews/data=!4m8!14m7!1m6!2m5!1sChdDSUhNMG9nS0VJQ0FnSURyaTh1SS1BRRAB!2m1!1s0x0:0x90fc8bf9a8948b57!3m1!1s2@1:CIHM0ogKEICAgIDri8uI-AE%7C%7C?hl=ru,2026-09-07T23:53:53.880518+00:00,3.4,628
GIPSY,"Болотная наб., 3, строение 2, Москва, Россия, 119072",0x46b54baa0cef5465:0x90fc8bf9a8948b57,ChdDSUhNMG9nS0VJQ0FnSURyNU5MSGpRRRAB,1.0,2024-07-15T06:34:07Z,2024-07-15T06:34:07Z,2 года назад,"Ну что, пора тоже написать отзыв об этом заведение…
Концерт Нилетто 12 июля, пятница.
Приехали мы из Нижнего Новгорода, ближний путь)) Были хорошо одеты, трезвые. Были в 2 с подружкой. Подходим мы к парням, которые проверяли билеты, просят нас их показать, все окей, они сканируют их и мы проходим дальше. А дальше нам попросту говорят, что вы не проходите и деньги за билеты вам вернут на карту. Сегодня проходят только дипозиты столов ( это на минуту 80к. Скрины прилагаю)
То есть нас попросту разворачивают! Не представляют чек, хотя мы просили их это сделать. Да и попросту обманули ничего не сказав, начали сканировать билеты.
Я от всей души не советую ехать в этот клуб! Разводилово! Съем девчонок прямо у клуба на улице.",True,Google,https://www.google.com/maps/reviews/data=!4m8!14m7!1m6!2m5!1sChdDSUhNMG9nS0VJQ0FnSURyNU5MSGpRRRAB!2m1!1s0x0:0x90fc8bf9a8948b57!3m1!1s2@1:CIHM0ogKEICAgIDr5NLHjQE%7C%7C?hl=ru,2026-09-07T23:53:53.880577+00:00,3.4,628
GIPSY,"Болотная наб., 3, строение 2, Москва, Россия, 119072",0x46b54baa0cef5465:0x90fc8bf9a8948b57,ChZDSUhNMG9nS0VJQ0FnSURyb0xXS0tnEAE,1.0,2024-07-12T23:36:42Z,2024-07-12T23:36:42Z,2 года назад,,False,Google,https://www.google.com/maps/reviews/data=!4m8!14m7!1m6!2m5!1sChZDSUhNMG9nS0VJQ0FnSURyb0xXS0tnEAE!2m1!1s0x0:0x90fc8bf9a8948b57!3m1!1s2@1:CIHM0ogKEICAgIDroLWKKg%7C%7C?hl=ru,2026-09-07T23:53:53.880627+00:00,3.4,628
GIPSY,"Болотная наб., 3, строение 2, Москва, Россия, 119072",0x46b54baa0cef5465:0x90fc8bf9a8948b57,ChdDSUhNMG9nS0VJQ0FnSURyb05HQThBRRAB,2.0,2024-07-12T23:08:51Z,2024-07-12T23:08:51Z,2 года назад,,False,Google,https://www.google.com/maps/reviews/data=!4m8!14m7!1m6!2m5!1sChdDSUhNMG9nS0VJQ0FnSURyb05HQThBRRAB!2m1!1s0x0:0x90fc8bf9a8948b57!3m1!1s2@1:CIHM0ogKEICAgIDroNGA8AE%7C%7C?hl=ru,2026-09-07T23:53:53.880656+00:00,3.4,628
GIPSY,"Болотная наб., 3, строение 2, Москва, Россия, 119072",0x46b54baa0cef5465:0x90fc8bf9a8948b57,ChdDSUhNMG9nS0VJQ0FnSUNyd1BPVjh3RRAB,1.0,2024-07-03T02:20:57Z,2024-07-03T02:20:57Z,2 года назад,"Потратили классом 17к,абсолютно ничего интересного не было,старая музыка,отвратительная еда ,душное и жаркое помещение ,если хотите просто так потратить деньги ,то вам сюда",True,Google,https://www.google.com/maps/reviews/data=!4m8!14m7!1m6!2m5!1sChdDSUhNMG9nS0VJQ0FnSUNyd1BPVjh3RRAB!2m1!1s0x0:0x90fc8bf9a8948b57!3m1!1s2@1:CIHM0ogKEICAgICrwPOV8wE%7C%7C?hl=ru,2026-09-07T23:53:53.880683+00:00,3.4,628
GIPSY,"Болотная наб., 3, строение 2, Москва, Россия, 119072",0x46b54baa0cef5465:0x90fc8bf9a8948b57,ChdDSUhNMG9nS0VJQ0FnSURMMDUyVjhRRRAB,1.0,2024-06-30T15:37:04Z,2024-06-30T15:37:04Z,2 года назад,"Не впустили, не объяснили причину и не вернули деньги за билет",True,Google,https://www.google.com/maps/reviews/data=!4m8!14m7!1m6!2m5!1sChdDSUhNMG9nS0VJQ0FnSURMMDUyVjhRRRAB!2m1!1s0x0:0x90fc8bf9a8948b57!3m1!1s2@1:CIHM0ogKEICAgIDL052V8QE%7C%7C?hl=ru,2026-09-07T23:53:53.880715+00:00,3.4,628
GIPSY,"Болотная наб., 3, строение 2, Москва, Россия, 119072",0x46b54baa0cef5465:0x90fc8bf9a8948b57,ChdDSUhNMG9nS0VJQ0FnSUNMXzRPeXN3RRAB,2.0,2024-06-24T12:05:47Z,2024-06-24T12:05:47Z,2 года назад,,False,Google,https://www.google.com/maps/reviews/data=!4m8!14m7!1m6!2m5!1sChdDSUhNMG9nS0VJQ0FnSUNMXzRPeXN3RRAB!2m1!1s0x0:0x90fc8bf9a8948b57!3m1!1s2@1:CIHM0ogKEICAgICL_4OyswE%7C%7C?hl=ru,2026-09-07T23:53:53.880755+00:00,3.4,628
GIPSY,"Болотная наб., 3, строение 2, Москва, Россия, 119072",0x46b54baa0cef5465:0x90fc8bf9a8948b57,ChZDSUhNMG9nS0VJQ0FnSUNMeXJLZ1BnEAE,4.0,2024-06-17T20:48:12Z,2024-06-17T20:48:12Z,2 года назад,"Доброго времени суток. Хочу сказать огромное спасибо от родительского состава и наших выпускников ГБОУ Школа 64 г. Москвы организаторам
""Мега бал выпускной 2024"" за проведение и организацию выпускного для 9х классов 15.06.2024 г. Рассадка, атмосфера праздника, ведущие, поздравления учителей, конкурсы, выступления танцевальных групп, организация в целом ( СБ, мед персонал, администрация) ну и конечно сам праздник начиная с красной дорожки, заканчивая заключительным танцем - всё было супер! Эмоции зашкаливали у всех.
Снижен балл по еде и сервису - немного не хватило, но это субъективное мнение. Еще цены по меню конечно не всем по карману. Но в целом все было отлично!",True,Google,https://www.google.com/maps/reviews/data=!4m8!14m7!1m6!2m5!1sChZDSUhNMG9nS0VJQ0FnSUNMeXJLZ1BnEAE!2m1!1s0x0:0x90fc8bf9a8948b57!3m1!1s2@1:CIHM0ogKEICAgICLyrKgPg%7C%7C?hl=ru,2026-09-07T23:53:53.880783+00:00,3.4,628
"Клуб ""Клуб""","Покровский б-р, 6/20, Москва, Россия, 109028",0x46b54af52ac0de6f:0x8285ed0b0ccad8c3,Ci9DQUlRQUNvZENodHljRjlvT21SZlpuRnBSR1F3VVU1UlRVSkJkVkIxVW5GSldFRRAB,3.0,2026-03-13T19:40:41Z,2026-03-13T19:40:41Z,5 месяцев назад,"В клубе бывал много раз. В целом, если вам хочется окунуться в атмосферу рейва 90-х, это сюда. Полная аутентичность.
Нефорским клубом, его нарекли нефоры. По сути проходит любой желающий. Нефорской музыки здесь очень мало.

Есть два типа людей:
1) Приходят потусить под классную музыку, некоторые посетители ооочень хорошо умеют двигаться под музыку и ловить вайб;
2) Приходят пообщаться, закинуться чем-то. Зачастую публика сомнительная, их зачастую не пропускает охрана и они чилят возле входа. Возле входа в теплое время, есть свой вайб, порой даже прикольнее чем в самом клубе.

Из минусов:
1) Очень маленький танцпол, его бы расширить на 50%, был бы кайф;
2) Охрана порой ооочень грубо себя ведет с посетителями. Как это выражается? Вас могут без объяснений просто не пропустить в клуб, некоторых людей правильно не пропускают, люди порой приходят либо пьяные, либо агрессивные, либо уже в силу возраста им там не место (ладно бы еще выглядели для концепции клуба, стильных часто пропускают).
А вот когда вы ходите регулярно в клуб, за вами никаких косяков, потом тот же самый охранник - сегодня не проходите…(Хотя видно что в клубе места много, и я как постоянный клиент регулярно что-то покупаю и даже угощаю ребят) И улыбается счастливо, будто ради таких моментов он там и работает… Безумная токсичность… На следующий день будете идти, и этот же охранник вас пропустит без проблем (видимо месячные прошли)…

Также, много раз видел как охрана ооочееень грубо выгоняет посетителей… Прям с какой-то остервенелой и не понятной злостью. Причем зачастую необоснованно жестко это делают. Кадров конечно достаточно в клубе, которые заслуживают того чтобы их выперли. Но зачем это делать так грубо и унизительно, непонятно… Видимо у охраны есть какие-то психотравмы, они тем самым получают удовлетворение от жизни какое-то…

Хотя отмечу, есть и порядочные сотрудники охраны. Явно с уважением относятся к посетителям, никого не обижают И ДАЖЕ МОГУТ ВАМ УЛЫБНУТЬСЯ.
К сожалению таких сотрудников здесь очень мало.
Какие бы посетители не были, но они приходят отдыхать, и к ним нужно с уважением относиться. У охраны полное превосходство в трезвом состоянии, физической силе, полномочиях которые им дала администрация клуба.

Желаю всем добра, хорошего настроения, взаимного уважения к друг другу. Только от нас зависит хорошая атмосфера вокруг нас, только мы можем сделать этот вайб.😊😊😊",True,Google,https://www.google.com/maps/reviews/data=!4m8!14m7!1m6!2m5!1sCi9DQUlRQUNvZENodHljRjlvT21SZlpuRnBSR1F3VVU1UlRVSkJkVkIxVW5GSldFRRAB!2m1!1s0x0:0x8285ed0b0ccad8c3!3m1!1s2@1:CAIQACodChtycF9oOmRfZnFpRGQwUU5RTUJBdVB1UnFJWEE%7C%7C?hl=ru,2026-09-07T23:53:54.217262+00:00,3.8,71
"Клуб ""Клуб""","Покровский б-р, 6/20, Москва, Россия, 109028",0x46b54af52ac0de6f:0x8285ed0b0ccad8c3,Ci9DQUlRQUNvZENodHljRjlvT2tGMGVsbHJhemhMVEhGM2JuTnhhek5CWlhoTU9YYxAB,1.0,2026-01-18T21:04:26Z,2026-01-18T23:33:36Z,7 месяцев назад,"сегодня сидр был без пузырьков, ерш разбавлен. диджей играет музыку вообще не для нефоров. сейчас бы в кк тимати крутить. киркоров??? меладзе???? макс корж???? вы моряк и чайка??? какая ваша основная аудитория???? я сюда не за этим прихожу. поч так много нормисов???? не пускайте. тем более мужиков 40+",True,Google,https://www.google.com/maps/reviews/data=!4m8!14m7!1m6!2m5!1sCi9DQUlRQUNvZENodHljRjlvT2tGMGVsbHJhemhMVEhGM2JuTnhhek5CWlhoTU9YYxAB!2m1!1s0x0:0x8285ed0b0ccad8c3!3m1!1s2@1:CAIQACodChtycF9oOkF0ellrazhLTHF3bnNxazNBZXhMOXc%7C%7C?hl=ru,2026-09-07T23:53:54.217530+00:00,3.8,71
"Клуб ""Клуб""","Покровский б-р, 6/20, Москва, Россия, 109028",0x46b54af52ac0de6f:0x8285ed0b0ccad8c3,Ci9DQUlRQUNvZENodHljRjlvT21aalFURkJhakp6UTJaYWNHRTBOVVZoZDB4dldHYxAB,5.0,2026-01-06T00:02:58Z,2026-01-06T00:02:58Z,8 месяцев назад,,False,Google,https://www.google.com/maps/reviews/data=!4m8!14m7!1m6!2m5!1sCi9DQUlRQUNvZENodHljRjlvT21aalFURkJhakp6UTJaYWNHRTBOVVZoZDB4dldHYxAB!2m1!1s0x0:0x8285ed0b0ccad8c3!3m1!1s2@1:CAIQACodChtycF9oOmZjQTFBajJzQ2ZacGE0NUVhd0xvWGc%7C%7C?hl=ru,2026-09-07T23:53:54.217615+00:00,3.8,71
"Клуб ""Клуб""","Покровский б-р, 6/20, Москва, Россия, 109028",0x46b54af52ac0de6f:0x8285ed0b0ccad8c3,Ci9DQUlRQUNvZENodHljRjlvT21Gb0xUbGFORWc1WVdaTVZuUjBlRWMwVTBaamFYYxAB,1.0,2025-09-28T06:15:31Z,2025-09-28T06:15:31Z,11 месяцев назад,"Мне тут сотрудник ваш сказал что кинет меня в чс за то что я стояла в углу, куда кинуть данные чтобы кинули в чс навечно?)",True,Google,https://www.google.com/maps/reviews/data=!4m8!14m7!1m6!2m5!1sCi9DQUlRQUNvZENodHljRjlvT21Gb0xUbGFORWc1WVdaTVZuUjBlRWMwVTBaamFYYxAB!2m1!1s0x0:0x8285ed0b0ccad8c3!3m1!1s2@1:CAIQACodChtycF9oOmFoLTlaNEg5YWZMVnR0eEc0U0ZjaXc%7C%7C?hl=ru,2026-09-07T23:53:54.217660+00:00,3.8,71
"Клуб ""Клуб""","Покровский б-р, 6/20, Москва, Россия, 109028",0x46b54af52ac0de6f:0x8285ed0b0ccad8c3,Ci9DQUlRQUNvZENodHljRjlvT210bk5rRkZWSEpRTUV0Q1RrcEZOVzVIWDBKSFNGRRAB,1.0,2025-09-15T22:06:58Z,2025-09-15T22:06:58Z,11 месяцев назад,,False,Google,https://www.google.com/maps/reviews/data=!4m8!14m7!1m6!2m5!1sCi9DQUlRQUNvZENodHljRjlvT210bk5rRkZWSEpRTUV0Q1RrcEZOVzVIWDBKSFNGRRAB!2m1!1s0x0:0x8285ed0b0ccad8c3!3m1!1s2@1:CAIQACodChtycF9oOmtnNkFFVHJQMEtCTkpFNW5HX0JHSFE%7C%7C?hl=ru,2026-09-07T23:53:54.217700+00:00,3.8,71
"Клуб ""Клуб""","Покровский б-р, 6/20, Москва, Россия, 109028",0x46b54af52ac0de6f:0x8285ed0b0ccad8c3,Ci9DQUlRQUNvZENodHljRjlvT2pabU4xUkNMVlpHWW1OUlJYUTBTbWhEZVVOTlIzYxAB,5.0,2025-09-07T14:38:50Z,2025-09-07T14:38:50Z,год назад,"То место, которое начинается со слов ""давай по одной, мне завтра рано"" ну или ""давай к альтухам""

Супер приятное место, оч зажигательно и круто. Потанцуете, выпьете, познакомитесь с кем-то. Я так познакомился с офигенным пацаном Вовой из Узбекистана, он был вообще с другой компанией, но в итоге половину вечера пили с ним.

клуб поделен на несколько частей, что очень важно. Сможете и посидеть поболтать за столом или в баре, потом пойти потанцевать под клевые диджей-сеты, а потом пойти на внутреннюю веранду подышать и найти еще много крутых ребят. Там вообще своя отдельная жизнь: кто-то на гитаре играет и поет, кто-то фоткается, другие о чем-то спорят. И вы тут везде найдете себя.

По барам - их тут аж три, каждый в своей зоне, в центральной, на танцплощадке и на веранде. Стоимость в целом средняя по Москве.

Если хотите приключений - вам реально сюда. У меня так одно заканчивалось тем, что афроамериканец, с которым мы сдружились в другом баре, повел нас в Клуб Клуб и учил моего друга дагестанца крутым подкатам к девочкам.

Короче место, чтобы вспомнить вкус жизни и особенно ночи",True,Google,https://www.google.com/maps/reviews/data=!4m8!14m7!1m6!2m5!1sCi9DQUlRQUNvZENodHljRjlvT2pabU4xUkNMVlpHWW1OUlJYUTBTbWhEZVVOTlIzYxAB!2m1!1s0x0:0x8285ed0b0ccad8c3!3m1!1s2@1:CAIQACodChtycF9oOjZmN1RCLVZGYmNRRXQ0SmhDeUNNR3c%7C%7C?hl=ru,2026-09-07T23:53:54.217734+00:00,3.8,71
"Клуб ""Клуб""","Покровский б-р, 6/20, Москва, Россия, 109028",0x46b54af52ac0de6f:0x8285ed0b0ccad8c3,Ci9DQUlRQUNvZENodHljRjlvT25GbVMzVk9aak5vZW5Kd09FSnNSRXhLTFhkdGEyYxAB,3.0,2025-08-25T08:34:19Z,2025-08-25T08:34:19Z,год назад,"Сюда только пить, еда оставляет желать лучшего, меню довольно скудное, музыка громкая и не всегда приятная, отношение к посетителям не очень.",True,Google,https://www.google.com/maps/reviews/data=!4m8!14m7!1m6!2m5!1sCi9DQUlRQUNvZENodHljRjlvT25GbVMzVk9aak5vZW5Kd09FSnNSRXhLTFhkdGEyYxAB!2m1!1s0x0:0x8285ed0b0ccad8c3!3m1!1s2@1:CAIQACodChtycF9oOnFmS3VOZjNoenJwOEJsRExKLXdta2c%7C%7C?hl=ru,2026-09-07T23:53:54.217798+00:00,3.8,71
"Клуб ""Клуб""","Покровский б-р, 6/20, Москва, Россия, 109028",0x46b54af52ac0de6f:0x8285ed0b0ccad8c3,Ci9DQUlRQUNvZENodHljRjlvT2xaeWJHaFBSMFpVZGtKWldHTlFaMGhOU1d4YVdtYxAB,3.0,2025-08-07T11:06:42Z,2025-08-07T11:06:42Z,год назад,,False,Google,https://www.google.com/maps/reviews/data=!4m8!14m7!1m6!2m5!1sCi9DQUlRQUNvZENodHljRjlvT2xaeWJHaFBSMFpVZGtKWldHTlFaMGhOU1d4YVdtYxAB!2m1!1s0x0:0x8285ed0b0ccad8c3!3m1!1s2@1:CAIQACodChtycF9oOlZybGhPR0ZUdkJZWGNQZ0hNSWxaWmc%7C%7C?hl=ru,2026-09-07T23:53:54.217833+00:00,3.8,71
"Клуб ""Клуб""","Покровский б-р, 6/20, Москва, Россия, 109028",0x46b54af52ac0de6f:0x8285ed0b0ccad8c3,Ci9DQUlRQUNvZENodHljRjlvT2pNM2JYbHFiMk5XY21wMGEzb3plRzlKZFU5SVVWRRAB,1.0,2025-08-04T13:53:03Z,2025-08-04T13:53:03Z,год назад,"Мы пришли в Клуб Клуб в надежде просто потанцевать и спокойно провести вечер. Вместо этого оказались в настоящем аду. Контингент пьяные, неадекватные люди, которые толкаются, проливают напитки, орут, нарушают личные границы и ведут себя крайне агрессивно. Казалось, что никому из персонала до этого нет дела. Стаканы валяются где попало, никто не убирает, люди цепляются за них постоянно.
Когда мы уже выходили из клуба, кто-то из проходящих задел стакан, он упал и разбился. И тут начинается цирк. Я выпила всего один бокал пива за весь вечер, была в абсолютно трезвом состоянии, но охранник (на вид лет 19, вёл себя как подросток с комплексами) вдруг указал на меня и с полной уверенностью заявил, что именно я разбила стакан. Никаких доказательств, никаких камер, никаких объяснений. Просто ""вот ты, давай на выход"". Сперва он даже не мог сформулировать, кого именно подозревает, метался глазами, потом рандомно ткнул пальцем в меня, как в самую безобидную, невысокую девушку, видимо, решил, что проще всего ""сделать крайним"" кого-то маленького и неагрессивного.

Ирония в том, что я была, возможно, самым трезвым человеком во всём помещении, но именно меня сделали виновной - только потому, что удобно. Очень неприятно, что в этом заведении можно ожидать такое хамское, сексистское отношение к девушкам. Мужчины пьяные в хлам, буквально валяются, шатаются, орут, пристают, позволяют себе оскорбления, никто за этим не следит. Вместо того чтобы обращать внимание на этих реально агрессивных людей, охрана почему-то предпочитает придираться к трезвым девушкам. Это как минимум странно, а на деле - отврат.

Почему такие охранники не выгоняют пьяных мужиков, которые пристают к девушкам, хватают за руки, оскорбляют, шатаются по танцполу как зомби? Почему не следят за тем, чтобы не валялись повсюду стаканы, в которые все врезаются и постоянно разбивают? Почему даже не смотрят камеры? Почему нет никакой адекватной системы контроля или уважения к посетителям?
Зато если ты хрупкая девушка, которая решила просто пойти домой, будь готова, что на тебя могут повесить чужую вину, нахамить и выставить за дверь с видом победителя.
Весь этот клуб - это воплощение токсичной среды, в которой женщину легче обвинить, чем пьяного мужчину остановить. Персонал охраны в клубе абсолютно непрофессионален.",True,Google,https://www.google.com/maps/reviews/data=!4m8!14m7!1m6!2m5!1sCi9DQUlRQUNvZENodHljRjlvT2pNM2JYbHFiMk5XY21wMGEzb3plRzlKZFU5SVVWRRAB!2m1!1s0x0:0x8285ed0b0ccad8c3!3m1!1s2@1:CAIQACodChtycF9oOjM3bXlqb2NWcmp0a3ozeG9JdU9IUVE%7C%7C?hl=ru,2026-09-07T23:53:54.381185+00:00,3.8,71
"Клуб ""Клуб""","Покровский б-р, 6/20, Москва, Россия, 109028",0x46b54af52ac0de6f:0x8285ed0b0ccad8c3,Ci9DQUlRQUNvZENodHljRjlvT2pGWFEzQkZjVmRHWkRkQ2RDMDFaRTlNTlRaeVYyYxAB,1.0,2025-07-30T19:12:59Z,2025-07-30T19:12:59Z,год назад,,False,Google,https://www.google.com/maps/reviews/data=!4m8!14m7!1m6!2m5!1sCi9DQUlRQUNvZENodHljRjlvT2pGWFEzQkZjVmRHWkRkQ2RDMDFaRTlNTlRaeVYyYxAB!2m1!1s0x0:0x8285ed0b0ccad8c3!3m1!1s2@1:CAIQACodChtycF9oOjFXQ3BFcVdGZDdCdC01ZE9MNTZyV2c%7C%7C?hl=ru,2026-09-07T23:53:54.381452+00:00,3.8,71
"Клуб ""Клуб""","Покровский б-р, 6/20, Москва, Россия, 109028",0x46b54af52ac0de6f:0x8285ed0b0ccad8c3,Ci9DQUlRQUNvZENodHljRjlvT2t4R2FWRnBRMXBRTWxCTE5GaFNSWEY1VkdsTlQyYxAB,5.0,2025-07-30T19:08:29Z,2025-07-30T19:08:29Z,год назад,"Прекрасное место, вкусные коктейли, гей бар напротив и притон в туалете. Огонь! Еще вернемся ❤️",True,Google,https://www.google.com/maps/reviews/data=!4m8!14m7!1m6!2m5!1sCi9DQUlRQUNvZENodHljRjlvT2t4R2FWRnBRMXBRTWxCTE5GaFNSWEY1VkdsTlQyYxAB!2m1!1s0x0:0x8285ed0b0ccad8c3!3m1!1s2@1:CAIQACodChtycF9oOkxGaVFpQ1pQMlBLNFhSRXF5VGlNT2c%7C%7C?hl=ru,2026-09-07T23:53:54.381522+00:00,3.8,71
"Клуб ""Клуб""","Покровский б-р, 6/20, Москва, Россия, 109028",0x46b54af52ac0de6f:0x8285ed0b0ccad8c3,Ci9DQUlRQUNvZENodHljRjlvT2tGd1gzTnZObEpEWVU1WmEwTkpSR051YTBoWllrRRAB,1.0,2025-07-17T16:34:30Z,2025-07-17T16:34:30Z,год назад,,False,Google,https://www.google.com/maps/reviews/data=!4m8!14m7!1m6!2m5!1sCi9DQUlRQUNvZENodHljRjlvT2tGd1gzTnZObEpEWVU1WmEwTkpSR051YTBoWllrRRAB!2m1!1s0x0:0x8285ed0b0ccad8c3!3m1!1s2@1:CAIQACodChtycF9oOkFwX3NvNlJDYU5Za0NJRGNua0hZYkE%7C%7C?hl=ru,2026-09-07T23:53:54.381567+00:00,3.8,71
"Клуб ""Клуб""","Покровский б-р, 6/20, Москва, Россия, 109028",0x46b54af52ac0de6f:0x8285ed0b0ccad8c3,ChdDSUhNMG9nS0VJQ0FnTURvNVpDT3B3RRAB,5.0,2025-04-27T01:23:43Z,2025-04-27T01:23:43Z,год назад,Ибрагим красавчик нашей мой телефон,True,Google,https://www.google.com/maps/reviews/data=!4m8!14m7!1m6!2m5!1sChdDSUhNMG9nS0VJQ0FnTURvNVpDT3B3RRAB!2m1!1s0x0:0x8285ed0b0ccad8c3!3m1!1s2@1:CIHM0ogKEICAgMDo5ZCOpwE%7C%7C?hl=ru,2026-09-07T23:53:54.381646+00:00,3.8,71
"Клуб ""Клуб""","Покровский б-р, 6/20, Москва, Россия, 109028",0x46b54af52ac0de6f:0x8285ed0b0ccad8c3,ChZDSUhNMG9nS0VJQ0FnTURnM2RXT1lnEAE,5.0,2025-02-26T20:19:11Z,2025-02-26T20:19:11Z,год назад,Лучшее место в Москве! И книжный и дискотеки шикарные!,True,Google,https://www.google.com/maps/reviews/data=!4m8!14m7!1m6!2m5!1sChZDSUhNMG9nS0VJQ0FnTURnM2RXT1lnEAE!2m1!1s0x0:0x8285ed0b0ccad8c3!3m1!1s2@1:CIHM0ogKEICAgMDg3dWOYg%7C%7C?hl=ru,2026-09-07T23:53:54.381680+00:00,3.8,71
"Клуб ""Клуб""","Покровский б-р, 6/20, Москва, Россия, 109028",0x46b54af52ac0de6f:0x8285ed0b0ccad8c3,ChdDSUhNMG9nS0VJQ0FnSURYMzlhRDNnRRAB,5.0,2024-11-01T12:22:37Z,2024-11-01T12:22:37Z,год назад,"Помимо того, что заведение очень приятное, начальство тоже очень доброжелательное. Потеряла в Клубе наушники, их отложили и отдали мне;)",True,Google,https://www.google.com/maps/reviews/data=!4m8!14m7!1m6!2m5!1sChdDSUhNMG9nS0VJQ0FnSURYMzlhRDNnRRAB!2m1!1s0x0:0x8285ed0b0ccad8c3!3m1!1s2@1:CIHM0ogKEICAgIDX39aD3gE%7C%7C?hl=ru,2026-09-07T23:53:54.381716+00:00,3.8,71
"Клуб ""Клуб""","Покровский б-р, 6/20, Москва, Россия, 109028",0x46b54af52ac0de6f:0x8285ed0b0ccad8c3,ChdDSUhNMG9nS0VJQ0FnSURuaDhtTXpnRRAB,1.0,2024-10-10T19:02:09Z,2024-10-10T19:02:09Z,год назад,Раньше было нормальное заведение. Сейчас охранники  - полнейшее мудло.,True,Google,https://www.google.com/maps/reviews/data=!4m8!14m7!1m6!2m5!1sChdDSUhNMG9nS0VJQ0FnSURuaDhtTXpnRRAB!2m1!1s0x0:0x8285ed0b0ccad8c3!3m1!1s2@1:CIHM0ogKEICAgIDnh8mMzgE%7C%7C?hl=ru,2026-09-07T23:53:54.381752+00:00,3.8,71
"Клуб ""Клуб""","Покровский б-р, 6/20, Москва, Россия, 109028",0x46b54af52ac0de6f:0x8285ed0b0ccad8c3,ChdDSUhNMG9nS0VJQ0FnSUNIdHBHZDZnRRAB,5.0,2024-09-04T19:56:42Z,2024-09-04T19:56:42Z,2 года назад,"Самое лучшее место, уносит от алкоголя, что икрятся все, ключи телефоны, но благодаря прекрасным охранникам и начальнику все находится в секунду",True,Google,https://www.google.com/maps/reviews/data=!4m8!14m7!1m6!2m5!1sChdDSUhNMG9nS0VJQ0FnSUNIdHBHZDZnRRAB!2m1!1s0x0:0x8285ed0b0ccad8c3!3m1!1s2@1:CIHM0ogKEICAgICHtpGd6gE%7C%7C?hl=ru,2026-09-07T23:53:54.381785+00:00,3.8,71
"Клуб ""Клуб""","Покровский б-р, 6/20, Москва, Россия, 109028",0x46b54af52ac0de6f:0x8285ed0b0ccad8c3,ChZDSUhNMG9nS0VJQ0FnSURiai1uQ0pREAE,1.0,2024-08-10T16:41:55Z,2024-08-10T16:41:55Z,2 года назад,"Охранники полные хамы. Прошу проверить двух мужчин, которые не представили свои реальные имена и посмеялись еще над тем, что я, как представительница женского пола, ничего не могу сделать. Стояли фейс-контролеры ночью приблизительно в 2-3 часа ночи 3 августа. Как только совесть позволяет так общаться с посетителями данного заведения. Зашли на 5 минут с молодым человеком ( я клянусь, не больше, даже ничего не заказывали на баре), в помещении было очень душно, вышли подышать свежим воздухом. Обратно нас уже не впустили со словами, что «ваш парень бухой». Не понимаю, как за 5 минут он мог по их мнению настолько сильно «опьянеть». Начали меня оскорблять и проявлять полнейшее несвойственное нормальным людям неуважение. Прошу отнестись серьезно к данному отзыву. Не тратьте нервы и не приходите.",True,Google,https://www.google.com/maps/reviews/data=!4m8!14m7!1m6!2m5!1sChZDSUhNMG9nS0VJQ0FnSURiai1uQ0pREAE!2m1!1s0x0:0x8285ed0b0ccad8c3!3m1!1s2@1:CIHM0ogKEICAgIDbj-nCJQ%7C%7C?hl=ru,2026-09-07T23:53:54.381818+00:00,3.8,71
"Клуб ""Клуб""","Покровский б-р, 6/20, Москва, Россия, 109028",0x46b54af52ac0de6f:0x8285ed0b0ccad8c3,ChZDSUhNMG9nS0VJQ0FnSUNiLWQ2VEpnEAE,5.0,2024-07-29T06:38:56Z,2024-07-29T06:38:56Z,2 года назад,"Вчера с парнем пришла туда в шабат, без парня и ушла, он мне изменил обжимаясь с девушкой.
А так клуб кайфовый, музыка классная, люди счастливые.",True,Google,https://www.google.com/maps/reviews/data=!4m8!14m7!1m6!2m5!1sChZDSUhNMG9nS0VJQ0FnSUNiLWQ2VEpnEAE!2m1!1s0x0:0x8285ed0b0ccad8c3!3m1!1s2@1:CIHM0ogKEICAgICb-d6TJg%7C%7C?hl=ru,2026-09-07T23:53:54.381870+00:00,3.8,71
"Клуб ""Клуб""","Покровский б-р, 6/20, Москва, Россия, 109028",0x46b54af52ac0de6f:0x8285ed0b0ccad8c3,ChdDSUhNMG9nS0VJQ0FnSURybkk3OTd3RRAB,1.0,2024-07-15T21:06:02Z,2024-07-15T21:06:02Z,2 года назад,"Показал госуслуги, администраторы говорят что это не является документом, хотя это является доказательством при покупке алкоголя по закону",True,Google,https://www.google.com/maps/reviews/data=!4m8!14m7!1m6!2m5!1sChdDSUhNMG9nS0VJQ0FnSURybkk3OTd3RRAB!2m1!1s0x0:0x8285ed0b0ccad8c3!3m1!1s2@1:CIHM0ogKEICAgIDrnI797wE%7C%7C?hl=ru,2026-09-07T23:53:54.381909+00:00,3.8,71
"Клуб ""Клуб""","Покровский б-р, 6/20, Москва, Россия, 109028",0x46b54af52ac0de6f:0x8285ed0b0ccad8c3,ChZDSUhNMG9nS0VJQ0FnSUN6cXVlaGFBEAE,3.0,2024-06-01T08:45:13Z,2024-06-01T08:45:13Z,2 года назад,"Побывал первый раз, надеюсь, что последний. Со слов друзей, концепция бара мне понравилась; расписывать стены, столы, и вообще сидеть в неформальный обстановке. В момент моего посещения, все столы были как чистый холст, еще раз напомню, что концепция заведения предполагает рисование на столах, но после того, как мы оставили только свои подписи в углу стола, к нам подошел охранник, являвшийся своего рода вышибалой. Совершенно не умея тактично разговаривать с клиентами, он силой отпихнул стол, да так, что окружающие нас люди забыли о мирной и дружелюбной атмосфере, после чего, невербально показывая, ч сейчас нам причинят физический вред, нас грубо попросили покинуть данный клуб без объяснения причины. Мы не поняли причину того, как с нами обратились, поэтому мы ушли на летнюю веранду, после чего нас и оттуда сопроводили под руку. На выходе, эта банка протеина в очках дала наводку другим охранникам, чтобы нас не пускали вообще. После чего, мы ушли в другой бар по соседству, который хорошо относится к своим клиентам. Словом, если вы попадете на смену к бородатому громиле в очках, вы можете смело пройти мимо, потому что скорее всего, вас выгонят под страхом физической расправы, и по причинам, которые, почему-то, не объясняются. Эти хамы не стесняются заламывать руки девушкам, и пугать их своим вызывающим поведением и грозным видом. Эти шкафы на входе все портят. Когда раздавали мозги, они пинали столы в клубе, выгоняя добропорядочных посетителей. Совершенно порочат вид заведения, по крайней мере этот типок в очках.",True,Google,https://www.google.com/maps/reviews/data=!4m8!14m7!1m6!2m5!1sChZDSUhNMG9nS0VJQ0FnSUN6cXVlaGFBEAE!2m1!1s0x0:0x8285ed0b0ccad8c3!3m1!1s2@1:CIHM0ogKEICAgICzquehaA%7C%7C?hl=ru,2026-09-07T23:53:54.381943+00:00,3.8,71
"Клуб ""Клуб""","Покровский б-р, 6/20, Москва, Россия, 109028",0x46b54af52ac0de6f:0x8285ed0b0ccad8c3,ChdDSUhNMG9nS0VJQ0FnSURKN196ajVRRRAB,2.0,2023-07-25T14:06:20Z,2024-05-20T07:39:09Z,Изменено 2 года назад,"молодёжное место, но часто охранники хамы.
на веранде общение, в цокольном танцы.
настойки норм.
Как я понял, этот клуб часть рюмочных Зинзивер - Барка - ....",True,Google,https://www.google.com/maps/reviews/data=!4m8!14m7!1m6!2m5!1sChdDSUhNMG9nS0VJQ0FnSURKN196ajVRRRAB!2m1!1s0x0:0x8285ed0b0ccad8c3!3m1!1s2@1:CIHM0ogKEICAgIDJ7_zj5QE%7C%7C?hl=ru,2026-09-07T23:53:54.382014+00:00,3.8,71
"Клуб ""Клуб""","Покровский б-р, 6/20, Москва, Россия, 109028",0x46b54af52ac0de6f:0x8285ed0b0ccad8c3,ChZDSUhNMG9nS0VJQ0FnSUREaFlmRkZ3EAE,5.0,2024-04-11T23:42:38Z,2024-04-11T23:42:38Z,2 года назад,"Лучший книжный магазин Москвы внутри :)
Пляски, свободные люди, необычная музыка, пьяные интеллектуальные и не очень беседы",True,Google,https://www.google.com/maps/reviews/data=!4m8!14m7!1m6!2m5!1sChZDSUhNMG9nS0VJQ0FnSUREaFlmRkZ3EAE!2m1!1s0x0:0x8285ed0b0ccad8c3!3m1!1s2@1:CIHM0ogKEICAgIDDhYfFFw%7C%7C?hl=ru,2026-09-07T23:53:54.382046+00:00,3.8,71
"Клуб ""Клуб""","Покровский б-р, 6/20, Москва, Россия, 109028",0x46b54af52ac0de6f:0x8285ed0b0ccad8c3,ChdDSUhNMG9nS0VJQ0FnSUM5MU8ybzhRRRAB,1.0,2024-03-02T22:39:31Z,2024-03-02T22:39:31Z,2 года назад,"Место само по себе относительное, но охранники просто низкие люди, которые максимально не объективно оценивают на фейсе. Суть не описываю, но, как минимум охранники на фейсе портят все настроение моментально.",True,Google,https://www.google.com/maps/reviews/data=!4m8!14m7!1m6!2m5!1sChdDSUhNMG9nS0VJQ0FnSUM5MU8ybzhRRRAB!2m1!1s0x0:0x8285ed0b0ccad8c3!3m1!1s2@1:CIHM0ogKEICAgIC91O2o8QE%7C%7C?hl=ru,2026-09-07T23:53:54.382074+00:00,3.8,71
"Клуб ""Клуб""","Покровский б-р, 6/20, Москва, Россия, 109028",0x46b54af52ac0de6f:0x8285ed0b0ccad8c3,ChdDSUhNMG9nS0VJQ0FnSURkM3ZMU2l3RRAB,4.0,2024-02-24T01:58:36Z,2024-02-24T01:58:36Z,2 года назад,"Все прекрасно, правда, по собственной глупости потерял прекрасный диалог, с прекрасной девушкой в белом пальто с которой мы разговорились о семье и о работе. Если ты это читаешь отзовись пожалуйста, мы не договорили.",True,Google,https://www.google.com/maps/reviews/data=!4m8!14m7!1m6!2m5!1sChdDSUhNMG9nS0VJQ0FnSURkM3ZMU2l3RRAB!2m1!1s0x0:0x8285ed0b0ccad8c3!3m1!1s2@1:CIHM0ogKEICAgIDd3vLSiwE%7C%7C?hl=ru,2026-09-07T23:53:54.382109+00:00,3.8,71
"Клуб ""Клуб""","Покровский б-р, 6/20, Москва, Россия, 109028",0x46b54af52ac0de6f:0x8285ed0b0ccad8c3,ChZDSUhNMG9nS0VJQ0FnSUNsNE0yWWV3EAE,1.0,2023-11-12T20:45:55Z,2023-11-12T20:45:55Z,2 года назад,"Место норм, меню норм, если хочешь выпить простого или настоек - самое то, но никому не порекомендую туда ходить из-за того, что на охране просто быдло стоит, я столько хамства и в свой и в чужой адрес мало где слышал. Если что пьяный не был - играл концерт",True,Google,https://www.google.com/maps/reviews/data=!4m8!14m7!1m6!2m5!1sChZDSUhNMG9nS0VJQ0FnSUNsNE0yWWV3EAE!2m1!1s0x0:0x8285ed0b0ccad8c3!3m1!1s2@1:CIHM0ogKEICAgICl4M2Yew%7C%7C?hl=ru,2026-09-07T23:53:54.382139+00:00,3.8,71
"Клуб ""Клуб""","Покровский б-р, 6/20, Москва, Россия, 109028",0x46b54af52ac0de6f:0x8285ed0b0ccad8c3,ChZDSUhNMG9nS0VJQ0FnSURaLUpfMkF3EAE,1.0,2023-09-24T10:23:35Z,2023-09-24T10:23:35Z,2 года назад,,False,Google,https://www.google.com/maps/reviews/data=!4m8!14m7!1m6!2m5!1sChZDSUhNMG9nS0VJQ0FnSURaLUpfMkF3EAE!2m1!1s0x0:0x8285ed0b0ccad8c3!3m1!1s2@1:CIHM0ogKEICAgIDZ-J_2Aw%7C%7C?hl=ru,2026-09-07T23:53:54.382170+00:00,3.8,71
"Клуб ""Клуб""","Покровский б-р, 6/20, Москва, Россия, 109028",0x46b54af52ac0de6f:0x8285ed0b0ccad8c3,ChZDSUhNMG9nS0VJQ0FnSURwZ3Z2TFBnEAE,5.0,2023-08-18T13:39:39Z,2023-08-18T13:39:39Z,3 года назад,Great place chill along with some good beers and ciders.,True,Google,https://www.google.com/maps/reviews/data=!4m8!14m7!1m6!2m5!1sChZDSUhNMG9nS0VJQ0FnSURwZ3Z2TFBnEAE!2m1!1s0x0:0x8285ed0b0ccad8c3!3m1!1s2@1:CIHM0ogKEICAgIDpgvvLPg%7C%7C?hl=ru,2026-09-07T23:53:54.382194+00:00,3.8,71
"Клуб ""Клуб""","Покровский б-р, 6/20, Москва, Россия, 109028",0x46b54af52ac0de6f:0x8285ed0b0ccad8c3,ChZDSUhNMG9nS0VJQ0FnSUNwel8teFJBEAE,1.0,2023-08-12T21:28:45Z,2023-08-12T21:28:45Z,3 года назад,"Я уже человек немолодой, но поставлю в угол 3/4 клуба по движу, но мне в моем возрасте нужен кислород, где вытяжка, проветривание, где растения которые его выделяют, парилка лучше чем в банк, кто хочет похудеть и задохнутбся, сюда.",True,Google,https://www.google.com/maps/reviews/data=!4m8!14m7!1m6!2m5!1sChZDSUhNMG9nS0VJQ0FnSUNwel8teFJBEAE!2m1!1s0x0:0x8285ed0b0ccad8c3!3m1!1s2@1:CIHM0ogKEICAgICpz_-xRA%7C%7C?hl=ru,2026-09-07T23:53:54.993317+00:00,3.8,71
"Клуб ""Клуб""","Покровский б-р, 6/20, Москва, Россия, 109028",0x46b54af52ac0de6f:0x8285ed0b0ccad8c3,ChdDSUhNMG9nS0VJQ0FnSUNKMU5YNXlRRRAB,5.0,2023-06-21T17:13:44Z,2023-06-21T17:13:44Z,3 года назад,Разьеб,True,Google,https://www.google.com/maps/reviews/data=!4m8!14m7!1m6!2m5!1sChdDSUhNMG9nS0VJQ0FnSUNKMU5YNXlRRRAB!2m1!1s0x0:0x8285ed0b0ccad8c3!3m1!1s2@1:CIHM0ogKEICAgICJ1NX5yQE%7C%7C?hl=ru,2026-09-07T23:53:54.993514+00:00,3.8,71
"Клуб ""Клуб""","Покровский б-р, 6/20, Москва, Россия, 109028",0x46b54af52ac0de6f:0x8285ed0b0ccad8c3,ChZDSUhNMG9nS0VJQ0FnSUN4djdlUFp3EAE,5.0,2023-05-29T21:08:14Z,2023-05-29T23:04:51Z,3 года назад,лучший клуб в москве,True,Google,https://www.google.com/maps/reviews/data=!4m8!14m7!1m6!2m5!1sChZDSUhNMG9nS0VJQ0FnSUN4djdlUFp3EAE!2m1!1s0x0:0x8285ed0b0ccad8c3!3m1!1s2@1:CIHM0ogKEICAgICxv7ePZw%7C%7C?hl=ru,2026-09-07T23:53:54.993573+00:00,3.8,71
"Клуб ""Клуб""","Покровский б-р, 6/20, Москва, Россия, 109028",0x46b54af52ac0de6f:0x8285ed0b0ccad8c3,ChdDSUhNMG9nS0VJQ0FnSUN4bG9DWmdnRRAB,1.0,2023-05-16T19:49:13Z,2023-05-16T19:49:13Z,3 года назад,,False,Google,https://www.google.com/maps/reviews/data=!4m8!14m7!1m6!2m5!1sChdDSUhNMG9nS0VJQ0FnSUN4bG9DWmdnRRAB!2m1!1s0x0:0x8285ed0b0ccad8c3!3m1!1s2@1:CIHM0ogKEICAgICxloCZggE%7C%7C?hl=ru,2026-09-07T23:53:54.993614+00:00,3.8,71
"Клуб ""Клуб""","Покровский б-р, 6/20, Москва, Россия, 109028",0x46b54af52ac0de6f:0x8285ed0b0ccad8c3,ChZDSUhNMG9nS0VJQ0FnSUNXZ3R2S2NnEAE,5.0,2022-02-21T15:20:45Z,2022-02-21T15:20:45Z,4 года назад,"Клуб норм, но вчера там кто-то перцовкой брызнул, было плохо, ставлю 5",True,Google,https://www.google.com/maps/reviews/data=!4m8!14m7!1m6!2m5!1sChZDSUhNMG9nS0VJQ0FnSUNXZ3R2S2NnEAE!2m1!1s0x0:0x8285ed0b0ccad8c3!3m1!1s2@1:CIHM0ogKEICAgICWgtvKcg%7C%7C?hl=ru,2026-09-07T23:53:54.993646+00:00,3.8,71
"Клуб ""Клуб""","Покровский б-р, 6/20, Москва, Россия, 109028",0x46b54af52ac0de6f:0x8285ed0b0ccad8c3,ChZDSUhNMG9nS0VJQ0FnSURtejU2MEFREAE,5.0,2022-02-13T01:46:35Z,2022-02-13T01:46:35Z,4 года назад,,False,Google,https://www.google.com/maps/reviews/data=!4m8!14m7!1m6!2m5!1sChZDSUhNMG9nS0VJQ0FnSURtejU2MEFREAE!2m1!1s0x0:0x8285ed0b0ccad8c3!3m1!1s2@1:CIHM0ogKEICAgIDmz560AQ%7C%7C?hl=ru,2026-09-07T23:53:54.993678+00:00,3.8,71
"Клуб ""Клуб""","Покровский б-р, 6/20, Москва, Россия, 109028",0x46b54af52ac0de6f:0x8285ed0b0ccad8c3,ChZDSUhNMG9nS0VJQ0FnSURtejZDdk1REAE,5.0,2022-02-12T22:59:34Z,2022-02-12T22:59:34Z,4 года назад,,False,Google,https://www.google.com/maps/reviews/data=!4m8!14m7!1m6!2m5!1sChZDSUhNMG9nS0VJQ0FnSURtejZDdk1REAE!2m1!1s0x0:0x8285ed0b0ccad8c3!3m1!1s2@1:CIHM0ogKEICAgIDmz6CvMQ%7C%7C?hl=ru,2026-09-07T23:53:54.993707+00:00,3.8,71
"Клуб ""Клуб""","Покровский б-р, 6/20, Москва, Россия, 109028",0x46b54af52ac0de6f:0x8285ed0b0ccad8c3,ChZDSUhNMG9nS0VJQ0FnSURtODZiM0xBEAE,5.0,2022-02-08T22:10:55Z,2022-02-08T22:10:55Z,4 года назад,,False,Google,https://www.google.com/maps/reviews/data=!4m8!14m7!1m6!2m5!1sChZDSUhNMG9nS0VJQ0FnSURtODZiM0xBEAE!2m1!1s0x0:0x8285ed0b0ccad8c3!3m1!1s2@1:CIHM0ogKEICAgIDm86b3LA%7C%7C?hl=ru,2026-09-07T23:53:54.993737+00:00,3.8,71
"Клуб ""Клуб""","Покровский б-р, 6/20, Москва, Россия, 109028",0x46b54af52ac0de6f:0x8285ed0b0ccad8c3,ChZDSUhNMG9nS0VJQ0FnSURtazZ2aUVREAE,4.0,2022-02-08T10:47:08Z,2022-02-08T10:47:08Z,4 года назад,,False,Google,https://www.google.com/maps/reviews/data=!4m8!14m7!1m6!2m5!1sChZDSUhNMG9nS0VJQ0FnSURtazZ2aUVREAE!2m1!1s0x0:0x8285ed0b0ccad8c3!3m1!1s2@1:CIHM0ogKEICAgIDmk6viEQ%7C%7C?hl=ru,2026-09-07T23:53:54.993765+00:00,3.8,71
"Клуб ""Клуб""","Покровский б-р, 6/20, Москва, Россия, 109028",0x46b54af52ac0de6f:0x8285ed0b0ccad8c3,ChdDSUhNMG9nS0VJQ0FnSURtbGZ1bW5nRRAB,5.0,2022-02-04T12:47:33Z,2022-02-04T12:47:33Z,4 года назад,,False,Google,https://www.google.com/maps/reviews/data=!4m8!14m7!1m6!2m5!1sChdDSUhNMG9nS0VJQ0FnSURtbGZ1bW5nRRAB!2m1!1s0x0:0x8285ed0b0ccad8c3!3m1!1s2@1:CIHM0ogKEICAgIDmlfumngE%7C%7C?hl=ru,2026-09-07T23:53:54.993792+00:00,3.8,71
"Клуб ""Клуб""","Покровский б-р, 6/20, Москва, Россия, 109028",0x46b54af52ac0de6f:0x8285ed0b0ccad8c3,ChdDSUhNMG9nS0VJQ0FnSURtX3JIVWhRRRAB,5.0,2022-01-30T04:46:54Z,2022-01-30T04:46:54Z,4 года назад,,False,Google,https://www.google.com/maps/reviews/data=!4m8!14m7!1m6!2m5!1sChdDSUhNMG9nS0VJQ0FnSURtX3JIVWhRRRAB!2m1!1s0x0:0x8285ed0b0ccad8c3!3m1!1s2@1:CIHM0ogKEICAgIDm_rHUhQE%7C%7C?hl=ru,2026-09-07T23:53:54.993819+00:00,3.8,71
"Клуб ""Клуб""","Покровский б-р, 6/20, Москва, Россия, 109028",0x46b54af52ac0de6f:0x8285ed0b0ccad8c3,ChdDSUhNMG9nS0VJQ0FnSURtM3J6RzdRRRAB,2.0,2022-01-29T14:54:59Z,2022-01-29T14:54:59Z,4 года назад,,False,Google,https://www.google.com/maps/reviews/data=!4m8!14m7!1m6!2m5!1sChdDSUhNMG9nS0VJQ0FnSURtM3J6RzdRRRAB!2m1!1s0x0:0x8285ed0b0ccad8c3!3m1!1s2@1:CIHM0ogKEICAgIDm3rzG7QE%7C%7C?hl=ru,2026-09-07T23:53:54.993846+00:00,3.8,71
"Клуб ""Клуб""","Покровский б-р, 6/20, Москва, Россия, 109028",0x46b54af52ac0de6f:0x8285ed0b0ccad8c3,ChZDSUhNMG9nS0VJQ0FnSURteXVMTUxnEAE,5.0,2022-01-24T20:15:56Z,2022-01-24T20:15:56Z,4 года назад,,False,Google,https://www.google.com/maps/reviews/data=!4m8!14m7!1m6!2m5!1sChZDSUhNMG9nS0VJQ0FnSURteXVMTUxnEAE!2m1!1s0x0:0x8285ed0b0ccad8c3!3m1!1s2@1:CIHM0ogKEICAgIDmyuLMLg%7C%7C?hl=ru,2026-09-07T23:53:54.993873+00:00,3.8,71
"Клуб ""Клуб""","Покровский б-р, 6/20, Москва, Россия, 109028",0x46b54af52ac0de6f:0x8285ed0b0ccad8c3,ChdDSUhNMG9nS0VJQ0FnSURtOUo3SHRBRRAB,5.0,2022-01-20T13:19:08Z,2022-01-20T13:19:08Z,4 года назад,,False,Google,https://www.google.com/maps/reviews/data=!4m8!14m7!1m6!2m5!1sChdDSUhNMG9nS0VJQ0FnSURtOUo3SHRBRRAB!2m1!1s0x0:0x8285ed0b0ccad8c3!3m1!1s2@1:CIHM0ogKEICAgIDm9J7HtAE%7C%7C?hl=ru,2026-09-07T23:53:54.993899+00:00,3.8,71
"Клуб ""Клуб""","Покровский б-р, 6/20, Москва, Россия, 109028",0x46b54af52ac0de6f:0x8285ed0b0ccad8c3,ChdDSUhNMG9nS0VJQ0FnSURtdEs3el9nRRAB,5.0,2022-01-20T07:48:11Z,2022-01-20T07:48:11Z,4 года назад,Очень классное место с приятным ценником в хорошем баре,True,Google,https://www.google.com/maps/reviews/data=!4m8!14m7!1m6!2m5!1sChdDSUhNMG9nS0VJQ0FnSURtdEs3el9nRRAB!2m1!1s0x0:0x8285ed0b0ccad8c3!3m1!1s2@1:CIHM0ogKEICAgIDmtK7z_gE%7C%7C?hl=ru,2026-09-07T23:53:54.993927+00:00,3.8,71
"Клуб ""Клуб""","Покровский б-р, 6/20, Москва, Россия, 109028",0x46b54af52ac0de6f:0x8285ed0b0ccad8c3,ChdDSUhNMG9nS0VJQ0FnSURtNEpHaS1BRRAB,5.0,2022-01-15T20:00:17Z,2022-01-15T20:00:17Z,4 года назад,,False,Google,https://www.google.com/maps/reviews/data=!4m8!14m7!1m6!2m5!1sChdDSUhNMG9nS0VJQ0FnSURtNEpHaS1BRRAB!2m1!1s0x0:0x8285ed0b0ccad8c3!3m1!1s2@1:CIHM0ogKEICAgIDm4JGi-AE%7C%7C?hl=ru,2026-09-07T23:53:54.993957+00:00,3.8,71
"Клуб ""Клуб""","Покровский б-р, 6/20, Москва, Россия, 109028",0x46b54af52ac0de6f:0x8285ed0b0ccad8c3,ChZDSUhNMG9nS0VJQ0FnSURtZ0t1eUxnEAE,5.0,2022-01-15T08:13:07Z,2022-01-15T08:13:07Z,4 года назад,,False,Google,https://www.google.com/maps/reviews/data=!4m8!14m7!1m6!2m5!1sChZDSUhNMG9nS0VJQ0FnSURtZ0t1eUxnEAE!2m1!1s0x0:0x8285ed0b0ccad8c3!3m1!1s2@1:CIHM0ogKEICAgIDmgKuyLg%7C%7C?hl=ru,2026-09-07T23:53:54.993984+00:00,3.8,71
"Клуб ""Клуб""","Покровский б-р, 6/20, Москва, Россия, 109028",0x46b54af52ac0de6f:0x8285ed0b0ccad8c3,ChdDSUhNMG9nS0VJQ0FnSUNtbmRqbmlRRRAB,5.0,2022-01-06T09:48:18Z,2022-01-06T09:48:18Z,4 года назад,Отличное место для посиделок!,True,Google,https://www.google.com/maps/reviews/data=!4m8!14m7!1m6!2m5!1sChdDSUhNMG9nS0VJQ0FnSUNtbmRqbmlRRRAB!2m1!1s0x0:0x8285ed0b0ccad8c3!3m1!1s2@1:CIHM0ogKEICAgICmndjniQE%7C%7C?hl=ru,2026-09-07T23:53:54.994010+00:00,3.8,71
"Клуб ""Клуб""","Покровский б-р, 6/20, Москва, Россия, 109028",0x46b54af52ac0de6f:0x8285ed0b0ccad8c3,ChZDSUhNMG9nS0VJQ0FnSUNtLWJ6VlhnEAE,4.0,2022-01-03T12:04:07Z,2022-01-03T12:04:07Z,4 года назад,,False,Google,https://www.google.com/maps/reviews/data=!4m8!14m7!1m6!2m5!1sChZDSUhNMG9nS0VJQ0FnSUNtLWJ6VlhnEAE!2m1!1s0x0:0x8285ed0b0ccad8c3!3m1!1s2@1:CIHM0ogKEICAgICm-bzVXg%7C%7C?hl=ru,2026-09-07T23:53:54.994038+00:00,3.8,71
"Клуб ""Клуб""","Покровский б-р, 6/20, Москва, Россия, 109028",0x46b54af52ac0de6f:0x8285ed0b0ccad8c3,ChZDSUhNMG9nS0VJQ0FnSUNtdHVtLUNBEAE,5.0,2021-12-28T06:21:40Z,2021-12-28T06:21:41Z,4 года назад,"Очень бюджетное меню
Но очень вкусное
Мы были там с дочкой 6 лет
Очень атмосферно
Работают прекрасные ребята
Обязательно будем посещать сиё место
Там же расположен магазин книг
Красивый и уютный",True,Google,https://www.google.com/maps/reviews/data=!4m8!14m7!1m6!2m5!1sChZDSUhNMG9nS0VJQ0FnSUNtdHVtLUNBEAE!2m1!1s0x0:0x8285ed0b0ccad8c3!3m1!1s2@1:CIHM0ogKEICAgICmtum-CA%7C%7C?hl=ru,2026-09-07T23:53:54.994066+00:00,3.8,71
"Клуб ""Клуб""","Покровский б-р, 6/20, Москва, Россия, 109028",0x46b54af52ac0de6f:0x8285ed0b0ccad8c3,ChZDSUhNMG9nS0VJQ0FnSUNtc3QtRkNBEAE,5.0,2021-12-23T20:26:02Z,2021-12-23T20:26:02Z,4 года назад,,False,Google,https://www.google.com/maps/reviews/data=!4m8!14m7!1m6!2m5!1sChZDSUhNMG9nS0VJQ0FnSUNtc3QtRkNBEAE!2m1!1s0x0:0x8285ed0b0ccad8c3!3m1!1s2@1:CIHM0ogKEICAgICmst-FCA%7C%7C?hl=ru,2026-09-07T23:53:55.822609+00:00,3.8,71
"Клуб ""Клуб""","Покровский б-р, 6/20, Москва, Россия, 109028",0x46b54af52ac0de6f:0x8285ed0b0ccad8c3,ChZDSUhNMG9nS0VJQ0FnSUNtNU12YkRBEAE,5.0,2021-12-19T09:26:39Z,2021-12-19T09:26:39Z,4 года назад,,False,Google,https://www.google.com/maps/reviews/data=!4m8!14m7!1m6!2m5!1sChZDSUhNMG9nS0VJQ0FnSUNtNU12YkRBEAE!2m1!1s0x0:0x8285ed0b0ccad8c3!3m1!1s2@1:CIHM0ogKEICAgICm5MvbDA%7C%7C?hl=ru,2026-09-07T23:53:55.822753+00:00,3.8,71
"Клуб ""Клуб""","Покровский б-р, 6/20, Москва, Россия, 109028",0x46b54af52ac0de6f:0x8285ed0b0ccad8c3,ChZDSUhNMG9nS0VJQ0FnSURHbjh6YVNBEAE,5.0,2021-12-13T20:47:22Z,2021-12-14T21:14:23Z,Изменено 4 года назад,"Замечательное место для рабочего обеда.
Ёрш на темном с настоечкой и бутер с селедочкой - топ.",True,Google,https://www.google.com/maps/reviews/data=!4m8!14m7!1m6!2m5!1sChZDSUhNMG9nS0VJQ0FnSURHbjh6YVNBEAE!2m1!1s0x0:0x8285ed0b0ccad8c3!3m1!1s2@1:CIHM0ogKEICAgIDGn8zaSA%7C%7C?hl=ru,2026-09-07T23:53:55.822803+00:00,3.8,71
"Клуб ""Клуб""","Покровский б-р, 6/20, Москва, Россия, 109028",0x46b54af52ac0de6f:0x8285ed0b0ccad8c3,ChZDSUhNMG9nS0VJQ0FnSURHLS1EQUZnEAE,5.0,2021-12-10T20:33:02Z,2021-12-10T20:33:02Z,4 года назад,,False,Google,https://www.google.com/maps/reviews/data=!4m8!14m7!1m6!2m5!1sChZDSUhNMG9nS0VJQ0FnSURHLS1EQUZnEAE!2m1!1s0x0:0x8285ed0b0ccad8c3!3m1!1s2@1:CIHM0ogKEICAgIDG--DAFg%7C%7C?hl=ru,2026-09-07T23:53:55.822848+00:00,3.8,71
"Клуб ""Клуб""","Покровский б-р, 6/20, Москва, Россия, 109028",0x46b54af52ac0de6f:0x8285ed0b0ccad8c3,ChZDSUhNMG9nS0VJQ0FnSURHMGVqWkt3EAE,5.0,2021-12-01T02:37:43Z,2021-12-01T02:37:43Z,4 года назад,Давид красавец,True,Google,https://www.google.com/maps/reviews/data=!4m8!14m7!1m6!2m5!1sChZDSUhNMG9nS0VJQ0FnSURHMGVqWkt3EAE!2m1!1s0x0:0x8285ed0b0ccad8c3!3m1!1s2@1:CIHM0ogKEICAgIDG0ejZKw%7C%7C?hl=ru,2026-09-07T23:53:55.822886+00:00,3.8,71
"Клуб ""Клуб""","Покровский б-р, 6/20, Москва, Россия, 109028",0x46b54af52ac0de6f:0x8285ed0b0ccad8c3,ChZDSUhNMG9nS0VJQ0FnSURHa2REcGNBEAE,4.0,2021-11-30T20:11:17Z,2021-11-30T20:11:17Z,4 года назад,,False,Google,https://www.google.com/maps/reviews/data=!4m8!14m7!1m6!2m5!1sChZDSUhNMG9nS0VJQ0FnSURHa2REcGNBEAE!2m1!1s0x0:0x8285ed0b0ccad8c3!3m1!1s2@1:CIHM0ogKEICAgIDGkdDpcA%7C%7C?hl=ru,2026-09-07T23:53:55.822915+00:00,3.8,71
"Клуб ""Клуб""","Покровский б-р, 6/20, Москва, Россия, 109028",0x46b54af52ac0de6f:0x8285ed0b0ccad8c3,ChdDSUhNMG9nS0VJQ0FnSURHd1BxUV9RRRAB,5.0,2021-11-14T22:36:02Z,2021-11-14T22:36:02Z,4 года назад,Андеграунда демокраси свобода полета,True,Google,https://www.google.com/maps/reviews/data=!4m8!14m7!1m6!2m5!1sChdDSUhNMG9nS0VJQ0FnSURHd1BxUV9RRRAB!2m1!1s0x0:0x8285ed0b0ccad8c3!3m1!1s2@1:CIHM0ogKEICAgIDGwPqQ_QE%7C%7C?hl=ru,2026-09-07T23:53:55.822944+00:00,3.8,71
"Клуб ""Клуб""","Покровский б-р, 6/20, Москва, Россия, 109028",0x46b54af52ac0de6f:0x8285ed0b0ccad8c3,ChdDSUhNMG9nS0VJQ0FnSUNHdG95UDhRRRAB,4.0,2021-10-28T19:00:20Z,2021-10-28T19:00:20Z,4 года назад,,False,Google,https://www.google.com/maps/reviews/data=!4m8!14m7!1m6!2m5!1sChdDSUhNMG9nS0VJQ0FnSUNHdG95UDhRRRAB!2m1!1s0x0:0x8285ed0b0ccad8c3!3m1!1s2@1:CIHM0ogKEICAgICGtoyP8QE%7C%7C?hl=ru,2026-09-07T23:53:55.822985+00:00,3.8,71
"Клуб ""Клуб""","Покровский б-р, 6/20, Москва, Россия, 109028",0x46b54af52ac0de6f:0x8285ed0b0ccad8c3,ChZDSUhNMG9nS0VJQ0FnSUNHa1BXd0p3EAE,5.0,2021-10-17T16:33:02Z,2021-10-17T16:33:02Z,4 года назад,,False,Google,https://www.google.com/maps/reviews/data=!4m8!14m7!1m6!2m5!1sChZDSUhNMG9nS0VJQ0FnSUNHa1BXd0p3EAE!2m1!1s0x0:0x8285ed0b0ccad8c3!3m1!1s2@1:CIHM0ogKEICAgICGkPWwJw%7C%7C?hl=ru,2026-09-07T23:53:55.823014+00:00,3.8,71
"Клуб ""Клуб""","Покровский б-р, 6/20, Москва, Россия, 109028",0x46b54af52ac0de6f:0x8285ed0b0ccad8c3,ChZDSUhNMG9nS0VJQ0FnSUQ2cTVlWmZREAE,5.0,2021-10-11T19:40:23Z,2021-10-11T19:40:23Z,4 года назад,,False,Google,https://www.google.com/maps/reviews/data=!4m8!14m7!1m6!2m5!1sChZDSUhNMG9nS0VJQ0FnSUQ2cTVlWmZREAE!2m1!1s0x0:0x8285ed0b0ccad8c3!3m1!1s2@1:CIHM0ogKEICAgID6q5eZfQ%7C%7C?hl=ru,2026-09-07T23:53:55.823041+00:00,3.8,71
"Клуб ""Клуб""","Покровский б-р, 6/20, Москва, Россия, 109028",0x46b54af52ac0de6f:0x8285ed0b0ccad8c3,ChZDSUhNMG9nS0VJQ0FnSUQ2d0pLb05REAE,5.0,2021-09-17T15:35:49Z,2021-09-17T15:35:49Z,4 года назад,"Очень уютно, вкусно, душевно",True,Google,https://www.google.com/maps/reviews/data=!4m8!14m7!1m6!2m5!1sChZDSUhNMG9nS0VJQ0FnSUQ2d0pLb05REAE!2m1!1s0x0:0x8285ed0b0ccad8c3!3m1!1s2@1:CIHM0ogKEICAgID6wJKoNQ%7C%7C?hl=ru,2026-09-07T23:53:55.823069+00:00,3.8,71
"Клуб ""Клуб""","Покровский б-р, 6/20, Москва, Россия, 109028",0x46b54af52ac0de6f:0x8285ed0b0ccad8c3,ChZDSUhNMG9nS0VJQ0FnSUM2OGM2TkNBEAE,5.0,2021-09-07T14:21:02Z,2021-09-15T09:15:50Z,Изменено 4 года назад,"Отлично подходит для маленьких концертов и фестивалей. Неплохой бар с вкусным пивом (брала вишневое и не пожалела), сидр правда на любителя. Немного дороговато, но учитывая, что это бар в клубе не удивлена.
Хочу так же отметить чистый и удобный туалет",True,Google,https://www.google.com/maps/reviews/data=!4m8!14m7!1m6!2m5!1sChZDSUhNMG9nS0VJQ0FnSUM2OGM2TkNBEAE!2m1!1s0x0:0x8285ed0b0ccad8c3!3m1!1s2@1:CIHM0ogKEICAgIC68c6NCA%7C%7C?hl=ru,2026-09-07T23:53:55.823099+00:00,3.8,71
"Клуб ""Клуб""","Покровский б-р, 6/20, Москва, Россия, 109028",0x46b54af52ac0de6f:0x8285ed0b0ccad8c3,ChdDSUhNMG9nS0VJQ0FnSUM2eDZPVzFRRRAB,5.0,2021-09-14T15:43:42Z,2021-09-14T15:43:42Z,4 года назад,,False,Google,https://www.google.com/maps/reviews/data=!4m8!14m7!1m6!2m5!1sChdDSUhNMG9nS0VJQ0FnSUM2eDZPVzFRRRAB!2m1!1s0x0:0x8285ed0b0ccad8c3!3m1!1s2@1:CIHM0ogKEICAgIC6x6OW1QE%7C%7C?hl=ru,2026-09-07T23:53:55.823144+00:00,3.8,71
"Клуб ""Клуб""","Покровский б-р, 6/20, Москва, Россия, 109028",0x46b54af52ac0de6f:0x8285ed0b0ccad8c3,ChdDSUhNMG9nS0VJQ0FnSUM2aWJpM21RRRAB,5.0,2021-09-07T16:58:55Z,2021-09-07T16:58:55Z,5 лет назад,,False,Google,https://www.google.com/maps/reviews/data=!4m8!14m7!1m6!2m5!1sChdDSUhNMG9nS0VJQ0FnSUM2aWJpM21RRRAB!2m1!1s0x0:0x8285ed0b0ccad8c3!3m1!1s2@1:CIHM0ogKEICAgIC6ibi3mQE%7C%7C?hl=ru,2026-09-07T23:53:55.823171+00:00,3.8,71
"Клуб ""Клуб""","Покровский б-р, 6/20, Москва, Россия, 109028",0x46b54af52ac0de6f:0x8285ed0b0ccad8c3,ChZDSUhNMG9nS0VJQ0FnSURhXzd5X0J3EAE,5.0,2021-08-26T22:48:22Z,2021-08-26T22:48:22Z,5 лет назад,Обсадились все!!!,True,Google,https://www.google.com/maps/reviews/data=!4m8!14m7!1m6!2m5!1sChZDSUhNMG9nS0VJQ0FnSURhXzd5X0J3EAE!2m1!1s0x0:0x8285ed0b0ccad8c3!3m1!1s2@1:CIHM0ogKEICAgIDa_7y_Bw%7C%7C?hl=ru,2026-09-07T23:53:55.823198+00:00,3.8,71
"Клуб ""Клуб""","Покровский б-р, 6/20, Москва, Россия, 109028",0x46b54af52ac0de6f:0x8285ed0b0ccad8c3,ChdDSUhNMG9nS0VJQ0FnSURhdi1yaDZRRRAB,1.0,2021-08-26T18:34:16Z,2021-08-26T18:34:16Z,5 лет назад,,False,Google,https://www.google.com/maps/reviews/data=!4m8!14m7!1m6!2m5!1sChdDSUhNMG9nS0VJQ0FnSURhdi1yaDZRRRAB!2m1!1s0x0:0x8285ed0b0ccad8c3!3m1!1s2@1:CIHM0ogKEICAgIDav-rh6QE%7C%7C?hl=ru,2026-09-07T23:53:55.823228+00:00,3.8,71
"Клуб ""Клуб""","Покровский б-р, 6/20, Москва, Россия, 109028",0x46b54af52ac0de6f:0x8285ed0b0ccad8c3,ChZDSUhNMG9nS0VJQ0FnSURhenBYQ1J3EAE,5.0,2021-08-21T23:36:29Z,2021-08-21T23:36:29Z,5 лет назад,,False,Google,https://www.google.com/maps/reviews/data=!4m8!14m7!1m6!2m5!1sChZDSUhNMG9nS0VJQ0FnSURhenBYQ1J3EAE!2m1!1s0x0:0x8285ed0b0ccad8c3!3m1!1s2@1:CIHM0ogKEICAgIDazpXCRw%7C%7C?hl=ru,2026-09-07T23:53:55.823255+00:00,3.8,71
"Клуб ""Клуб""","Покровский б-р, 6/20, Москва, Россия, 109028",0x46b54af52ac0de6f:0x8285ed0b0ccad8c3,ChZDSUhNMG9nS0VJQ0FnSURhanR2UUt3EAE,5.0,2021-08-21T19:17:09Z,2021-08-21T19:17:09Z,5 лет назад,,False,Google,https://www.google.com/maps/reviews/data=!4m8!14m7!1m6!2m5!1sChZDSUhNMG9nS0VJQ0FnSURhanR2UUt3EAE!2m1!1s0x0:0x8285ed0b0ccad8c3!3m1!1s2@1:CIHM0ogKEICAgIDajtvQKw%7C%7C?hl=ru,2026-09-07T23:53:55.823282+00:00,3.8,71
"Клуб ""Клуб""","Покровский б-р, 6/20, Москва, Россия, 109028",0x46b54af52ac0de6f:0x8285ed0b0ccad8c3,ChdDSUhNMG9nS0VJQ0FnSURhbHFDMmx3RRAB,1.0,2021-08-20T18:04:34Z,2021-08-20T18:05:15Z,5 лет назад,"Кофе ужасный, морковный торт-пирог есть невозможно, вкус ужасный, про запах вообще молчу",True,Google,https://www.google.com/maps/reviews/data=!4m8!14m7!1m6!2m5!1sChdDSUhNMG9nS0VJQ0FnSURhbHFDMmx3RRAB!2m1!1s0x0:0x8285ed0b0ccad8c3!3m1!1s2@1:CIHM0ogKEICAgIDalqC2lwE%7C%7C?hl=ru,2026-09-07T23:53:55.823321+00:00,3.8,71
"Клуб ""Клуб""","Покровский б-р, 6/20, Москва, Россия, 109028",0x46b54af52ac0de6f:0x8285ed0b0ccad8c3,ChZDSUhNMG9nS0VJQ0FnSURhMk9hd0lREAE,3.0,2021-08-14T16:29:23Z,2021-08-14T16:29:23Z,5 лет назад,"Заведение немногим приличнее Зинзивера, кто ходит в их книжный непонятно, учитывая контингент, распивающий невкусные, но дешевые настойки",True,Google,https://www.google.com/maps/reviews/data=!4m8!14m7!1m6!2m5!1sChZDSUhNMG9nS0VJQ0FnSURhMk9hd0lREAE!2m1!1s0x0:0x8285ed0b0ccad8c3!3m1!1s2@1:CIHM0ogKEICAgIDa2OawIQ%7C%7C?hl=ru,2026-09-07T23:53:55.823354+00:00,3.8,71
KULTURA,"Кудринская пл., Москва, Россия, 123242",0x46b54b17c17877af:0x102fe06f66806234,Ci9DQUlRQUNvZENodHljRjlvT20xalRWbHlUMFl3TW1WdmFYcGFlWGRwYnpKUkxYYxAB,5.0,2026-07-25T23:16:17Z,2026-07-25T23:16:17Z,месяц назад,,False,Google,https://www.google.com/maps/reviews/data=!4m8!14m7!1m6!2m5!1sCi9DQUlRQUNvZENodHljRjlvT20xalRWbHlUMFl3TW1WdmFYcGFlWGRwYnpKUkxYYxAB!2m1!1s0x0:0x102fe06f66806234!3m1!1s2@1:CAIQACodChtycF9oOm1jTVlyT0YwMmVvaXpaeXdpbzJRLXc%7C%7C?hl=ru,2026-09-07T23:53:56.236416+00:00,4.2,48
KULTURA,"Кудринская пл., Москва, Россия, 123242",0x46b54b17c17877af:0x102fe06f66806234,Ci9DQUlRQUNvZENodHljRjlvT200d1ZYZ3RhbUZNWDBsQ2NYaHBjQzB4YVRVeVRtYxAB,1.0,2026-07-20T14:56:32Z,2026-07-20T14:56:32Z,месяц назад,,False,Google,https://www.google.com/maps/reviews/data=!4m8!14m7!1m6!2m5!1sCi9DQUlRQUNvZENodHljRjlvT200d1ZYZ3RhbUZNWDBsQ2NYaHBjQzB4YVRVeVRtYxAB!2m1!1s0x0:0x102fe06f66806234!3m1!1s2@1:CAIQACodChtycF9oOm4wVXgtamFMX0lCcXhpcC0xaTUyTmc%7C%7C?hl=ru,2026-09-07T23:53:56.236656+00:00,4.2,48
KULTURA,"Кудринская пл., Москва, Россия, 123242",0x46b54b17c17877af:0x102fe06f66806234,Ci9DQUlRQUNvZENodHljRjlvT20xNlZsRk1RMTh4Tm05amNFbERhRWcwWkhGNFgyYxAB,5.0,2026-06-05T23:03:39Z,2026-06-05T23:03:39Z,3 месяца назад,Все на высшем уровне,True,Google,https://www.google.com/maps/reviews/data=!4m8!14m7!1m6!2m5!1sCi9DQUlRQUNvZENodHljRjlvT20xNlZsRk1RMTh4Tm05amNFbERhRWcwWkhGNFgyYxAB!2m1!1s0x0:0x102fe06f66806234!3m1!1s2@1:CAIQACodChtycF9oOm16VlFMQ18xNm9jcElDaEg0ZHF4X2c%7C%7C?hl=ru,2026-09-07T23:53:56.236723+00:00,4.2,48
KULTURA,"Кудринская пл., Москва, Россия, 123242",0x46b54b17c17877af:0x102fe06f66806234,Ci9DQUlRQUNvZENodHljRjlvT2sxb05HVlFhamxHUzJ4elFVUm9Na0ZhUXpsMmRGRRAB,5.0,2026-05-01T19:53:23Z,2026-05-01T19:53:23Z,4 месяца назад,Все просто супер!,True,Google,https://www.google.com/maps/reviews/data=!4m8!14m7!1m6!2m5!1sCi9DQUlRQUNvZENodHljRjlvT2sxb05HVlFhamxHUzJ4elFVUm9Na0ZhUXpsMmRGRRAB!2m1!1s0x0:0x102fe06f66806234!3m1!1s2@1:CAIQACodChtycF9oOk1oNGVQajlGS2xzQURoMkFaQzl2dFE%7C%7C?hl=ru,2026-09-07T23:53:56.236760+00:00,4.2,48
KULTURA,"Кудринская пл., Москва, Россия, 123242",0x46b54b17c17877af:0x102fe06f66806234,Ci9DQUlRQUNvZENodHljRjlvT21wb1lsazFPV2MzVDJKcU5uQjVRMmRYT0UxNlJsRRAB,5.0,2026-01-30T16:29:01Z,2026-01-30T16:29:01Z,7 месяцев назад,Лучший клуб мск,True,Google,https://www.google.com/maps/reviews/data=!4m8!14m7!1m6!2m5!1sCi9DQUlRQUNvZENodHljRjlvT21wb1lsazFPV2MzVDJKcU5uQjVRMmRYT0UxNlJsRRAB!2m1!1s0x0:0x102fe06f66806234!3m1!1s2@1:CAIQACodChtycF9oOmpoYlk1OWc3T2JqNnB5Q2dXOE16RlE%7C%7C?hl=ru,2026-09-07T23:53:56.236792+00:00,4.2,48
KULTURA,"Кудринская пл., Москва, Россия, 123242",0x46b54b17c17877af:0x102fe06f66806234,ChdDSUhNMG9nS0VJQ0FnTURnaWJEcnlBRRAB,5.0,2025-02-25T16:18:16Z,2025-02-25T16:18:16Z,год назад,"Посетил ночной клуб Культура в октябре 2024.Вот это кипишь !В клубе на момент моего ухода было 898 человек .Гардероб на 900 позиций ,было две свободных.Народа не реально много .Публика молодежь ,парней больше процентов на 20 .Было несколько человек из дальнего зарубежья (не снг ).Работает ведущий ,молодые танцор и танцовщица .Музыка долбежка .Свой трек нельзя заказать .Безалкогольная карта оставляет желать лучшего :чай,кофе ,соки не продаются ,только вода и напитки типа кола ,фанта .В клуб постоянно очередь .Охрана зачем -то закрывает  лица масками (неужели кто-то искал после смены?).Есть двое качель ,на них работницы клуба в костюмах изображают образы Вход бесплатный.Чтобы зайти нужно оформить проходку в телеграме .Необходимо указать свои ФИО ,возраст,пол ,телефон.На входе проверяют паспорт .До меня стояли трое иностранцев с проходками ,их по -моему так и не пустили .Клуб находится в центре Москвы между парком Горького и Музеоном.
Многие с шарами .То ли их просто надувают ради прикола ,то ли внутри них что -то есть ,так и не понял .Освещения мало ,в клубе темно.Качественный видео и фото обзор не сделаешь .Много общего с клубом Looking Rooms на Тверской .Тоже темное освещение ,шары ,проверка паспорта ,много молодежи ,бесплатный вход .Ко мне подходила молодая девушка под шафе пообщаться .Спросила сколько мне лет .Я сказал 39.Она подумала ,что я охранник одного молодого парня на танцполе )Я там был самый взрослый )Все молодые были до 25 лет )Плитка на полу не подходящее покрытие для танцев .Про слайды и прыжки можно забыть.В целом вечеринка понравилась.Танцоры и публика зажигали энергично и эмоционально.Это отличие молодежных дискотек .

That 's boiling !There were 898 people in the club at the time of my departure .Wardrobe for 900 positions, there were two available.There are not really many people .The audience is young , the guys are 20 percent more .There were several people from far abroad (not the CIS).A presenter , a young dancer and a dancer are working .Music is slotting .You can't order your own track.The non-alcoholic card leaves much to be desired: tea, coffee, juices are not sold, only water and drinks such as cola, fanta .There is always a queue at the club .For some reason, the guards cover their faces with masks (did someone look for them after the shift?).There are two swings, on which club workers in suits depict images. Admission is free.To enter, you need to register a passage in the telegram.You must specify your full name, age, gender, and phone number.The passport is checked at the entrance.

There were three foreigners with penetrations before me , in my opinion they were never allowed in .The club is located in the center of Moscow between Gorky Park and the Museum.
Many with balloons .Whether they are just being inflated for fun , or whether there is something inside them , I did not understand .There is little lighting, the club is dark.You can't do a high-quality video and photo review .There is a lot in common with the Looking Rooms club on Tverskaya Street .Also dark lighting, balloons , passport check , lots of young people , free entrance .A young girl came up to me to chat with me .She asked me how old I was .I said 39.She thought I was a security guard for a young guy on the dance floor)I was the most grown-up there)All the young people were under 25 years old )The tiles on the floor are not a suitable covering for dancing.You can forget about slides and jumps.Overall, I liked it .The dancers and the audience lit up )",True,Google,https://www.google.com/maps/reviews/data=!4m8!14m7!1m6!2m5!1sChdDSUhNMG9nS0VJQ0FnTURnaWJEcnlBRRAB!2m1!1s0x0:0x102fe06f66806234!3m1!1s2@1:CIHM0ogKEICAgMDgibDryAE%7C%7C?hl=ru,2026-09-07T23:53:56.236824+00:00,4.2,48
KULTURA,"Кудринская пл., Москва, Россия, 123242",0x46b54b17c17877af:0x102fe06f66806234,ChdDSUhNMG9nS0VJQ0FnSUNfLWJyeHZBRRAB,5.0,2025-01-17T14:32:02Z,2025-01-17T14:32:02Z,год назад,,False,Google,https://www.google.com/maps/reviews/data=!4m8!14m7!1m6!2m5!1sChdDSUhNMG9nS0VJQ0FnSUNfLWJyeHZBRRAB!2m1!1s0x0:0x102fe06f66806234!3m1!1s2@1:CIHM0ogKEICAgIC_-brxvAE%7C%7C?hl=ru,2026-09-07T23:53:56.236931+00:00,4.2,48
KULTURA,"Кудринская пл., Москва, Россия, 123242",0x46b54b17c17877af:0x102fe06f66806234,ChdDSUhNMG9nS0VJQ0FnSUNfLWZUMzdRRRAB,5.0,2025-01-17T14:19:45Z,2025-01-17T14:19:45Z,год назад,,False,Google,https://www.google.com/maps/reviews/data=!4m8!14m7!1m6!2m5!1sChdDSUhNMG9nS0VJQ0FnSUNfLWZUMzdRRRAB!2m1!1s0x0:0x102fe06f66806234!3m1!1s2@1:CIHM0ogKEICAgIC_-fT37QE%7C%7C?hl=ru,2026-09-07T23:53:56.236959+00:00,4.2,48
KULTURA,"Кудринская пл., Москва, Россия, 123242",0x46b54b17c17877af:0x102fe06f66806234,ChZDSUhNMG9nS0VJQ0FnSUNfeHFHb0Z3EAE,5.0,2025-01-15T16:26:49Z,2025-01-15T16:26:49Z,год назад,,False,Google,https://www.google.com/maps/reviews/data=!4m8!14m7!1m6!2m5!1sChZDSUhNMG9nS0VJQ0FnSUNfeHFHb0Z3EAE!2m1!1s0x0:0x102fe06f66806234!3m1!1s2@1:CIHM0ogKEICAgIC_xqGoFw%7C%7C?hl=ru,2026-09-07T23:53:56.405048+00:00,4.2,48
KULTURA,"Кудринская пл., Москва, Россия, 123242",0x46b54b17c17877af:0x102fe06f66806234,ChZDSUhNMG9nS0VJQ0FnSUNfekpmdmRBEAE,5.0,2025-01-13T16:07:42Z,2025-01-13T16:07:42Z,год назад,,False,Google,https://www.google.com/maps/reviews/data=!4m8!14m7!1m6!2m5!1sChZDSUhNMG9nS0VJQ0FnSUNfekpmdmRBEAE!2m1!1s0x0:0x102fe06f66806234!3m1!1s2@1:CIHM0ogKEICAgIC_zJfvdA%7C%7C?hl=ru,2026-09-07T23:53:56.405240+00:00,4.2,48
KULTURA,"Кудринская пл., Москва, Россия, 123242",0x46b54b17c17877af:0x102fe06f66806234,ChZDSUhNMG9nS0VJQ0FnSUR2c2ZMSVJBEAE,5.0,2024-12-21T11:39:15Z,2024-12-21T11:39:15Z,год назад,,False,Google,https://www.google.com/maps/reviews/data=!4m8!14m7!1m6!2m5!1sChZDSUhNMG9nS0VJQ0FnSUR2c2ZMSVJBEAE!2m1!1s0x0:0x102fe06f66806234!3m1!1s2@1:CIHM0ogKEICAgIDvsfLIRA%7C%7C?hl=ru,2026-09-07T23:53:56.405297+00:00,4.2,48
KULTURA,"Кудринская пл., Москва, Россия, 123242",0x46b54b17c17877af:0x102fe06f66806234,ChdDSUhNMG9nS0VJQ0FnSUR2NnRtZzRRRRAB,5.0,2024-12-19T14:53:09Z,2024-12-19T14:53:09Z,год назад,,False,Google,https://www.google.com/maps/reviews/data=!4m8!14m7!1m6!2m5!1sChdDSUhNMG9nS0VJQ0FnSUR2NnRtZzRRRRAB!2m1!1s0x0:0x102fe06f66806234!3m1!1s2@1:CIHM0ogKEICAgIDv6tmg4QE%7C%7C?hl=ru,2026-09-07T23:53:56.405338+00:00,4.2,48
KULTURA,"Кудринская пл., Москва, Россия, 123242",0x46b54b17c17877af:0x102fe06f66806234,ChdDSUhNMG9nS0VJQ0FnSUR2NEszdW93RRAB,5.0,2024-12-16T17:18:53Z,2024-12-16T17:18:53Z,год назад,"Доброго вечера.!Зашла в клуб с подругами ,и это просто улет.Напитки недорогие ,вкусная еда .Официанты такие милые,один даже сделал комплимент что круто выгляжу.Персонал супер дружелюбный ,обязательно ещё раз приду .",True,Google,https://www.google.com/maps/reviews/data=!4m8!14m7!1m6!2m5!1sChdDSUhNMG9nS0VJQ0FnSUR2NEszdW93RRAB!2m1!1s0x0:0x102fe06f66806234!3m1!1s2@1:CIHM0ogKEICAgIDv4K3uowE%7C%7C?hl=ru,2026-09-07T23:53:56.405375+00:00,4.2,48
KULTURA,"Кудринская пл., Москва, Россия, 123242",0x46b54b17c17877af:0x102fe06f66806234,ChZDSUhNMG9nS0VJQ0FnSUR2NE82dVJnEAE,5.0,2024-12-16T16:51:45Z,2024-12-16T16:51:45Z,год назад,"Этот клуб просто шикарный! Мы тусили до утра, и музыка была бесподобная! Персонал очень внимательный, напитки подали мгновенно! Чувствуется дружественная атмосфера, словно пришла к друзьям на тусовку!",True,Google,https://www.google.com/maps/reviews/data=!4m8!14m7!1m6!2m5!1sChZDSUhNMG9nS0VJQ0FnSUR2NE82dVJnEAE!2m1!1s0x0:0x102fe06f66806234!3m1!1s2@1:CIHM0ogKEICAgIDv4O6uRg%7C%7C?hl=ru,2026-09-07T23:53:56.405421+00:00,4.2,48
KULTURA,"Кудринская пл., Москва, Россия, 123242",0x46b54b17c17877af:0x102fe06f66806234,ChdDSUhNMG9nS0VJQ0FnSUN2aGJpZWdBRRAB,5.0,2024-12-12T21:28:36Z,2024-12-12T21:28:36Z,год назад,"нравится все. много охранников, что позволяет чувствовать себя в безопасности. атмосфера шикарная, музыка прекрасная, вайб!🩷",True,Google,https://www.google.com/maps/reviews/data=!4m8!14m7!1m6!2m5!1sChdDSUhNMG9nS0VJQ0FnSUN2aGJpZWdBRRAB!2m1!1s0x0:0x102fe06f66806234!3m1!1s2@1:CIHM0ogKEICAgICvhbiegAE%7C%7C?hl=ru,2026-09-07T23:53:56.405457+00:00,4.2,48
KULTURA,"Кудринская пл., Москва, Россия, 123242",0x46b54b17c17877af:0x102fe06f66806234,ChdDSUhNMG9nS0VJQ0FnSURQNlpEam5RRRAB,5.0,2024-12-03T17:08:26Z,2024-12-03T17:08:26Z,год назад,"Мне очень понравился клуб, весело, музыка отличная, танцевали как в последний раз, взяли столик посидели покушали, закуски и пиццу, кухня на высоте.",True,Google,https://www.google.com/maps/reviews/data=!4m8!14m7!1m6!2m5!1sChdDSUhNMG9nS0VJQ0FnSURQNlpEam5RRRAB!2m1!1s0x0:0x102fe06f66806234!3m1!1s2@1:CIHM0ogKEICAgIDP6ZDjnQE%7C%7C?hl=ru,2026-09-07T23:53:56.405491+00:00,4.2,48
KULTURA,"Кудринская пл., Москва, Россия, 123242",0x46b54b17c17877af:0x102fe06f66806234,ChdDSUhNMG9nS0VJQ0FnSURQcWF1LV9nRRAB,5.0,2024-12-03T16:49:37Z,2024-12-03T16:49:37Z,год назад,"Шикарный клуб! Вчера зашли с друзьями, коктейли просто бомба, а атмосфера потрясающая. DJ сделали вечер незабываемым. Очень советую!",True,Google,https://www.google.com/maps/reviews/data=!4m8!14m7!1m6!2m5!1sChdDSUhNMG9nS0VJQ0FnSURQcWF1LV9nRRAB!2m1!1s0x0:0x102fe06f66806234!3m1!1s2@1:CIHM0ogKEICAgIDPqau-_gE%7C%7C?hl=ru,2026-09-07T23:53:56.405525+00:00,4.2,48
KULTURA,"Кудринская пл., Москва, Россия, 123242",0x46b54b17c17877af:0x102fe06f66806234,ChdDSUhNMG9nS0VJQ0FnSURYOGFHdzVnRRAB,5.0,2024-10-28T14:45:04Z,2024-10-28T14:45:04Z,год назад,"Были в клубе на выходных, музыка отличная, коктейли вкусные, бармены работают быстро. Атмосфера просто огонь!",True,Google,https://www.google.com/maps/reviews/data=!4m8!14m7!1m6!2m5!1sChdDSUhNMG9nS0VJQ0FnSURYOGFHdzVnRRAB!2m1!1s0x0:0x102fe06f66806234!3m1!1s2@1:CIHM0ogKEICAgIDX8aGw5gE%7C%7C?hl=ru,2026-09-07T23:53:56.405558+00:00,4.2,48
KULTURA,"Кудринская пл., Москва, Россия, 123242",0x46b54b17c17877af:0x102fe06f66806234,ChZDSUhNMG9nS0VJQ0FnSURYOGRhNVVnEAE,5.0,2024-10-28T14:29:40Z,2024-10-28T14:29:40Z,год назад,"Зашли на выходных в КУЛЬТуру с друзьями, клуб удивил! Музыка, напитки и обслуживание на уровне, все прошло отлично.",True,Google,https://www.google.com/maps/reviews/data=!4m8!14m7!1m6!2m5!1sChZDSUhNMG9nS0VJQ0FnSURYOGRhNVVnEAE!2m1!1s0x0:0x102fe06f66806234!3m1!1s2@1:CIHM0ogKEICAgIDX8da5Ug%7C%7C?hl=ru,2026-09-07T23:53:56.405590+00:00,4.2,48
KULTURA,"Кудринская пл., Москва, Россия, 123242",0x46b54b17c17877af:0x102fe06f66806234,ChdDSUhNMG9nS0VJQ0FnSURYbE9fQnZ3RRAB,5.0,2024-10-24T15:56:53Z,2024-10-24T15:56:53Z,год назад,"Это мой самый любимый клуб, я здесь реально забываю о всех своих проблемах, нереально крутой звук, свет и вообще весь интерьер. Я обожаю здешних диджеев,  придумают что то классное, всегда разнообразный и насыщенный плей-лист, так что меломанам тут особенно понравится!)",True,Google,https://www.google.com/maps/reviews/data=!4m8!14m7!1m6!2m5!1sChdDSUhNMG9nS0VJQ0FnSURYbE9fQnZ3RRAB!2m1!1s0x0:0x102fe06f66806234!3m1!1s2@1:CIHM0ogKEICAgIDXlO_BvwE%7C%7C?hl=ru,2026-09-07T23:53:56.405622+00:00,4.2,48
KULTURA,"Кудринская пл., Москва, Россия, 123242",0x46b54b17c17877af:0x102fe06f66806234,ChZDSUhNMG9nS0VJQ0FnSUNYaHNiMUV3EAE,5.0,2024-10-15T19:48:19Z,2024-10-15T19:48:19Z,год назад,"Ходила в пятницу в клуб, да и вообще люблю культуру!
Музыка нравится не всегда, но в последнее время стала лучше. Погода стала холодной, на гардеробе работают очень приятные люди в отличие от некоторых других клубов сетки, не приходится стоять полчаса в очереди, чтобы банально уехать домой
Коктейли на баре как всегда на уровне, особенно люблю с джином)",True,Google,https://www.google.com/maps/reviews/data=!4m8!14m7!1m6!2m5!1sChZDSUhNMG9nS0VJQ0FnSUNYaHNiMUV3EAE!2m1!1s0x0:0x102fe06f66806234!3m1!1s2@1:CIHM0ogKEICAgICXhsb1Ew%7C%7C?hl=ru,2026-09-07T23:53:56.405656+00:00,4.2,48
KULTURA,"Кудринская пл., Москва, Россия, 123242",0x46b54b17c17877af:0x102fe06f66806234,ChdDSUhNMG9nS0VJQ0FnSURiaXVlbTFBRRAB,1.0,2024-08-04T02:38:04Z,2024-08-04T02:38:04Z,2 года назад,"Малолетки стоящие на фейс контроле и также пьяная администратор которая уже сама еле стоит и не знает законов, это просто край.
Не советую идти в этот клуб если вам больше 14 лет. Готовьтесь к тому что возомнивший из себя фейс контроль решит вас не пустит « потому что им так хочется» жаль что их всех никуда кроме этого клуба работать никогда не возьмут. Москва для москвичей)",True,Google,https://www.google.com/maps/reviews/data=!4m8!14m7!1m6!2m5!1sChdDSUhNMG9nS0VJQ0FnSURiaXVlbTFBRRAB!2m1!1s0x0:0x102fe06f66806234!3m1!1s2@1:CIHM0ogKEICAgIDbiuem1AE%7C%7C?hl=ru,2026-09-07T23:53:56.405694+00:00,4.2,48
KULTURA,"Кудринская пл., Москва, Россия, 123242",0x46b54b17c17877af:0x102fe06f66806234,ChdDSUhNMG9nS0VJQ0FnSUNiLVkzVXd3RRAB,1.0,2024-07-29T06:56:22Z,2024-07-29T07:02:34Z,2 года назад,"Часто ездим по клубам в СПб и Москве, на этот раз собрались посетить Культуру в Твери. Собирались на Вайт вечеринку , пришли во всем белом, но бородатый охранник сказал приходить через час, в то же время перед нами пускал гостей не в белом , и весьма сомнительной внешности. Мы симпатичные ребята , было очень обидно и унизительно получить странный отказ , вещи у нас стильные и деньги мы на отдых не жалеем. Если б прочла отзывы перед походом, не так бы расстраивалась. Вечер был испорчен.
Первый раз такое встретила , не рекомендую. Охране работать только на сельской дискотеке.",True,Google,https://www.google.com/maps/reviews/data=!4m8!14m7!1m6!2m5!1sChdDSUhNMG9nS0VJQ0FnSUNiLVkzVXd3RRAB!2m1!1s0x0:0x102fe06f66806234!3m1!1s2@1:CIHM0ogKEICAgICb-Y3UwwE%7C%7C?hl=ru,2026-09-07T23:53:56.405731+00:00,4.2,48
KULTURA,"Кудринская пл., Москва, Россия, 123242",0x46b54b17c17877af:0x102fe06f66806234,ChZDSUhNMG9nS0VJQ0FnSURMdlpPa1dBEAE,1.0,2024-06-30T00:53:35Z,2024-06-30T00:53:35Z,2 года назад,"Барменов набрали с вокзала казанского , что бы кринж?
Работают какие-то малолетни , которые не понимают вообще что происходит, чисто солевые",True,Google,https://www.google.com/maps/reviews/data=!4m8!14m7!1m6!2m5!1sChZDSUhNMG9nS0VJQ0FnSURMdlpPa1dBEAE!2m1!1s0x0:0x102fe06f66806234!3m1!1s2@1:CIHM0ogKEICAgIDLvZOkWA%7C%7C?hl=ru,2026-09-07T23:53:56.405781+00:00,4.2,48
KULTURA,"Кудринская пл., Москва, Россия, 123242",0x46b54b17c17877af:0x102fe06f66806234,ChZDSUhNMG9nS0VJQ0FnSUN6bHIzS0N3EAE,1.0,2024-06-01T21:16:24Z,2024-06-01T21:16:24Z,2 года назад,"Мы пришли в культуру втроем,нас не пустили в клуб без объяснения причины,на вопрос почему так,в ответ последовали хамства от сатрудника по депозиту,хотя людей после нас пустили без проблем и вопросов,паспорта у нас были,qr коды тоже,очень не понравилась эта ситуация.",True,Google,https://www.google.com/maps/reviews/data=!4m8!14m7!1m6!2m5!1sChZDSUhNMG9nS0VJQ0FnSUN6bHIzS0N3EAE!2m1!1s0x0:0x102fe06f66806234!3m1!1s2@1:CIHM0ogKEICAgICzlr3KCw%7C%7C?hl=ru,2026-09-07T23:53:56.405813+00:00,4.2,48
KULTURA,"Кудринская пл., Москва, Россия, 123242",0x46b54b17c17877af:0x102fe06f66806234,ChdDSUhNMG9nS0VJQ0FnSURkN2NqaXN3RRAB,5.0,2024-02-26T08:43:32Z,2024-02-26T19:33:14Z,2 года назад,"Приезжала в субботу с компанией, все прекрасно, все понравилось!!!",True,Google,https://www.google.com/maps/reviews/data=!4m8!14m7!1m6!2m5!1sChdDSUhNMG9nS0VJQ0FnSURkN2NqaXN3RRAB!2m1!1s0x0:0x102fe06f66806234!3m1!1s2@1:CIHM0ogKEICAgIDd7cjiswE%7C%7C?hl=ru,2026-09-07T23:53:56.405850+00:00,4.2,48
KULTURA,"Кудринская пл., Москва, Россия, 123242",0x46b54b17c17877af:0x102fe06f66806234,ChdDSUhNMG9nS0VJQ0FnSUQxbHM2NWxBRRAB,1.0,2024-01-06T22:18:17Z,2024-01-06T22:18:17Z,2 года назад,Не пустили из-за штанов👍,True,Google,https://www.google.com/maps/reviews/data=!4m8!14m7!1m6!2m5!1sChdDSUhNMG9nS0VJQ0FnSUQxbHM2NWxBRRAB!2m1!1s0x0:0x102fe06f66806234!3m1!1s2@1:CIHM0ogKEICAgID1ls65lAE%7C%7C?hl=ru,2026-09-07T23:53:56.405880+00:00,4.2,48
KULTURA,"Кудринская пл., Москва, Россия, 123242",0x46b54b17c17877af:0x102fe06f66806234,ChZDSUhNMG9nS0VJQ0FnSUMxdExtOVpnEAE,1.0,2023-12-23T20:11:29Z,2023-12-23T20:11:29Z,2 года назад,"Отвратительное место, даже не смогли зайти в него, стояли в адекватном состоянии, на фейсконтроле не пропустили, причину не сказав, мы тратили деньги чтобы доехать до этого клуба а в итоге все зря)
Вообщем отвратительно встретили учитывая что в этот клуб пошла первый раз, надеюсь закроют эту помойку и откроют нормальный клуб))",True,Google,https://www.google.com/maps/reviews/data=!4m8!14m7!1m6!2m5!1sChZDSUhNMG9nS0VJQ0FnSUMxdExtOVpnEAE!2m1!1s0x0:0x102fe06f66806234!3m1!1s2@1:CIHM0ogKEICAgIC1tLm9Zg%7C%7C?hl=ru,2026-09-07T23:53:56.405910+00:00,4.2,48
KULTURA,"Кудринская пл., Москва, Россия, 123242",0x46b54b17c17877af:0x102fe06f66806234,ChdDSUhNMG9nS0VJQ0FnSUMxdExtUzJBRRAB,1.0,2023-12-23T20:10:29Z,2023-12-23T20:10:29Z,2 года назад,"Ужасное место. На охране не пропускают, при этом говорят не пришли контроль внешне",True,Google,https://www.google.com/maps/reviews/data=!4m8!14m7!1m6!2m5!1sChdDSUhNMG9nS0VJQ0FnSUMxdExtUzJBRRAB!2m1!1s0x0:0x102fe06f66806234!3m1!1s2@1:CIHM0ogKEICAgIC1tLmS2AE%7C%7C?hl=ru,2026-09-07T23:53:57.556238+00:00,4.2,48
KULTURA,"Кудринская пл., Москва, Россия, 123242",0x46b54b17c17877af:0x102fe06f66806234,ChdDSUhNMG9nS0VJQ0FnSUNGbm9haGdnRRAB,5.0,2023-10-28T07:46:55Z,2023-10-28T07:46:55Z,2 года назад,,False,Google,https://www.google.com/maps/reviews/data=!4m8!14m7!1m6!2m5!1sChdDSUhNMG9nS0VJQ0FnSUNGbm9haGdnRRAB!2m1!1s0x0:0x102fe06f66806234!3m1!1s2@1:CIHM0ogKEICAgICFnoahggE%7C%7C?hl=ru,2026-09-07T23:53:57.556458+00:00,4.2,48
KULTURA,"Кудринская пл., Москва, Россия, 123242",0x46b54b17c17877af:0x102fe06f66806234,ChZDSUhNMG9nS0VJQ0FnSUQ1X0tEYkpnEAE,5.0,2023-10-20T23:41:07Z,2023-10-20T23:41:07Z,2 года назад,"Крутой клуб, бываем очень часто всё понравилось",True,Google,https://www.google.com/maps/reviews/data=!4m8!14m7!1m6!2m5!1sChZDSUhNMG9nS0VJQ0FnSUQ1X0tEYkpnEAE!2m1!1s0x0:0x102fe06f66806234!3m1!1s2@1:CIHM0ogKEICAgID5_KDbJg%7C%7C?hl=ru,2026-09-07T23:53:57.556521+00:00,4.2,48
KULTURA,"Кудринская пл., Москва, Россия, 123242",0x46b54b17c17877af:0x102fe06f66806234,ChdDSUhNMG9nS0VJQ0FnSUQ1X01EWDV3RRAB,5.0,2023-10-20T23:39:13Z,2023-10-20T23:39:13Z,2 года назад,"очень классный клуб, всё понравилось",True,Google,https://www.google.com/maps/reviews/data=!4m8!14m7!1m6!2m5!1sChdDSUhNMG9nS0VJQ0FnSUQ1X01EWDV3RRAB!2m1!1s0x0:0x102fe06f66806234!3m1!1s2@1:CIHM0ogKEICAgID5_MDX5wE%7C%7C?hl=ru,2026-09-07T23:53:57.556629+00:00,4.2,48
KULTURA,"Кудринская пл., Москва, Россия, 123242",0x46b54b17c17877af:0x102fe06f66806234,ChZDSUhNMG9nS0VJQ0FnSUQ1X0lEX0N3EAE,5.0,2023-10-20T23:37:28Z,2023-10-20T23:37:28Z,2 года назад,"Классный клуб, прекрасный персонал и очень вежливая охрана",True,Google,https://www.google.com/maps/reviews/data=!4m8!14m7!1m6!2m5!1sChZDSUhNMG9nS0VJQ0FnSUQ1X0lEX0N3EAE!2m1!1s0x0:0x102fe06f66806234!3m1!1s2@1:CIHM0ogKEICAgID5_ID_Cw%7C%7C?hl=ru,2026-09-07T23:53:57.556699+00:00,4.2,48
KULTURA,"Кудринская пл., Москва, Россия, 123242",0x46b54b17c17877af:0x102fe06f66806234,ChZDSUhNMG9nS0VJQ0FnSUQ1dklfalhREAE,5.0,2023-10-20T23:21:12Z,2023-10-20T23:21:12Z,2 года назад,"Атмосфера супер, музыка современная, бар дешевый и очень вкусный. Всем советую!!!!",True,Google,https://www.google.com/maps/reviews/data=!4m8!14m7!1m6!2m5!1sChZDSUhNMG9nS0VJQ0FnSUQ1dklfalhREAE!2m1!1s0x0:0x102fe06f66806234!3m1!1s2@1:CIHM0ogKEICAgID5vI_jXQ%7C%7C?hl=ru,2026-09-07T23:53:57.556739+00:00,4.2,48
KULTURA,"Кудринская пл., Москва, Россия, 123242",0x46b54b17c17877af:0x102fe06f66806234,ChZDSUhNMG9nS0VJQ0FnSUQ1dk5mNERREAE,5.0,2023-10-20T23:13:57Z,2023-10-20T23:13:57Z,2 года назад,"Прекрасный клуб, вежливая охрана и хороший персонал.",True,Google,https://www.google.com/maps/reviews/data=!4m8!14m7!1m6!2m5!1sChZDSUhNMG9nS0VJQ0FnSUQ1dk5mNERREAE!2m1!1s0x0:0x102fe06f66806234!3m1!1s2@1:CIHM0ogKEICAgID5vNf4DQ%7C%7C?hl=ru,2026-09-07T23:53:57.556771+00:00,4.2,48
KULTURA,"Кудринская пл., Москва, Россия, 123242",0x46b54b17c17877af:0x102fe06f66806234,ChZDSUhNMG9nS0VJQ0FnSUQ1dktlVE5BEAE,5.0,2023-10-20T23:09:48Z,2023-10-20T23:09:48Z,2 года назад,"лучший сервис,  фейсеры на высшем уровне, приятный контингент в клубе, встречают всегда с улыбкой и диджеи афигенные",True,Google,https://www.google.com/maps/reviews/data=!4m8!14m7!1m6!2m5!1sChZDSUhNMG9nS0VJQ0FnSUQ1dktlVE5BEAE!2m1!1s0x0:0x102fe06f66806234!3m1!1s2@1:CIHM0ogKEICAgID5vKeTNA%7C%7C?hl=ru,2026-09-07T23:53:57.556802+00:00,4.2,48
KULTURA,"Кудринская пл., Москва, Россия, 123242",0x46b54b17c17877af:0x102fe06f66806234,ChZDSUhNMG9nS0VJQ0FnSUQ1dktmOWNBEAE,5.0,2023-10-20T23:09:40Z,2023-10-20T23:09:40Z,2 года назад,"Отличный клуб, охрана отлично работает. Фэйсконтроль на высшем уровне, контингент хороший,сервис всегда с улыбкой, ходим только сюда.",True,Google,https://www.google.com/maps/reviews/data=!4m8!14m7!1m6!2m5!1sChZDSUhNMG9nS0VJQ0FnSUQ1dktmOWNBEAE!2m1!1s0x0:0x102fe06f66806234!3m1!1s2@1:CIHM0ogKEICAgID5vKf9cA%7C%7C?hl=ru,2026-09-07T23:53:57.556834+00:00,4.2,48
KULTURA,"Кудринская пл., Москва, Россия, 123242",0x46b54b17c17877af:0x102fe06f66806234,ChZDSUhNMG9nS0VJQ0FnSUQ1dk5tZ2NnEAE,5.0,2023-10-20T21:59:40Z,2023-10-20T21:59:40Z,2 года назад,"Прекрасное заведение, в августе привели друзья, теперь не могу перестать посещать его!!! каждую неделю, жду выходной, чтобы быстрее вернуться. шикарная музыка (под которую можно танцевать), классный персонал (познакомилась с некоторыми барменами и промиками, афигенные ребята!!!), вкусные и не дорогие коктейли.
всем советую, придете единожды, больше не сможете воспринимать остальные клубы)",True,Google,https://www.google.com/maps/reviews/data=!4m8!14m7!1m6!2m5!1sChZDSUhNMG9nS0VJQ0FnSUQ1dk5tZ2NnEAE!2m1!1s0x0:0x102fe06f66806234!3m1!1s2@1:CIHM0ogKEICAgID5vNmgcg%7C%7C?hl=ru,2026-09-07T23:53:57.556864+00:00,4.2,48
KULTURA,"Кудринская пл., Москва, Россия, 123242",0x46b54b17c17877af:0x102fe06f66806234,ChdDSUhNMG9nS0VJQ0FnSUQ1dkthMXB3RRAB,5.0,2023-10-20T21:15:04Z,2023-10-20T21:15:04Z,2 года назад,"ребята на фейсе работают на все 100%, охрана всегда следит за происходящим (понравился тот факт, что если к тебе пристают и ты против, охрана всегда вмешается и спросит все ли хорошо), поэтому чувствуешь себя в безопасности, сервис на высшем уровне, всегда с улыбкой и все объяснят, люблю это место за атмосферу и музыку",True,Google,https://www.google.com/maps/reviews/data=!4m8!14m7!1m6!2m5!1sChdDSUhNMG9nS0VJQ0FnSUQ1dkthMXB3RRAB!2m1!1s0x0:0x102fe06f66806234!3m1!1s2@1:CIHM0ogKEICAgID5vKa1pwE%7C%7C?hl=ru,2026-09-07T23:53:57.556943+00:00,4.2,48
KULTURA,"Кудринская пл., Москва, Россия, 123242",0x46b54b17c17877af:0x102fe06f66806234,ChZDSUhNMG9nS0VJQ0FnSUQ1dlBxTUpnEAE,5.0,2023-10-20T21:09:08Z,2023-10-20T21:09:08Z,2 года назад,"Классный клуб.Атмосфера на высшем уровне как и музыка и обслуживание.Хожу сюда часто и советую своим друзьям.Кто хочет круто провести время,потанцевать и выпить вкусные коктейли,то приходите сюда",True,Google,https://www.google.com/maps/reviews/data=!4m8!14m7!1m6!2m5!1sChZDSUhNMG9nS0VJQ0FnSUQ1dlBxTUpnEAE!2m1!1s0x0:0x102fe06f66806234!3m1!1s2@1:CIHM0ogKEICAgID5vPqMJg%7C%7C?hl=ru,2026-09-07T23:53:57.556979+00:00,4.2,48
KULTURA,"Кудринская пл., Москва, Россия, 123242",0x46b54b17c17877af:0x102fe06f66806234,ChdDSUhNMG9nS0VJQ0FnSUQ1dk5xejNBRRAB,5.0,2023-10-20T21:06:42Z,2023-10-20T21:06:42Z,2 года назад,"лучший клуб! была там не один раз, очень классная музыка, вкусный алкоголь, приемлемые цены, вежливый персонал :) можно прекрасно отдохнуть как и на танцполе, так и взяв стол. это очень удобно!! советую этот клуб",True,Google,https://www.google.com/maps/reviews/data=!4m8!14m7!1m6!2m5!1sChdDSUhNMG9nS0VJQ0FnSUQ1dk5xejNBRRAB!2m1!1s0x0:0x102fe06f66806234!3m1!1s2@1:CIHM0ogKEICAgID5vNqz3AE%7C%7C?hl=ru,2026-09-07T23:53:57.557011+00:00,4.2,48
KULTURA,"Кудринская пл., Москва, Россия, 123242",0x46b54b17c17877af:0x102fe06f66806234,ChZDSUhNMG9nS0VJQ0FnSUQ1dk9yRlpnEAE,5.0,2023-10-20T21:03:07Z,2023-10-20T21:03:07Z,2 года назад,"лучший клуб, с начала августа только тут
лояльная охрана, хороший сервис, восхитительные музыка, свет и атмосфера💔",True,Google,https://www.google.com/maps/reviews/data=!4m8!14m7!1m6!2m5!1sChZDSUhNMG9nS0VJQ0FnSUQ1dk9yRlpnEAE!2m1!1s0x0:0x102fe06f66806234!3m1!1s2@1:CIHM0ogKEICAgID5vOrFZg%7C%7C?hl=ru,2026-09-07T23:53:57.557042+00:00,4.2,48
KULTURA,"Кудринская пл., Москва, Россия, 123242",0x46b54b17c17877af:0x102fe06f66806234,ChdDSUhNMG9nS0VJQ0FnSUQ1M05lRDl3RRAB,1.0,2023-10-20T19:47:31Z,2023-10-20T19:47:31Z,2 года назад,"Отношения к людям не человеческое. Хватают за руки охранники. Общаются как перво классники. Забыли куртки, еле вернули обратно.
Сервис ужасен. Напитки тоже. Один из худших клубов мск. Если хотите потусить в кайф, с нормальными отношениям к себе, советую сюда не приходить. Удаляют негативные комменты.",True,Google,https://www.google.com/maps/reviews/data=!4m8!14m7!1m6!2m5!1sChdDSUhNMG9nS0VJQ0FnSUQ1M05lRDl3RRAB!2m1!1s0x0:0x102fe06f66806234!3m1!1s2@1:CIHM0ogKEICAgID53NeD9wE%7C%7C?hl=ru,2026-09-07T23:53:57.557073+00:00,4.2,48
KULTURA,"Кудринская пл., Москва, Россия, 123242",0x46b54b17c17877af:0x102fe06f66806234,ChdDSUhNMG9nS0VJQ0FnSURwN19Qa3NRRRAB,1.0,2023-09-01T00:08:43Z,2023-09-01T00:08:43Z,3 года назад,"Максимально неприветливый персонал, охрана на каждую проблему агрессивно реагирует, берут за руки, правила сами выстанавливают, моему другу предложили депозит 5к без объяснения, хотя мы были компанией. В итоге выгнали за то, что стакан не там поставил, другого за опьянение в КЛУБЕ, другого за национальность!!!!",True,Google,https://www.google.com/maps/reviews/data=!4m8!14m7!1m6!2m5!1sChdDSUhNMG9nS0VJQ0FnSURwN19Qa3NRRRAB!2m1!1s0x0:0x102fe06f66806234!3m1!1s2@1:CIHM0ogKEICAgIDp7_PksQE%7C%7C?hl=ru,2026-09-07T23:53:57.557105+00:00,4.2,48
KULTURA,"Кудринская пл., Москва, Россия, 123242",0x46b54b17c17877af:0x102fe06f66806234,ChZDSUhNMG9nS0VJQ0FnSURKM3Jyb0hnEAE,5.0,2023-07-17T18:25:29Z,2023-07-17T18:25:29Z,3 года назад,🤙🤙🤙,True,Google,https://www.google.com/maps/reviews/data=!4m8!14m7!1m6!2m5!1sChZDSUhNMG9nS0VJQ0FnSURKM3Jyb0hnEAE!2m1!1s0x0:0x102fe06f66806234!3m1!1s2@1:CIHM0ogKEICAgIDJ3rroHg%7C%7C?hl=ru,2026-09-07T23:53:57.557139+00:00,4.2,48
KULTURA,"Кудринская пл., Москва, Россия, 123242",0x46b54b17c17877af:0x102fe06f66806234,ChdDSUhNMG9nS0VJQ0FnSURKc3NYVjdRRRAB,5.0,2023-07-14T08:24:49Z,2023-07-14T08:24:49Z,3 года назад,,False,Google,https://www.google.com/maps/reviews/data=!4m8!14m7!1m6!2m5!1sChdDSUhNMG9nS0VJQ0FnSURKc3NYVjdRRRAB!2m1!1s0x0:0x102fe06f66806234!3m1!1s2@1:CIHM0ogKEICAgIDJssXV7QE%7C%7C?hl=ru,2026-09-07T23:53:57.557166+00:00,4.2,48
KULTURA,"Кудринская пл., Москва, Россия, 123242",0x46b54b17c17877af:0x102fe06f66806234,ChZDSUhNMG9nS0VJQ0FnSUR4X3FiSEx3EAE,5.0,2023-06-09T08:49:36Z,2023-06-09T08:49:36Z,3 года назад,"Отличное заведение, приятрые цены, хороший персонал) ходим часто с компанией",True,Google,https://www.google.com/maps/reviews/data=!4m8!14m7!1m6!2m5!1sChZDSUhNMG9nS0VJQ0FnSUR4X3FiSEx3EAE!2m1!1s0x0:0x102fe06f66806234!3m1!1s2@1:CIHM0ogKEICAgIDx_qbHLw%7C%7C?hl=ru,2026-09-07T23:53:57.557193+00:00,4.2,48
KULTURA,"Кудринская пл., Москва, Россия, 123242",0x46b54b17c17877af:0x102fe06f66806234,ChZDSUhNMG9nS0VJQ0FnSUR4cUxQeWNREAE,5.0,2023-05-31T19:37:29Z,2023-05-31T19:37:29Z,3 года назад,,False,Google,https://www.google.com/maps/reviews/data=!4m8!14m7!1m6!2m5!1sChZDSUhNMG9nS0VJQ0FnSUR4cUxQeWNREAE!2m1!1s0x0:0x102fe06f66806234!3m1!1s2@1:CIHM0ogKEICAgIDxqLPycQ%7C%7C?hl=ru,2026-09-07T23:53:57.557221+00:00,4.2,48
16 Тонн,"ул. Пресненский Вал, 6, стр. 1, Москва, Россия, 123022",0x46b54bd25c4c22ad:0xc0c59d3963df4fad,Ci9DQUlRQUNvZENodHljRjlvT2pKQ2QxOVZlazF2UlhJd1EwRlNVVzFMYWxwSWJXYxAB,5.0,2026-06-26T19:31:13Z,2026-08-20T18:54:55Z,Изменено 2 недели назад,"Клуб в стиле английского паба. 2 этажа. Гардероб и туалет на 1 этаже, сцена на 2-ом. Вежливые сотрудники. Цена коктейлей в баре от 800 рублей. Здесь часто проводят концерты, перед которыми каждый раз включают песню ""16 тонн"" (ее слова написаны на ступенях).",True,Google,https://www.google.com/maps/reviews/data=!4m8!14m7!1m6!2m5!1sCi9DQUlRQUNvZENodHljRjlvT2pKQ2QxOVZlazF2UlhJd1EwRlNVVzFMYWxwSWJXYxAB!2m1!1s0x0:0xc0c59d3963df4fad!3m1!1s2@1:CAIQACodChtycF9oOjJCd19Vek1vRXIwQ0FSUW1LalpIbWc%7C%7C?hl=ru,2026-09-07T23:53:57.894449+00:00,4.5,5904
16 Тонн,"ул. Пресненский Вал, 6, стр. 1, Москва, Россия, 123022",0x46b54bd25c4c22ad:0xc0c59d3963df4fad,Ci9DQUlRQUNvZENodHljRjlvT25aRFJESmxSRlZDY1dGYU4wWmhWSFJSVDNCTFVWRRAB,1.0,2026-05-10T22:13:14Z,2026-05-10T22:13:14Z,3 месяца назад,,False,Google,https://www.google.com/maps/reviews/data=!4m8!14m7!1m6!2m5!1sCi9DQUlRQUNvZENodHljRjlvT25aRFJESmxSRlZDY1dGYU4wWmhWSFJSVDNCTFVWRRAB!2m1!1s0x0:0xc0c59d3963df4fad!3m1!1s2@1:CAIQACodChtycF9oOnZDRDJlRFVCcWFaN0ZhVHRRT3BLUVE%7C%7C?hl=ru,2026-09-07T23:53:57.894600+00:00,4.5,5904
16 Тонн,"ул. Пресненский Вал, 6, стр. 1, Москва, Россия, 123022",0x46b54bd25c4c22ad:0xc0c59d3963df4fad,Ci9DQUlRQUNvZENodHljRjlvT2xWSlQySklSSGhPV2tOcmMwbE9RMnBoZVZCNWIxRRAB,1.0,2026-05-01T09:50:59Z,2026-05-01T09:50:59Z,4 месяца назад,"Еда и сервис никогда не были коньком 16Т, а теперь ещё и атмосфера стала гнуzненькая. Вообще пропало желание посещать некогда один из любимых клубов. Ах, да, у них теперь и на сайт с впн не пускают. Скоро будут заставлять звездиться перед входом.",True,Google,https://www.google.com/maps/reviews/data=!4m8!14m7!1m6!2m5!1sCi9DQUlRQUNvZENodHljRjlvT2xWSlQySklSSGhPV2tOcmMwbE9RMnBoZVZCNWIxRRAB!2m1!1s0x0:0xc0c59d3963df4fad!3m1!1s2@1:CAIQACodChtycF9oOlVJT2JIRHhOWkNrc0lOQ2pheVB5b1E%7C%7C?hl=ru,2026-09-07T23:53:57.894653+00:00,4.5,5904
16 Тонн,"ул. Пресненский Вал, 6, стр. 1, Москва, Россия, 123022",0x46b54bd25c4c22ad:0xc0c59d3963df4fad,ChZDSUhNMG9nS0VJQ0FnSUNXcmZicEJnEAE,1.0,2022-03-04T08:37:32Z,2026-01-30T22:36:58Z,Изменено 7 месяцев назад,,False,Google,https://www.google.com/maps/reviews/data=!4m8!14m7!1m6!2m5!1sChZDSUhNMG9nS0VJQ0FnSUNXcmZicEJnEAE!2m1!1s0x0:0xc0c59d3963df4fad!3m1!1s2@1:CIHM0ogKEICAgICWrfbpBg%7C%7C?hl=ru,2026-09-07T23:53:57.894696+00:00,4.5,5904
16 Тонн,"ул. Пресненский Вал, 6, стр. 1, Москва, Россия, 123022",0x46b54bd25c4c22ad:0xc0c59d3963df4fad,Ci9DQUlRQUNvZENodHljRjlvT2tkM2EzSlJaaTFLTjB4dFpETmtkRmQzYm5sQ1RFRRAB,5.0,2026-01-16T00:24:24Z,2026-01-16T00:24:24Z,7 месяцев назад,Верните Камакина!,True,Google,https://www.google.com/maps/reviews/data=!4m8!14m7!1m6!2m5!1sCi9DQUlRQUNvZENodHljRjlvT2tkM2EzSlJaaTFLTjB4dFpETmtkRmQzYm5sQ1RFRRAB!2m1!1s0x0:0xc0c59d3963df4fad!3m1!1s2@1:CAIQACodChtycF9oOkd3a3JRZi1KN0xtZDNkdFd3bnlCTEE%7C%7C?hl=ru,2026-09-07T23:53:57.894731+00:00,4.5,5904
16 Тонн,"ул. Пресненский Вал, 6, стр. 1, Москва, Россия, 123022",0x46b54bd25c4c22ad:0xc0c59d3963df4fad,ChdDSUhNMG9nS0VJQ0FnSUNIa3NhR3RRRRAB,4.0,2024-09-03T04:57:11Z,2025-11-30T19:37:02Z,Изменено 9 месяцев назад,"Отзыв о клубе 16 Тонн
Review of the 16 Ton Club

Live music, food, and atmosphere - three in one,
The 16 Ton Club has all of this.
And the prices are reasonable for the center of Moscow,
They brew their own beer, unlike many others!

Живая музыка, еда, атмосфера - три в одном,
К клубе 16 Тонн есть это в наличии.
И цены для центра Москвы приемлемые при том,
Пиво варят своё, от многих других в отличии!",True,Google,https://www.google.com/maps/reviews/data=!4m8!14m7!1m6!2m5!1sChdDSUhNMG9nS0VJQ0FnSUNIa3NhR3RRRRAB!2m1!1s0x0:0xc0c59d3963df4fad!3m1!1s2@1:CIHM0ogKEICAgICHksaGtQE%7C%7C?hl=ru,2026-09-07T23:53:57.894764+00:00,4.5,5904
16 Тонн,"ул. Пресненский Вал, 6, стр. 1, Москва, Россия, 123022",0x46b54bd25c4c22ad:0xc0c59d3963df4fad,Ci9DQUlRQUNvZENodHljRjlvT210SVYxaGZZVUo2TVc1WlgwVjZhVGw2VlZaa1YzYxAB,3.0,2025-11-16T19:09:11Z,2025-11-16T19:09:11Z,9 месяцев назад,"Клубу 30 лет и, соответственно, посетители, похоже, что все те же самые, что ходят с момента открытия. Ощущение, что попал в клуб «для тех кому за 20+10+10+10…».

Подавляющее большинство посетителей это люди, прожившие свою молодость ещё в лихие 90е. К полуночи заведение превращается в довольно печальное зрелище – пьяная толпа 45-50-летних хипстеров. Музыку гоняет DJ, который, по всей видимости, тоже в клубе с 1996 года. Музыка очень громкая и не несёт никакой смысловой нагрузки.

Видно, что клуб в своё время был сделан с любовью и пониманием того, что должно получиться. Но, время не щадит никого…

Один раз прийти можно, но второй раз сильно сомневаюсь, если только не фанат клуба и почитатель его творчества.",True,Google,https://www.google.com/maps/reviews/data=!4m8!14m7!1m6!2m5!1sCi9DQUlRQUNvZENodHljRjlvT210SVYxaGZZVUo2TVc1WlgwVjZhVGw2VlZaa1YzYxAB!2m1!1s0x0:0xc0c59d3963df4fad!3m1!1s2@1:CAIQACodChtycF9oOmtIV1hfYUJ6MW5ZX0V6aTl6VVZkV3c%7C%7C?hl=ru,2026-09-07T23:53:57.894814+00:00,4.5,5904
16 Тонн,"ул. Пресненский Вал, 6, стр. 1, Москва, Россия, 123022",0x46b54bd25c4c22ad:0xc0c59d3963df4fad,Ci9DQUlRQUNvZENodHljRjlvT21kbWVURXhUMlp5UVRGNlZYZGpkRUp4VlhCalMzYxAB,2.0,2025-11-15T17:35:44Z,2025-11-15T17:35:44Z,9 месяцев назад,Постоянно нет безалкогольного пива(,True,Google,https://www.google.com/maps/reviews/data=!4m8!14m7!1m6!2m5!1sCi9DQUlRQUNvZENodHljRjlvT21kbWVURXhUMlp5UVRGNlZYZGpkRUp4VlhCalMzYxAB!2m1!1s0x0:0xc0c59d3963df4fad!3m1!1s2@1:CAIQACodChtycF9oOmdmeTExT2ZyQTF6VXdjdEJxVXBjS3c%7C%7C?hl=ru,2026-09-07T23:53:57.894862+00:00,4.5,5904
16 Тонн,"ул. Пресненский Вал, 6, стр. 1, Москва, Россия, 123022",0x46b54bd25c4c22ad:0xc0c59d3963df4fad,Ci9DQUlRQUNvZENodHljRjlvT2tWQmRWTmhjbWh5VVZBek4xaFllRVZzZURKaVpYYxAB,5.0,2025-11-03T02:01:51Z,2025-11-03T02:01:51Z,10 месяцев назад,,False,Google,https://www.google.com/maps/reviews/data=!4m8!14m7!1m6!2m5!1sCi9DQUlRQUNvZENodHljRjlvT2tWQmRWTmhjbWh5VVZBek4xaFllRVZzZURKaVpYYxAB!2m1!1s0x0:0xc0c59d3963df4fad!3m1!1s2@1:CAIQACodChtycF9oOkVBdVNhcmhyUVAzN1hYeEVseDJiZXc%7C%7C?hl=ru,2026-09-07T23:53:58.066411+00:00,4.5,5904
16 Тонн,"ул. Пресненский Вал, 6, стр. 1, Москва, Россия, 123022",0x46b54bd25c4c22ad:0xc0c59d3963df4fad,Ci9DQUlRQUNvZENodHljRjlvT21NNWRHcHNkbGQ2YjNCU2MwTnhTWFp5Y2taaFZrRRAB,5.0,2025-10-01T11:08:28Z,2025-10-01T11:08:28Z,11 месяцев назад,,False,Google,https://www.google.com/maps/reviews/data=!4m8!14m7!1m6!2m5!1sCi9DQUlRQUNvZENodHljRjlvT21NNWRHcHNkbGQ2YjNCU2MwTnhTWFp5Y2taaFZrRRAB!2m1!1s0x0:0xc0c59d3963df4fad!3m1!1s2@1:CAIQACodChtycF9oOmM5dGpsdld6b3BSc0NxSXZyckZhVkE%7C%7C?hl=ru,2026-09-07T23:53:58.066561+00:00,4.5,5904
16 Тонн,"ул. Пресненский Вал, 6, стр. 1, Москва, Россия, 123022",0x46b54bd25c4c22ad:0xc0c59d3963df4fad,Ci9DQUlRQUNvZENodHljRjlvT2tSQmRHZDFXR0YzYlZOc04wNURiVVE0Y1c5WU1uYxAB,4.0,2025-09-27T21:42:57Z,2025-09-27T21:42:57Z,11 месяцев назад,"Легендарное место, которое стареет и не  улучшается.

Меню - уже давно ничего нового, лучше в мелочах не становится, зато за последние лет пять выпало несколько местных специалитетов. Мелочь, а неприятно.

Официанты - могут ходить мимо столика минут пятнадцать не обращая внимания, заметят - не заметят - тут как повезет.

Качество кухни - в целом ок.

Ну то есть общее ощущение, что хозяева от него подустали и решили оставить на инерционном сценарии - типа пусть идет как идет…",True,Google,https://www.google.com/maps/reviews/data=!4m8!14m7!1m6!2m5!1sCi9DQUlRQUNvZENodHljRjlvT2tSQmRHZDFXR0YzYlZOc04wNURiVVE0Y1c5WU1uYxAB!2m1!1s0x0:0xc0c59d3963df4fad!3m1!1s2@1:CAIQACodChtycF9oOkRBdGd1WGF3bVNsN05DbUQ4cW9YMnc%7C%7C?hl=ru,2026-09-07T23:53:58.066614+00:00,4.5,5904
16 Тонн,"ул. Пресненский Вал, 6, стр. 1, Москва, Россия, 123022",0x46b54bd25c4c22ad:0xc0c59d3963df4fad,Ci9DQUlRQUNvZENodHljRjlvT2s5aGJERm1YMTgyYVRsQlVXWlhVVFZHWWt0UE5GRRAB,5.0,2025-08-27T15:13:01Z,2025-08-27T15:13:01Z,год назад,"Зашла просто где-то провести время до следующей встречи на летнюю веранду и получила ОГРОМНОЕ удовольствие от атмосферы,которую так любезно,профессионально и тактично создаёт здесь официант Ростислав. Очень редко можно встретить таких высококвалифицированных сотрудников. Очень грамотный,воспитанный,доброжелательный,тактичный и прекрасно выглядит молодой человек. Огромное спасибо! Прошу руководство поощрить Ростислава за отличную работу.",True,Google,https://www.google.com/maps/reviews/data=!4m8!14m7!1m6!2m5!1sCi9DQUlRQUNvZENodHljRjlvT2s5aGJERm1YMTgyYVRsQlVXWlhVVFZHWWt0UE5GRRAB!2m1!1s0x0:0xc0c59d3963df4fad!3m1!1s2@1:CAIQACodChtycF9oOk9hbDFmX182aTlBUWZXUTVGYktPNFE%7C%7C?hl=ru,2026-09-07T23:53:58.066665+00:00,4.5,5904
16 Тонн,"ул. Пресненский Вал, 6, стр. 1, Москва, Россия, 123022",0x46b54bd25c4c22ad:0xc0c59d3963df4fad,Ci9DQUlRQUNvZENodHljRjlvT2w5d1ducHhaVzQyVnpoR1kwUXdkR3RMWDNOYVYwRRAB,1.0,2025-08-20T07:12:52Z,2025-08-20T07:12:52Z,год назад,Жуда зур,True,Google,https://www.google.com/maps/reviews/data=!4m8!14m7!1m6!2m5!1sCi9DQUlRQUNvZENodHljRjlvT2w5d1ducHhaVzQyVnpoR1kwUXdkR3RMWDNOYVYwRRAB!2m1!1s0x0:0xc0c59d3963df4fad!3m1!1s2@1:CAIQACodChtycF9oOl9wWnpxZW42VzhGY0QwdGtLX3NaV0E%7C%7C?hl=ru,2026-09-07T23:53:58.066708+00:00,4.5,5904
16 Тонн,"ул. Пресненский Вал, 6, стр. 1, Москва, Россия, 123022",0x46b54bd25c4c22ad:0xc0c59d3963df4fad,Ci9DQUlRQUNvZENodHljRjlvT2tkaE1XWTBORnBxV2xONmNtZFFaemN5WWxkSWVXYxAB,5.0,2025-07-21T12:42:54Z,2025-07-21T12:42:54Z,год назад,Часто ходим в тонны. Тонны наше все!!! Вот и концерт плазмы порадовал!.кухня вполне приятная. Брали как всегда плато мясное от шефа.куда вы спрятали нашу весёлую рыжую Яну?всегда нам дарила атмосферу! Любим вас!,True,Google,https://www.google.com/maps/reviews/data=!4m8!14m7!1m6!2m5!1sCi9DQUlRQUNvZENodHljRjlvT2tkaE1XWTBORnBxV2xONmNtZFFaemN5WWxkSWVXYxAB!2m1!1s0x0:0xc0c59d3963df4fad!3m1!1s2@1:CAIQACodChtycF9oOkdhMWY0NFpqWlN6cmdQZzcyYldIeWc%7C%7C?hl=ru,2026-09-07T23:53:58.066743+00:00,4.5,5904
16 Тонн,"ул. Пресненский Вал, 6, стр. 1, Москва, Россия, 123022",0x46b54bd25c4c22ad:0xc0c59d3963df4fad,Ci9DQUlRQUNvZENodHljRjlvT25wVVpUTmphbTQxVjJjMFEwTklWVnBuVTFweVdGRRAB,1.0,2025-07-18T23:24:29Z,2025-07-18T23:24:29Z,год назад,"Была в этом заведении 18 июля. Ко мне не подошел ни один официант, я очень долго ждала, на меня просто не обращали внимания, затем я сама подошла и попросила барную карту. Когда выбрала, ко мне снова долгое время никто не подходил, причем я несколько раз встретилась взглядами с барменами, которые в это время общались с официантами. Я уже вслух спросона где мне сделать заказ, мне бармен ответил, что лучше на баре, хотя официанты были свободны! Я сделала заказ и мне его никто не принес! Когда уже я сама сходила за заказом и присела, бармен окликнул меня и попросил рассчитать сразу. Поведение обоих барменов и официантов, максимально странное, высокомерное и принебрежительное. Я в свою очередь была опрятная, трезвая и хорошо одетая, поэтому из поведение обидно вдвойне.",True,Google,https://www.google.com/maps/reviews/data=!4m8!14m7!1m6!2m5!1sCi9DQUlRQUNvZENodHljRjlvT25wVVpUTmphbTQxVjJjMFEwTklWVnBuVTFweVdGRRAB!2m1!1s0x0:0xc0c59d3963df4fad!3m1!1s2@1:CAIQACodChtycF9oOnpUZTNjam41V2c0Q0NIVVpnU1pyWFE%7C%7C?hl=ru,2026-09-07T23:53:58.066778+00:00,4.5,5904
16 Тонн,"ул. Пресненский Вал, 6, стр. 1, Москва, Россия, 123022",0x46b54bd25c4c22ad:0xc0c59d3963df4fad,ChZDSUhNMG9nS0VJUzQwYS0tNGJma1FREAE,3.0,2025-06-01T12:03:19Z,2025-06-01T12:03:19Z,год назад,"Была здесь давно, когда место ещё считалось модным. Сейчас до гостей дела никому нет. Все делается из под палки, как будто персонал делает одолжение посетителям. Что-то нужно менять, как минимум советское отношение к людям.",True,Google,https://www.google.com/maps/reviews/data=!4m8!14m7!1m6!2m5!1sChZDSUhNMG9nS0VJUzQwYS0tNGJma1FREAE!2m1!1s0x0:0xc0c59d3963df4fad!3m1!1s2@1:CIHM0ogKEIS40a--4bfkQQ%7C%7C?hl=ru,2026-09-07T23:53:58.066824+00:00,4.5,5904
16 Тонн,"ул. Пресненский Вал, 6, стр. 1, Москва, Россия, 123022",0x46b54bd25c4c22ad:0xc0c59d3963df4fad,ChZDSUhNMG9nS0VOZmtfTnpxX3V5MEdREAE,5.0,2025-05-21T11:13:53Z,2025-05-21T11:13:53Z,год назад,"Шикарное место для всего: концерты, обеды, приятное времяпрепровождение. Спустя длительное время отсутствия моего коллектива на бизнесс ланчах в этом месте изменилось меню. 16.05.2025 решили сходить. Мы в восторге, как и всегда. Особо отмечу большие порции, демократичеые цены, быструю подачу блюд, вежливый и приветливый персонал , а так же обалденную закуску ""вафля с пашиетом"" . Спасибо огромное за приятные впечатления и позитивные моменты, которые так нужны людям в обеденные перерывы, особенно в пятницу))))",True,Google,https://www.google.com/maps/reviews/data=!4m8!14m7!1m6!2m5!1sChZDSUhNMG9nS0VOZmtfTnpxX3V5MEdREAE!2m1!1s0x0:0xc0c59d3963df4fad!3m1!1s2@1:CIHM0ogKENfk_Nzq_uy0GQ%7C%7C?hl=ru,2026-09-07T23:53:58.066855+00:00,4.5,5904
16 Тонн,"ул. Пресненский Вал, 6, стр. 1, Москва, Россия, 123022",0x46b54bd25c4c22ad:0xc0c59d3963df4fad,ChZDSUhNMG9nS0VJQ0FnTURvZ2ZYbUd3EAE,4.0,2025-04-25T14:35:35Z,2025-04-25T14:35:35Z,год назад,"Была здесь несколько лет назад, когда выиграла 2 билета на закрытый концерт группы Би-2. Клуб понравился во всем, и антураж, и звук, и свет, а вот сервис оказался ниже плинтуса. В баре хамы работают и вообще не обращают на тебя никакого внимания, если ты не завсегдатай. В женский туалет постоянно стоит очередь. Неужели за столько лет работы нельзя было его расширить? Ещё не понравилось, что режим работы до 6 утра или до последнего клиента, а на деле тебя могут выгнать среди ночи и делай что хочешь, если денег на такси нет. В общем концерт был супер, а сам клуб не впечатлил",True,Google,https://www.google.com/maps/reviews/data=!4m8!14m7!1m6!2m5!1sChZDSUhNMG9nS0VJQ0FnTURvZ2ZYbUd3EAE!2m1!1s0x0:0xc0c59d3963df4fad!3m1!1s2@1:CIHM0ogKEICAgMDogfXmGw%7C%7C?hl=ru,2026-09-07T23:53:58.066891+00:00,4.5,5904
16 Тонн,"ул. Пресненский Вал, 6, стр. 1, Москва, Россия, 123022",0x46b54bd25c4c22ad:0xc0c59d3963df4fad,ChdDSUhNMG9nS0VJQ0FnTURRaXFPV2dRRRAB,2.0,2025-03-10T10:05:21Z,2025-03-10T10:05:21Z,год назад,"Посчастливилось в пятницу 7 марта посетить концерт Гарика Сукачева, при не такой уж низкой цене билетов (8 тысяч - билет), организация отвратительная! Было ощущение, что билетов продано в 2 раза больше, чем может вместить небольшой зал! Танцпол как бы подразумевает возможность подвигаться под музыку, в пятницу же люди стояли впритык друг к другу, стал понятен смысл выражения «набиты, как селедка в бочке». К самому концерту вопросов нет, но «удовольствие» стоять, не двигаясь почти 2 часа, больше не хочу получать.",True,Google,https://www.google.com/maps/reviews/data=!4m8!14m7!1m6!2m5!1sChdDSUhNMG9nS0VJQ0FnTURRaXFPV2dRRRAB!2m1!1s0x0:0xc0c59d3963df4fad!3m1!1s2@1:CIHM0ogKEICAgMDQiqOWgQE%7C%7C?hl=ru,2026-09-07T23:53:58.066931+00:00,4.5,5904
16 Тонн,"ул. Пресненский Вал, 6, стр. 1, Москва, Россия, 123022",0x46b54bd25c4c22ad:0xc0c59d3963df4fad,ChZDSUhNMG9nS0VJQ0FnTURnMXNMWWFBEAE,5.0,2025-02-24T14:31:49Z,2025-02-24T14:37:17Z,год назад,"Вчера побывали на концерте Алены Апиной в любимом клубе. Потрясающая атмосфера! Весело, дружно, вкусно и просто хорошо! Концерт был просто замечательный, как в целом и другие концерты. Всегда проходят на ура! Алене огромное спасибо за песни, за общение с публикой , за тот праздник , что устроила вчера всем поситителям. Вежливый персонал. Вкусная еда! Люблю это место за атмосферу 🥰🔥 Обязательно скоро аернемся",True,Google,https://www.google.com/maps/reviews/data=!4m8!14m7!1m6!2m5!1sChZDSUhNMG9nS0VJQ0FnTURnMXNMWWFBEAE!2m1!1s0x0:0xc0c59d3963df4fad!3m1!1s2@1:CIHM0ogKEICAgMDg1sLYaA%7C%7C?hl=ru,2026-09-07T23:53:58.066968+00:00,4.5,5904
16 Тонн,"ул. Пресненский Вал, 6, стр. 1, Москва, Россия, 123022",0x46b54bd25c4c22ad:0xc0c59d3963df4fad,ChZDSUhNMG9nS0VJQ0FnTUNBam9iMmRnEAE,5.0,2025-01-31T20:52:13Z,2025-01-31T20:52:13Z,год назад,,False,Google,https://www.google.com/maps/reviews/data=!4m8!14m7!1m6!2m5!1sChZDSUhNMG9nS0VJQ0FnTUNBam9iMmRnEAE!2m1!1s0x0:0xc0c59d3963df4fad!3m1!1s2@1:CIHM0ogKEICAgMCAjob2dg%7C%7C?hl=ru,2026-09-07T23:53:58.067019+00:00,4.5,5904
16 Тонн,"ул. Пресненский Вал, 6, стр. 1, Москва, Россия, 123022",0x46b54bd25c4c22ad:0xc0c59d3963df4fad,ChdDSUhNMG9nS0VJQ0FnSURmc3RTN3hnRRAB,5.0,2025-01-05T08:04:50Z,2025-01-05T08:04:50Z,год назад,"Отличное заведение🤩🤩🤩 с живой музыкой  и возможностью   потанцевать))).
Давно ходим в данное заведение и очень довольны!   Уютное место.    Всегда приветливый персонал,  достойное обслуживание,приемлемые  цены.",True,Google,https://www.google.com/maps/reviews/data=!4m8!14m7!1m6!2m5!1sChdDSUhNMG9nS0VJQ0FnSURmc3RTN3hnRRAB!2m1!1s0x0:0xc0c59d3963df4fad!3m1!1s2@1:CIHM0ogKEICAgIDfstS7xgE%7C%7C?hl=ru,2026-09-07T23:53:58.067046+00:00,4.5,5904
16 Тонн,"ул. Пресненский Вал, 6, стр. 1, Москва, Россия, 123022",0x46b54bd25c4c22ad:0xc0c59d3963df4fad,ChdDSUhNMG9nS0VJQ0FnSURQam9YODJ3RRAB,1.0,2024-12-02T07:56:03Z,2024-12-02T07:56:03Z,год назад,"Раньше это было прекрасное заведение, куда я постоянно ходил на концерты. Но в последние год-полтора такое ощущение, что ради лишней копейки стали делать овербукинг и при той же вместимости зала продавать больше билетов: в результате при солдауте невозможно находиться на мероприятии. А про бедных официантов, пытающихся протиснуться к столикам между размахивающими руками зрителями, вообще молчу. Больше сюда ни ногой.",True,Google,https://www.google.com/maps/reviews/data=!4m8!14m7!1m6!2m5!1sChdDSUhNMG9nS0VJQ0FnSURQam9YODJ3RRAB!2m1!1s0x0:0xc0c59d3963df4fad!3m1!1s2@1:CIHM0ogKEICAgIDPjoX82wE%7C%7C?hl=ru,2026-09-07T23:53:58.067076+00:00,4.5,5904
16 Тонн,"ул. Пресненский Вал, 6, стр. 1, Москва, Россия, 123022",0x46b54bd25c4c22ad:0xc0c59d3963df4fad,ChdDSUhNMG9nS0VJQ0FnSUQzODRmOGxnRRAB,5.0,2024-11-18T20:17:08Z,2024-11-18T20:17:08Z,год назад,,False,Google,https://www.google.com/maps/reviews/data=!4m8!14m7!1m6!2m5!1sChdDSUhNMG9nS0VJQ0FnSUQzODRmOGxnRRAB!2m1!1s0x0:0xc0c59d3963df4fad!3m1!1s2@1:CIHM0ogKEICAgID384f8lgE%7C%7C?hl=ru,2026-09-07T23:53:58.067110+00:00,4.5,5904
16 Тонн,"ул. Пресненский Вал, 6, стр. 1, Москва, Россия, 123022",0x46b54bd25c4c22ad:0xc0c59d3963df4fad,ChZDSUhNMG9nS0VJQ0FnSURuOEtEY1lBEAE,1.0,2024-10-02T10:23:56Z,2024-10-02T10:23:56Z,год назад,"На ланч стало невозможно приходить,пьяные официанты,долгое обслуживание,а иногда и вовсе его отсутствие,администратор на контакт не идет.

Еда вкусная,если принесут.",True,Google,https://www.google.com/maps/reviews/data=!4m8!14m7!1m6!2m5!1sChZDSUhNMG9nS0VJQ0FnSURuOEtEY1lBEAE!2m1!1s0x0:0xc0c59d3963df4fad!3m1!1s2@1:CIHM0ogKEICAgIDn8KDcYA%7C%7C?hl=ru,2026-09-07T23:53:58.067137+00:00,4.5,5904
16 Тонн,"ул. Пресненский Вал, 6, стр. 1, Москва, Россия, 123022",0x46b54bd25c4c22ad:0xc0c59d3963df4fad,ChZDSUhNMG9nS0VJQ0FnSUNIcjVUUEJBEAE,1.0,2024-09-10T10:33:22Z,2024-09-10T10:33:22Z,год назад,,False,Google,https://www.google.com/maps/reviews/data=!4m8!14m7!1m6!2m5!1sChZDSUhNMG9nS0VJQ0FnSUNIcjVUUEJBEAE!2m1!1s0x0:0xc0c59d3963df4fad!3m1!1s2@1:CIHM0ogKEICAgICHr5TPBA%7C%7C?hl=ru,2026-09-07T23:53:58.067169+00:00,4.5,5904
16 Тонн,"ул. Пресненский Вал, 6, стр. 1, Москва, Россия, 123022",0x46b54bd25c4c22ad:0xc0c59d3963df4fad,ChdDSUhNMG9nS0VJQ0FnSUM3d3VqNTRBRRAB,1.0,2024-08-13T23:45:09Z,2024-08-14T06:35:13Z,2 года назад,"Больше ноги моей в этом месте не будет

Проходить в заведение с 2006 года. Последние 4 года почти каждый день, так как живу напротив. Знать большую часть персонала. Быть медийной личностью. И получить отношение от новой охраны как на фото. Абсолютно без оснований. На любые просьбы разобраться было отвечено отказом в коммуникации. Вот оно лицо заведения. Невежливые, ехидные дети не знающие аудитории.

Рекомендую пересмотреть рабочие отношения с новыми охранниками.  Судя по последним отзывам - проблема насущная.",True,Google,https://www.google.com/maps/reviews/data=!4m8!14m7!1m6!2m5!1sChdDSUhNMG9nS0VJQ0FnSUM3d3VqNTRBRRAB!2m1!1s0x0:0xc0c59d3963df4fad!3m1!1s2@1:CIHM0ogKEICAgIC7wuj54AE%7C%7C?hl=ru,2026-09-07T23:53:58.067197+00:00,4.5,5904
16 Тонн,"ул. Пресненский Вал, 6, стр. 1, Москва, Россия, 123022",0x46b54bd25c4c22ad:0xc0c59d3963df4fad,ChdDSUhNMG9nS0VJQ0FnSUNzek5HR3F3RRAB,5.0,2020-01-24T14:17:36Z,2024-07-26T13:15:26Z,Изменено 2 года назад,"Место куда всегда приятно приходить. Сегодня попала сюда на бизнес ланч, картофельные вафли с жульеном покорили мое сердце на всегда! Советую обязательно попробовать",True,Google,https://www.google.com/maps/reviews/data=!4m8!14m7!1m6!2m5!1sChdDSUhNMG9nS0VJQ0FnSUNzek5HR3F3RRAB!2m1!1s0x0:0xc0c59d3963df4fad!3m1!1s2@1:CIHM0ogKEICAgICszNGGqwE%7C%7C?hl=ru,2026-09-07T23:53:58.067235+00:00,4.5,5904
16 Тонн,"ул. Пресненский Вал, 6, стр. 1, Москва, Россия, 123022",0x46b54bd25c4c22ad:0xc0c59d3963df4fad,ChdDSUhNMG9nS0VJQ0FnSURqcHU3MS1BRRAB,2.0,2024-05-02T15:27:01Z,2024-05-02T15:27:01Z,2 года назад,"Отзыв только для ресторана. Еда так себе, суп принесли вообще холодный, булочки дубовые, куриный шницель был вкусный, а пюре к нему еле теплое.",True,Google,https://www.google.com/maps/reviews/data=!4m8!14m7!1m6!2m5!1sChdDSUhNMG9nS0VJQ0FnSURqcHU3MS1BRRAB!2m1!1s0x0:0xc0c59d3963df4fad!3m1!1s2@1:CIHM0ogKEICAgIDjpu71-AE%7C%7C?hl=ru,2026-09-07T23:53:59.220635+00:00,4.5,5904
16 Тонн,"ул. Пресненский Вал, 6, стр. 1, Москва, Россия, 123022",0x46b54bd25c4c22ad:0xc0c59d3963df4fad,ChdDSUhNMG9nS0VJQ0FnSUNEcWJ1UXV3RRAB,1.0,2024-03-30T00:36:54Z,2024-03-30T00:36:54Z,2 года назад,,False,Google,https://www.google.com/maps/reviews/data=!4m8!14m7!1m6!2m5!1sChdDSUhNMG9nS0VJQ0FnSUNEcWJ1UXV3RRAB!2m1!1s0x0:0xc0c59d3963df4fad!3m1!1s2@1:CIHM0ogKEICAgICDqbuQuwE%7C%7C?hl=ru,2026-09-07T23:53:59.220920+00:00,4.5,5904
16 Тонн,"ул. Пресненский Вал, 6, стр. 1, Москва, Россия, 123022",0x46b54bd25c4c22ad:0xc0c59d3963df4fad,ChZDSUhNMG9nS0VJQ0FnSUM5eTVMR0xBEAE,5.0,2024-03-09T19:30:14Z,2024-03-09T19:30:14Z,2 года назад,"Живой звук группы Крематорий
Только восторг",True,Google,https://www.google.com/maps/reviews/data=!4m8!14m7!1m6!2m5!1sChZDSUhNMG9nS0VJQ0FnSUM5eTVMR0xBEAE!2m1!1s0x0:0xc0c59d3963df4fad!3m1!1s2@1:CIHM0ogKEICAgIC9y5LGLA%7C%7C?hl=ru,2026-09-07T23:53:59.220994+00:00,4.5,5904
16 Тонн,"ул. Пресненский Вал, 6, стр. 1, Москва, Россия, 123022",0x46b54bd25c4c22ad:0xc0c59d3963df4fad,ChdDSUhNMG9nS0VJQ0FnSUM5aGJQbTFRRRAB,5.0,2024-03-07T12:49:48Z,2024-03-07T12:49:48Z,2 года назад,Легендарное место с очень уютной атмосферой,True,Google,https://www.google.com/maps/reviews/data=!4m8!14m7!1m6!2m5!1sChdDSUhNMG9nS0VJQ0FnSUM5aGJQbTFRRRAB!2m1!1s0x0:0xc0c59d3963df4fad!3m1!1s2@1:CIHM0ogKEICAgIC9hbPm1QE%7C%7C?hl=ru,2026-09-07T23:53:59.221043+00:00,4.5,5904
16 Тонн,"ул. Пресненский Вал, 6, стр. 1, Москва, Россия, 123022",0x46b54bd25c4c22ad:0xc0c59d3963df4fad,ChZDSUhNMG9nS0VJQ0FnSUNOOXNlalV3EAE,3.0,2024-01-14T13:12:32Z,2024-01-14T13:12:32Z,2 года назад,"Great live music performance and awesome atmosphere. The food unfortunately was not good, chicken in the burger was served raw, discovered after a couple bites but still resulted in unpleasant days after. I don't recommend eating the food from this place.",True,Google,https://www.google.com/maps/reviews/data=!4m8!14m7!1m6!2m5!1sChZDSUhNMG9nS0VJQ0FnSUNOOXNlalV3EAE!2m1!1s0x0:0xc0c59d3963df4fad!3m1!1s2@1:CIHM0ogKEICAgICN9sejUw%7C%7C?hl=ru,2026-09-07T23:53:59.221082+00:00,4.5,5904
16 Тонн,"ул. Пресненский Вал, 6, стр. 1, Москва, Россия, 123022",0x46b54bd25c4c22ad:0xc0c59d3963df4fad,ChdDSUhNMG9nS0VJQ0FnSUMxMExuX2pRRRAB,5.0,2023-12-20T21:27:12Z,2023-12-20T21:28:09Z,2 года назад,"замечатльное место, очень понравилось! оьязательно придем еще вместе с Одиссеем и купим всё меню которое тут есть) и раздадим людям❤ тг канал @grimace",True,Google,https://www.google.com/maps/reviews/data=!4m8!14m7!1m6!2m5!1sChdDSUhNMG9nS0VJQ0FnSUMxMExuX2pRRRAB!2m1!1s0x0:0xc0c59d3963df4fad!3m1!1s2@1:CIHM0ogKEICAgIC10Ln_jQE%7C%7C?hl=ru,2026-09-07T23:53:59.221121+00:00,4.5,5904
16 Тонн,"ул. Пресненский Вал, 6, стр. 1, Москва, Россия, 123022",0x46b54bd25c4c22ad:0xc0c59d3963df4fad,ChZDSUhNMG9nS0VJQ0FnSURGM2FLSUVnEAE,2.0,2023-11-09T11:49:18Z,2023-11-09T11:49:18Z,2 года назад,"Просто отвратительное отношение к фанатам группы PLAZMA, а именно касаемо концерта посвященному дню рождения Романа Черницына 7 ноября!
Продали в первые часы ВСЕ билеты некому «московскому трубному заводу», которые решили устроить корпоратив с застольем прямо на концерте! В итоге, на танцполе была дикая толкучка и духота, а истинным фанатам группы даже не дали приобрести билеты за столом. Зато за столом сидели люди, которым было пофигу на группу, которые бухали как не в себя и даже не смотрели на сцену! Просто ужас!!!!
Касаемо еды - все невкусно и дорого, пицца будто замороженная, гренки пережарены и жесткие, картошка фри вся темная, а коктейль с лавандой дал такую изжогу, будто сделан из самых дешевых составляющих.

Отношение клуба к фанатам поистине скотское, деньги деньгами, но зачем отдавать столы тем, кому это неинтересно?! Тем более на день рождения исполнителя? Это как минимум неуважение к артистам тоже, которые очень часто дают концерты в этом клубе!",True,Google,https://www.google.com/maps/reviews/data=!4m8!14m7!1m6!2m5!1sChZDSUhNMG9nS0VJQ0FnSURGM2FLSUVnEAE!2m1!1s0x0:0xc0c59d3963df4fad!3m1!1s2@1:CIHM0ogKEICAgIDF3aKIEg%7C%7C?hl=ru,2026-09-07T23:53:59.221152+00:00,4.5,5904
16 Тонн,"ул. Пресненский Вал, 6, стр. 1, Москва, Россия, 123022",0x46b54bd25c4c22ad:0xc0c59d3963df4fad,ChdDSUhNMG9nS0VJQ0FnSURGOGNqa3J3RRAB,5.0,2023-11-08T04:31:59Z,2023-11-08T04:31:59Z,2 года назад,,False,Google,https://www.google.com/maps/reviews/data=!4m8!14m7!1m6!2m5!1sChdDSUhNMG9nS0VJQ0FnSURGOGNqa3J3RRAB!2m1!1s0x0:0xc0c59d3963df4fad!3m1!1s2@1:CIHM0ogKEICAgIDF8cjkrwE%7C%7C?hl=ru,2026-09-07T23:53:59.221202+00:00,4.5,5904
16 Тонн,"ул. Пресненский Вал, 6, стр. 1, Москва, Россия, 123022",0x46b54bd25c4c22ad:0xc0c59d3963df4fad,ChdDSUhNMG9nS0VJQ0FnSUNGaHVUeWtnRRAB,1.0,2023-10-27T23:37:13Z,2023-10-27T23:37:13Z,2 года назад,"Пришли отметить день рождения на рок караоке. Выкупили целый стол. Заранее забронировали стол и позвонили и уведомили об этом. В день события было забронировано всего 3 стола. Нас уведомили что песню мы спеть не сможем. Стол был грязный, а под столом липко. Для вида протерто тряпкой, но это ситуацию не исправил. Если хотите испортить праздник, то вам сюда. Все очень плохо.",True,Google,https://www.google.com/maps/reviews/data=!4m8!14m7!1m6!2m5!1sChdDSUhNMG9nS0VJQ0FnSUNGaHVUeWtnRRAB!2m1!1s0x0:0xc0c59d3963df4fad!3m1!1s2@1:CIHM0ogKEICAgICFhuTykgE%7C%7C?hl=ru,2026-09-07T23:53:59.221229+00:00,4.5,5904
16 Тонн,"ул. Пресненский Вал, 6, стр. 1, Москва, Россия, 123022",0x46b54bd25c4c22ad:0xc0c59d3963df4fad,ChRDSUhNMG9nS0VJQ0FnSUM1MFl3RRAB,3.0,2023-10-14T22:07:58Z,2023-10-14T22:07:58Z,2 года назад,Bad service doesn’t Answer Calls,True,Google,https://www.google.com/maps/reviews/data=!4m8!14m7!1m6!2m5!1sChRDSUhNMG9nS0VJQ0FnSUM1MFl3RRAB!2m1!1s0x0:0xc0c59d3963df4fad!3m1!1s2@1:CIHM0ogKEICAgIC50YwE%7C%7C?hl=ru,2026-09-07T23:53:59.221267+00:00,4.5,5904
16 Тонн,"ул. Пресненский Вал, 6, стр. 1, Москва, Россия, 123022",0x46b54bd25c4c22ad:0xc0c59d3963df4fad,ChdDSUhNMG9nS0VJQ0FnSURac05PaG1nRRAB,4.0,2023-09-22T19:37:04Z,2023-09-22T19:37:04Z,2 года назад,What an interesting evening here. Companion was dying to go to a live show and found this one from a popular band. Of course I wanted to head out for a little nightlife. The place was a bit crowded of course and it was the typical gen z crowd of people that are just unaware that there are other people in their surroundings. The best part of the night was the band starts playing and all of a sudden they're playing a song that I recognized that I've been listening to for about two years in one of my heavy playlists. Funny thing is is I had no idea and neither did she and so it was a really amazing night to meet those guys and in fact we notified them that if they checked their statistics on spotify there's someone who's playing their songs constantly in california and they had noticed so that was kind of funny because their main audience is in eastern europe. I just discovered it on a random playlist,True,Google,https://www.google.com/maps/reviews/data=!4m8!14m7!1m6!2m5!1sChdDSUhNMG9nS0VJQ0FnSURac05PaG1nRRAB!2m1!1s0x0:0xc0c59d3963df4fad!3m1!1s2@1:CIHM0ogKEICAgIDZsNOhmgE%7C%7C?hl=ru,2026-09-07T23:53:59.221296+00:00,4.5,5904
16 Тонн,"ул. Пресненский Вал, 6, стр. 1, Москва, Россия, 123022",0x46b54bd25c4c22ad:0xc0c59d3963df4fad,ChdDSUhNMG9nS0VJQ0FnSUNaMXJQSnF3RRAB,5.0,2023-09-10T04:56:24Z,2023-09-10T04:56:24Z,2 года назад,"Давно мечтала побывать в этом легендарном клубе, да все как-то не получалось. Этим летом удалось дважды! Очень понравилась атмосфера и посещенные концерты - Владимира Ткаченко и Павла Пиковского. Спасибо клубу и организаторам!",True,Google,https://www.google.com/maps/reviews/data=!4m8!14m7!1m6!2m5!1sChdDSUhNMG9nS0VJQ0FnSUNaMXJQSnF3RRAB!2m1!1s0x0:0xc0c59d3963df4fad!3m1!1s2@1:CIHM0ogKEICAgICZ1rPJqwE%7C%7C?hl=ru,2026-09-07T23:53:59.221344+00:00,4.5,5904
16 Тонн,"ул. Пресненский Вал, 6, стр. 1, Москва, Россия, 123022",0x46b54bd25c4c22ad:0xc0c59d3963df4fad,ChdDSUhNMG9nS0VJQ0FnSURwNTQ2TzFBRRAB,1.0,2023-08-30T16:49:36Z,2023-08-30T17:09:09Z,3 года назад,"Были в  баре 16 Тонн 26августа,  официант был не в адеквате, принял заказ очень нервно, дëргался постоянно, пиво нам не приносили 20 минут, мы начали переживать, официанта найти не могли, когда нашли, он сказал пиво слишком пенное, сейчас принесёт. Принёс пиво , и это было что --  то, выдохшееся , очень водянистое. Из закусок взяли сырные палочки, они были с привкусом плесени. Но самое интересное, что после выпитого пива и съеденных закусок у одной девушки было сильное покраснение лицевых покровов и удушье. Прошу отреагировать на жалобу и позвонить по факту рассмотрения. Время посещения бара 23:00. Мой телефон 89524445301 Алла Борисовна.",True,Google,https://www.google.com/maps/reviews/data=!4m8!14m7!1m6!2m5!1sChdDSUhNMG9nS0VJQ0FnSURwNTQ2TzFBRRAB!2m1!1s0x0:0xc0c59d3963df4fad!3m1!1s2@1:CIHM0ogKEICAgIDp546O1AE%7C%7C?hl=ru,2026-09-07T23:53:59.221393+00:00,4.5,5904
16 Тонн,"ул. Пресненский Вал, 6, стр. 1, Москва, Россия, 123022",0x46b54bd25c4c22ad:0xc0c59d3963df4fad,ChZDSUhNMG9nS0VJQ0FnSURwdUpIdmRREAE,5.0,2023-08-15T20:51:18Z,2023-08-15T20:51:18Z,3 года назад,"Хорошее пиво , вкусный том ям)",True,Google,https://www.google.com/maps/reviews/data=!4m8!14m7!1m6!2m5!1sChZDSUhNMG9nS0VJQ0FnSURwdUpIdmRREAE!2m1!1s0x0:0xc0c59d3963df4fad!3m1!1s2@1:CIHM0ogKEICAgIDpuJHvdQ%7C%7C?hl=ru,2026-09-07T23:53:59.221435+00:00,4.5,5904
16 Тонн,"ул. Пресненский Вал, 6, стр. 1, Москва, Россия, 123022",0x46b54bd25c4c22ad:0xc0c59d3963df4fad,ChZDSUhNMG9nS0VJQ0FnSUNwdVBPV1hBEAE,4.0,2023-07-28T12:22:20Z,2023-07-28T12:22:20Z,3 года назад,Атмосферное место),True,Google,https://www.google.com/maps/reviews/data=!4m8!14m7!1m6!2m5!1sChZDSUhNMG9nS0VJQ0FnSUNwdVBPV1hBEAE!2m1!1s0x0:0xc0c59d3963df4fad!3m1!1s2@1:CIHM0ogKEICAgICpuPOWXA%7C%7C?hl=ru,2026-09-07T23:53:59.221461+00:00,4.5,5904
16 Тонн,"ул. Пресненский Вал, 6, стр. 1, Москва, Россия, 123022",0x46b54bd25c4c22ad:0xc0c59d3963df4fad,ChdDSUhNMG9nS0VJQ0FnSURKemFxUzJRRRAB,1.0,2023-07-21T21:54:45Z,2023-07-21T21:54:45Z,3 года назад,,False,Google,https://www.google.com/maps/reviews/data=!4m8!14m7!1m6!2m5!1sChdDSUhNMG9nS0VJQ0FnSURKemFxUzJRRRAB!2m1!1s0x0:0xc0c59d3963df4fad!3m1!1s2@1:CIHM0ogKEICAgIDJzaqS2QE%7C%7C?hl=ru,2026-09-07T23:53:59.221487+00:00,4.5,5904
16 Тонн,"ул. Пресненский Вал, 6, стр. 1, Москва, Россия, 123022",0x46b54bd25c4c22ad:0xc0c59d3963df4fad,ChdDSUhNMG9nS0VJQ0FnSURKNXVmVnRRRRAB,5.0,2023-07-16T09:16:49Z,2023-07-16T09:16:49Z,3 года назад,"Спасибо, моему дорогому Паше за приятный, атмосферный вечер в этом клубе! Я осталась очень довольна уютным интерьером клуба, концертом, вкусной едой, и доброжелательными официантами. Музыканты создали нам прекрасное настроение профессиональным, живым и душевным исполнением, молодцы ребята, спасибо! А повара приготовили для нас вкуснейшую пиццу и вкуснейшие роллы, спасибо большое!
Приятный отдых и хорошее настроение точно будут обеспечены в клубе, все будет супер! Рекомендую.",True,Google,https://www.google.com/maps/reviews/data=!4m8!14m7!1m6!2m5!1sChdDSUhNMG9nS0VJQ0FnSURKNXVmVnRRRRAB!2m1!1s0x0:0xc0c59d3963df4fad!3m1!1s2@1:CIHM0ogKEICAgIDJ5ufVtQE%7C%7C?hl=ru,2026-09-07T23:53:59.221511+00:00,4.5,5904
16 Тонн,"ул. Пресненский Вал, 6, стр. 1, Москва, Россия, 123022",0x46b54bd25c4c22ad:0xc0c59d3963df4fad,ChZDSUhNMG9nS0VJQ0FnSURKNE5qc1NnEAE,1.0,2023-07-08T22:11:58Z,2023-07-08T22:11:58Z,3 года назад,"Претензии не столько к самому клубу, сколько к организации вечеринки Рокикараоке:
Новичков тут не то, что не любят, просто игнорируют и считают что они должны доказать, что достойны присоединиться к клубу (вечеринке) в качестве полноценного участника. Однако если вы безмолвный слушатель, без права любого, кроме восхищенного в голоса, то вам эта вечеринка вполне подойдёт.
В т.г. канале закреплено сообщение, что организаторы все объяснят и расскажут — это ложь.
На вопросы вида «когда же начнется» скидывают рекламный пост с указанием времени 15—30 минут назад.
Записывающий в очередь на «выступить» прямым текстом сообщает, что новички сами должны узнать к кому с чем и когда обращаться, в отсутствие какой-либо информации.
На сайте по предлагают обращаться в течение канал, но по факту вся информация из него недостоверна, если не лжива. Даже если вы хотите закажете самый дорогой столик, вам так и быть предложат выступить в конце программы (до которой ждать почти три часа).
С претензиями в ТГ канале поступают очень просто: пока мало — игнор, если сильно возмущен — удаление.
Вывод: идея неплоха, организация средняя, подключение новичков — ниже плинтуса. Так что если вы решил присоединиться как исполнитель- не рекомендую, так-как вы тут не нужны.
Звук: перегружены низы, постоянный резонанс с помещением.
Выступающие части е то, чтобы безголосые, но три первых (пока допивали уже принесенное пиво) выступили посредственно, так что если вы готовы терпеть унижения, вполне можете влиться в клуб и стать там звездой.",True,Google,https://www.google.com/maps/reviews/data=!4m8!14m7!1m6!2m5!1sChZDSUhNMG9nS0VJQ0FnSURKNE5qc1NnEAE!2m1!1s0x0:0xc0c59d3963df4fad!3m1!1s2@1:CIHM0ogKEICAgIDJ4NjsSg%7C%7C?hl=ru,2026-09-07T23:53:59.221548+00:00,4.5,5904
16 Тонн,"ул. Пресненский Вал, 6, стр. 1, Москва, Россия, 123022",0x46b54bd25c4c22ad:0xc0c59d3963df4fad,ChZDSUhNMG9nS0VJQ0FnSURKd09mMVlnEAE,5.0,2023-07-08T18:28:47Z,2023-07-08T18:28:47Z,3 года назад,,False,Google,https://www.google.com/maps/reviews/data=!4m8!14m7!1m6!2m5!1sChZDSUhNMG9nS0VJQ0FnSURKd09mMVlnEAE!2m1!1s0x0:0xc0c59d3963df4fad!3m1!1s2@1:CIHM0ogKEICAgIDJwOf1Yg%7C%7C?hl=ru,2026-09-07T23:53:59.221606+00:00,4.5,5904
16 Тонн,"ул. Пресненский Вал, 6, стр. 1, Москва, Россия, 123022",0x46b54bd25c4c22ad:0xc0c59d3963df4fad,ChZDSUhNMG9nS0VJQ0FnSUNXNnFUek1nEAE,5.0,2022-02-23T20:41:26Z,2022-02-23T20:41:26Z,4 года назад,,False,Google,https://www.google.com/maps/reviews/data=!4m8!14m7!1m6!2m5!1sChZDSUhNMG9nS0VJQ0FnSUNXNnFUek1nEAE!2m1!1s0x0:0xc0c59d3963df4fad!3m1!1s2@1:CIHM0ogKEICAgICW6qTzMg%7C%7C?hl=ru,2026-09-07T23:53:59.221633+00:00,4.5,5904
16 Тонн,"ул. Пресненский Вал, 6, стр. 1, Москва, Россия, 123022",0x46b54bd25c4c22ad:0xc0c59d3963df4fad,ChdDSUhNMG9nS0VJQ0FnSUNXNnNEa2tRRRAB,5.0,2022-02-23T19:57:27Z,2022-02-23T19:57:27Z,4 года назад,,False,Google,https://www.google.com/maps/reviews/data=!4m8!14m7!1m6!2m5!1sChdDSUhNMG9nS0VJQ0FnSUNXNnNEa2tRRRAB!2m1!1s0x0:0xc0c59d3963df4fad!3m1!1s2@1:CIHM0ogKEICAgICW6sDkkQE%7C%7C?hl=ru,2026-09-07T23:54:01.892917+00:00,4.5,5904
16 Тонн,"ул. Пресненский Вал, 6, стр. 1, Москва, Россия, 123022",0x46b54bd25c4c22ad:0xc0c59d3963df4fad,ChdDSUhNMG9nS0VJQ0FnSUNXcXQzbWxBRRAB,5.0,2022-02-23T18:35:30Z,2022-02-23T18:35:30Z,4 года назад,Отличное пиво! Великолепная кухня! Приятный персонал. И все это в одном заведении!,True,Google,https://www.google.com/maps/reviews/data=!4m8!14m7!1m6!2m5!1sChdDSUhNMG9nS0VJQ0FnSUNXcXQzbWxBRRAB!2m1!1s0x0:0xc0c59d3963df4fad!3m1!1s2@1:CIHM0ogKEICAgICWqt3mlAE%7C%7C?hl=ru,2026-09-07T23:54:01.893118+00:00,4.5,5904
16 Тонн,"ул. Пресненский Вал, 6, стр. 1, Москва, Россия, 123022",0x46b54bd25c4c22ad:0xc0c59d3963df4fad,ChZDSUhNMG9nS0VJQ0FnSUNXeXB6QUxnEAE,5.0,2022-02-23T11:50:58Z,2022-02-23T11:50:58Z,4 года назад,"Очень весело, много народу, все танцуют, веселятся, цены приятные, диваны удобные.",True,Google,https://www.google.com/maps/reviews/data=!4m8!14m7!1m6!2m5!1sChZDSUhNMG9nS0VJQ0FnSUNXeXB6QUxnEAE!2m1!1s0x0:0xc0c59d3963df4fad!3m1!1s2@1:CIHM0ogKEICAgICWypzALg%7C%7C?hl=ru,2026-09-07T23:54:01.893182+00:00,4.5,5904
16 Тонн,"ул. Пресненский Вал, 6, стр. 1, Москва, Россия, 123022",0x46b54bd25c4c22ad:0xc0c59d3963df4fad,ChZDSUhNMG9nS0VJQ0FnSUNXeXNEa0RnEAE,5.0,2022-02-23T10:45:30Z,2022-02-23T10:45:30Z,4 года назад,,False,Google,https://www.google.com/maps/reviews/data=!4m8!14m7!1m6!2m5!1sChZDSUhNMG9nS0VJQ0FnSUNXeXNEa0RnEAE!2m1!1s0x0:0xc0c59d3963df4fad!3m1!1s2@1:CIHM0ogKEICAgICWysDkDg%7C%7C?hl=ru,2026-09-07T23:54:01.893223+00:00,4.5,5904
16 Тонн,"ул. Пресненский Вал, 6, стр. 1, Москва, Россия, 123022",0x46b54bd25c4c22ad:0xc0c59d3963df4fad,ChdDSUhNMG9nS0VJQ0FnSUNXOHJxMHB3RRAB,3.0,2022-02-22T23:28:35Z,2022-02-22T23:28:35Z,4 года назад,"Место знаковое, практически историческое. Никогда не думал, что оно такое маленькое",True,Google,https://www.google.com/maps/reviews/data=!4m8!14m7!1m6!2m5!1sChdDSUhNMG9nS0VJQ0FnSUNXOHJxMHB3RRAB!2m1!1s0x0:0xc0c59d3963df4fad!3m1!1s2@1:CIHM0ogKEICAgICW8rq0pwE%7C%7C?hl=ru,2026-09-07T23:54:01.893261+00:00,4.5,5904
16 Тонн,"ул. Пресненский Вал, 6, стр. 1, Москва, Россия, 123022",0x46b54bd25c4c22ad:0xc0c59d3963df4fad,ChZDSUhNMG9nS0VJQ0FnSUNXOHBqTVBBEAE,5.0,2022-02-22T21:55:21Z,2022-02-22T21:55:21Z,4 года назад,,False,Google,https://www.google.com/maps/reviews/data=!4m8!14m7!1m6!2m5!1sChZDSUhNMG9nS0VJQ0FnSUNXOHBqTVBBEAE!2m1!1s0x0:0xc0c59d3963df4fad!3m1!1s2@1:CIHM0ogKEICAgICW8pjMPA%7C%7C?hl=ru,2026-09-07T23:54:01.893300+00:00,4.5,5904
16 Тонн,"ул. Пресненский Вал, 6, стр. 1, Москва, Россия, 123022",0x46b54bd25c4c22ad:0xc0c59d3963df4fad,ChZDSUhNMG9nS0VJQ0FnSUNXc29hT0dBEAE,5.0,2022-02-22T19:11:34Z,2022-02-22T19:11:34Z,4 года назад,,False,Google,https://www.google.com/maps/reviews/data=!4m8!14m7!1m6!2m5!1sChZDSUhNMG9nS0VJQ0FnSUNXc29hT0dBEAE!2m1!1s0x0:0xc0c59d3963df4fad!3m1!1s2@1:CIHM0ogKEICAgICWsoaOGA%7C%7C?hl=ru,2026-09-07T23:54:01.893334+00:00,4.5,5904
16 Тонн,"ул. Пресненский Вал, 6, стр. 1, Москва, Россия, 123022",0x46b54bd25c4c22ad:0xc0c59d3963df4fad,ChZDSUhNMG9nS0VJQ0FnSUNXb3A2ekdnEAE,5.0,2022-02-21T22:38:12Z,2022-02-21T22:38:12Z,4 года назад,Классное заведение. Хожу на концерты. Вкусные коктейли.,True,Google,https://www.google.com/maps/reviews/data=!4m8!14m7!1m6!2m5!1sChZDSUhNMG9nS0VJQ0FnSUNXb3A2ekdnEAE!2m1!1s0x0:0xc0c59d3963df4fad!3m1!1s2@1:CIHM0ogKEICAgICWop6zGg%7C%7C?hl=ru,2026-09-07T23:54:01.893363+00:00,4.5,5904
16 Тонн,"ул. Пресненский Вал, 6, стр. 1, Москва, Россия, 123022",0x46b54bd25c4c22ad:0xc0c59d3963df4fad,ChdDSUhNMG9nS0VJQ0FnSUNXM01hR3ZBRRAB,4.0,2022-02-20T18:56:52Z,2022-02-20T18:57:27Z,4 года назад,"Хорошая обстановка, напитки, обслуживание, атмосфера, свет, звук",True,Google,https://www.google.com/maps/reviews/data=!4m8!14m7!1m6!2m5!1sChdDSUhNMG9nS0VJQ0FnSUNXM01hR3ZBRRAB!2m1!1s0x0:0xc0c59d3963df4fad!3m1!1s2@1:CIHM0ogKEICAgICW3MaGvAE%7C%7C?hl=ru,2026-09-07T23:54:01.893396+00:00,4.5,5904
16 Тонн,"ул. Пресненский Вал, 6, стр. 1, Москва, Россия, 123022",0x46b54bd25c4c22ad:0xc0c59d3963df4fad,ChZDSUhNMG9nS0VJQ0FnSUNXbkwyOGJ3EAE,5.0,2022-02-20T16:29:42Z,2022-02-20T16:29:42Z,4 года назад,"Красное пиво+мини шашлычок эт блаженство,+💃",True,Google,https://www.google.com/maps/reviews/data=!4m8!14m7!1m6!2m5!1sChZDSUhNMG9nS0VJQ0FnSUNXbkwyOGJ3EAE!2m1!1s0x0:0xc0c59d3963df4fad!3m1!1s2@1:CIHM0ogKEICAgICWnL28bw%7C%7C?hl=ru,2026-09-07T23:54:01.893429+00:00,4.5,5904
16 Тонн,"ул. Пресненский Вал, 6, стр. 1, Москва, Россия, 123022",0x46b54bd25c4c22ad:0xc0c59d3963df4fad,ChdDSUhNMG9nS0VJQ0FnSUNRbF9ldHRnRRAB,5.0,2018-06-16T16:54:39Z,2022-02-20T10:58:11Z,Изменено 4 года назад,"Атмосферное место. Кормят вкусно. Обслуживание очень хорошее.
Шикарный клуб. С хорошей атмосферой.",True,Google,https://www.google.com/maps/reviews/data=!4m8!14m7!1m6!2m5!1sChdDSUhNMG9nS0VJQ0FnSUNRbF9ldHRnRRAB!2m1!1s0x0:0xc0c59d3963df4fad!3m1!1s2@1:CIHM0ogKEICAgICQl_ettgE%7C%7C?hl=ru,2026-09-07T23:54:01.893467+00:00,4.5,5904
16 Тонн,"ул. Пресненский Вал, 6, стр. 1, Москва, Россия, 123022",0x46b54bd25c4c22ad:0xc0c59d3963df4fad,ChZDSUhNMG9nS0VJQ0FnSUNXek0zbEhBEAE,5.0,2022-02-19T21:46:56Z,2022-02-19T21:46:56Z,4 года назад,,False,Google,https://www.google.com/maps/reviews/data=!4m8!14m7!1m6!2m5!1sChZDSUhNMG9nS0VJQ0FnSUNXek0zbEhBEAE!2m1!1s0x0:0xc0c59d3963df4fad!3m1!1s2@1:CIHM0ogKEICAgICWzM3lHA%7C%7C?hl=ru,2026-09-07T23:54:01.893503+00:00,4.5,5904
16 Тонн,"ул. Пресненский Вал, 6, стр. 1, Москва, Россия, 123022",0x46b54bd25c4c22ad:0xc0c59d3963df4fad,ChZDSUhNMG9nS0VJQ0FnSUNXOU43dFF3EAE,5.0,2022-02-19T11:24:12Z,2022-02-19T11:24:12Z,4 года назад,,False,Google,https://www.google.com/maps/reviews/data=!4m8!14m7!1m6!2m5!1sChZDSUhNMG9nS0VJQ0FnSUNXOU43dFF3EAE!2m1!1s0x0:0xc0c59d3963df4fad!3m1!1s2@1:CIHM0ogKEICAgICW9N7tQw%7C%7C?hl=ru,2026-09-07T23:54:01.893535+00:00,4.5,5904
16 Тонн,"ул. Пресненский Вал, 6, стр. 1, Москва, Россия, 123022",0x46b54bd25c4c22ad:0xc0c59d3963df4fad,ChZDSUhNMG9nS0VJQ0FnSUNXaFBlbkdBEAE,4.0,2022-02-18T04:54:16Z,2022-02-18T04:54:16Z,4 года назад,,False,Google,https://www.google.com/maps/reviews/data=!4m8!14m7!1m6!2m5!1sChZDSUhNMG9nS0VJQ0FnSUNXaFBlbkdBEAE!2m1!1s0x0:0xc0c59d3963df4fad!3m1!1s2@1:CIHM0ogKEICAgICWhPenGA%7C%7C?hl=ru,2026-09-07T23:54:01.893578+00:00,4.5,5904
16 Тонн,"ул. Пресненский Вал, 6, стр. 1, Москва, Россия, 123022",0x46b54bd25c4c22ad:0xc0c59d3963df4fad,ChZDSUhNMG9nS0VJQ0FnSUNXb05DSFdREAE,4.0,2022-02-14T20:40:38Z,2022-02-14T20:40:38Z,4 года назад,"Еда могла бы быть лучше, коктейли не плохо. Концерты супер!",True,Google,https://www.google.com/maps/reviews/data=!4m8!14m7!1m6!2m5!1sChZDSUhNMG9nS0VJQ0FnSUNXb05DSFdREAE!2m1!1s0x0:0xc0c59d3963df4fad!3m1!1s2@1:CIHM0ogKEICAgICWoNCHWQ%7C%7C?hl=ru,2026-09-07T23:54:01.893608+00:00,4.5,5904
16 Тонн,"ул. Пресненский Вал, 6, стр. 1, Москва, Россия, 123022",0x46b54bd25c4c22ad:0xc0c59d3963df4fad,ChZDSUhNMG9nS0VJQ0FnSURtMzV1X1RBEAE,5.0,2022-02-13T23:29:13Z,2022-02-13T23:29:13Z,4 года назад,,False,Google,https://www.google.com/maps/reviews/data=!4m8!14m7!1m6!2m5!1sChZDSUhNMG9nS0VJQ0FnSURtMzV1X1RBEAE!2m1!1s0x0:0xc0c59d3963df4fad!3m1!1s2@1:CIHM0ogKEICAgIDm35u_TA%7C%7C?hl=ru,2026-09-07T23:54:01.893638+00:00,4.5,5904
16 Тонн,"ул. Пресненский Вал, 6, стр. 1, Москва, Россия, 123022",0x46b54bd25c4c22ad:0xc0c59d3963df4fad,ChdDSUhNMG9nS0VJQ0FnSURtNy02bXVnRRAB,5.0,2022-02-13T12:41:24Z,2022-02-13T12:41:24Z,4 года назад,,False,Google,https://www.google.com/maps/reviews/data=!4m8!14m7!1m6!2m5!1sChdDSUhNMG9nS0VJQ0FnSURtNy02bXVnRRAB!2m1!1s0x0:0xc0c59d3963df4fad!3m1!1s2@1:CIHM0ogKEICAgIDm7-6mugE%7C%7C?hl=ru,2026-09-07T23:54:01.893667+00:00,4.5,5904
16 Тонн,"ул. Пресненский Вал, 6, стр. 1, Москва, Россия, 123022",0x46b54bd25c4c22ad:0xc0c59d3963df4fad,ChdDSUhNMG9nS0VJQ0FnSURtbDhhTHRnRRAB,5.0,2022-02-11T20:25:26Z,2022-02-11T20:25:26Z,4 года назад,"Шикарный клуб. Вкусное пиво, красивые посетительницы. Разный репертуар",True,Google,https://www.google.com/maps/reviews/data=!4m8!14m7!1m6!2m5!1sChdDSUhNMG9nS0VJQ0FnSURtbDhhTHRnRRAB!2m1!1s0x0:0xc0c59d3963df4fad!3m1!1s2@1:CIHM0ogKEICAgIDml8aLtgE%7C%7C?hl=ru,2026-09-07T23:54:01.893695+00:00,4.5,5904
16 Тонн,"ул. Пресненский Вал, 6, стр. 1, Москва, Россия, 123022",0x46b54bd25c4c22ad:0xc0c59d3963df4fad,ChdDSUhNMG9nS0VJQ0FnSURtbDl6TjdBRRAB,5.0,2022-02-11T19:39:14Z,2022-02-11T19:39:14Z,4 года назад,,False,Google,https://www.google.com/maps/reviews/data=!4m8!14m7!1m6!2m5!1sChdDSUhNMG9nS0VJQ0FnSURtbDl6TjdBRRAB!2m1!1s0x0:0xc0c59d3963df4fad!3m1!1s2@1:CIHM0ogKEICAgIDml9zN7AE%7C%7C?hl=ru,2026-09-07T23:54:01.893725+00:00,4.5,5904
16 Тонн,"ул. Пресненский Вал, 6, стр. 1, Москва, Россия, 123022",0x46b54bd25c4c22ad:0xc0c59d3963df4fad,ChZDSUhNMG9nS0VJQ0FnSURtdS0tSlBnEAE,4.0,2022-02-10T16:23:53Z,2022-02-10T16:23:53Z,4 года назад,,False,Google,https://www.google.com/maps/reviews/data=!4m8!14m7!1m6!2m5!1sChZDSUhNMG9nS0VJQ0FnSURtdS0tSlBnEAE!2m1!1s0x0:0xc0c59d3963df4fad!3m1!1s2@1:CIHM0ogKEICAgIDmu--JPg%7C%7C?hl=ru,2026-09-07T23:54:01.893753+00:00,4.5,5904
Мутабор,"Шарикоподшипниковская ул., 13, с32, Москва, Россия, 115088",0x46b54b0674b022c3:0x726d43a3b2972d9c,Ci9DQUlRQUNvZENodHljRjlvT2pOWU9GbFVVMnA2Ulc1d2NUbHVZVTl2VUc5UmJuYxAB,5.0,2026-01-16T00:23:55Z,2026-01-16T00:23:55Z,7 месяцев назад,Лучший димыч в городе,True,Google,https://www.google.com/maps/reviews/data=!4m8!14m7!1m6!2m5!1sCi9DQUlRQUNvZENodHljRjlvT2pOWU9GbFVVMnA2Ulc1d2NUbHVZVTl2VUc5UmJuYxAB!2m1!1s0x0:0x726d43a3b2972d9c!3m1!1s2@1:CAIQACodChtycF9oOjNYOFlUU2p6RW5wcTluYU9vUG9Rbnc%7C%7C?hl=ru,2026-09-07T23:54:02.205884+00:00,4.3,548
Мутабор,"Шарикоподшипниковская ул., 13, с32, Москва, Россия, 115088",0x46b54b0674b022c3:0x726d43a3b2972d9c,Ci9DQUlRQUNvZENodHljRjlvT2xrNFJYaFFiMHAyYTNCbU5HWmFUakZLUXpRNGFFRRAB,1.0,2025-11-15T22:22:13Z,2025-11-15T22:22:13Z,9 месяцев назад,"15.11.2025 года в 21:00 не прошёл фейс-контроль в зоне обычных билетов. Был трезвый, опрятный и вежливый, билет тоже был, но работники этого заведения не пустили на входе без объяснения причины.
Теперь моë мнение об этом месте крайне негативное. Всем своим знакомым буду рекомендовать не ходить туда из-за неадекватных секьюрити на входе в клуб.
Итог испорченный вечер, неудолось отдохнуть там со своими Друзьями, зря потраченные деньги на билет и созданные неудобства в поисках ночëвки.
Хотелось бы, чтобы администрация данного заведения лишила этих секьюрити премии или как-то материально наказала. Пусть у этих секьюрити тоже настроение испортится.🙏",True,Google,https://www.google.com/maps/reviews/data=!4m8!14m7!1m6!2m5!1sCi9DQUlRQUNvZENodHljRjlvT2xrNFJYaFFiMHAyYTNCbU5HWmFUakZLUXpRNGFFRRAB!2m1!1s0x0:0x726d43a3b2972d9c!3m1!1s2@1:CAIQACodChtycF9oOlk4RXhQb0p2a3BmNGZaTjFKQzQ4aEE%7C%7C?hl=ru,2026-09-07T23:54:02.206026+00:00,4.3,548
Мутабор,"Шарикоподшипниковская ул., 13, с32, Москва, Россия, 115088",0x46b54b0674b022c3:0x726d43a3b2972d9c,Ci9DQUlRQUNvZENodHljRjlvT21GRlYycHBialk0YkV0d01WUnpZelpqVkdwNlJWRRAB,1.0,2025-10-16T03:36:23Z,2025-10-16T03:36:23Z,10 месяцев назад,"раньше был лучший наркопритон в стране…
сейчас такой же наркопритон, но без берлинских вайбов, впускают всех
не ходите в DEX, ждите Аутлайна 🙏",True,Google,https://www.google.com/maps/reviews/data=!4m8!14m7!1m6!2m5!1sCi9DQUlRQUNvZENodHljRjlvT21GRlYycHBialk0YkV0d01WUnpZelpqVkdwNlJWRRAB!2m1!1s0x0:0x726d43a3b2972d9c!3m1!1s2@1:CAIQACodChtycF9oOmFFV2ppbjY4bEtwMVRzYzZjVGp6RVE%7C%7C?hl=ru,2026-09-07T23:54:02.206093+00:00,4.3,548
Мутабор,"Шарикоподшипниковская ул., 13, с32, Москва, Россия, 115088",0x46b54b0674b022c3:0x726d43a3b2972d9c,Ci9DQUlRQUNvZENodHljRjlvT2pWWk56bExkbGN6VTJWcmJtVkVRbGx4U1ZwaE1WRRAB,1.0,2025-09-22T13:11:53Z,2025-09-22T13:11:53Z,11 месяцев назад,,False,Google,https://www.google.com/maps/reviews/data=!4m8!14m7!1m6!2m5!1sCi9DQUlRQUNvZENodHljRjlvT2pWWk56bExkbGN6VTJWcmJtVkVRbGx4U1ZwaE1WRRAB!2m1!1s0x0:0x726d43a3b2972d9c!3m1!1s2@1:CAIQACodChtycF9oOjVZNzlLdlczU2VrbmVEQllxSVphMVE%7C%7C?hl=ru,2026-09-07T23:54:02.206138+00:00,4.3,548
Мутабор,"Шарикоподшипниковская ул., 13, с32, Москва, Россия, 115088",0x46b54b0674b022c3:0x726d43a3b2972d9c,ChdDSUhNMG9nS0VQSEh3OExmOWRuT3dRRRAB,5.0,2025-05-20T22:42:55Z,2025-05-20T22:42:55Z,год назад,,False,Google,https://www.google.com/maps/reviews/data=!4m8!14m7!1m6!2m5!1sChdDSUhNMG9nS0VQSEh3OExmOWRuT3dRRRAB!2m1!1s0x0:0x726d43a3b2972d9c!3m1!1s2@1:CIHM0ogKEPHHw8Lf9dnOwQE%7C%7C?hl=ru,2026-09-07T23:54:02.206176+00:00,4.3,548
Мутабор,"Шарикоподшипниковская ул., 13, с32, Москва, Россия, 115088",0x46b54b0674b022c3:0x726d43a3b2972d9c,ChZDSUhNMG9nS0VJQ0FnSUNQenZqMFZ3EAE,1.0,2024-11-24T11:45:36Z,2024-11-24T11:54:47Z,год назад,Без объяснения причины,True,Google,https://www.google.com/maps/reviews/data=!4m8!14m7!1m6!2m5!1sChZDSUhNMG9nS0VJQ0FnSUNQenZqMFZ3EAE!2m1!1s0x0:0x726d43a3b2972d9c!3m1!1s2@1:CIHM0ogKEICAgICPzvj0Vw%7C%7C?hl=ru,2026-09-07T23:54:02.206210+00:00,4.3,548
Мутабор,"Шарикоподшипниковская ул., 13, с32, Москва, Россия, 115088",0x46b54b0674b022c3:0x726d43a3b2972d9c,ChdDSUhNMG9nS0VJQ0FnSUNQbXFyOTFnRRAB,5.0,2024-11-23T10:47:12Z,2024-11-23T10:47:12Z,год назад,,False,Google,https://www.google.com/maps/reviews/data=!4m8!14m7!1m6!2m5!1sChdDSUhNMG9nS0VJQ0FnSUNQbXFyOTFnRRAB!2m1!1s0x0:0x726d43a3b2972d9c!3m1!1s2@1:CIHM0ogKEICAgICPmqr91gE%7C%7C?hl=ru,2026-09-07T23:54:02.206240+00:00,4.3,548
Мутабор,"Шарикоподшипниковская ул., 13, с32, Москва, Россия, 115088",0x46b54b0674b022c3:0x726d43a3b2972d9c,ChZDSUhNMG9nS0VJQ0FnSUMzeXBYZ0l3EAE,1.0,2024-11-04T15:28:15Z,2024-11-04T15:28:15Z,год назад,,False,Google,https://www.google.com/maps/reviews/data=!4m8!14m7!1m6!2m5!1sChZDSUhNMG9nS0VJQ0FnSUMzeXBYZ0l3EAE!2m1!1s0x0:0x726d43a3b2972d9c!3m1!1s2@1:CIHM0ogKEICAgIC3ypXgIw%7C%7C?hl=ru,2026-09-07T23:54:02.206272+00:00,4.3,548
Мутабор,"Шарикоподшипниковская ул., 13, с32, Москва, Россия, 115088",0x46b54b0674b022c3:0x726d43a3b2972d9c,ChdDSUhNMG9nS0VJQ0FnSURiZy12VXF3RRAB,5.0,2024-08-08T18:41:38Z,2024-08-08T18:41:38Z,2 года назад,"Уже не мутабор, а Arma.
Великий и круто клуб России, куда съезжаются даже из-за границы.
Много залов плюс веранда
Крутые привозы, крутой декор, супер люди. Обожаю",True,Google,https://www.google.com/maps/reviews/data=!4m8!14m7!1m6!2m5!1sChdDSUhNMG9nS0VJQ0FnSURiZy12VXF3RRAB!2m1!1s0x0:0x726d43a3b2972d9c!3m1!1s2@1:CIHM0ogKEICAgIDbg-vUqwE%7C%7C?hl=ru,2026-09-07T23:54:02.372908+00:00,4.3,548
Мутабор,"Шарикоподшипниковская ул., 13, с32, Москва, Россия, 115088",0x46b54b0674b022c3:0x726d43a3b2972d9c,ChdDSUhNMG9nS0VJQ0FnSUNkek5MeW93RRAB,1.0,2024-02-13T07:10:40Z,2024-02-13T07:10:40Z,2 года назад,,False,Google,https://www.google.com/maps/reviews/data=!4m8!14m7!1m6!2m5!1sChdDSUhNMG9nS0VJQ0FnSUNkek5MeW93RRAB!2m1!1s0x0:0x726d43a3b2972d9c!3m1!1s2@1:CIHM0ogKEICAgICdzNLyowE%7C%7C?hl=ru,2026-09-07T23:54:02.373142+00:00,4.3,548
Мутабор,"Шарикоподшипниковская ул., 13, с32, Москва, Россия, 115088",0x46b54b0674b022c3:0x726d43a3b2972d9c,ChZDSUhNMG9nS0VJQ0FnSUN0OXZlcFB3EAE,5.0,2024-01-30T08:55:43Z,2024-01-30T08:55:43Z,2 года назад,favorite ❤️,True,Google,https://www.google.com/maps/reviews/data=!4m8!14m7!1m6!2m5!1sChZDSUhNMG9nS0VJQ0FnSUN0OXZlcFB3EAE!2m1!1s0x0:0x726d43a3b2972d9c!3m1!1s2@1:CIHM0ogKEICAgICt9vepPw%7C%7C?hl=ru,2026-09-07T23:54:02.373195+00:00,4.3,548
Мутабор,"Шарикоподшипниковская ул., 13, с32, Москва, Россия, 115088",0x46b54b0674b022c3:0x726d43a3b2972d9c,ChdDSUhNMG9nS0VJQ0FnSURONzVDUW5RRRAB,5.0,2024-01-27T11:30:14Z,2024-01-27T11:30:14Z,2 года назад,,False,Google,https://www.google.com/maps/reviews/data=!4m8!14m7!1m6!2m5!1sChdDSUhNMG9nS0VJQ0FnSURONzVDUW5RRRAB!2m1!1s0x0:0x726d43a3b2972d9c!3m1!1s2@1:CIHM0ogKEICAgIDN75CQnQE%7C%7C?hl=ru,2026-09-07T23:54:02.373233+00:00,4.3,548
Мутабор,"Шарикоподшипниковская ул., 13, с32, Москва, Россия, 115088",0x46b54b0674b022c3:0x726d43a3b2972d9c,ChdDSUhNMG9nS0VJQ0FnSUQxNjlla3lRRRAB,5.0,2024-01-10T09:29:18Z,2024-01-10T09:29:18Z,2 года назад,,False,Google,https://www.google.com/maps/reviews/data=!4m8!14m7!1m6!2m5!1sChdDSUhNMG9nS0VJQ0FnSUQxNjlla3lRRRAB!2m1!1s0x0:0x726d43a3b2972d9c!3m1!1s2@1:CIHM0ogKEICAgID169ekyQE%7C%7C?hl=ru,2026-09-07T23:54:02.373261+00:00,4.3,548
Мутабор,"Шарикоподшипниковская ул., 13, с32, Москва, Россия, 115088",0x46b54b0674b022c3:0x726d43a3b2972d9c,ChdDSUhNMG9nS0VJQ0FnSUQxa2I2OHVnRRAB,1.0,2024-01-07T21:00:01Z,2024-01-07T21:00:01Z,2 года назад,Не очень,True,Google,https://www.google.com/maps/reviews/data=!4m8!14m7!1m6!2m5!1sChdDSUhNMG9nS0VJQ0FnSUQxa2I2OHVnRRAB!2m1!1s0x0:0x726d43a3b2972d9c!3m1!1s2@1:CIHM0ogKEICAgID1kb68ugE%7C%7C?hl=ru,2026-09-07T23:54:02.373288+00:00,4.3,548
Мутабор,"Шарикоподшипниковская ул., 13, с32, Москва, Россия, 115088",0x46b54b0674b022c3:0x726d43a3b2972d9c,ChdDSUhNMG9nS0VJQ0FnSUQxX3VYNWpnRRAB,1.0,2024-01-07T13:40:01Z,2024-01-07T13:40:01Z,2 года назад,,False,Google,https://www.google.com/maps/reviews/data=!4m8!14m7!1m6!2m5!1sChdDSUhNMG9nS0VJQ0FnSUQxX3VYNWpnRRAB!2m1!1s0x0:0x726d43a3b2972d9c!3m1!1s2@1:CIHM0ogKEICAgID1_uX5jgE%7C%7C?hl=ru,2026-09-07T23:54:02.373313+00:00,4.3,548
Мутабор,"Шарикоподшипниковская ул., 13, с32, Москва, Россия, 115088",0x46b54b0674b022c3:0x726d43a3b2972d9c,ChZDSUhNMG9nS0VJQ0FnSUQxN3R1UEtREAE,1.0,2024-01-07T08:13:40Z,2024-01-07T08:13:40Z,2 года назад,,False,Google,https://www.google.com/maps/reviews/data=!4m8!14m7!1m6!2m5!1sChZDSUhNMG9nS0VJQ0FnSUQxN3R1UEtREAE!2m1!1s0x0:0x726d43a3b2972d9c!3m1!1s2@1:CIHM0ogKEICAgID17tuPKQ%7C%7C?hl=ru,2026-09-07T23:54:02.373340+00:00,4.3,548
Мутабор,"Шарикоподшипниковская ул., 13, с32, Москва, Россия, 115088",0x46b54b0674b022c3:0x726d43a3b2972d9c,ChdDSUhNMG9nS0VJQ0FnSUMxa1ppYm1RRRAB,1.0,2023-12-31T08:11:47Z,2023-12-31T08:11:47Z,2 года назад,,False,Google,https://www.google.com/maps/reviews/data=!4m8!14m7!1m6!2m5!1sChdDSUhNMG9nS0VJQ0FnSUMxa1ppYm1RRRAB!2m1!1s0x0:0x726d43a3b2972d9c!3m1!1s2@1:CIHM0ogKEICAgIC1kZibmQE%7C%7C?hl=ru,2026-09-07T23:54:02.373365+00:00,4.3,548
Мутабор,"Шарикоподшипниковская ул., 13, с32, Москва, Россия, 115088",0x46b54b0674b022c3:0x726d43a3b2972d9c,ChdDSUhNMG9nS0VJQ0FnSUMxb2ZicnN3RRAB,1.0,2023-12-31T00:17:37Z,2023-12-31T00:17:37Z,2 года назад,,False,Google,https://www.google.com/maps/reviews/data=!4m8!14m7!1m6!2m5!1sChdDSUhNMG9nS0VJQ0FnSUMxb2ZicnN3RRAB!2m1!1s0x0:0x726d43a3b2972d9c!3m1!1s2@1:CIHM0ogKEICAgIC1ofbrswE%7C%7C?hl=ru,2026-09-07T23:54:02.373391+00:00,4.3,548
Мутабор,"Шарикоподшипниковская ул., 13, с32, Москва, Россия, 115088",0x46b54b0674b022c3:0x726d43a3b2972d9c,ChdDSUhNMG9nS0VJQ0FnSUMxOW9fXzZ3RRAB,5.0,2023-12-29T18:02:39Z,2023-12-29T18:02:39Z,2 года назад,А носок ртом то сняли? Там видео не до конца 🤣🤣🤣🤣,True,Google,https://www.google.com/maps/reviews/data=!4m8!14m7!1m6!2m5!1sChdDSUhNMG9nS0VJQ0FnSUMxOW9fXzZ3RRAB!2m1!1s0x0:0x726d43a3b2972d9c!3m1!1s2@1:CIHM0ogKEICAgIC19o__6wE%7C%7C?hl=ru,2026-09-07T23:54:02.373417+00:00,4.3,548
Мутабор,"Шарикоподшипниковская ул., 13, с32, Москва, Россия, 115088",0x46b54b0674b022c3:0x726d43a3b2972d9c,ChdDSUhNMG9nS0VJQ0FnSUMxMnJuYXNnRRAB,1.0,2023-12-28T04:59:12Z,2023-12-28T04:59:12Z,2 года назад,,False,Google,https://www.google.com/maps/reviews/data=!4m8!14m7!1m6!2m5!1sChdDSUhNMG9nS0VJQ0FnSUMxMnJuYXNnRRAB!2m1!1s0x0:0x726d43a3b2972d9c!3m1!1s2@1:CIHM0ogKEICAgIC12rnasgE%7C%7C?hl=ru,2026-09-07T23:54:02.373445+00:00,4.3,548
Мутабор,"Шарикоподшипниковская ул., 13, с32, Москва, Россия, 115088",0x46b54b0674b022c3:0x726d43a3b2972d9c,ChZDSUhNMG9nS0VJQ0FnSUMxeXRhRkFnEAE,5.0,2023-12-27T12:31:04Z,2023-12-27T12:31:04Z,2 года назад,Хороший клуб.Девушки красивые.Можно и выпить и закусить.Рекомендую.,True,Google,https://www.google.com/maps/reviews/data=!4m8!14m7!1m6!2m5!1sChZDSUhNMG9nS0VJQ0FnSUMxeXRhRkFnEAE!2m1!1s0x0:0x726d43a3b2972d9c!3m1!1s2@1:CIHM0ogKEICAgIC1ytaFAg%7C%7C?hl=ru,2026-09-07T23:54:02.373469+00:00,4.3,548
Мутабор,"Шарикоподшипниковская ул., 13, с32, Москва, Россия, 115088",0x46b54b0674b022c3:0x726d43a3b2972d9c,ChZDSUhNMG9nS0VJQ0FnSUMxaE56Vll3EAE,5.0,2023-12-22T17:09:57Z,2023-12-22T17:09:57Z,2 года назад,,False,Google,https://www.google.com/maps/reviews/data=!4m8!14m7!1m6!2m5!1sChZDSUhNMG9nS0VJQ0FnSUMxaE56Vll3EAE!2m1!1s0x0:0x726d43a3b2972d9c!3m1!1s2@1:CIHM0ogKEICAgIC1hNzVYw%7C%7C?hl=ru,2026-09-07T23:54:02.373496+00:00,4.3,548
Мутабор,"Шарикоподшипниковская ул., 13, с32, Москва, Россия, 115088",0x46b54b0674b022c3:0x726d43a3b2972d9c,ChZDSUhNMG9nS0VJQ0FnSUNGaVppME93EAE,1.0,2023-10-28T20:46:10Z,2023-10-28T20:46:10Z,2 года назад,"28.10 простояли 40 минут на улице под дождём. Когда подошли , не пустили по фейс контролю (трезвый , обратно одет) без обьяснения причины. Возврат за билет не провели.
Не рекомендую к посещению.

Вход оплачен , открылись с 40 минутной задержкой .
Не рекомендую к посещению",True,Google,https://www.google.com/maps/reviews/data=!4m8!14m7!1m6!2m5!1sChZDSUhNMG9nS0VJQ0FnSUNGaVppME93EAE!2m1!1s0x0:0x726d43a3b2972d9c!3m1!1s2@1:CIHM0ogKEICAgICFiZi0Ow%7C%7C?hl=ru,2026-09-07T23:54:02.373535+00:00,4.3,548
Мутабор,"Шарикоподшипниковская ул., 13, с32, Москва, Россия, 115088",0x46b54b0674b022c3:0x726d43a3b2972d9c,ChdDSUhNMG9nS0VJQ0FnSUQ1NHNmQXRRRRAB,5.0,2023-10-21T16:17:55Z,2023-10-21T16:17:55Z,2 года назад,,False,Google,https://www.google.com/maps/reviews/data=!4m8!14m7!1m6!2m5!1sChdDSUhNMG9nS0VJQ0FnSUQ1NHNmQXRRRRAB!2m1!1s0x0:0x726d43a3b2972d9c!3m1!1s2@1:CIHM0ogKEICAgID54sfAtQE%7C%7C?hl=ru,2026-09-07T23:54:02.373567+00:00,4.3,548
Мутабор,"Шарикоподшипниковская ул., 13, с32, Москва, Россия, 115088",0x46b54b0674b022c3:0x726d43a3b2972d9c,ChdDSUhNMG9nS0VJQ0FnSUM2bnZ2bjF3RRAB,1.0,2021-09-05T08:03:08Z,2023-10-12T00:07:45Z,Изменено 2 года назад,,False,Google,https://www.google.com/maps/reviews/data=!4m8!14m7!1m6!2m5!1sChdDSUhNMG9nS0VJQ0FnSUM2bnZ2bjF3RRAB!2m1!1s0x0:0x726d43a3b2972d9c!3m1!1s2@1:CIHM0ogKEICAgIC6nvvn1wE%7C%7C?hl=ru,2026-09-07T23:54:02.373591+00:00,4.3,548
Мутабор,"Шарикоподшипниковская ул., 13, с32, Москва, Россия, 115088",0x46b54b0674b022c3:0x726d43a3b2972d9c,ChZDSUhNMG9nS0VJQ0FnSURaejdqdUF3EAE,5.0,2023-10-08T21:14:47Z,2023-10-08T21:14:47Z,2 года назад,"Ходили на концерт группы Электрофорез. Зал очень хорошо подходит под такой концерт. На входе качественный досмотр, есть гардероб, в зале есть две барных стойки с оплатой по авансовой карте заведения. Звук хороший, свет понравился.",True,Google,https://www.google.com/maps/reviews/data=!4m8!14m7!1m6!2m5!1sChZDSUhNMG9nS0VJQ0FnSURaejdqdUF3EAE!2m1!1s0x0:0x726d43a3b2972d9c!3m1!1s2@1:CIHM0ogKEICAgIDZz7juAw%7C%7C?hl=ru,2026-09-07T23:54:02.373615+00:00,4.3,548
Мутабор,"Шарикоподшипниковская ул., 13, с32, Москва, Россия, 115088",0x46b54b0674b022c3:0x726d43a3b2972d9c,ChZDSUhNMG9nS0VJQ0FnSUNaek1mOWVREAE,5.0,2023-09-05T17:34:14Z,2023-09-05T17:34:14Z,3 года назад,"Были на afterskazka 2.09 шикарное место, локации для фото чудесные. Клуб понравился, душновато, но веер спасает! Рекомендую",True,Google,https://www.google.com/maps/reviews/data=!4m8!14m7!1m6!2m5!1sChZDSUhNMG9nS0VJQ0FnSUNaek1mOWVREAE!2m1!1s0x0:0x726d43a3b2972d9c!3m1!1s2@1:CIHM0ogKEICAgICZzMf9eQ%7C%7C?hl=ru,2026-09-07T23:54:02.373643+00:00,4.3,548
Мутабор,"Шарикоподшипниковская ул., 13, с32, Москва, Россия, 115088",0x46b54b0674b022c3:0x726d43a3b2972d9c,ChdDSUhNMG9nS0VJQ0FnSURKcTZpUzlnRRAB,3.0,2023-07-22T22:52:07Z,2023-07-22T22:52:07Z,3 года назад,"Мутабор - это площадка-боль. Все пишут про очереди, для меня самым острым вопросом является вентиляция в помещениях и циркуляция воздуха. Душка как в аду, на главной сцене как будто ничего нет из системы кондиционирования, кроме открытой двери у сцены. Мы конечно затерпели, как говорится, но это позорище.",True,Google,https://www.google.com/maps/reviews/data=!4m8!14m7!1m6!2m5!1sChdDSUhNMG9nS0VJQ0FnSURKcTZpUzlnRRAB!2m1!1s0x0:0x726d43a3b2972d9c!3m1!1s2@1:CIHM0ogKEICAgIDJq6iS9gE%7C%7C?hl=ru,2026-09-07T23:54:02.373670+00:00,4.3,548
Мутабор,"Шарикоподшипниковская ул., 13, с32, Москва, Россия, 115088",0x46b54b0674b022c3:0x726d43a3b2972d9c,ChZDSUhNMG9nS0VJQ0FnSURKeTVPNlJBEAE,1.0,2023-07-22T21:32:45Z,2023-07-22T21:32:45Z,3 года назад,Не пропускают иностранцев!,True,Google,https://www.google.com/maps/reviews/data=!4m8!14m7!1m6!2m5!1sChZDSUhNMG9nS0VJQ0FnSURKeTVPNlJBEAE!2m1!1s0x0:0x726d43a3b2972d9c!3m1!1s2@1:CIHM0ogKEICAgIDJy5O6RA%7C%7C?hl=ru,2026-09-07T23:54:03.483032+00:00,4.3,548
Мутабор,"Шарикоподшипниковская ул., 13, с32, Москва, Россия, 115088",0x46b54b0674b022c3:0x726d43a3b2972d9c,ChZDSUhNMG9nS0VJQ0FnSUNKN2QzY0J3EAE,1.0,2023-07-02T22:21:49Z,2023-07-02T22:24:52Z,3 года назад,"С 1 на 2 июля ""senses open air"".
Начало согласно билету было в 23.55. приехал в 00, была огромная очередь, по итогу войти внутрь удалось уже с рассветом.
Охрана и фейсконтроль как-либо комментировать ситуацию отказывались, в какой-то момент на вопросы стали отвечать прямыми угрозами из серии:""если не перестанете задавать вопросы - вообще не попадете внутрь"".
Некоторым людям, отстоявшим трёх часовую очередь отказали во входе без объяснения причин.",True,Google,https://www.google.com/maps/reviews/data=!4m8!14m7!1m6!2m5!1sChZDSUhNMG9nS0VJQ0FnSUNKN2QzY0J3EAE!2m1!1s0x0:0x726d43a3b2972d9c!3m1!1s2@1:CIHM0ogKEICAgICJ7d3cBw%7C%7C?hl=ru,2026-09-07T23:54:03.483233+00:00,4.3,548
Мутабор,"Шарикоподшипниковская ул., 13, с32, Москва, Россия, 115088",0x46b54b0674b022c3:0x726d43a3b2972d9c,ChZDSUhNMG9nS0VJQ0FnSUNKN2IzVWV3EAE,1.0,2023-07-02T22:24:12Z,2023-07-02T22:24:12Z,3 года назад,"Вчера на senses, по заранее купленным билетам, около трёх часов простояли на входе. Ни туалета, ни воды, ни присесть. На рассвете, попав в клуб пришлось отстоять ещё полчаса в туалет. И столько же в бар. Почти все выступления пропустили. Организация, отношение администрации отвратительное. На все вопросы два ответа: ""ну в конце-концов вы все же прошли"" и ""сейчас выведу"". К работе персонала, за исключением охраны и администрации, никаких претензий. Но они просто не успевают всех обслужить, их количество, как и количество туалетов просто не рассчитано на такое количество людей. Качество алкоголя ниже среднего. Из плюсов: внутреннее оформление, звук, свет, атмосфера. Райский уголок посреди территории завода, превращенного в общественный туалет.",True,Google,https://www.google.com/maps/reviews/data=!4m8!14m7!1m6!2m5!1sChZDSUhNMG9nS0VJQ0FnSUNKN2IzVWV3EAE!2m1!1s0x0:0x726d43a3b2972d9c!3m1!1s2@1:CIHM0ogKEICAgICJ7b3Uew%7C%7C?hl=ru,2026-09-07T23:54:03.483338+00:00,4.3,548
Мутабор,"Шарикоподшипниковская ул., 13, с32, Москва, Россия, 115088",0x46b54b0674b022c3:0x726d43a3b2972d9c,ChZDSUhNMG9nS0VJQ0FnSUNKdGJ2Q0V3EAE,1.0,2023-07-02T04:21:06Z,2023-07-02T04:21:06Z,3 года назад,Очереди везде. На концерт простояли около 3 часов без преувеличений. Внутри тоже очереди везде и в бар и в туалет. Желаю вам наихудшего,True,Google,https://www.google.com/maps/reviews/data=!4m8!14m7!1m6!2m5!1sChZDSUhNMG9nS0VJQ0FnSUNKdGJ2Q0V3EAE!2m1!1s0x0:0x726d43a3b2972d9c!3m1!1s2@1:CIHM0ogKEICAgICJtbvCEw%7C%7C?hl=ru,2026-09-07T23:54:03.483407+00:00,4.3,548
Мутабор,"Шарикоподшипниковская ул., 13, с32, Москва, Россия, 115088",0x46b54b0674b022c3:0x726d43a3b2972d9c,ChdDSUhNMG9nS0VJQ0FnSUNKbkphSmx3RRAB,1.0,2023-06-22T17:54:58Z,2023-06-22T18:59:57Z,3 года назад,"Музыка, свет, адеграунд — да.
Но:
1. Внутри. Неужели нельзя сделать нормальные, безопасные проходы? Без бесконечных порожков, разноуровневых ступеней, торчащих гвоздей и арматуры? Там запросто можно навернуться в потемках.
2. Туалет. Очередь на целый час. Грязь и вонь. Одна раковина без горячей воды, без мыла и салфеток на несколько кабинок. Нет туалетной бумаги, нет зеркала, тусклое освещение. Вот серьезно?
3. Очередь на вход, очередь в гардероб, очередь пополнить карточку, очередь в бар, очередь в туалет.
4. Безопасность. Очень узкие проходы, входы и выходы. Куча хлама у выходов.

Не понимаю восторгов.",True,Google,https://www.google.com/maps/reviews/data=!4m8!14m7!1m6!2m5!1sChdDSUhNMG9nS0VJQ0FnSUNKbkphSmx3RRAB!2m1!1s0x0:0x726d43a3b2972d9c!3m1!1s2@1:CIHM0ogKEICAgICJnJaJlwE%7C%7C?hl=ru,2026-09-07T23:54:03.483447+00:00,4.3,548
Мутабор,"Шарикоподшипниковская ул., 13, с32, Москва, Россия, 115088",0x46b54b0674b022c3:0x726d43a3b2972d9c,ChZDSUhNMG9nS0VJQ0FnSUR4amZPRFpREAE,1.0,2023-06-13T08:10:47Z,2023-06-13T08:10:47Z,3 года назад,"Хотел попасть на фестиваль ЧилаутПланет от 5 мая, но не удалось, т.к. охрана без объяснения причины развернула. Сфотографировали QR-код билета и сказали, что деньги вернутся на счёт, с которого была произведена оплата, в течение недели.
По факту, прошло уже больше, чем две недели, а деньги так и не пришли. Получается охрана просто обманывает таким образом посетителей, чтобы те меньше скандалили на входе. Рекомендую тем, кому охрана на входе пообещала возврат, не ждать своих денег, а сразу идти и писать заявление в полицию по факту мошенничества",True,Google,https://www.google.com/maps/reviews/data=!4m8!14m7!1m6!2m5!1sChZDSUhNMG9nS0VJQ0FnSUR4amZPRFpREAE!2m1!1s0x0:0x726d43a3b2972d9c!3m1!1s2@1:CIHM0ogKEICAgIDxjfODZQ%7C%7C?hl=ru,2026-09-07T23:54:03.483491+00:00,4.3,548
Мутабор,"Шарикоподшипниковская ул., 13, с32, Москва, Россия, 115088",0x46b54b0674b022c3:0x726d43a3b2972d9c,ChdDSUhNMG9nS0VJQ0FnSUN4LTY3MGx3RRAB,4.0,2023-05-27T07:40:54Z,2023-05-27T07:40:54Z,3 года назад,"Классное место, но почему, если концерт начинается в 19, толпу начинают запускать только в 18:50, не раньше? В итоге концерт задержался больше чем на час. Пришлось сидеть, ждать. Администраторы могли бы рассчитать время на пропуск, учитывая количество купленных билетов, и не заставлять людей нервничать.",True,Google,https://www.google.com/maps/reviews/data=!4m8!14m7!1m6!2m5!1sChdDSUhNMG9nS0VJQ0FnSUN4LTY3MGx3RRAB!2m1!1s0x0:0x726d43a3b2972d9c!3m1!1s2@1:CIHM0ogKEICAgICx-670lwE%7C%7C?hl=ru,2026-09-07T23:54:03.483530+00:00,4.3,548
Мутабор,"Шарикоподшипниковская ул., 13, с32, Москва, Россия, 115088",0x46b54b0674b022c3:0x726d43a3b2972d9c,ChZDSUhNMG9nS0VJQ0FnSUN4bTR1cVlBEAE,5.0,2023-05-26T18:07:22Z,2023-05-26T18:07:22Z,3 года назад,,False,Google,https://www.google.com/maps/reviews/data=!4m8!14m7!1m6!2m5!1sChZDSUhNMG9nS0VJQ0FnSUN4bTR1cVlBEAE!2m1!1s0x0:0x726d43a3b2972d9c!3m1!1s2@1:CIHM0ogKEICAgICxm4uqYA%7C%7C?hl=ru,2026-09-07T23:54:03.483565+00:00,4.3,548
Мутабор,"Шарикоподшипниковская ул., 13, с32, Москва, Россия, 115088",0x46b54b0674b022c3:0x726d43a3b2972d9c,ChdDSUhNMG9nS0VJQ0FnSUNXb3F1Vm9RRRAB,1.0,2022-02-22T01:20:11Z,2022-02-22T01:20:11Z,4 года назад,"охранники, здесь вы будете под пристальным их надзором присмотром и досмотром. Атмосфера колонии. На входе частенько забывают дать сдачу с крупных купюр, а когда спрашиваете про неё и тогда забывают.",True,Google,https://www.google.com/maps/reviews/data=!4m8!14m7!1m6!2m5!1sChdDSUhNMG9nS0VJQ0FnSUNXb3F1Vm9RRRAB!2m1!1s0x0:0x726d43a3b2972d9c!3m1!1s2@1:CIHM0ogKEICAgICWoquVoQE%7C%7C?hl=ru,2026-09-07T23:54:03.483592+00:00,4.3,548
Мутабор,"Шарикоподшипниковская ул., 13, с32, Москва, Россия, 115088",0x46b54b0674b022c3:0x726d43a3b2972d9c,ChdDSUhNMG9nS0VJQ0FnSUNXeU1qZDhBRRAB,5.0,2022-02-16T10:05:40Z,2022-02-16T10:05:40Z,4 года назад,,False,Google,https://www.google.com/maps/reviews/data=!4m8!14m7!1m6!2m5!1sChdDSUhNMG9nS0VJQ0FnSUNXeU1qZDhBRRAB!2m1!1s0x0:0x726d43a3b2972d9c!3m1!1s2@1:CIHM0ogKEICAgICWyMjd8AE%7C%7C?hl=ru,2026-09-07T23:54:03.483623+00:00,4.3,548
Мутабор,"Шарикоподшипниковская ул., 13, с32, Москва, Россия, 115088",0x46b54b0674b022c3:0x726d43a3b2972d9c,ChZDSUhNMG9nS0VJQ0FnSURtMzlXSFZREAE,5.0,2022-02-13T22:15:40Z,2022-02-13T22:15:40Z,4 года назад,Мутабор король вечеринок! Техно-клуб в его лучшем представлении.,True,Google,https://www.google.com/maps/reviews/data=!4m8!14m7!1m6!2m5!1sChZDSUhNMG9nS0VJQ0FnSURtMzlXSFZREAE!2m1!1s0x0:0x726d43a3b2972d9c!3m1!1s2@1:CIHM0ogKEICAgIDm39WHVQ%7C%7C?hl=ru,2026-09-07T23:54:03.483648+00:00,4.3,548
Мутабор,"Шарикоподшипниковская ул., 13, с32, Москва, Россия, 115088",0x46b54b0674b022c3:0x726d43a3b2972d9c,ChZDSUhNMG9nS0VJQ0FnSURtbjdHZFdREAE,4.0,2022-02-13T17:24:49Z,2022-02-13T17:24:49Z,4 года назад,,False,Google,https://www.google.com/maps/reviews/data=!4m8!14m7!1m6!2m5!1sChZDSUhNMG9nS0VJQ0FnSURtbjdHZFdREAE!2m1!1s0x0:0x726d43a3b2972d9c!3m1!1s2@1:CIHM0ogKEICAgIDmn7GdWQ%7C%7C?hl=ru,2026-09-07T23:54:03.483676+00:00,4.3,548
Мутабор,"Шарикоподшипниковская ул., 13, с32, Москва, Россия, 115088",0x46b54b0674b022c3:0x726d43a3b2972d9c,ChZDSUhNMG9nS0VJQ0FnSURtemJLZkFREAE,3.0,2022-02-05T14:31:32Z,2022-02-05T14:32:06Z,4 года назад,"Атмосфера 5из5
Персонал 4из пяти понравилось все кроме барменов которое кого им внешне нравилось обслуживали вперёд.
И слабая организация для входов выходов, из-за это столпотворение было постоянно",True,Google,https://www.google.com/maps/reviews/data=!4m8!14m7!1m6!2m5!1sChZDSUhNMG9nS0VJQ0FnSURtemJLZkFREAE!2m1!1s0x0:0x726d43a3b2972d9c!3m1!1s2@1:CIHM0ogKEICAgIDmzbKfAQ%7C%7C?hl=ru,2026-09-07T23:54:03.483700+00:00,4.3,548
Мутабор,"Шарикоподшипниковская ул., 13, с32, Москва, Россия, 115088",0x46b54b0674b022c3:0x726d43a3b2972d9c,ChZDSUhNMG9nS0VJQ0FnSURtamZUUkJREAE,5.0,2022-02-05T08:02:51Z,2022-02-05T08:02:51Z,4 года назад,"хочу здесь жить
можно?
буду вашим котиком",True,Google,https://www.google.com/maps/reviews/data=!4m8!14m7!1m6!2m5!1sChZDSUhNMG9nS0VJQ0FnSURtamZUUkJREAE!2m1!1s0x0:0x726d43a3b2972d9c!3m1!1s2@1:CIHM0ogKEICAgIDmjfTRBQ%7C%7C?hl=ru,2026-09-07T23:54:03.483745+00:00,4.3,548
Мутабор,"Шарикоподшипниковская ул., 13, с32, Москва, Россия, 115088",0x46b54b0674b022c3:0x726d43a3b2972d9c,ChdDSUhNMG9nS0VJQ0FnSURtMWJXbXdBRRAB,5.0,2022-02-04T15:43:48Z,2022-02-04T15:43:48Z,4 года назад,Там нужно быть. Я читал много отзывов перед посещением. Но был всё равно приятно удивлён. Рэйв фо Пис😎,True,Google,https://www.google.com/maps/reviews/data=!4m8!14m7!1m6!2m5!1sChdDSUhNMG9nS0VJQ0FnSURtMWJXbXdBRRAB!2m1!1s0x0:0x726d43a3b2972d9c!3m1!1s2@1:CIHM0ogKEICAgIDm1bWmwAE%7C%7C?hl=ru,2026-09-07T23:54:03.483868+00:00,4.3,548
Мутабор,"Шарикоподшипниковская ул., 13, с32, Москва, Россия, 115088",0x46b54b0674b022c3:0x726d43a3b2972d9c,ChZDSUhNMG9nS0VJQ0FnSURtaFpMTU13EAE,3.0,2022-02-03T10:09:32Z,2022-02-03T10:09:32Z,4 года назад,"прос: атмосферная локация, возможность собрать огромное количество артистов под единой крышей;

конс: ни на сайте, ни на территории не было схемы заведения, из-за овербукинга самому исследовать локации возможности не было, например в очереди в туалет мы простояли около 22 минут, так же не исполнили обязательства перед випами, под натиском толпы охранник ушел с лестницы открыл доступ в вип ложу для всех, и последнее это бар, потратив 7200₽ на джинтоник я не получил ничего кроме лёгкого похмелья, будто выпил межсезонного стекломоя с крепостью 5 градусов.

От заведения ожидал куда большего.",True,Google,https://www.google.com/maps/reviews/data=!4m8!14m7!1m6!2m5!1sChZDSUhNMG9nS0VJQ0FnSURtaFpMTU13EAE!2m1!1s0x0:0x726d43a3b2972d9c!3m1!1s2@1:CIHM0ogKEICAgIDmhZLMMw%7C%7C?hl=ru,2026-09-07T23:54:03.483901+00:00,4.3,548
Мутабор,"Шарикоподшипниковская ул., 13, с32, Москва, Россия, 115088",0x46b54b0674b022c3:0x726d43a3b2972d9c,ChRDSUhNMG9nS0VJQ0FnSURtc2ZNMhAB,5.0,2022-02-01T00:34:44Z,2022-02-01T00:34:44Z,4 года назад,,False,Google,https://www.google.com/maps/reviews/data=!4m8!14m7!1m6!2m5!1sChRDSUhNMG9nS0VJQ0FnSURtc2ZNMhAB!2m1!1s0x0:0x726d43a3b2972d9c!3m1!1s2@1:CIHM0ogKEICAgIDmsfM2%7C%7C?hl=ru,2026-09-07T23:54:03.483942+00:00,4.3,548
Мутабор,"Шарикоподшипниковская ул., 13, с32, Москва, Россия, 115088",0x46b54b0674b022c3:0x726d43a3b2972d9c,ChZDSUhNMG9nS0VJQ0FnSURtb2J6d05nEAE,5.0,2022-01-30T20:24:43Z,2022-01-30T20:29:17Z,4 года назад,"супер локация, был здесь на Недоступности. Все находится в здании завода, повсюду части механизмов что придаёт антуража. Звук супер, свет тоже. На мероприятии где я был было 3 сцены и можно было ходить между ними. Туалетов не очень много и из-за того что нет писуаров большие очереди туда. В барах можно покупать только по специальной карте которую лучше пополнять наличными, иначе можно вернуть неизрасходованные средства только с чеком. Но меня все равно обсчитали на 50р, небольшая сумма, но все равно неприятно.

По итогу мы все равно получаем одну из лучших, если не самую лучшую концертную площадку Москвы с очень крутыми завозами",True,Google,https://www.google.com/maps/reviews/data=!4m8!14m7!1m6!2m5!1sChZDSUhNMG9nS0VJQ0FnSURtb2J6d05nEAE!2m1!1s0x0:0x726d43a3b2972d9c!3m1!1s2@1:CIHM0ogKEICAgIDmobzwNg%7C%7C?hl=ru,2026-09-07T23:54:03.483970+00:00,4.3,548
Мутабор,"Шарикоподшипниковская ул., 13, с32, Москва, Россия, 115088",0x46b54b0674b022c3:0x726d43a3b2972d9c,ChZDSUhNMG9nS0VJQ0FnSURtX29uX01REAE,4.0,2022-01-30T04:58:29Z,2022-01-30T04:58:29Z,4 года назад,,False,Google,https://www.google.com/maps/reviews/data=!4m8!14m7!1m6!2m5!1sChZDSUhNMG9nS0VJQ0FnSURtX29uX01REAE!2m1!1s0x0:0x726d43a3b2972d9c!3m1!1s2@1:CIHM0ogKEICAgIDm_on_MQ%7C%7C?hl=ru,2026-09-07T23:54:03.484012+00:00,4.3,548
Мутабор,"Шарикоподшипниковская ул., 13, с32, Москва, Россия, 115088",0x46b54b0674b022c3:0x726d43a3b2972d9c,ChdDSUhNMG9nS0VJQ0FnSURtX3Vhd21RRRAB,3.0,2022-01-30T03:31:41Z,2022-01-30T03:31:41Z,4 года назад,,False,Google,https://www.google.com/maps/reviews/data=!4m8!14m7!1m6!2m5!1sChdDSUhNMG9nS0VJQ0FnSURtX3Vhd21RRRAB!2m1!1s0x0:0x726d43a3b2972d9c!3m1!1s2@1:CIHM0ogKEICAgIDm_uawmQE%7C%7C?hl=ru,2026-09-07T23:54:03.484037+00:00,4.3,548
Мутабор,"Шарикоподшипниковская ул., 13, с32, Москва, Россия, 115088",0x46b54b0674b022c3:0x726d43a3b2972d9c,ChdDSUhNMG9nS0VJQ0FnSURtX3VxNWlnRRAB,5.0,2022-01-30T03:03:20Z,2022-01-30T03:03:20Z,4 года назад,,False,Google,https://www.google.com/maps/reviews/data=!4m8!14m7!1m6!2m5!1sChdDSUhNMG9nS0VJQ0FnSURtX3VxNWlnRRAB!2m1!1s0x0:0x726d43a3b2972d9c!3m1!1s2@1:CIHM0ogKEICAgIDm_uq5igE%7C%7C?hl=ru,2026-09-07T23:54:04.307545+00:00,4.3,548
Мутабор,"Шарикоподшипниковская ул., 13, с32, Москва, Россия, 115088",0x46b54b0674b022c3:0x726d43a3b2972d9c,ChZDSUhNMG9nS0VJQ0FnSURtdnVPUVp3EAE,1.0,2022-01-29T22:39:44Z,2022-01-29T22:39:44Z,4 года назад,"я в шоке от организации. ни войти ни выйти. такая толкучка, что кажется раздавят. артисты выступали не по порядку и не по указанным сценам, указано - выступление 40мин, по факту 10-15. я больше не вернусь в это место и вам не советую.",True,Google,https://www.google.com/maps/reviews/data=!4m8!14m7!1m6!2m5!1sChZDSUhNMG9nS0VJQ0FnSURtdnVPUVp3EAE!2m1!1s0x0:0x726d43a3b2972d9c!3m1!1s2@1:CIHM0ogKEICAgIDmvuOQZw%7C%7C?hl=ru,2026-09-07T23:54:04.307749+00:00,4.3,548
Мутабор,"Шарикоподшипниковская ул., 13, с32, Москва, Россия, 115088",0x46b54b0674b022c3:0x726d43a3b2972d9c,ChdDSUhNMG9nS0VJQ0FnSURtaXBuamhRRRAB,5.0,2022-01-24T17:47:07Z,2022-01-24T17:47:07Z,4 года назад,,False,Google,https://www.google.com/maps/reviews/data=!4m8!14m7!1m6!2m5!1sChdDSUhNMG9nS0VJQ0FnSURtaXBuamhRRRAB!2m1!1s0x0:0x726d43a3b2972d9c!3m1!1s2@1:CIHM0ogKEICAgIDmipnjhQE%7C%7C?hl=ru,2026-09-07T23:54:04.307823+00:00,4.3,548
Мутабор,"Шарикоподшипниковская ул., 13, с32, Москва, Россия, 115088",0x46b54b0674b022c3:0x726d43a3b2972d9c,ChZDSUhNMG9nS0VJQ0FnSURtZ3E3M1JBEAE,5.0,2022-01-22T16:29:14Z,2022-01-22T16:29:14Z,4 года назад,Нос жалко(,True,Google,https://www.google.com/maps/reviews/data=!4m8!14m7!1m6!2m5!1sChZDSUhNMG9nS0VJQ0FnSURtZ3E3M1JBEAE!2m1!1s0x0:0x726d43a3b2972d9c!3m1!1s2@1:CIHM0ogKEICAgIDmgq73RA%7C%7C?hl=ru,2026-09-07T23:54:04.307864+00:00,4.3,548
Мутабор,"Шарикоподшипниковская ул., 13, с32, Москва, Россия, 115088",0x46b54b0674b022c3:0x726d43a3b2972d9c,ChdDSUhNMG9nS0VJQ0FnSURtalBQUmxBRRAB,5.0,2022-01-20T19:33:24Z,2022-01-20T19:33:24Z,4 года назад,,False,Google,https://www.google.com/maps/reviews/data=!4m8!14m7!1m6!2m5!1sChdDSUhNMG9nS0VJQ0FnSURtalBQUmxBRRAB!2m1!1s0x0:0x726d43a3b2972d9c!3m1!1s2@1:CIHM0ogKEICAgIDmjPPRlAE%7C%7C?hl=ru,2026-09-07T23:54:04.307899+00:00,4.3,548
Мутабор,"Шарикоподшипниковская ул., 13, с32, Москва, Россия, 115088",0x46b54b0674b022c3:0x726d43a3b2972d9c,ChZDSUhNMG9nS0VJQ0FnSURtNUlha0ZBEAE,5.0,2022-01-19T13:53:15Z,2022-01-19T13:53:15Z,4 года назад,,False,Google,https://www.google.com/maps/reviews/data=!4m8!14m7!1m6!2m5!1sChZDSUhNMG9nS0VJQ0FnSURtNUlha0ZBEAE!2m1!1s0x0:0x726d43a3b2972d9c!3m1!1s2@1:CIHM0ogKEICAgIDm5IakFA%7C%7C?hl=ru,2026-09-07T23:54:04.307933+00:00,4.3,548
Мутабор,"Шарикоподшипниковская ул., 13, с32, Москва, Россия, 115088",0x46b54b0674b022c3:0x726d43a3b2972d9c,ChdDSUhNMG9nS0VJQ0FnSURtLUk2UWlRRRAB,5.0,2022-01-18T15:07:47Z,2022-01-18T15:07:47Z,4 года назад,"Необычная локация, просторно",True,Google,https://www.google.com/maps/reviews/data=!4m8!14m7!1m6!2m5!1sChdDSUhNMG9nS0VJQ0FnSURtLUk2UWlRRRAB!2m1!1s0x0:0x726d43a3b2972d9c!3m1!1s2@1:CIHM0ogKEICAgIDm-I6QiQE%7C%7C?hl=ru,2026-09-07T23:54:04.307964+00:00,4.3,548
Мутабор,"Шарикоподшипниковская ул., 13, с32, Москва, Россия, 115088",0x46b54b0674b022c3:0x726d43a3b2972d9c,ChdDSUhNMG9nS0VJQ0FnSURtNklLdjFnRRAB,4.0,2022-01-17T16:31:35Z,2022-01-17T16:31:35Z,4 года назад,"система с покупкой в барах через карту отстойная, а в целом недурно",True,Google,https://www.google.com/maps/reviews/data=!4m8!14m7!1m6!2m5!1sChdDSUhNMG9nS0VJQ0FnSURtNklLdjFnRRAB!2m1!1s0x0:0x726d43a3b2972d9c!3m1!1s2@1:CIHM0ogKEICAgIDm6IKv1gE%7C%7C?hl=ru,2026-09-07T23:54:04.308000+00:00,4.3,548
Мутабор,"Шарикоподшипниковская ул., 13, с32, Москва, Россия, 115088",0x46b54b0674b022c3:0x726d43a3b2972d9c,ChZDSUhNMG9nS0VJQ0FnSURtcU1IWEVBEAE,5.0,2022-01-17T13:19:41Z,2022-01-17T13:19:41Z,4 года назад,,False,Google,https://www.google.com/maps/reviews/data=!4m8!14m7!1m6!2m5!1sChZDSUhNMG9nS0VJQ0FnSURtcU1IWEVBEAE!2m1!1s0x0:0x726d43a3b2972d9c!3m1!1s2@1:CIHM0ogKEICAgIDmqMHXEA%7C%7C?hl=ru,2026-09-07T23:54:04.308037+00:00,4.3,548
Мутабор,"Шарикоподшипниковская ул., 13, с32, Москва, Россия, 115088",0x46b54b0674b022c3:0x726d43a3b2972d9c,ChZDSUhNMG9nS0VJQ0FnSURtc0xHRVdREAE,5.0,2022-01-16T14:01:45Z,2022-01-16T14:01:45Z,4 года назад,,False,Google,https://www.google.com/maps/reviews/data=!4m8!14m7!1m6!2m5!1sChZDSUhNMG9nS0VJQ0FnSURtc0xHRVdREAE!2m1!1s0x0:0x726d43a3b2972d9c!3m1!1s2@1:CIHM0ogKEICAgIDmsLGEWQ%7C%7C?hl=ru,2026-09-07T23:54:04.308068+00:00,4.3,548
Мутабор,"Шарикоподшипниковская ул., 13, с32, Москва, Россия, 115088",0x46b54b0674b022c3:0x726d43a3b2972d9c,ChZDSUhNMG9nS0VJQ0FnSURtc05Ha2NnEAE,5.0,2022-01-16T13:59:39Z,2022-01-16T13:59:39Z,4 года назад,,False,Google,https://www.google.com/maps/reviews/data=!4m8!14m7!1m6!2m5!1sChZDSUhNMG9nS0VJQ0FnSURtc05Ha2NnEAE!2m1!1s0x0:0x726d43a3b2972d9c!3m1!1s2@1:CIHM0ogKEICAgIDmsNGkcg%7C%7C?hl=ru,2026-09-07T23:54:04.308096+00:00,4.3,548
Мутабор,"Шарикоподшипниковская ул., 13, с32, Москва, Россия, 115088",0x46b54b0674b022c3:0x726d43a3b2972d9c,ChdDSUhNMG9nS0VJQ0FnSURtc05pdnB3RRAB,5.0,2022-01-16T11:47:04Z,2022-01-16T11:47:04Z,4 года назад,,False,Google,https://www.google.com/maps/reviews/data=!4m8!14m7!1m6!2m5!1sChdDSUhNMG9nS0VJQ0FnSURtc05pdnB3RRAB!2m1!1s0x0:0x726d43a3b2972d9c!3m1!1s2@1:CIHM0ogKEICAgIDmsNivpwE%7C%7C?hl=ru,2026-09-07T23:54:04.308130+00:00,4.3,548
Мутабор,"Шарикоподшипниковская ул., 13, с32, Москва, Россия, 115088",0x46b54b0674b022c3:0x726d43a3b2972d9c,ChZDSUhNMG9nS0VJQ0FnSURtMEk2TWV3EAE,5.0,2022-01-16T07:51:08Z,2022-01-16T07:51:08Z,4 года назад,,False,Google,https://www.google.com/maps/reviews/data=!4m8!14m7!1m6!2m5!1sChZDSUhNMG9nS0VJQ0FnSURtMEk2TWV3EAE!2m1!1s0x0:0x726d43a3b2972d9c!3m1!1s2@1:CIHM0ogKEICAgIDm0I6Mew%7C%7C?hl=ru,2026-09-07T23:54:04.308161+00:00,4.3,548
Мутабор,"Шарикоподшипниковская ул., 13, с32, Москва, Россия, 115088",0x46b54b0674b022c3:0x726d43a3b2972d9c,ChZDSUhNMG9nS0VJQ0FnSURta0lIb2N3EAE,5.0,2022-01-16T01:23:21Z,2022-01-16T01:23:21Z,4 года назад,,False,Google,https://www.google.com/maps/reviews/data=!4m8!14m7!1m6!2m5!1sChZDSUhNMG9nS0VJQ0FnSURta0lIb2N3EAE!2m1!1s0x0:0x726d43a3b2972d9c!3m1!1s2@1:CIHM0ogKEICAgIDmkIHocw%7C%7C?hl=ru,2026-09-07T23:54:04.308190+00:00,4.3,548
Мутабор,"Шарикоподшипниковская ул., 13, с32, Москва, Россия, 115088",0x46b54b0674b022c3:0x726d43a3b2972d9c,ChdDSUhNMG9nS0VJQ0FnSURtZ0tTb3NBRRAB,5.0,2022-01-15T02:58:50Z,2022-01-15T02:58:50Z,4 года назад,,False,Google,https://www.google.com/maps/reviews/data=!4m8!14m7!1m6!2m5!1sChdDSUhNMG9nS0VJQ0FnSURtZ0tTb3NBRRAB!2m1!1s0x0:0x726d43a3b2972d9c!3m1!1s2@1:CIHM0ogKEICAgIDmgKSosAE%7C%7C?hl=ru,2026-09-07T23:54:04.308220+00:00,4.3,548
Мутабор,"Шарикоподшипниковская ул., 13, с32, Москва, Россия, 115088",0x46b54b0674b022c3:0x726d43a3b2972d9c,ChdDSUhNMG9nS0VJQ0FnSUNtMTRQcGd3RRAB,4.0,2022-01-12T14:06:27Z,2022-01-12T14:06:30Z,4 года назад,"Была на новогодней вечеринке. Фейсконтроль пропустил без проблем, при мне никого не останавливали. QR код не просили. Во внутреннем дворе и на верхнем этаже есть небольшие кафе.",True,Google,https://www.google.com/maps/reviews/data=!4m8!14m7!1m6!2m5!1sChdDSUhNMG9nS0VJQ0FnSUNtMTRQcGd3RRAB!2m1!1s0x0:0x726d43a3b2972d9c!3m1!1s2@1:CIHM0ogKEICAgICm14PpgwE%7C%7C?hl=ru,2026-09-07T23:54:04.308250+00:00,4.3,548
Мутабор,"Шарикоподшипниковская ул., 13, с32, Москва, Россия, 115088",0x46b54b0674b022c3:0x726d43a3b2972d9c,ChZDSUhNMG9nS0VJQ0FnSUNtbF9MUFB3EAE,4.0,2022-01-12T06:00:00Z,2022-01-12T06:00:00Z,4 года назад,,False,Google,https://www.google.com/maps/reviews/data=!4m8!14m7!1m6!2m5!1sChZDSUhNMG9nS0VJQ0FnSUNtbF9MUFB3EAE!2m1!1s0x0:0x726d43a3b2972d9c!3m1!1s2@1:CIHM0ogKEICAgICml_LPPw%7C%7C?hl=ru,2026-09-07T23:54:04.308287+00:00,4.3,548
Мутабор,"Шарикоподшипниковская ул., 13, с32, Москва, Россия, 115088",0x46b54b0674b022c3:0x726d43a3b2972d9c,ChdDSUhNMG9nS0VJQ0FnSUNtMDYybHNBRRAB,3.0,2022-01-08T15:55:06Z,2022-01-08T15:55:06Z,4 года назад,,False,Google,https://www.google.com/maps/reviews/data=!4m8!14m7!1m6!2m5!1sChdDSUhNMG9nS0VJQ0FnSUNtMDYybHNBRRAB!2m1!1s0x0:0x726d43a3b2972d9c!3m1!1s2@1:CIHM0ogKEICAgICm062lsAE%7C%7C?hl=ru,2026-09-07T23:54:04.308317+00:00,4.3,548
Мутабор,"Шарикоподшипниковская ул., 13, с32, Москва, Россия, 115088",0x46b54b0674b022c3:0x726d43a3b2972d9c,ChdDSUhNMG9nS0VJQ0FnSUNtNDlhNWt3RRAB,5.0,2022-01-08T02:05:59Z,2022-01-08T02:05:59Z,4 года назад,,False,Google,https://www.google.com/maps/reviews/data=!4m8!14m7!1m6!2m5!1sChdDSUhNMG9nS0VJQ0FnSUNtNDlhNWt3RRAB!2m1!1s0x0:0x726d43a3b2972d9c!3m1!1s2@1:CIHM0ogKEICAgICm49a5kwE%7C%7C?hl=ru,2026-09-07T23:54:04.308347+00:00,4.3,548
Мутабор,"Шарикоподшипниковская ул., 13, с32, Москва, Россия, 115088",0x46b54b0674b022c3:0x726d43a3b2972d9c,ChdDSUhNMG9nS0VJQ0FnSUNtNDhLUmtnRRAB,1.0,2022-01-08T00:55:47Z,2022-01-08T01:00:13Z,4 года назад,"На фейсе ведёт себя как бог, решает кто может зайти кто нет. Я был с другом, трезвый и хорошо одетый, но решала не пустил, задав вопрос на кого идёте! Чушь, я просто хотел потанцевать, там играло около 15 диджеев",True,Google,https://www.google.com/maps/reviews/data=!4m8!14m7!1m6!2m5!1sChdDSUhNMG9nS0VJQ0FnSUNtNDhLUmtnRRAB!2m1!1s0x0:0x726d43a3b2972d9c!3m1!1s2@1:CIHM0ogKEICAgICm48KRkgE%7C%7C?hl=ru,2026-09-07T23:54:04.308395+00:00,4.3,548
Gazgolder Club & Tea Room,"Нижний Сусальный пер., 5, стр.26, Москва, Россия, 105064",0x46b54a8ee1c20cd9:0xa78d31a76a77c337,Ci9DQUlRQUNvZENodHljRjlvT21kQ01qVmZUVTluWnpaNFdXRmhhblJWV0Y4MU4yYxAB,1.0,2025-08-30T20:07:35Z,2025-08-30T20:11:51Z,год назад,"Охранники грубят, разворачиваю людей 50/50, нас развернули, пропустили двоих парней странной внешности, потом снова пропустили, подходят две девушки (прилично одетые) тоже разворачивают. По какому принципу пускают не известно, тут как повезет.",True,Google,https://www.google.com/maps/reviews/data=!4m8!14m7!1m6!2m5!1sCi9DQUlRQUNvZENodHljRjlvT21kQ01qVmZUVTluWnpaNFdXRmhhblJWV0Y4MU4yYxAB!2m1!1s0x0:0xa78d31a76a77c337!3m1!1s2@1:CAIQACodChtycF9oOmdCMjVfTU9nZzZ4WWFhanRVWF81N2c%7C%7C?hl=ru,2026-09-07T23:54:04.632654+00:00,4.4,939
Gazgolder Club & Tea Room,"Нижний Сусальный пер., 5, стр.26, Москва, Россия, 105064",0x46b54a8ee1c20cd9:0xa78d31a76a77c337,Ci9DQUlRQUNvZENodHljRjlvT2xFMGQwbDVhVTFJTm1oMGQxWTROVlZDWldGNlJrRRAB,5.0,2025-08-10T01:11:30Z,2025-08-10T01:11:30Z,год назад,Great techno club,True,Google,https://www.google.com/maps/reviews/data=!4m8!14m7!1m6!2m5!1sCi9DQUlRQUNvZENodHljRjlvT2xFMGQwbDVhVTFJTm1oMGQxWTROVlZDWldGNlJrRRAB!2m1!1s0x0:0xa78d31a76a77c337!3m1!1s2@1:CAIQACodChtycF9oOlE0d0l5aU1INmh0d1Y4NVVCZWF6RkE%7C%7C?hl=ru,2026-09-07T23:54:04.632842+00:00,4.4,939
Gazgolder Club & Tea Room,"Нижний Сусальный пер., 5, стр.26, Москва, Россия, 105064",0x46b54a8ee1c20cd9:0xa78d31a76a77c337,Ci9DQUlRQUNvZENodHljRjlvT2sxZlVtWXRSRzVJUkZsS1EzcGhNVjh4Ym5oRk1XYxAB,1.0,2025-06-14T17:55:55Z,2025-06-14T17:55:55Z,год назад,"Face control has not allowed me to enter with no visible reason.

I ve spend my time and money

0/10 . Nice people are not needed here",True,Google,https://www.google.com/maps/reviews/data=!4m8!14m7!1m6!2m5!1sCi9DQUlRQUNvZENodHljRjlvT2sxZlVtWXRSRzVJUkZsS1EzcGhNVjh4Ym5oRk1XYxAB!2m1!1s0x0:0xa78d31a76a77c337!3m1!1s2@1:CAIQACodChtycF9oOk1fUmYtRG5IRFlKQ3phMV8xbnhFMWc%7C%7C?hl=ru,2026-09-07T23:54:04.632899+00:00,4.4,939
Gazgolder Club & Tea Room,"Нижний Сусальный пер., 5, стр.26, Москва, Россия, 105064",0x46b54a8ee1c20cd9:0xa78d31a76a77c337,ChZDSUhNMG9nS0VJQ0FnTUNvbF92MUl3EAE,1.0,2025-04-20T14:40:04Z,2025-04-20T14:40:04Z,год назад,"Horrible staff. Rude, ignorant and simply unprofessional. Me & my friends were denied entry to the club without any explanation, although we had purchased tickets in advance. Nobody tried to help  us with translation either. Andrey, the man at the door was extremely rude. I'd not recommend anyone to visit this place, don't waste your time.",True,Google,https://www.google.com/maps/reviews/data=!4m8!14m7!1m6!2m5!1sChZDSUhNMG9nS0VJQ0FnTUNvbF92MUl3EAE!2m1!1s0x0:0xa78d31a76a77c337!3m1!1s2@1:CIHM0ogKEICAgMCol_v1Iw%7C%7C?hl=ru,2026-09-07T23:54:04.632948+00:00,4.4,939
Gazgolder Club & Tea Room,"Нижний Сусальный пер., 5, стр.26, Москва, Россия, 105064",0x46b54a8ee1c20cd9:0xa78d31a76a77c337,ChdDSUhNMG9nS0VJQ0FnSUMzc2Z5dDR3RRAB,1.0,2024-11-06T14:18:53Z,2024-11-06T14:18:53Z,год назад,,False,Google,https://www.google.com/maps/reviews/data=!4m8!14m7!1m6!2m5!1sChdDSUhNMG9nS0VJQ0FnSUMzc2Z5dDR3RRAB!2m1!1s0x0:0xa78d31a76a77c337!3m1!1s2@1:CIHM0ogKEICAgIC3sfyt4wE%7C%7C?hl=ru,2026-09-07T23:54:04.632995+00:00,4.4,939
Gazgolder Club & Tea Room,"Нижний Сусальный пер., 5, стр.26, Москва, Россия, 105064",0x46b54a8ee1c20cd9:0xa78d31a76a77c337,ChdDSUhNMG9nS0VJQ0FnSUNYcGVmQ25nRRAB,5.0,2024-10-18T19:11:15Z,2024-10-18T19:11:15Z,год назад,Еду в первый раз...),True,Google,https://www.google.com/maps/reviews/data=!4m8!14m7!1m6!2m5!1sChdDSUhNMG9nS0VJQ0FnSUNYcGVmQ25nRRAB!2m1!1s0x0:0xa78d31a76a77c337!3m1!1s2@1:CIHM0ogKEICAgICXpefCngE%7C%7C?hl=ru,2026-09-07T23:54:04.633027+00:00,4.4,939
Gazgolder Club & Tea Room,"Нижний Сусальный пер., 5, стр.26, Москва, Россия, 105064",0x46b54a8ee1c20cd9:0xa78d31a76a77c337,ChdDSUhNMG9nS0VJQ0FnSURUNmFuV3RRRRAB,1.0,2024-05-25T20:59:14Z,2024-05-25T20:59:14Z,2 года назад,Не пустили и не объяснили причину,True,Google,https://www.google.com/maps/reviews/data=!4m8!14m7!1m6!2m5!1sChdDSUhNMG9nS0VJQ0FnSURUNmFuV3RRRRAB!2m1!1s0x0:0xa78d31a76a77c337!3m1!1s2@1:CIHM0ogKEICAgIDT6anWtQE%7C%7C?hl=ru,2026-09-07T23:54:04.633055+00:00,4.4,939
Gazgolder Club & Tea Room,"Нижний Сусальный пер., 5, стр.26, Москва, Россия, 105064",0x46b54a8ee1c20cd9:0xa78d31a76a77c337,ChZDSUhNMG9nS0VJQ0FnSURqZ01mQklnEAE,1.0,2024-04-27T23:11:49Z,2024-04-27T23:11:49Z,2 года назад,"Люблю клубы в разных странах, хорошие клубы, с качественным алкоголем и диджеями которые умеют работать. А теперь отзыв о клубе Газгольдер:
1. Алкоголь - хороший, вкусный, дороговато, но без претензий.
2. Обслуживание - бармены не работают, как должны. Налили и свалили.
3. Атмосфера и звук - единственное что понравилось.
4. Диджеи и музыка - основа, которая решает в любом клубе, на которой держится все. Ваша попа должна идти в пляс как только диджей приступил к работе с аудиторией. В клубе который мы посетили атмосферу разрушали диджеи, отвратительная работа с аудиторией. Покрасоваться перед камерой и за 2 часа поставить 2 средних трека + не подготовиться к выступлению - это неуважение к гостям. Это было просто ужасно, так плохо не было даже в деревне на свадьбе.

Девушка (не могу сказать диджей, извините) «Valllencia» - прошу премировать данную особу, поскольку благодаря ей было выпито много алкоголя в баре, что бы абстрагироваться от ее ужасной работы. Господин «Елкин», научите пожалуйста девушку сводить треки и работать с эффектами - это было отвратительно. Люди на танцполе слышали и просто уходили из клуба.

Все вышеизложенное - факт с которым мне придется жить к сожалению, мы надеялись получить удовольствие от проведенного вечера в заведении. В итоге просто потеряли время, деньги и отвратительно отдохнули.
Если вдруг у РУКОВОДСТВА возникнут комментарии. Готов ответить за все вышесказанное.",True,Google,https://www.google.com/maps/reviews/data=!4m8!14m7!1m6!2m5!1sChZDSUhNMG9nS0VJQ0FnSURqZ01mQklnEAE!2m1!1s0x0:0xa78d31a76a77c337!3m1!1s2@1:CIHM0ogKEICAgIDjgMfBIg%7C%7C?hl=ru,2026-09-07T23:54:04.633083+00:00,4.4,939
Gazgolder Club & Tea Room,"Нижний Сусальный пер., 5, стр.26, Москва, Россия, 105064",0x46b54a8ee1c20cd9:0xa78d31a76a77c337,ChdDSUhNMG9nS0VJQ0FnSUNqcnQzd2pRRRAB,1.0,2024-04-21T20:02:12Z,2024-04-22T10:02:54Z,2 года назад,"Был в Москве, спланировал заранее отдых. Люблю музыку разных жанров в т.ч. электронную. Каждые выходные танцую, как в своём городе, так и в других. Посещяю мероприятия  и фестивали музыки. Люблю танцевальный движ и позитивное общение, объединённое музыкой. Выбирая из представленных событий на момент моего приезда, купил билет в Gazgolder, с радостью читал приглащения в тг канале на мероприятия и предвкушал отдых в вашем заведении. Трезвый, опрятно одетый, с легкой улыбкой, на позитиве прибыл в назначенное время. На фейсконтроле женщина в чёрном (фейсконтроль) отказала в посещении. Причины не ясны, дресс код никак не обозначался нигде заранее, был очень удивлён и конечно знакомство с клубом не состоялось. Время упущено, мог бы потратить деньги на такси и билеты для посещения других клубов и вечеринок. Почему такое неуважение к людям, загадка. Почему сразу не обозначить тех кого вы желаете видеть на вечеринке, возраст, стиль одежды или что ВХОД ТОЛЬКО ПО СПИСКАМ., чтобы соответствовать или решить заранее подходит мне ваш отдых или нет. Из приглашений в соц. сетях, телеграме было понятно что ждут, приглашают, грандиозное событие, отличный состав диджеев и т.д.
Деньги за билет при покупке сняли мнгновенно, вернуть надо ждать, писать и т.д, расходы на дорогу забудь. Первый раз в жизни не прошел фейсконтроль 🤣

Ну да ладно танцы от меня не уйдут, есть еще места с качественным звуком и модной музыкой, где мне всегда рады.

Будущим гостям посоветую при желании посетить GAZ, спланировать запасной вариант отдыха в другом заведении, чтобы вечер не пропал и время не тратить на поиски, если вас также не впустят.
В тот вечер еще 2-3 человек не впустили одни были под шафе (оправдано), другие норм, не понятно...
Вместо отдыха и музыки слушал матерную брань в адрес фейсера от подпивших гостей которых не впустили. Высокая культура столицы и заведения
По спискам все заходили спокойно, с понурой головой, чтобы случайно не отшили.
*p.s. есть видео в ютюбе, где Камилла рассказывает о своём опыте фейсера.
Вообщем чтобы попасть на вечеринку надо ей понравиться, критерии могут быть ваша платёжеспособность, возраст, внешний вид, вежливость, возможная благодарность после вечеринки и т.д. так что если вы не в списке и вас впервые видят в глаза, не приглянулись ей в целом, как её гость..., шансы стремятся к нулю. Будте к этому готовы, чтобы не расстраиваться...

Будте на позитиве!
Всем добра!
Салют!",True,Google,https://www.google.com/maps/reviews/data=!4m8!14m7!1m6!2m5!1sChdDSUhNMG9nS0VJQ0FnSUNqcnQzd2pRRRAB!2m1!1s0x0:0xa78d31a76a77c337!3m1!1s2@1:CIHM0ogKEICAgICjrt3wjQE%7C%7C?hl=ru,2026-09-07T23:54:04.799708+00:00,4.4,939
Gazgolder Club & Tea Room,"Нижний Сусальный пер., 5, стр.26, Москва, Россия, 105064",0x46b54a8ee1c20cd9:0xa78d31a76a77c337,ChdDSUhNMG9nS0VJQ0FnSUNEal9ud2tRRRAB,1.0,2024-04-03T09:00:51Z,2024-04-03T09:00:51Z,2 года назад,"Отвратительная организация. Берут предоплату за билеты, но на входе фейсконтроль. По возврату денег не выходят на связь.",True,Google,https://www.google.com/maps/reviews/data=!4m8!14m7!1m6!2m5!1sChdDSUhNMG9nS0VJQ0FnSUNEal9ud2tRRRAB!2m1!1s0x0:0xa78d31a76a77c337!3m1!1s2@1:CIHM0ogKEICAgICDj_nwkQE%7C%7C?hl=ru,2026-09-07T23:54:04.799980+00:00,4.4,939
Gazgolder Club & Tea Room,"Нижний Сусальный пер., 5, стр.26, Москва, Россия, 105064",0x46b54a8ee1c20cd9:0xa78d31a76a77c337,ChZDSUhNMG9nS0VJQ0FnSUM5ZzlDNUdREAE,1.0,2024-03-08T22:26:02Z,2024-03-08T22:26:02Z,2 года назад,"У барышни на ресепшене после охраны (которая принимает оплату за билеты) 8 марта явно был пмс, на ровном месте очень сильно нагрубила, у меня не ловила связь, я спросила, как можно еще перевести деньги за вход, на что была очень грубо послана. не рекомендую это место, очень разочарована, газ был моим домом, а стал нужником. Хотя раньше в газе была раз 30, впервые такое",True,Google,https://www.google.com/maps/reviews/data=!4m8!14m7!1m6!2m5!1sChZDSUhNMG9nS0VJQ0FnSUM5ZzlDNUdREAE!2m1!1s0x0:0xa78d31a76a77c337!3m1!1s2@1:CIHM0ogKEICAgIC9g9C5GQ%7C%7C?hl=ru,2026-09-07T23:54:04.800050+00:00,4.4,939
Gazgolder Club & Tea Room,"Нижний Сусальный пер., 5, стр.26, Москва, Россия, 105064",0x46b54a8ee1c20cd9:0xa78d31a76a77c337,ChZDSUhNMG9nS0VJQ0FnSUR0NnRhOFhnEAE,1.0,2024-02-03T21:20:00Z,2024-02-03T21:20:00Z,2 года назад,"Отвратительно встретили, только вышли из такси нам сразу сказали,что мы не проходим фейс-контроль.Мы были нормально одеты и трезвые",True,Google,https://www.google.com/maps/reviews/data=!4m8!14m7!1m6!2m5!1sChZDSUhNMG9nS0VJQ0FnSUR0NnRhOFhnEAE!2m1!1s0x0:0xa78d31a76a77c337!3m1!1s2@1:CIHM0ogKEICAgIDt6ta8Xg%7C%7C?hl=ru,2026-09-07T23:54:04.800099+00:00,4.4,939
Gazgolder Club & Tea Room,"Нижний Сусальный пер., 5, стр.26, Москва, Россия, 105064",0x46b54a8ee1c20cd9:0xa78d31a76a77c337,ChdDSUhNMG9nS0VJQ0FnSUMxNGJ6WHdnRRAB,5.0,2023-12-31T04:22:16Z,2023-12-31T04:22:16Z,2 года назад,,False,Google,https://www.google.com/maps/reviews/data=!4m8!14m7!1m6!2m5!1sChdDSUhNMG9nS0VJQ0FnSUMxNGJ6WHdnRRAB!2m1!1s0x0:0xa78d31a76a77c337!3m1!1s2@1:CIHM0ogKEICAgIC14bzXwgE%7C%7C?hl=ru,2026-09-07T23:54:04.800136+00:00,4.4,939
Gazgolder Club & Tea Room,"Нижний Сусальный пер., 5, стр.26, Москва, Россия, 105064",0x46b54a8ee1c20cd9:0xa78d31a76a77c337,ChdDSUhNMG9nS0VJQ0FnSUNsMW9xMHl3RRAB,1.0,2023-11-17T22:10:40Z,2023-11-17T22:10:40Z,2 года назад,"Один бал за фэйс, не пускают, зачем тогда агитируют приходить.",True,Google,https://www.google.com/maps/reviews/data=!4m8!14m7!1m6!2m5!1sChdDSUhNMG9nS0VJQ0FnSUNsMW9xMHl3RRAB!2m1!1s0x0:0xa78d31a76a77c337!3m1!1s2@1:CIHM0ogKEICAgICl1oq0ywE%7C%7C?hl=ru,2026-09-07T23:54:04.800181+00:00,4.4,939
Gazgolder Club & Tea Room,"Нижний Сусальный пер., 5, стр.26, Москва, Россия, 105064",0x46b54a8ee1c20cd9:0xa78d31a76a77c337,ChdDSUhNMG9nS0VJQ0FnSUM1b1lEbnBBRRAB,1.0,2023-10-14T11:07:11Z,2023-10-14T11:07:11Z,2 года назад,"Мы с подругой симпатичные, стройные молодые девушки, не колхозницы. На руках была регистрация на событие (qr-код). Было холодно, поэтому поверх нашего клубного дресс-кода на нас были надеты свитера, и на мне был платок русский. Фейс нас не пустил, мы были трезвые, как стеклышко! Причин не объясняют. Испортили нам вечер, ощущение, что это место только для эскортниц с надутыми губами и нарощенными ресницами (мы с подругой за естественную красоту, максимум помада и гель для бровей). Других причин, почему нас не пустили, я не вижу. Никогда не пойду в это место, и всем друзьям скажу обходить его стороной.",True,Google,https://www.google.com/maps/reviews/data=!4m8!14m7!1m6!2m5!1sChdDSUhNMG9nS0VJQ0FnSUM1b1lEbnBBRRAB!2m1!1s0x0:0xa78d31a76a77c337!3m1!1s2@1:CIHM0ogKEICAgIC5oYDnpAE%7C%7C?hl=ru,2026-09-07T23:54:04.800212+00:00,4.4,939
Gazgolder Club & Tea Room,"Нижний Сусальный пер., 5, стр.26, Москва, Россия, 105064",0x46b54a8ee1c20cd9:0xa78d31a76a77c337,ChZDSUhNMG9nS0VJQ0FnSURaM1ltX0JnEAE,1.0,2023-10-06T22:58:19Z,2023-10-06T22:58:19Z,2 года назад,"На фейс контроле стоит страшная женщина , у которой давно не было сами знаете чего . Испорченный вечер",True,Google,https://www.google.com/maps/reviews/data=!4m8!14m7!1m6!2m5!1sChZDSUhNMG9nS0VJQ0FnSURaM1ltX0JnEAE!2m1!1s0x0:0xa78d31a76a77c337!3m1!1s2@1:CIHM0ogKEICAgIDZ3Ym_Bg%7C%7C?hl=ru,2026-09-07T23:54:04.800254+00:00,4.4,939
Gazgolder Club & Tea Room,"Нижний Сусальный пер., 5, стр.26, Москва, Россия, 105064",0x46b54a8ee1c20cd9:0xa78d31a76a77c337,ChdDSUhNMG9nS0VJQ0FnSUNROVBDLW1nRRAB,1.0,2018-09-09T11:10:18Z,2023-09-20T12:36:08Z,Изменено 2 года назад,"музыка чаще хорошая.
music is often good.",True,Google,https://www.google.com/maps/reviews/data=!4m8!14m7!1m6!2m5!1sChdDSUhNMG9nS0VJQ0FnSUNROVBDLW1nRRAB!2m1!1s0x0:0xa78d31a76a77c337!3m1!1s2@1:CIHM0ogKEICAgICQ9PC-mgE%7C%7C?hl=ru,2026-09-07T23:54:04.800283+00:00,4.4,939
Gazgolder Club & Tea Room,"Нижний Сусальный пер., 5, стр.26, Москва, Россия, 105064",0x46b54a8ee1c20cd9:0xa78d31a76a77c337,ChZDSUhNMG9nS0VJQ0FnSURwdV95WFFREAE,5.0,2023-08-29T21:35:58Z,2023-08-29T21:35:58Z,3 года назад,"Einfach unvergesslich!!!!
2018 war das Gaz einfach top!!!!
Krasse Leute, krasse Mucke, krasse Atmosphäre. Kann ich jedem der es mit Electronic und House Musik hält, nur empfehlen. Einlasscheck ist streng, was aber nicht schadet. Weiter so.",True,Google,https://www.google.com/maps/reviews/data=!4m8!14m7!1m6!2m5!1sChZDSUhNMG9nS0VJQ0FnSURwdV95WFFREAE!2m1!1s0x0:0xa78d31a76a77c337!3m1!1s2@1:CIHM0ogKEICAgIDpu_yXQQ%7C%7C?hl=ru,2026-09-07T23:54:04.800312+00:00,4.4,939
Gazgolder Club & Tea Room,"Нижний Сусальный пер., 5, стр.26, Москва, Россия, 105064",0x46b54a8ee1c20cd9:0xa78d31a76a77c337,ChZDSUhNMG9nS0VJQ0FnSURwcmVyMFNnEAE,1.0,2023-08-26T21:54:43Z,2023-08-26T21:54:43Z,3 года назад,"Пришли с компанией друзей в клуб. Друг так сильно танцевал, что браслет порвался. Он подошёл к охране , чтобы сказать о проблеме и заменить браслет. Но женщина на входе, которые наклеивает браслеты, он сняла полупорвавшийся браслет и сказала ему, что у него больше нет браслета. И наш друг отказался платить за новый браслет. Так как он сопротивлялся этому охрана захотела его вывести. Но так как в клубе были друзья и его вещи, то он купил новый браслет. То есть друг разорился на новый браслет и тем самым выкинул в мусорку ещё 1650 руб. Хотя перед местом, где женщина клеит эти браслеты на входе есть камера. И это можно доказать. Извините, но 1650 руб. Никогда не бывают лишними!. Моё первое впечатление испортилось в последствии из за этой ситуации. Клуб тянет деньги любым способом, в том числе нечестным!!! Будьте осторожны",True,Google,https://www.google.com/maps/reviews/data=!4m8!14m7!1m6!2m5!1sChZDSUhNMG9nS0VJQ0FnSURwcmVyMFNnEAE!2m1!1s0x0:0xa78d31a76a77c337!3m1!1s2@1:CIHM0ogKEICAgIDprer0Sg%7C%7C?hl=ru,2026-09-07T23:54:04.800392+00:00,4.4,939
Gazgolder Club & Tea Room,"Нижний Сусальный пер., 5, стр.26, Москва, Россия, 105064",0x46b54a8ee1c20cd9:0xa78d31a76a77c337,ChdDSUhNMG9nS0VJQ0FnSURwa29taXhRRRAB,1.0,2023-08-19T02:13:36Z,2023-08-19T02:13:36Z,3 года назад,"Господа, место треш, фейс-контроль мальчик пубертатного возраста, решает кому зайти, кидают на билеты! Возврат пол стоимости. Кароче, кидок. Газгольдер умер и превратился в съем для ....",True,Google,https://www.google.com/maps/reviews/data=!4m8!14m7!1m6!2m5!1sChdDSUhNMG9nS0VJQ0FnSURwa29taXhRRRAB!2m1!1s0x0:0xa78d31a76a77c337!3m1!1s2@1:CIHM0ogKEICAgIDpkomixQE%7C%7C?hl=ru,2026-09-07T23:54:04.800445+00:00,4.4,939
Gazgolder Club & Tea Room,"Нижний Сусальный пер., 5, стр.26, Москва, Россия, 105064",0x46b54a8ee1c20cd9:0xa78d31a76a77c337,ChZDSUhNMG9nS0VJQ0FnSUNKMWZhQUZREAE,1.0,2023-07-01T20:51:52Z,2023-07-01T20:51:52Z,3 года назад,"Заведение слишком сильно набивает себе цену, за счёт некомпетентной работы охраны и фейс контроля. Не понятно, по какому принципу отсеивают/пропускают людей.. Нас развернули, не смотря на то, что была пройдена регистрация на двоих человек и был электронный билет. Впечатление испортилось, это место никому не посоветую.",True,Google,https://www.google.com/maps/reviews/data=!4m8!14m7!1m6!2m5!1sChZDSUhNMG9nS0VJQ0FnSUNKMWZhQUZREAE!2m1!1s0x0:0xa78d31a76a77c337!3m1!1s2@1:CIHM0ogKEICAgICJ1faAFQ%7C%7C?hl=ru,2026-09-07T23:54:04.800478+00:00,4.4,939
Gazgolder Club & Tea Room,"Нижний Сусальный пер., 5, стр.26, Москва, Россия, 105064",0x46b54a8ee1c20cd9:0xa78d31a76a77c337,ChZDSUhNMG9nS0VJQ0FnSUN4MlpLTVdREAE,5.0,2023-05-21T07:33:46Z,2023-05-21T07:33:46Z,3 года назад,,False,Google,https://www.google.com/maps/reviews/data=!4m8!14m7!1m6!2m5!1sChZDSUhNMG9nS0VJQ0FnSUN4MlpLTVdREAE!2m1!1s0x0:0xa78d31a76a77c337!3m1!1s2@1:CIHM0ogKEICAgICx2ZKMWQ%7C%7C?hl=ru,2026-09-07T23:54:04.800513+00:00,4.4,939
Gazgolder Club & Tea Room,"Нижний Сусальный пер., 5, стр.26, Москва, Россия, 105064",0x46b54a8ee1c20cd9:0xa78d31a76a77c337,ChZDSUhNMG9nS0VJQ0FnSURtei1LLUJREAE,5.0,2022-02-13T00:30:58Z,2022-02-13T00:30:58Z,4 года назад,"Необычная обстановка, много охраны, адекватные люди",True,Google,https://www.google.com/maps/reviews/data=!4m8!14m7!1m6!2m5!1sChZDSUhNMG9nS0VJQ0FnSURtei1LLUJREAE!2m1!1s0x0:0xa78d31a76a77c337!3m1!1s2@1:CIHM0ogKEICAgIDmz-K-BQ%7C%7C?hl=ru,2026-09-07T23:54:04.800541+00:00,4.4,939
Gazgolder Club & Tea Room,"Нижний Сусальный пер., 5, стр.26, Москва, Россия, 105064",0x46b54a8ee1c20cd9:0xa78d31a76a77c337,ChdDSUhNMG9nS0VJQ0FnSURtdF91c3F3RRAB,5.0,2022-02-12T12:30:30Z,2022-02-12T12:30:30Z,4 года назад,,False,Google,https://www.google.com/maps/reviews/data=!4m8!14m7!1m6!2m5!1sChdDSUhNMG9nS0VJQ0FnSURtdF91c3F3RRAB!2m1!1s0x0:0xa78d31a76a77c337!3m1!1s2@1:CIHM0ogKEICAgIDmt_usqwE%7C%7C?hl=ru,2026-09-07T23:54:04.800568+00:00,4.4,939
Gazgolder Club & Tea Room,"Нижний Сусальный пер., 5, стр.26, Москва, Россия, 105064",0x46b54a8ee1c20cd9:0xa78d31a76a77c337,ChdDSUhNMG9nS0VJQ0FnSURtdmZLV2pBRRAB,5.0,2022-02-06T19:51:44Z,2022-02-06T19:52:52Z,4 года назад,"Отличный ночной клуб! Хороший звук на основном танцполе и на веранде. Все зависит от мероприятия, конечно же. Дизайн интерьера тоже классный. Если вы приходите для того, чтобы послушать музыку и потанцевать, а не торговать лицом - то вам точно сюда. Кучу классных вечеринок проводят промоутеры. Смело рекомендую!",True,Google,https://www.google.com/maps/reviews/data=!4m8!14m7!1m6!2m5!1sChdDSUhNMG9nS0VJQ0FnSURtdmZLV2pBRRAB!2m1!1s0x0:0xa78d31a76a77c337!3m1!1s2@1:CIHM0ogKEICAgIDmvfKWjAE%7C%7C?hl=ru,2026-09-07T23:54:04.800596+00:00,4.4,939
Gazgolder Club & Tea Room,"Нижний Сусальный пер., 5, стр.26, Москва, Россия, 105064",0x46b54a8ee1c20cd9:0xa78d31a76a77c337,ChZDSUhNMG9nS0VJQ0FnSURtbmZyWWF3EAE,4.0,2022-02-06T10:10:02Z,2022-02-06T10:10:02Z,4 года назад,,False,Google,https://www.google.com/maps/reviews/data=!4m8!14m7!1m6!2m5!1sChZDSUhNMG9nS0VJQ0FnSURtbmZyWWF3EAE!2m1!1s0x0:0xa78d31a76a77c337!3m1!1s2@1:CIHM0ogKEICAgIDmnfrYaw%7C%7C?hl=ru,2026-09-07T23:54:04.800628+00:00,4.4,939
Gazgolder Club & Tea Room,"Нижний Сусальный пер., 5, стр.26, Москва, Россия, 105064",0x46b54a8ee1c20cd9:0xa78d31a76a77c337,ChZDSUhNMG9nS0VJQ0FnSURtcHBPUEZ3EAE,5.0,2022-01-27T00:19:46Z,2022-01-27T00:19:46Z,4 года назад,,False,Google,https://www.google.com/maps/reviews/data=!4m8!14m7!1m6!2m5!1sChZDSUhNMG9nS0VJQ0FnSURtcHBPUEZ3EAE!2m1!1s0x0:0xa78d31a76a77c337!3m1!1s2@1:CIHM0ogKEICAgIDmppOPFw%7C%7C?hl=ru,2026-09-07T23:54:04.800654+00:00,4.4,939
Gazgolder Club & Tea Room,"Нижний Сусальный пер., 5, стр.26, Москва, Россия, 105064",0x46b54a8ee1c20cd9:0xa78d31a76a77c337,ChdDSUhNMG9nS0VJQ0FnSURtcXZucHZRRRAB,5.0,2022-01-25T05:37:55Z,2022-01-25T05:37:55Z,4 года назад,,False,Google,https://www.google.com/maps/reviews/data=!4m8!14m7!1m6!2m5!1sChdDSUhNMG9nS0VJQ0FnSURtcXZucHZRRRAB!2m1!1s0x0:0xa78d31a76a77c337!3m1!1s2@1:CIHM0ogKEICAgIDmqvnpvQE%7C%7C?hl=ru,2026-09-07T23:54:04.800679+00:00,4.4,939
Gazgolder Club & Tea Room,"Нижний Сусальный пер., 5, стр.26, Москва, Россия, 105064",0x46b54a8ee1c20cd9:0xa78d31a76a77c337,ChZDSUhNMG9nS0VJQ0FnSURtc3N6TVV3EAE,4.0,2022-01-24T05:30:41Z,2022-01-24T05:30:41Z,4 года назад,"Отличный клуб в центре Москвы на площадке Арма.
Пара минусов, которые могу привести:
1. Небольшой по площади
2. Нет уединённого помещения, где можно было бы пообщаться по телефону или просто поговорить с человеком.
Конечно в клуб люди приходят потанцевать, но иногда встают такие моменты.

В остальном же все понравилось",True,Google,https://www.google.com/maps/reviews/data=!4m8!14m7!1m6!2m5!1sChZDSUhNMG9nS0VJQ0FnSURtc3N6TVV3EAE!2m1!1s0x0:0xa78d31a76a77c337!3m1!1s2@1:CIHM0ogKEICAgIDmsszMUw%7C%7C?hl=ru,2026-09-07T23:54:06.741041+00:00,4.4,939
Gazgolder Club & Tea Room,"Нижний Сусальный пер., 5, стр.26, Москва, Россия, 105064",0x46b54a8ee1c20cd9:0xa78d31a76a77c337,ChZDSUhNMG9nS0VJQ0FnSURta3NfektnEAE,5.0,2022-01-23T20:33:59Z,2022-01-23T20:35:11Z,4 года назад,Огонь,True,Google,https://www.google.com/maps/reviews/data=!4m8!14m7!1m6!2m5!1sChZDSUhNMG9nS0VJQ0FnSURta3NfektnEAE!2m1!1s0x0:0xa78d31a76a77c337!3m1!1s2@1:CIHM0ogKEICAgIDmks_zKg%7C%7C?hl=ru,2026-09-07T23:54:06.741247+00:00,4.4,939
Gazgolder Club & Tea Room,"Нижний Сусальный пер., 5, стр.26, Москва, Россия, 105064",0x46b54a8ee1c20cd9:0xa78d31a76a77c337,ChZDSUhNMG9nS0VJQ0FnSURta3NHN0RBEAE,5.0,2022-01-23T18:10:16Z,2022-01-23T18:10:23Z,4 года назад,,False,Google,https://www.google.com/maps/reviews/data=!4m8!14m7!1m6!2m5!1sChZDSUhNMG9nS0VJQ0FnSURta3NHN0RBEAE!2m1!1s0x0:0xa78d31a76a77c337!3m1!1s2@1:CIHM0ogKEICAgIDmksG7DA%7C%7C?hl=ru,2026-09-07T23:54:06.741309+00:00,4.4,939
Gazgolder Club & Tea Room,"Нижний Сусальный пер., 5, стр.26, Москва, Россия, 105064",0x46b54a8ee1c20cd9:0xa78d31a76a77c337,ChdDSUhNMG9nS0VJQ0FnSURtbE56UjJBRRAB,3.0,2022-01-19T17:33:29Z,2022-01-19T17:33:29Z,4 года назад,,False,Google,https://www.google.com/maps/reviews/data=!4m8!14m7!1m6!2m5!1sChdDSUhNMG9nS0VJQ0FnSURtbE56UjJBRRAB!2m1!1s0x0:0xa78d31a76a77c337!3m1!1s2@1:CIHM0ogKEICAgIDmlNzR2AE%7C%7C?hl=ru,2026-09-07T23:54:06.741348+00:00,4.4,939
Gazgolder Club & Tea Room,"Нижний Сусальный пер., 5, стр.26, Москва, Россия, 105064",0x46b54a8ee1c20cd9:0xa78d31a76a77c337,ChZDSUhNMG9nS0VJQ0FnSURtMlAzeFhBEAE,5.0,2022-01-18T07:08:22Z,2022-01-18T07:08:22Z,4 года назад,"Отличное место, душевная атмосфера",True,Google,https://www.google.com/maps/reviews/data=!4m8!14m7!1m6!2m5!1sChZDSUhNMG9nS0VJQ0FnSURtMlAzeFhBEAE!2m1!1s0x0:0xa78d31a76a77c337!3m1!1s2@1:CIHM0ogKEICAgIDm2P3xXA%7C%7C?hl=ru,2026-09-07T23:54:06.741381+00:00,4.4,939
Gazgolder Club & Tea Room,"Нижний Сусальный пер., 5, стр.26, Москва, Россия, 105064",0x46b54a8ee1c20cd9:0xa78d31a76a77c337,ChdDSUhNMG9nS0VJQ0FnSURtMExQcm9RRRAB,4.0,2022-01-16T10:03:42Z,2022-01-16T10:03:42Z,4 года назад,"Мало кабинок, но в целом норм.",True,Google,https://www.google.com/maps/reviews/data=!4m8!14m7!1m6!2m5!1sChdDSUhNMG9nS0VJQ0FnSURtMExQcm9RRRAB!2m1!1s0x0:0xa78d31a76a77c337!3m1!1s2@1:CIHM0ogKEICAgIDm0LProQE%7C%7C?hl=ru,2026-09-07T23:54:06.741415+00:00,4.4,939
Gazgolder Club & Tea Room,"Нижний Сусальный пер., 5, стр.26, Москва, Россия, 105064",0x46b54a8ee1c20cd9:0xa78d31a76a77c337,ChZDSUhNMG9nS0VJQ0FnSURtd056NU5REAE,5.0,2022-01-15T10:42:39Z,2022-01-15T10:42:39Z,4 года назад,,False,Google,https://www.google.com/maps/reviews/data=!4m8!14m7!1m6!2m5!1sChZDSUhNMG9nS0VJQ0FnSURtd056NU5REAE!2m1!1s0x0:0xa78d31a76a77c337!3m1!1s2@1:CIHM0ogKEICAgIDmwNz5NQ%7C%7C?hl=ru,2026-09-07T23:54:06.741446+00:00,4.4,939
Gazgolder Club & Tea Room,"Нижний Сусальный пер., 5, стр.26, Москва, Россия, 105064",0x46b54a8ee1c20cd9:0xa78d31a76a77c337,ChZDSUhNMG9nS0VJQ0FnSUNtdGVPMlp3EAE,5.0,2022-01-05T03:04:06Z,2022-01-05T03:04:06Z,4 года назад,"Просто супер, первый раз я был на такой огромной вечеринки, заряд позитива и куча впечатлений запомнятся надолго!!! Вообще кайф, атмосфера огонь, музыка класс, люди супер, рекомендую вам посетить газ, не пожалеете, несколько залов в каждом свой диджей, курилка, барные стойки с очень общительным персоналом!!! Я в восторге, посетите обязательно и вы не пожалеете",True,Google,https://www.google.com/maps/reviews/data=!4m8!14m7!1m6!2m5!1sChZDSUhNMG9nS0VJQ0FnSUNtdGVPMlp3EAE!2m1!1s0x0:0xa78d31a76a77c337!3m1!1s2@1:CIHM0ogKEICAgICmteO2Zw%7C%7C?hl=ru,2026-09-07T23:54:06.741494+00:00,4.4,939
Gazgolder Club & Tea Room,"Нижний Сусальный пер., 5, стр.26, Москва, Россия, 105064",0x46b54a8ee1c20cd9:0xa78d31a76a77c337,ChZDSUhNMG9nS0VJQ0FnSUNtbGRUckZREAE,5.0,2022-01-04T13:34:19Z,2022-01-04T13:35:00Z,4 года назад,,False,Google,https://www.google.com/maps/reviews/data=!4m8!14m7!1m6!2m5!1sChZDSUhNMG9nS0VJQ0FnSUNtbGRUckZREAE!2m1!1s0x0:0xa78d31a76a77c337!3m1!1s2@1:CIHM0ogKEICAgICmldTrFQ%7C%7C?hl=ru,2026-09-07T23:54:06.741533+00:00,4.4,939
Gazgolder Club & Tea Room,"Нижний Сусальный пер., 5, стр.26, Москва, Россия, 105064",0x46b54a8ee1c20cd9:0xa78d31a76a77c337,ChdDSUhNMG9nS0VJQ0FnSUNteWYzZGxRRRAB,3.0,2022-01-02T00:45:22Z,2022-01-02T00:45:23Z,4 года назад,Бесконечная очередь в туалет.,True,Google,https://www.google.com/maps/reviews/data=!4m8!14m7!1m6!2m5!1sChdDSUhNMG9nS0VJQ0FnSUNteWYzZGxRRRAB!2m1!1s0x0:0xa78d31a76a77c337!3m1!1s2@1:CIHM0ogKEICAgICmyf3dlQE%7C%7C?hl=ru,2026-09-07T23:54:06.741563+00:00,4.4,939
Gazgolder Club & Tea Room,"Нижний Сусальный пер., 5, стр.26, Москва, Россия, 105064",0x46b54a8ee1c20cd9:0xa78d31a76a77c337,ChdDSUhNMG9nS0VJQ0FnSUNtaWN2dnFRRRAB,5.0,2022-01-01T17:48:33Z,2022-01-01T17:48:33Z,4 года назад,,False,Google,https://www.google.com/maps/reviews/data=!4m8!14m7!1m6!2m5!1sChdDSUhNMG9nS0VJQ0FnSUNtaWN2dnFRRRAB!2m1!1s0x0:0xa78d31a76a77c337!3m1!1s2@1:CIHM0ogKEICAgICmicvvqQE%7C%7C?hl=ru,2026-09-07T23:54:06.741591+00:00,4.4,939
Gazgolder Club & Tea Room,"Нижний Сусальный пер., 5, стр.26, Москва, Россия, 105064",0x46b54a8ee1c20cd9:0xa78d31a76a77c337,ChZDSUhNMG9nS0VJQ0FnSUNtc1llUFVBEAE,5.0,2022-01-01T04:05:44Z,2022-01-01T04:05:44Z,4 года назад,,False,Google,https://www.google.com/maps/reviews/data=!4m8!14m7!1m6!2m5!1sChZDSUhNMG9nS0VJQ0FnSUNtc1llUFVBEAE!2m1!1s0x0:0xa78d31a76a77c337!3m1!1s2@1:CIHM0ogKEICAgICmsYePUA%7C%7C?hl=ru,2026-09-07T23:54:06.741619+00:00,4.4,939
Gazgolder Club & Tea Room,"Нижний Сусальный пер., 5, стр.26, Москва, Россия, 105064",0x46b54a8ee1c20cd9:0xa78d31a76a77c337,ChZDSUhNMG9nS0VJQ0FnSUNtaHJPR2NnEAE,1.0,2021-12-26T19:41:59Z,2021-12-26T19:41:59Z,4 года назад,,False,Google,https://www.google.com/maps/reviews/data=!4m8!14m7!1m6!2m5!1sChZDSUhNMG9nS0VJQ0FnSUNtaHJPR2NnEAE!2m1!1s0x0:0xa78d31a76a77c337!3m1!1s2@1:CIHM0ogKEICAgICmhrOGcg%7C%7C?hl=ru,2026-09-07T23:54:06.741645+00:00,4.4,939
Gazgolder Club & Tea Room,"Нижний Сусальный пер., 5, стр.26, Москва, Россия, 105064",0x46b54a8ee1c20cd9:0xa78d31a76a77c337,ChZDSUhNMG9nS0VJQ0FnSUNtMnJpY0RREAE,5.0,2021-12-25T16:16:10Z,2021-12-25T16:16:12Z,4 года назад,"Самое крутое, клёвое,сумасшедшое место просто зашквал башки.
Лучший Gazgolder",True,Google,https://www.google.com/maps/reviews/data=!4m8!14m7!1m6!2m5!1sChZDSUhNMG9nS0VJQ0FnSUNtMnJpY0RREAE!2m1!1s0x0:0xa78d31a76a77c337!3m1!1s2@1:CIHM0ogKEICAgICm2ricDQ%7C%7C?hl=ru,2026-09-07T23:54:06.741672+00:00,4.4,939
Gazgolder Club & Tea Room,"Нижний Сусальный пер., 5, стр.26, Москва, Россия, 105064",0x46b54a8ee1c20cd9:0xa78d31a76a77c337,ChdDSUhNMG9nS0VJQ0FnSUNtOG96dGhBRRAB,5.0,2021-12-23T21:46:07Z,2021-12-23T21:46:07Z,4 года назад,Аутентично;),True,Google,https://www.google.com/maps/reviews/data=!4m8!14m7!1m6!2m5!1sChdDSUhNMG9nS0VJQ0FnSUNtOG96dGhBRRAB!2m1!1s0x0:0xa78d31a76a77c337!3m1!1s2@1:CIHM0ogKEICAgICm8ozthAE%7C%7C?hl=ru,2026-09-07T23:54:06.741702+00:00,4.4,939
Gazgolder Club & Tea Room,"Нижний Сусальный пер., 5, стр.26, Москва, Россия, 105064",0x46b54a8ee1c20cd9:0xa78d31a76a77c337,ChZDSUhNMG9nS0VJQ0FnSUNta29ESWFBEAE,4.0,2021-12-23T04:20:05Z,2021-12-23T04:20:05Z,4 года назад,,False,Google,https://www.google.com/maps/reviews/data=!4m8!14m7!1m6!2m5!1sChZDSUhNMG9nS0VJQ0FnSUNta29ESWFBEAE!2m1!1s0x0:0xa78d31a76a77c337!3m1!1s2@1:CIHM0ogKEICAgICmkoDIaA%7C%7C?hl=ru,2026-09-07T23:54:06.741731+00:00,4.4,939
Gazgolder Club & Tea Room,"Нижний Сусальный пер., 5, стр.26, Москва, Россия, 105064",0x46b54a8ee1c20cd9:0xa78d31a76a77c337,ChdDSUhNMG9nS0VJQ0FnSUNtbE1TSDdRRRAB,5.0,2021-12-19T11:15:37Z,2021-12-19T11:15:37Z,4 года назад,,False,Google,https://www.google.com/maps/reviews/data=!4m8!14m7!1m6!2m5!1sChdDSUhNMG9nS0VJQ0FnSUNtbE1TSDdRRRAB!2m1!1s0x0:0xa78d31a76a77c337!3m1!1s2@1:CIHM0ogKEICAgICmlMSH7QE%7C%7C?hl=ru,2026-09-07T23:54:06.741757+00:00,4.4,939
Gazgolder Club & Tea Room,"Нижний Сусальный пер., 5, стр.26, Москва, Россия, 105064",0x46b54a8ee1c20cd9:0xa78d31a76a77c337,ChdDSUhNMG9nS0VJQ0FnSUNtNUp1WWxnRRAB,5.0,2021-12-19T09:33:08Z,2021-12-19T09:33:08Z,4 года назад,Лучший клуб,True,Google,https://www.google.com/maps/reviews/data=!4m8!14m7!1m6!2m5!1sChdDSUhNMG9nS0VJQ0FnSUNtNUp1WWxnRRAB!2m1!1s0x0:0xa78d31a76a77c337!3m1!1s2@1:CIHM0ogKEICAgICm5JuYlgE%7C%7C?hl=ru,2026-09-07T23:54:06.741786+00:00,4.4,939
Gazgolder Club & Tea Room,"Нижний Сусальный пер., 5, стр.26, Москва, Россия, 105064",0x46b54a8ee1c20cd9:0xa78d31a76a77c337,ChdDSUhNMG9nS0VJQ0FnSURHbmRfLXpnRRAB,5.0,2021-12-06T20:19:08Z,2021-12-06T20:19:08Z,4 года назад,,False,Google,https://www.google.com/maps/reviews/data=!4m8!14m7!1m6!2m5!1sChdDSUhNMG9nS0VJQ0FnSURHbmRfLXpnRRAB!2m1!1s0x0:0xa78d31a76a77c337!3m1!1s2@1:CIHM0ogKEICAgIDGnd_-zgE%7C%7C?hl=ru,2026-09-07T23:54:06.741814+00:00,4.4,939
Gazgolder Club & Tea Room,"Нижний Сусальный пер., 5, стр.26, Москва, Россия, 105064",0x46b54a8ee1c20cd9:0xa78d31a76a77c337,ChdDSUhNMG9nS0VJQ0FnSURHbmVUaWd3RRAB,5.0,2021-12-06T17:11:25Z,2021-12-06T17:11:25Z,4 года назад,,False,Google,https://www.google.com/maps/reviews/data=!4m8!14m7!1m6!2m5!1sChdDSUhNMG9nS0VJQ0FnSURHbmVUaWd3RRAB!2m1!1s0x0:0xa78d31a76a77c337!3m1!1s2@1:CIHM0ogKEICAgIDGneTigwE%7C%7C?hl=ru,2026-09-07T23:54:06.741841+00:00,4.4,939
Gazgolder Club & Tea Room,"Нижний Сусальный пер., 5, стр.26, Москва, Россия, 105064",0x46b54a8ee1c20cd9:0xa78d31a76a77c337,ChZDSUhNMG9nS0VJQ0FnSURHMWFxZWJREAE,5.0,2021-12-05T01:39:15Z,2021-12-05T01:39:15Z,4 года назад,,False,Google,https://www.google.com/maps/reviews/data=!4m8!14m7!1m6!2m5!1sChZDSUhNMG9nS0VJQ0FnSURHMWFxZWJREAE!2m1!1s0x0:0xa78d31a76a77c337!3m1!1s2@1:CIHM0ogKEICAgIDG1aqebQ%7C%7C?hl=ru,2026-09-07T23:54:07.458720+00:00,4.4,939
Gazgolder Club & Tea Room,"Нижний Сусальный пер., 5, стр.26, Москва, Россия, 105064",0x46b54a8ee1c20cd9:0xa78d31a76a77c337,ChZDSUhNMG9nS0VJQ0FnSURHdkpXeElREAE,5.0,2021-11-21T17:55:48Z,2021-11-21T17:55:48Z,4 года назад,,False,Google,https://www.google.com/maps/reviews/data=!4m8!14m7!1m6!2m5!1sChZDSUhNMG9nS0VJQ0FnSURHdkpXeElREAE!2m1!1s0x0:0xa78d31a76a77c337!3m1!1s2@1:CIHM0ogKEICAgIDGvJWxIQ%7C%7C?hl=ru,2026-09-07T23:54:07.459044+00:00,4.4,939
Gazgolder Club & Tea Room,"Нижний Сусальный пер., 5, стр.26, Москва, Россия, 105064",0x46b54a8ee1c20cd9:0xa78d31a76a77c337,ChZDSUhNMG9nS0VJQ0FnSURHdk1iSVlBEAE,1.0,2021-11-21T16:33:32Z,2021-11-21T16:33:32Z,4 года назад,"Я прилетел с другой страны,вчера с другом пришли в клуб,заранее купили онлайн билеты!На входе дерзкая девка,без объяснения причин сказала:,,Не сегодня"",на вопрос:Скажите причину?Она сказала охране:,,Уберите их""Как будто к ним не люди пришли,а какой то мусор.
Не советую этот клуб,потому что на входе вас могут не пустить,оскорбить и испортить вам вечер!",True,Google,https://www.google.com/maps/reviews/data=!4m8!14m7!1m6!2m5!1sChZDSUhNMG9nS0VJQ0FnSURHdk1iSVlBEAE!2m1!1s0x0:0xa78d31a76a77c337!3m1!1s2@1:CIHM0ogKEICAgIDGvMbIYA%7C%7C?hl=ru,2026-09-07T23:54:07.459140+00:00,4.4,939
Gazgolder Club & Tea Room,"Нижний Сусальный пер., 5, стр.26, Москва, Россия, 105064",0x46b54a8ee1c20cd9:0xa78d31a76a77c337,ChZDSUhNMG9nS0VJQ0FnSURHak0zelZREAE,1.0,2021-11-20T08:04:01Z,2021-11-20T09:52:05Z,4 года назад,"Вчера не пустили на вечеринку Oliver Koletzki. При наличии qr- кода и уже купленного билета. Не пустили без объяснения причин, хотя очередь отстояли минут 40. Не пускали многоих, практически каждого третьего. Каких-то комментариев о возврате потраченных денег, о том куда обратиться не давали. Выпихивали из очереди в достаточно грубой форме. Первый раз в жизни такое отношение.
Есть мнение, что организаторы переборщили с проданными билетами и на месте решили ""проблему"", методом грубой фильтрации)

В Газголдере не был раньше, больше не пойдём и друзьям не посоветуем. Оливер, выбирай в следующий раз иные площадки для своих выступлений)",True,Google,https://www.google.com/maps/reviews/data=!4m8!14m7!1m6!2m5!1sChZDSUhNMG9nS0VJQ0FnSURHak0zelZREAE!2m1!1s0x0:0xa78d31a76a77c337!3m1!1s2@1:CIHM0ogKEICAgIDGjM3zVQ%7C%7C?hl=ru,2026-09-07T23:54:07.459214+00:00,4.4,939
Gazgolder Club & Tea Room,"Нижний Сусальный пер., 5, стр.26, Москва, Россия, 105064",0x46b54a8ee1c20cd9:0xa78d31a76a77c337,ChZDSUhNMG9nS0VJQ0FnSURHalB1S2ZnEAE,1.0,2021-11-20T09:09:54Z,2021-11-20T09:11:03Z,4 года назад,"Безобразная организация. Купили билеты на Оливера Колецкого, пришли, в очереди простояли полтора часа. Потом нам говорят клуб полон, но официально объявили всем ""вы не прошли фейс контроль"". Деньги не вернули.",True,Google,https://www.google.com/maps/reviews/data=!4m8!14m7!1m6!2m5!1sChZDSUhNMG9nS0VJQ0FnSURHalB1S2ZnEAE!2m1!1s0x0:0xa78d31a76a77c337!3m1!1s2@1:CIHM0ogKEICAgIDGjPuKfg%7C%7C?hl=ru,2026-09-07T23:54:07.459269+00:00,4.4,939
Gazgolder Club & Tea Room,"Нижний Сусальный пер., 5, стр.26, Москва, Россия, 105064",0x46b54a8ee1c20cd9:0xa78d31a76a77c337,ChdDSUhNMG9nS0VJQ0FnSURHalBtQWd3RRAB,1.0,2021-11-20T07:29:12Z,2021-11-20T07:32:08Z,4 года назад,"Пятница,  11 вечера. У нас в ""избранном"" pdf-ки, которые нынче являются билетами,  там же - сканы паспорта и qr-коды (новая реальность). Мы стоим под мелким дождиком в недвигающейся очереди в ""Газ"" на концерт _берлинского_ диджея Оливера Колецкого. Вот уже 20 минут как ничего, кроме удлинения хвоста,  не происходит. Но мы рады,  ибо до выхода главного гостя - куча времени.
Начали запускать, народ,  успевший уже промочить свои танцевальные кроссовки,  преободрился. И тут,  после прохода ковидного кордона, нас ожидал сюрприз, который мы помним из юности: face-control. И нас не впускают!
Мало того, что выйдя на вечеринку послушать любимого артиста, мы оказались на улице, так ещё надо заниматься возвратом билетов. Комиссия я.афиши не возвращается, желание бывать в этом месте - тоже.",True,Google,https://www.google.com/maps/reviews/data=!4m8!14m7!1m6!2m5!1sChdDSUhNMG9nS0VJQ0FnSURHalBtQWd3RRAB!2m1!1s0x0:0xa78d31a76a77c337!3m1!1s2@1:CIHM0ogKEICAgIDGjPmAgwE%7C%7C?hl=ru,2026-09-07T23:54:07.459307+00:00,4.4,939
Gazgolder Club & Tea Room,"Нижний Сусальный пер., 5, стр.26, Москва, Россия, 105064",0x46b54a8ee1c20cd9:0xa78d31a76a77c337,ChdDSUhNMG9nS0VJQ0FnSURHOUlQb19nRRAB,1.0,2021-11-20T00:49:03Z,2021-11-20T00:53:44Z,4 года назад,"Если ты покупаешь билет в клуб в Европе, то ты гарантированно 99% попадёшь в клуб (ну если не совсем в неадеквате), тут всем управляет хабалка, которая решает кто пройдёт, а кто нет (проходят её знакомые бесплатно, со слегка странным видом). Почти всех с билетами она развернула, предоставив им самим решать вопрос о возврате денег.. если вернут 😏 Раньше часто посещали данное место, но после такого хамского отношения больше ни ногой 🤬нам без разницы, поехали тусить в адекватные клубы с адекватным фейс контролем P.S. Жалко денег потраченных ещё и на парковку за время пока стояли в очереди!",True,Google,https://www.google.com/maps/reviews/data=!4m8!14m7!1m6!2m5!1sChdDSUhNMG9nS0VJQ0FnSURHOUlQb19nRRAB!2m1!1s0x0:0xa78d31a76a77c337!3m1!1s2@1:CIHM0ogKEICAgIDG9IPo_gE%7C%7C?hl=ru,2026-09-07T23:54:07.459358+00:00,4.4,939
Gazgolder Club & Tea Room,"Нижний Сусальный пер., 5, стр.26, Москва, Россия, 105064",0x46b54a8ee1c20cd9:0xa78d31a76a77c337,ChZDSUhNMG9nS0VJQ0FnSUNHcjhuZkVnEAE,5.0,2021-11-13T10:25:38Z,2021-11-13T10:25:38Z,4 года назад,,False,Google,https://www.google.com/maps/reviews/data=!4m8!14m7!1m6!2m5!1sChZDSUhNMG9nS0VJQ0FnSUNHcjhuZkVnEAE!2m1!1s0x0:0xa78d31a76a77c337!3m1!1s2@1:CIHM0ogKEICAgICGr8nfEg%7C%7C?hl=ru,2026-09-07T23:54:07.459402+00:00,4.4,939
Gazgolder Club & Tea Room,"Нижний Сусальный пер., 5, стр.26, Москва, Россия, 105064",0x46b54a8ee1c20cd9:0xa78d31a76a77c337,ChdDSUhNMG9nS0VJQ0FnSUNHdTVydGtRRRAB,5.0,2021-11-10T14:43:30Z,2021-11-10T14:43:30Z,4 года назад,"Место - огонь, атмосфера тут улетная. Публика приятная, все кайфуют от музыки. Интерьер стильный, уютный. Звук прекрасный, свет тоже. Рекомендую.",True,Google,https://www.google.com/maps/reviews/data=!4m8!14m7!1m6!2m5!1sChdDSUhNMG9nS0VJQ0FnSUNHdTVydGtRRRAB!2m1!1s0x0:0xa78d31a76a77c337!3m1!1s2@1:CIHM0ogKEICAgICGu5rtkQE%7C%7C?hl=ru,2026-09-07T23:54:07.459442+00:00,4.4,939
Gazgolder Club & Tea Room,"Нижний Сусальный пер., 5, стр.26, Москва, Россия, 105064",0x46b54a8ee1c20cd9:0xa78d31a76a77c337,ChZDSUhNMG9nS0VJQ0FnSUNHNHJlUEFREAE,1.0,2021-10-24T17:59:32Z,2021-10-24T17:59:32Z,4 года назад,,False,Google,https://www.google.com/maps/reviews/data=!4m8!14m7!1m6!2m5!1sChZDSUhNMG9nS0VJQ0FnSUNHNHJlUEFREAE!2m1!1s0x0:0xa78d31a76a77c337!3m1!1s2@1:CIHM0ogKEICAgICG4rePAQ%7C%7C?hl=ru,2026-09-07T23:54:07.459487+00:00,4.4,939
Gazgolder Club & Tea Room,"Нижний Сусальный пер., 5, стр.26, Москва, Россия, 105064",0x46b54a8ee1c20cd9:0xa78d31a76a77c337,ChdDSUhNMG9nS0VJQ0FnSUNHbkxXSGl3RRAB,2.0,2021-10-23T00:11:42Z,2021-10-23T00:11:42Z,4 года назад,,False,Google,https://www.google.com/maps/reviews/data=!4m8!14m7!1m6!2m5!1sChdDSUhNMG9nS0VJQ0FnSUNHbkxXSGl3RRAB!2m1!1s0x0:0xa78d31a76a77c337!3m1!1s2@1:CIHM0ogKEICAgICGnLWHiwE%7C%7C?hl=ru,2026-09-07T23:54:07.459514+00:00,4.4,939
Gazgolder Club & Tea Room,"Нижний Сусальный пер., 5, стр.26, Москва, Россия, 105064",0x46b54a8ee1c20cd9:0xa78d31a76a77c337,ChZDSUhNMG9nS0VJQ0FnSUNHNFBlZk1nEAE,5.0,2021-10-17T13:10:40Z,2021-10-17T13:10:40Z,4 года назад,,False,Google,https://www.google.com/maps/reviews/data=!4m8!14m7!1m6!2m5!1sChZDSUhNMG9nS0VJQ0FnSUNHNFBlZk1nEAE!2m1!1s0x0:0xa78d31a76a77c337!3m1!1s2@1:CIHM0ogKEICAgICG4PefMg%7C%7C?hl=ru,2026-09-07T23:54:07.459539+00:00,4.4,939
Gazgolder Club & Tea Room,"Нижний Сусальный пер., 5, стр.26, Москва, Россия, 105064",0x46b54a8ee1c20cd9:0xa78d31a76a77c337,ChZDSUhNMG9nS0VJQ0FnSUNHb043Z0tBEAE,5.0,2021-10-17T04:24:46Z,2021-10-17T04:24:46Z,4 года назад,,False,Google,https://www.google.com/maps/reviews/data=!4m8!14m7!1m6!2m5!1sChZDSUhNMG9nS0VJQ0FnSUNHb043Z0tBEAE!2m1!1s0x0:0xa78d31a76a77c337!3m1!1s2@1:CIHM0ogKEICAgICGoN7gKA%7C%7C?hl=ru,2026-09-07T23:54:07.459564+00:00,4.4,939
Gazgolder Club & Tea Room,"Нижний Сусальный пер., 5, стр.26, Москва, Россия, 105064",0x46b54a8ee1c20cd9:0xa78d31a76a77c337,ChZDSUhNMG9nS0VJQ0FnSUQ2MzkyeUJ3EAE,5.0,2021-10-15T23:46:14Z,2021-10-15T23:46:14Z,4 года назад,One of the best places for good electronic music in Moscow.,True,Google,https://www.google.com/maps/reviews/data=!4m8!14m7!1m6!2m5!1sChZDSUhNMG9nS0VJQ0FnSUQ2MzkyeUJ3EAE!2m1!1s0x0:0xa78d31a76a77c337!3m1!1s2@1:CIHM0ogKEICAgID6392yBw%7C%7C?hl=ru,2026-09-07T23:54:07.459598+00:00,4.4,939
Gazgolder Club & Tea Room,"Нижний Сусальный пер., 5, стр.26, Москва, Россия, 105064",0x46b54a8ee1c20cd9:0xa78d31a76a77c337,ChdDSUhNMG9nS0VJQ0FnSUQ2Nzhic3dRRRAB,5.0,2021-10-15T12:11:21Z,2021-10-15T12:11:21Z,4 года назад,,False,Google,https://www.google.com/maps/reviews/data=!4m8!14m7!1m6!2m5!1sChdDSUhNMG9nS0VJQ0FnSUQ2Nzhic3dRRRAB!2m1!1s0x0:0xa78d31a76a77c337!3m1!1s2@1:CIHM0ogKEICAgID678bswQE%7C%7C?hl=ru,2026-09-07T23:54:07.459624+00:00,4.4,939
Gazgolder Club & Tea Room,"Нижний Сусальный пер., 5, стр.26, Москва, Россия, 105064",0x46b54a8ee1c20cd9:0xa78d31a76a77c337,ChdDSUhNMG9nS0VJQ0FnSUQ2LTh2d2xnRRAB,5.0,2021-10-12T20:15:11Z,2021-10-12T20:15:11Z,4 года назад,,False,Google,https://www.google.com/maps/reviews/data=!4m8!14m7!1m6!2m5!1sChdDSUhNMG9nS0VJQ0FnSUQ2LTh2d2xnRRAB!2m1!1s0x0:0xa78d31a76a77c337!3m1!1s2@1:CIHM0ogKEICAgID6-8vwlgE%7C%7C?hl=ru,2026-09-07T23:54:07.459652+00:00,4.4,939
Gazgolder Club & Tea Room,"Нижний Сусальный пер., 5, стр.26, Москва, Россия, 105064",0x46b54a8ee1c20cd9:0xa78d31a76a77c337,ChZDSUhNMG9nS0VJQ0FnSUQ2bzctZklnEAE,1.0,2021-10-09T21:20:56Z,2021-10-09T21:20:56Z,4 года назад,Ужасное расистское заведение с хабалкой фэйс контрольщицей. При мне пришли две пары и только одному парню из этой группы отказали из-за того что он был кавказкой национальности. Обе пары были одеты хорошо и другой причины я не видела. Отвратительное отношение к гостям. Меняйте персонал потому что это днище.,True,Google,https://www.google.com/maps/reviews/data=!4m8!14m7!1m6!2m5!1sChZDSUhNMG9nS0VJQ0FnSUQ2bzctZklnEAE!2m1!1s0x0:0xa78d31a76a77c337!3m1!1s2@1:CIHM0ogKEICAgID6o7-fIg%7C%7C?hl=ru,2026-09-07T23:54:07.459676+00:00,4.4,939
Gazgolder Club & Tea Room,"Нижний Сусальный пер., 5, стр.26, Москва, Россия, 105064",0x46b54a8ee1c20cd9:0xa78d31a76a77c337,ChZDSUhNMG9nS0VJQ0FnSUQ2bGJXOUJ3EAE,5.0,2021-10-06T11:05:32Z,2021-10-06T11:05:32Z,4 года назад,,False,Google,https://www.google.com/maps/reviews/data=!4m8!14m7!1m6!2m5!1sChZDSUhNMG9nS0VJQ0FnSUQ2bGJXOUJ3EAE!2m1!1s0x0:0xa78d31a76a77c337!3m1!1s2@1:CIHM0ogKEICAgID6lbW9Bw%7C%7C?hl=ru,2026-09-07T23:54:07.459707+00:00,4.4,939
Gazgolder Club & Tea Room,"Нижний Сусальный пер., 5, стр.26, Москва, Россия, 105064",0x46b54a8ee1c20cd9:0xa78d31a76a77c337,ChZDSUhNMG9nS0VJQ0FnSUQ2MmVTdU5nEAE,5.0,2021-10-04T16:02:38Z,2021-10-04T16:02:38Z,4 года назад,,False,Google,https://www.google.com/maps/reviews/data=!4m8!14m7!1m6!2m5!1sChZDSUhNMG9nS0VJQ0FnSUQ2MmVTdU5nEAE!2m1!1s0x0:0xa78d31a76a77c337!3m1!1s2@1:CIHM0ogKEICAgID62eSuNg%7C%7C?hl=ru,2026-09-07T23:54:07.459731+00:00,4.4,939
Gazgolder Club & Tea Room,"Нижний Сусальный пер., 5, стр.26, Москва, Россия, 105064",0x46b54a8ee1c20cd9:0xa78d31a76a77c337,ChZDSUhNMG9nS0VJQ0FnSUQ2c2VyWEx3EAE,1.0,2021-10-02T21:43:26Z,2021-10-02T21:43:26Z,4 года назад,"Без объяснения причин не пустили. Охрана на входе заворачивает большую часть людей. Проходят только те, кто в списке.",True,Google,https://www.google.com/maps/reviews/data=!4m8!14m7!1m6!2m5!1sChZDSUhNMG9nS0VJQ0FnSUQ2c2VyWEx3EAE!2m1!1s0x0:0xa78d31a76a77c337!3m1!1s2@1:CIHM0ogKEICAgID6serXLw%7C%7C?hl=ru,2026-09-07T23:54:07.459757+00:00,4.4,939
Dissident,"Чистопрудный бул., 25, Москва, Россия, 101000",0x46b54a8a8da02ac9:0xd64e2867f8256595,ChZDSUhNMG9nS0VJQ0FnSURtNHN6YkJBEAE,1.0,2022-01-23T11:14:25Z,2022-01-23T11:14:25Z,4 года назад,👎,True,Google,https://www.google.com/maps/reviews/data=!4m8!14m7!1m6!2m5!1sChZDSUhNMG9nS0VJQ0FnSURtNHN6YkJBEAE!2m1!1s0x0:0xd64e2867f8256595!3m1!1s2@1:CIHM0ogKEICAgIDm4szbBA%7C%7C?hl=ru,2026-09-07T23:54:07.789433+00:00,4.3,276
Dissident,"Чистопрудный бул., 25, Москва, Россия, 101000",0x46b54a8a8da02ac9:0xd64e2867f8256595,ChdDSUhNMG9nS0VJQ0FnSURBbzh6Q2hRRRAB,5.0,2017-04-02T22:33:05Z,2020-10-16T06:50:21Z,Изменено 5 лет назад,,False,Google,https://www.google.com/maps/reviews/data=!4m8!14m7!1m6!2m5!1sChdDSUhNMG9nS0VJQ0FnSURBbzh6Q2hRRRAB!2m1!1s0x0:0xd64e2867f8256595!3m1!1s2@1:CIHM0ogKEICAgIDAo8zChQE%7C%7C?hl=ru,2026-09-07T23:54:07.789630+00:00,4.3,276
Dissident,"Чистопрудный бул., 25, Москва, Россия, 101000",0x46b54a8a8da02ac9:0xd64e2867f8256595,ChdDSUhNMG9nS0VJQ0FnSUNvOWE2MXBBRRAB,3.0,2019-02-22T07:12:02Z,2020-02-17T16:37:22Z,Изменено 6 лет назад,"Помойка, в сравнении с другими клубами с электронной музыкой",True,Google,https://www.google.com/maps/reviews/data=!4m8!14m7!1m6!2m5!1sChdDSUhNMG9nS0VJQ0FnSUNvOWE2MXBBRRAB!2m1!1s0x0:0xd64e2867f8256595!3m1!1s2@1:CIHM0ogKEICAgICo9a61pAE%7C%7C?hl=ru,2026-09-07T23:54:07.789690+00:00,4.3,276
Dissident,"Чистопрудный бул., 25, Москва, Россия, 101000",0x46b54a8a8da02ac9:0xd64e2867f8256595,ChZDSUhNMG9nS0VJQ0FnSUNzdVkzdEp3EAE,1.0,2020-02-07T22:20:04Z,2020-02-07T22:20:04Z,6 лет назад,"что за прикол,ребята на входе говорят:"" Кавказ нельзя строго!""
мы же отдыхать приехали,а не замес устраивать надеюсь поменяют свою точку зрения!
От себя хочу сказать друзей пустили а меня нет представьте себе такую ситуацию у друга день рождение(",True,Google,https://www.google.com/maps/reviews/data=!4m8!14m7!1m6!2m5!1sChZDSUhNMG9nS0VJQ0FnSUNzdVkzdEp3EAE!2m1!1s0x0:0xd64e2867f8256595!3m1!1s2@1:CIHM0ogKEICAgICsuY3tJw%7C%7C?hl=ru,2026-09-07T23:54:07.789732+00:00,4.3,276
Dissident,"Чистопрудный бул., 25, Москва, Россия, 101000",0x46b54a8a8da02ac9:0xd64e2867f8256595,ChdDSUhNMG9nS0VJQ0FnSUNzLXEyb3ZnRRAB,4.0,2020-01-30T11:41:19Z,2020-01-30T11:41:19Z,6 лет назад,,False,Google,https://www.google.com/maps/reviews/data=!4m8!14m7!1m6!2m5!1sChdDSUhNMG9nS0VJQ0FnSUNzLXEyb3ZnRRAB!2m1!1s0x0:0xd64e2867f8256595!3m1!1s2@1:CIHM0ogKEICAgICs-q2ovgE%7C%7C?hl=ru,2026-09-07T23:54:07.789773+00:00,4.3,276
Dissident,"Чистопрудный бул., 25, Москва, Россия, 101000",0x46b54a8a8da02ac9:0xd64e2867f8256595,ChdDSUhNMG9nS0VJQ0FnSUNNdi1iVWdRRRAB,5.0,2019-12-11T17:45:39Z,2019-12-11T17:45:39Z,6 лет назад,,False,Google,https://www.google.com/maps/reviews/data=!4m8!14m7!1m6!2m5!1sChdDSUhNMG9nS0VJQ0FnSUNNdi1iVWdRRRAB!2m1!1s0x0:0xd64e2867f8256595!3m1!1s2@1:CIHM0ogKEICAgICMv-bUgQE%7C%7C?hl=ru,2026-09-07T23:54:07.789801+00:00,4.3,276
Dissident,"Чистопрудный бул., 25, Москва, Россия, 101000",0x46b54a8a8da02ac9:0xd64e2867f8256595,ChZDSUhNMG9nS0VJQ0FnSUNNai1Pc2NREAE,5.0,2019-12-10T05:04:43Z,2019-12-10T05:04:43Z,6 лет назад,,False,Google,https://www.google.com/maps/reviews/data=!4m8!14m7!1m6!2m5!1sChZDSUhNMG9nS0VJQ0FnSUNNai1Pc2NREAE!2m1!1s0x0:0xd64e2867f8256595!3m1!1s2@1:CIHM0ogKEICAgICMj-OscQ%7C%7C?hl=ru,2026-09-07T23:54:07.789829+00:00,4.3,276
Dissident,"Чистопрудный бул., 25, Москва, Россия, 101000",0x46b54a8a8da02ac9:0xd64e2867f8256595,ChdDSUhNMG9nS0VJQ0FnSUNNNTdLZGh3RRAB,3.0,2019-12-08T19:50:45Z,2019-12-08T19:50:45Z,6 лет назад,Не понравилось,True,Google,https://www.google.com/maps/reviews/data=!4m8!14m7!1m6!2m5!1sChdDSUhNMG9nS0VJQ0FnSUNNNTdLZGh3RRAB!2m1!1s0x0:0xd64e2867f8256595!3m1!1s2@1:CIHM0ogKEICAgICM57KdhwE%7C%7C?hl=ru,2026-09-07T23:54:07.789854+00:00,4.3,276
Dissident,"Чистопрудный бул., 25, Москва, Россия, 101000",0x46b54a8a8da02ac9:0xd64e2867f8256595,ChZDSUhNMG9nS0VJQ0FnSUNNLTZHUUpREAE,5.0,2019-12-07T19:29:03Z,2019-12-07T19:29:03Z,6 лет назад,Домашняя атмосфера,True,Google,https://www.google.com/maps/reviews/data=!4m8!14m7!1m6!2m5!1sChZDSUhNMG9nS0VJQ0FnSUNNLTZHUUpREAE!2m1!1s0x0:0xd64e2867f8256595!3m1!1s2@1:CIHM0ogKEICAgICM-6GQJQ%7C%7C?hl=ru,2026-09-07T23:54:07.956652+00:00,4.3,276
Dissident,"Чистопрудный бул., 25, Москва, Россия, 101000",0x46b54a8a8da02ac9:0xd64e2867f8256595,ChZDSUhNMG9nS0VJQ0FnSUNNN2VmREJREAE,5.0,2019-12-01T10:03:54Z,2019-12-01T10:03:54Z,6 лет назад,,False,Google,https://www.google.com/maps/reviews/data=!4m8!14m7!1m6!2m5!1sChZDSUhNMG9nS0VJQ0FnSUNNN2VmREJREAE!2m1!1s0x0:0xd64e2867f8256595!3m1!1s2@1:CIHM0ogKEICAgICM7efDBQ%7C%7C?hl=ru,2026-09-07T23:54:07.957168+00:00,4.3,276
Dissident,"Чистопрудный бул., 25, Москва, Россия, 101000",0x46b54a8a8da02ac9:0xd64e2867f8256595,ChZDSUhNMG9nS0VJQ0FnSUNNeWNic1lnEAE,5.0,2019-11-25T00:07:11Z,2019-11-25T00:07:11Z,6 лет назад,,False,Google,https://www.google.com/maps/reviews/data=!4m8!14m7!1m6!2m5!1sChZDSUhNMG9nS0VJQ0FnSUNNeWNic1lnEAE!2m1!1s0x0:0xd64e2867f8256595!3m1!1s2@1:CIHM0ogKEICAgICMycbsYg%7C%7C?hl=ru,2026-09-07T23:54:07.957266+00:00,4.3,276
Dissident,"Чистопрудный бул., 25, Москва, Россия, 101000",0x46b54a8a8da02ac9:0xd64e2867f8256595,ChZDSUhNMG9nS0VJQ0FnSUQwNDdmTWV3EAE,5.0,2019-11-18T20:07:05Z,2019-11-18T20:07:05Z,6 лет назад,"Любимое заведении с своей атмосферой, качественной музыкой и приятным контингентом!",True,Google,https://www.google.com/maps/reviews/data=!4m8!14m7!1m6!2m5!1sChZDSUhNMG9nS0VJQ0FnSUQwNDdmTWV3EAE!2m1!1s0x0:0xd64e2867f8256595!3m1!1s2@1:CIHM0ogKEICAgID047fMew%7C%7C?hl=ru,2026-09-07T23:54:07.957330+00:00,4.3,276
Dissident,"Чистопрудный бул., 25, Москва, Россия, 101000",0x46b54a8a8da02ac9:0xd64e2867f8256595,ChZDSUhNMG9nS0VJQ0FnSUQwbmJiYlF3EAE,5.0,2019-11-16T13:22:50Z,2019-11-16T13:23:34Z,6 лет назад,Отличное игралось техно :),True,Google,https://www.google.com/maps/reviews/data=!4m8!14m7!1m6!2m5!1sChZDSUhNMG9nS0VJQ0FnSUQwbmJiYlF3EAE!2m1!1s0x0:0xd64e2867f8256595!3m1!1s2@1:CIHM0ogKEICAgID0nbbbQw%7C%7C?hl=ru,2026-09-07T23:54:07.957393+00:00,4.3,276
Dissident,"Чистопрудный бул., 25, Москва, Россия, 101000",0x46b54a8a8da02ac9:0xd64e2867f8256595,ChZDSUhNMG9nS0VJQ0FnSUQwcmV2MElnEAE,5.0,2019-11-16T00:28:23Z,2019-11-16T00:28:23Z,6 лет назад,,False,Google,https://www.google.com/maps/reviews/data=!4m8!14m7!1m6!2m5!1sChZDSUhNMG9nS0VJQ0FnSUQwcmV2MElnEAE!2m1!1s0x0:0xd64e2867f8256595!3m1!1s2@1:CIHM0ogKEICAgID0rev0Ig%7C%7C?hl=ru,2026-09-07T23:54:07.957460+00:00,4.3,276
Dissident,"Чистопрудный бул., 25, Москва, Россия, 101000",0x46b54a8a8da02ac9:0xd64e2867f8256595,ChdDSUhNMG9nS0VJQ0FnSUQwcmF1TzJnRRAB,5.0,2019-11-16T00:24:57Z,2019-11-16T00:24:58Z,6 лет назад,,False,Google,https://www.google.com/maps/reviews/data=!4m8!14m7!1m6!2m5!1sChdDSUhNMG9nS0VJQ0FnSUQwcmF1TzJnRRAB!2m1!1s0x0:0xd64e2867f8256595!3m1!1s2@1:CIHM0ogKEICAgID0rauO2gE%7C%7C?hl=ru,2026-09-07T23:54:07.957497+00:00,4.3,276
Dissident,"Чистопрудный бул., 25, Москва, Россия, 101000",0x46b54a8a8da02ac9:0xd64e2867f8256595,ChdDSUhNMG9nS0VJQ0FnSUQwcmNPaDZnRRAB,5.0,2019-11-15T23:41:52Z,2019-11-15T23:41:52Z,6 лет назад,,False,Google,https://www.google.com/maps/reviews/data=!4m8!14m7!1m6!2m5!1sChdDSUhNMG9nS0VJQ0FnSUQwcmNPaDZnRRAB!2m1!1s0x0:0xd64e2867f8256595!3m1!1s2@1:CIHM0ogKEICAgID0rcOh6gE%7C%7C?hl=ru,2026-09-07T23:54:07.957563+00:00,4.3,276
Dissident,"Чистопрудный бул., 25, Москва, Россия, 101000",0x46b54a8a8da02ac9:0xd64e2867f8256595,ChdDSUhNMG9nS0VJQ0FnSUQwclpXbXFnRRAB,5.0,2019-11-15T22:41:33Z,2019-11-15T22:41:33Z,6 лет назад,,False,Google,https://www.google.com/maps/reviews/data=!4m8!14m7!1m6!2m5!1sChdDSUhNMG9nS0VJQ0FnSUQwclpXbXFnRRAB!2m1!1s0x0:0xd64e2867f8256595!3m1!1s2@1:CIHM0ogKEICAgID0rZWmqgE%7C%7C?hl=ru,2026-09-07T23:54:07.957617+00:00,4.3,276
Dissident,"Чистопрудный бул., 25, Москва, Россия, 101000",0x46b54a8a8da02ac9:0xd64e2867f8256595,ChZDSUhNMG9nS0VJQ0FnSUQweHAzU1ZnEAE,3.0,2019-11-03T02:35:41Z,2019-11-03T02:35:41Z,6 лет назад,,False,Google,https://www.google.com/maps/reviews/data=!4m8!14m7!1m6!2m5!1sChZDSUhNMG9nS0VJQ0FnSUQweHAzU1ZnEAE!2m1!1s0x0:0xd64e2867f8256595!3m1!1s2@1:CIHM0ogKEICAgID0xp3SVg%7C%7C?hl=ru,2026-09-07T23:54:07.957653+00:00,4.3,276
Dissident,"Чистопрудный бул., 25, Москва, Россия, 101000",0x46b54a8a8da02ac9:0xd64e2867f8256595,ChdDSUhNMG9nS0VJQ0FnSUQweG9XRG1RRRAB,5.0,2019-11-03T01:44:24Z,2019-11-03T01:44:24Z,6 лет назад,,False,Google,https://www.google.com/maps/reviews/data=!4m8!14m7!1m6!2m5!1sChdDSUhNMG9nS0VJQ0FnSUQweG9XRG1RRRAB!2m1!1s0x0:0xd64e2867f8256595!3m1!1s2@1:CIHM0ogKEICAgID0xoWDmQE%7C%7C?hl=ru,2026-09-07T23:54:07.957687+00:00,4.3,276
Dissident,"Чистопрудный бул., 25, Москва, Россия, 101000",0x46b54a8a8da02ac9:0xd64e2867f8256595,ChZDSUhNMG9nS0VJQ0FnSUQwOE9xYkRREAE,5.0,2019-10-19T18:09:03Z,2019-10-19T18:09:03Z,6 лет назад,,False,Google,https://www.google.com/maps/reviews/data=!4m8!14m7!1m6!2m5!1sChZDSUhNMG9nS0VJQ0FnSUQwOE9xYkRREAE!2m1!1s0x0:0xd64e2867f8256595!3m1!1s2@1:CIHM0ogKEICAgID08OqbDQ%7C%7C?hl=ru,2026-09-07T23:54:07.957773+00:00,4.3,276
Dissident,"Чистопрудный бул., 25, Москва, Россия, 101000",0x46b54a8a8da02ac9:0xd64e2867f8256595,ChdDSUhNMG9nS0VJQ0FnSUMwazhidHpBRRAB,3.0,2019-10-09T05:52:13Z,2019-10-09T05:52:13Z,6 лет назад,,False,Google,https://www.google.com/maps/reviews/data=!4m8!14m7!1m6!2m5!1sChdDSUhNMG9nS0VJQ0FnSUMwazhidHpBRRAB!2m1!1s0x0:0xd64e2867f8256595!3m1!1s2@1:CIHM0ogKEICAgIC0k8btzAE%7C%7C?hl=ru,2026-09-07T23:54:07.957919+00:00,4.3,276
Dissident,"Чистопрудный бул., 25, Москва, Россия, 101000",0x46b54a8a8da02ac9:0xd64e2867f8256595,ChdDSUhNMG9nS0VJQ0FnSUMwX2NLYXFBRRAB,5.0,2019-10-07T23:49:48Z,2019-10-07T23:49:48Z,6 лет назад,,False,Google,https://www.google.com/maps/reviews/data=!4m8!14m7!1m6!2m5!1sChdDSUhNMG9nS0VJQ0FnSUMwX2NLYXFBRRAB!2m1!1s0x0:0xd64e2867f8256595!3m1!1s2@1:CIHM0ogKEICAgIC0_cKaqAE%7C%7C?hl=ru,2026-09-07T23:54:07.957987+00:00,4.3,276
Dissident,"Чистопрудный бул., 25, Москва, Россия, 101000",0x46b54a8a8da02ac9:0xd64e2867f8256595,ChdDSUhNMG9nS0VJQ0FnSUMwalpIVm5RRRAB,3.0,2019-10-06T04:00:42Z,2019-10-06T04:00:42Z,6 лет назад,,False,Google,https://www.google.com/maps/reviews/data=!4m8!14m7!1m6!2m5!1sChdDSUhNMG9nS0VJQ0FnSUMwalpIVm5RRRAB!2m1!1s0x0:0xd64e2867f8256595!3m1!1s2@1:CIHM0ogKEICAgIC0jZHVnQE%7C%7C?hl=ru,2026-09-07T23:54:07.958026+00:00,4.3,276
Dissident,"Чистопрудный бул., 25, Москва, Россия, 101000",0x46b54a8a8da02ac9:0xd64e2867f8256595,ChdDSUhNMG9nS0VJQ0FnSUMwM3VMLTdnRRAB,5.0,2019-09-28T01:36:15Z,2019-09-28T01:36:15Z,6 лет назад,,False,Google,https://www.google.com/maps/reviews/data=!4m8!14m7!1m6!2m5!1sChdDSUhNMG9nS0VJQ0FnSUMwM3VMLTdnRRAB!2m1!1s0x0:0xd64e2867f8256595!3m1!1s2@1:CIHM0ogKEICAgIC03uL-7gE%7C%7C?hl=ru,2026-09-07T23:54:07.958057+00:00,4.3,276
Dissident,"Чистопрудный бул., 25, Москва, Россия, 101000",0x46b54a8a8da02ac9:0xd64e2867f8256595,ChdDSUhNMG9nS0VJQ0FnSUMwaHJUZW1nRRAB,5.0,2019-09-23T20:50:48Z,2019-09-23T20:50:48Z,6 лет назад,,False,Google,https://www.google.com/maps/reviews/data=!4m8!14m7!1m6!2m5!1sChdDSUhNMG9nS0VJQ0FnSUMwaHJUZW1nRRAB!2m1!1s0x0:0xd64e2867f8256595!3m1!1s2@1:CIHM0ogKEICAgIC0hrTemgE%7C%7C?hl=ru,2026-09-07T23:54:07.958087+00:00,4.3,276
Dissident,"Чистопрудный бул., 25, Москва, Россия, 101000",0x46b54a8a8da02ac9:0xd64e2867f8256595,ChZDSUhNMG9nS0VJQ0FnSUMwNHJiekhREAE,4.0,2019-09-20T10:34:12Z,2019-09-20T10:34:12Z,6 лет назад,,False,Google,https://www.google.com/maps/reviews/data=!4m8!14m7!1m6!2m5!1sChZDSUhNMG9nS0VJQ0FnSUMwNHJiekhREAE!2m1!1s0x0:0xd64e2867f8256595!3m1!1s2@1:CIHM0ogKEICAgIC04rbzHQ%7C%7C?hl=ru,2026-09-07T23:54:07.958116+00:00,4.3,276
Dissident,"Чистопрудный бул., 25, Москва, Россия, 101000",0x46b54a8a8da02ac9:0xd64e2867f8256595,ChZDSUhNMG9nS0VJQ0FnSUMweE83TWZnEAE,5.0,2019-09-15T02:23:41Z,2019-09-15T14:56:22Z,6 лет назад,"Были 30.08 и 14.09. Отличный underground-клуб, музыка на уровне! диджеи выдают качественные сеты, публика позитивная! отдельно можно отметить бармена(шу) Юлю, делала очень вкусные коктейли, оправдывающие свою цену 👍",True,Google,https://www.google.com/maps/reviews/data=!4m8!14m7!1m6!2m5!1sChZDSUhNMG9nS0VJQ0FnSUMweE83TWZnEAE!2m1!1s0x0:0xd64e2867f8256595!3m1!1s2@1:CIHM0ogKEICAgIC0xO7Mfg%7C%7C?hl=ru,2026-09-07T23:54:07.958146+00:00,4.3,276
Dissident,"Чистопрудный бул., 25, Москва, Россия, 101000",0x46b54a8a8da02ac9:0xd64e2867f8256595,ChZDSUhNMG9nS0VJQ0FnSURVcjR2eFNnEAE,1.0,2019-09-08T21:56:10Z,2019-09-08T21:56:32Z,6 лет назад,Обычный гадюшник с дорогим пиво,True,Google,https://www.google.com/maps/reviews/data=!4m8!14m7!1m6!2m5!1sChZDSUhNMG9nS0VJQ0FnSURVcjR2eFNnEAE!2m1!1s0x0:0xd64e2867f8256595!3m1!1s2@1:CIHM0ogKEICAgIDUr4vxSg%7C%7C?hl=ru,2026-09-07T23:54:07.958184+00:00,4.3,276
Dissident,"Чистопрудный бул., 25, Москва, Россия, 101000",0x46b54a8a8da02ac9:0xd64e2867f8256595,ChZDSUhNMG9nS0VJQ0FnSURVdDUyd1lREAE,5.0,2019-09-07T22:47:28Z,2019-09-07T22:47:28Z,7 лет назад,,False,Google,https://www.google.com/maps/reviews/data=!4m8!14m7!1m6!2m5!1sChZDSUhNMG9nS0VJQ0FnSURVdDUyd1lREAE!2m1!1s0x0:0xd64e2867f8256595!3m1!1s2@1:CIHM0ogKEICAgIDUt52wYQ%7C%7C?hl=ru,2026-09-07T23:54:08.493365+00:00,4.3,276
Dissident,"Чистопрудный бул., 25, Москва, Россия, 101000",0x46b54a8a8da02ac9:0xd64e2867f8256595,ChdDSUhNMG9nS0VJQ0FnSUR3MklxdnJRRRAB,5.0,2018-10-24T21:39:00Z,2019-09-07T05:20:55Z,Изменено 7 лет назад,Дух андеграунда пропитал эти стены,True,Google,https://www.google.com/maps/reviews/data=!4m8!14m7!1m6!2m5!1sChdDSUhNMG9nS0VJQ0FnSUR3MklxdnJRRRAB!2m1!1s0x0:0xd64e2867f8256595!3m1!1s2@1:CIHM0ogKEICAgIDw2IqvrQE%7C%7C?hl=ru,2026-09-07T23:54:08.493488+00:00,4.3,276
Dissident,"Чистопрудный бул., 25, Москва, Россия, 101000",0x46b54a8a8da02ac9:0xd64e2867f8256595,ChdDSUhNMG9nS0VJQ0FnSURVaWZxcmlBRRAB,5.0,2019-08-27T08:43:02Z,2019-08-27T08:43:02Z,7 лет назад,,False,Google,https://www.google.com/maps/reviews/data=!4m8!14m7!1m6!2m5!1sChdDSUhNMG9nS0VJQ0FnSURVaWZxcmlBRRAB!2m1!1s0x0:0xd64e2867f8256595!3m1!1s2@1:CIHM0ogKEICAgIDUifqriAE%7C%7C?hl=ru,2026-09-07T23:54:08.493525+00:00,4.3,276
Dissident,"Чистопрудный бул., 25, Москва, Россия, 101000",0x46b54a8a8da02ac9:0xd64e2867f8256595,ChZDSUhNMG9nS0VJQ0FnSURVdm9mZ2FBEAE,5.0,2019-08-24T23:26:15Z,2019-08-24T23:26:15Z,7 лет назад,,False,Google,https://www.google.com/maps/reviews/data=!4m8!14m7!1m6!2m5!1sChZDSUhNMG9nS0VJQ0FnSURVdm9mZ2FBEAE!2m1!1s0x0:0xd64e2867f8256595!3m1!1s2@1:CIHM0ogKEICAgIDUvofgaA%7C%7C?hl=ru,2026-09-07T23:54:08.493554+00:00,4.3,276
Dissident,"Чистопрудный бул., 25, Москва, Россия, 101000",0x46b54a8a8da02ac9:0xd64e2867f8256595,ChZDSUhNMG9nS0VJQ0FnSURVaE03OEp3EAE,5.0,2019-08-14T06:00:14Z,2019-08-14T06:00:14Z,7 лет назад,,False,Google,https://www.google.com/maps/reviews/data=!4m8!14m7!1m6!2m5!1sChZDSUhNMG9nS0VJQ0FnSURVaE03OEp3EAE!2m1!1s0x0:0xd64e2867f8256595!3m1!1s2@1:CIHM0ogKEICAgIDUhM78Jw%7C%7C?hl=ru,2026-09-07T23:54:08.493579+00:00,4.3,276
Dissident,"Чистопрудный бул., 25, Москва, Россия, 101000",0x46b54a8a8da02ac9:0xd64e2867f8256595,ChZDSUhNMG9nS0VJQ0FnSURVOEllU0lREAE,5.0,2019-08-12T05:41:09Z,2019-08-12T05:41:09Z,7 лет назад,,False,Google,https://www.google.com/maps/reviews/data=!4m8!14m7!1m6!2m5!1sChZDSUhNMG9nS0VJQ0FnSURVOEllU0lREAE!2m1!1s0x0:0xd64e2867f8256595!3m1!1s2@1:CIHM0ogKEICAgIDU8IeSIQ%7C%7C?hl=ru,2026-09-07T23:54:08.493603+00:00,4.3,276
Dissident,"Чистопрудный бул., 25, Москва, Россия, 101000",0x46b54a8a8da02ac9:0xd64e2867f8256595,ChZDSUhNMG9nS0VJQ0FnSURVNE1yNGJnEAE,5.0,2019-08-11T05:26:36Z,2019-08-11T05:26:36Z,7 лет назад,,False,Google,https://www.google.com/maps/reviews/data=!4m8!14m7!1m6!2m5!1sChZDSUhNMG9nS0VJQ0FnSURVNE1yNGJnEAE!2m1!1s0x0:0xd64e2867f8256595!3m1!1s2@1:CIHM0ogKEICAgIDU4Mr4bg%7C%7C?hl=ru,2026-09-07T23:54:08.493632+00:00,4.3,276
Dissident,"Чистопрудный бул., 25, Москва, Россия, 101000",0x46b54a8a8da02ac9:0xd64e2867f8256595,ChZDSUhNMG9nS0VJQ0FnSURVd0wtRE1nEAE,4.0,2019-08-10T21:35:04Z,2019-08-10T21:35:04Z,7 лет назад,,False,Google,https://www.google.com/maps/reviews/data=!4m8!14m7!1m6!2m5!1sChZDSUhNMG9nS0VJQ0FnSURVd0wtRE1nEAE!2m1!1s0x0:0xd64e2867f8256595!3m1!1s2@1:CIHM0ogKEICAgIDUwL-DMg%7C%7C?hl=ru,2026-09-07T23:54:08.493659+00:00,4.3,276
Dissident,"Чистопрудный бул., 25, Москва, Россия, 101000",0x46b54a8a8da02ac9:0xd64e2867f8256595,ChdDSUhNMG9nS0VJQ0FnSUNVcjRybHVRRRAB,4.0,2019-08-09T07:34:55Z,2019-08-09T07:34:55Z,7 лет назад,,False,Google,https://www.google.com/maps/reviews/data=!4m8!14m7!1m6!2m5!1sChdDSUhNMG9nS0VJQ0FnSUNVcjRybHVRRRAB!2m1!1s0x0:0xd64e2867f8256595!3m1!1s2@1:CIHM0ogKEICAgICUr4rluQE%7C%7C?hl=ru,2026-09-07T23:54:08.493682+00:00,4.3,276
Dissident,"Чистопрудный бул., 25, Москва, Россия, 101000",0x46b54a8a8da02ac9:0xd64e2867f8256595,ChdDSUhNMG9nS0VJQ0FnSUNVLThqVXB3RRAB,4.0,2019-08-06T10:56:11Z,2019-08-06T10:56:11Z,7 лет назад,,False,Google,https://www.google.com/maps/reviews/data=!4m8!14m7!1m6!2m5!1sChdDSUhNMG9nS0VJQ0FnSUNVLThqVXB3RRAB!2m1!1s0x0:0xd64e2867f8256595!3m1!1s2@1:CIHM0ogKEICAgICU-8jUpwE%7C%7C?hl=ru,2026-09-07T23:54:08.493711+00:00,4.3,276
Dissident,"Чистопрудный бул., 25, Москва, Россия, 101000",0x46b54a8a8da02ac9:0xd64e2867f8256595,ChdDSUhNMG9nS0VJQ0FnSUNVemN5VF9BRRAB,4.0,2019-07-31T20:36:18Z,2019-07-31T20:36:18Z,7 лет назад,,False,Google,https://www.google.com/maps/reviews/data=!4m8!14m7!1m6!2m5!1sChdDSUhNMG9nS0VJQ0FnSUNVemN5VF9BRRAB!2m1!1s0x0:0xd64e2867f8256595!3m1!1s2@1:CIHM0ogKEICAgICUzcyT_AE%7C%7C?hl=ru,2026-09-07T23:54:08.493734+00:00,4.3,276
Dissident,"Чистопрудный бул., 25, Москва, Россия, 101000",0x46b54a8a8da02ac9:0xd64e2867f8256595,ChZDSUhNMG9nS0VJQ0FnSUNVNHBpc0dREAE,4.0,2019-07-22T06:10:38Z,2019-07-22T06:10:38Z,7 лет назад,,False,Google,https://www.google.com/maps/reviews/data=!4m8!14m7!1m6!2m5!1sChZDSUhNMG9nS0VJQ0FnSUNVNHBpc0dREAE!2m1!1s0x0:0xd64e2867f8256595!3m1!1s2@1:CIHM0ogKEICAgICU4pisGQ%7C%7C?hl=ru,2026-09-07T23:54:08.493756+00:00,4.3,276
Dissident,"Чистопрудный бул., 25, Москва, Россия, 101000",0x46b54a8a8da02ac9:0xd64e2867f8256595,ChdDSUhNMG9nS0VJQ0FnSURrbl9iMm5RRRAB,3.0,2019-07-12T17:51:13Z,2019-07-12T17:51:13Z,7 лет назад,"Заведение все больше напоминает помойку, где у людей напрочь отключается мозг, все рамки приличий и нормы морали.

Ближе к утру вход больше напоминает сборище сварливых галдящих бабок разной степени потасканности.

Ну, и стабильно проблемы с вентиляцией на танцполе.

Зато бармен очень адекватная и просто няшка.",True,Google,https://www.google.com/maps/reviews/data=!4m8!14m7!1m6!2m5!1sChdDSUhNMG9nS0VJQ0FnSURrbl9iMm5RRRAB!2m1!1s0x0:0xd64e2867f8256595!3m1!1s2@1:CIHM0ogKEICAgIDkn_b2nQE%7C%7C?hl=ru,2026-09-07T23:54:08.493782+00:00,4.3,276
Dissident,"Чистопрудный бул., 25, Москва, Россия, 101000",0x46b54a8a8da02ac9:0xd64e2867f8256595,ChdDSUhNMG9nS0VJQ0FnSUNneklHWmtnRRAB,2.0,2017-11-29T18:26:43Z,2019-07-07T00:38:39Z,Изменено 7 лет назад,,False,Google,https://www.google.com/maps/reviews/data=!4m8!14m7!1m6!2m5!1sChdDSUhNMG9nS0VJQ0FnSUNneklHWmtnRRAB!2m1!1s0x0:0xd64e2867f8256595!3m1!1s2@1:CIHM0ogKEICAgICgzIGZkgE%7C%7C?hl=ru,2026-09-07T23:54:08.493820+00:00,4.3,276
Dissident,"Чистопрудный бул., 25, Москва, Россия, 101000",0x46b54a8a8da02ac9:0xd64e2867f8256595,ChdDSUhNMG9nS0VJQ0FnSURrdmVMWm93RRAB,5.0,2019-07-05T09:30:34Z,2019-07-05T09:30:34Z,7 лет назад,,False,Google,https://www.google.com/maps/reviews/data=!4m8!14m7!1m6!2m5!1sChdDSUhNMG9nS0VJQ0FnSURrdmVMWm93RRAB!2m1!1s0x0:0xd64e2867f8256595!3m1!1s2@1:CIHM0ogKEICAgIDkveLZowE%7C%7C?hl=ru,2026-09-07T23:54:08.493843+00:00,4.3,276
Dissident,"Чистопрудный бул., 25, Москва, Россия, 101000",0x46b54a8a8da02ac9:0xd64e2867f8256595,ChdDSUhNMG9nS0VJQ0FnSURrNGNIN2h3RRAB,5.0,2019-06-28T07:46:15Z,2019-06-28T07:46:15Z,7 лет назад,Отличные напитки,True,Google,https://www.google.com/maps/reviews/data=!4m8!14m7!1m6!2m5!1sChdDSUhNMG9nS0VJQ0FnSURrNGNIN2h3RRAB!2m1!1s0x0:0xd64e2867f8256595!3m1!1s2@1:CIHM0ogKEICAgIDk4cH7hwE%7C%7C?hl=ru,2026-09-07T23:54:08.493868+00:00,4.3,276
Dissident,"Чистопрудный бул., 25, Москва, Россия, 101000",0x46b54a8a8da02ac9:0xd64e2867f8256595,ChdDSUhNMG9nS0VJQ0FnSUNraXRTOW1RRRAB,3.0,2019-06-21T20:02:55Z,2019-06-21T20:02:55Z,7 лет назад,,False,Google,https://www.google.com/maps/reviews/data=!4m8!14m7!1m6!2m5!1sChdDSUhNMG9nS0VJQ0FnSUNraXRTOW1RRRAB!2m1!1s0x0:0xd64e2867f8256595!3m1!1s2@1:CIHM0ogKEICAgICkitS9mQE%7C%7C?hl=ru,2026-09-07T23:54:08.493894+00:00,4.3,276
Dissident,"Чистопрудный бул., 25, Москва, Россия, 101000",0x46b54a8a8da02ac9:0xd64e2867f8256595,ChdDSUhNMG9nS0VJQ0FnSURvbnQteF93RRAB,5.0,2019-03-17T08:46:45Z,2019-06-18T12:50:54Z,Изменено 7 лет назад,"Плясачки до десяти утра понедельника это вам не в офисе скрам любезничать. Диджеи разные, часто годные. Звук хороший, с кондиционером проблем не помню. Космически уютная лавочка на входе. Случаются дневачи (с 10 утра до 10 утра), случается бесплатный вход с 23 до полуночи, случаются подушки на лавочке. Интерьер постоянно чуть-чуть мутирует, что добавляет разнообразия (если ходить по 15 раз за месяц, это не сильно помогает). Есть кикер, есть с кем поиграть в кикер. Чай по 250, самса в дикси.",True,Google,https://www.google.com/maps/reviews/data=!4m8!14m7!1m6!2m5!1sChdDSUhNMG9nS0VJQ0FnSURvbnQteF93RRAB!2m1!1s0x0:0xd64e2867f8256595!3m1!1s2@1:CIHM0ogKEICAgIDont-x_wE%7C%7C?hl=ru,2026-09-07T23:54:08.493916+00:00,4.3,276
Dissident,"Чистопрудный бул., 25, Москва, Россия, 101000",0x46b54a8a8da02ac9:0xd64e2867f8256595,ChdDSUhNMG9nS0VJQ0FnSUNFX2FmVXpBRRAB,3.0,2019-06-17T07:28:16Z,2019-06-17T07:28:16Z,7 лет назад,,False,Google,https://www.google.com/maps/reviews/data=!4m8!14m7!1m6!2m5!1sChdDSUhNMG9nS0VJQ0FnSUNFX2FmVXpBRRAB!2m1!1s0x0:0xd64e2867f8256595!3m1!1s2@1:CIHM0ogKEICAgICE_afUzAE%7C%7C?hl=ru,2026-09-07T23:54:08.493956+00:00,4.3,276
Dissident,"Чистопрудный бул., 25, Москва, Россия, 101000",0x46b54a8a8da02ac9:0xd64e2867f8256595,ChZDSUhNMG9nS0VJQ0FnSUNFcWFMZ0RBEAE,3.0,2019-06-16T22:14:35Z,2019-06-16T22:14:35Z,7 лет назад,,False,Google,https://www.google.com/maps/reviews/data=!4m8!14m7!1m6!2m5!1sChZDSUhNMG9nS0VJQ0FnSUNFcWFMZ0RBEAE!2m1!1s0x0:0xd64e2867f8256595!3m1!1s2@1:CIHM0ogKEICAgICEqaLgDA%7C%7C?hl=ru,2026-09-07T23:54:08.493980+00:00,4.3,276
Dissident,"Чистопрудный бул., 25, Москва, Россия, 101000",0x46b54a8a8da02ac9:0xd64e2867f8256595,ChdDSUhNMG9nS0VJQ0FnSUQ0b3NPa2h3RRAB,5.0,2019-06-13T07:21:07Z,2019-06-13T07:21:07Z,7 лет назад,,False,Google,https://www.google.com/maps/reviews/data=!4m8!14m7!1m6!2m5!1sChdDSUhNMG9nS0VJQ0FnSUQ0b3NPa2h3RRAB!2m1!1s0x0:0xd64e2867f8256595!3m1!1s2@1:CIHM0ogKEICAgID4osOkhwE%7C%7C?hl=ru,2026-09-07T23:54:09.532372+00:00,4.3,276
Dissident,"Чистопрудный бул., 25, Москва, Россия, 101000",0x46b54a8a8da02ac9:0xd64e2867f8256595,ChdDSUhNMG9nS0VJQ0FnSUM0cWJ6anlBRRAB,5.0,2019-06-09T02:05:03Z,2019-06-09T02:05:03Z,7 лет назад,Душевное место,True,Google,https://www.google.com/maps/reviews/data=!4m8!14m7!1m6!2m5!1sChdDSUhNMG9nS0VJQ0FnSUM0cWJ6anlBRRAB!2m1!1s0x0:0xd64e2867f8256595!3m1!1s2@1:CIHM0ogKEICAgIC4qbzjyAE%7C%7C?hl=ru,2026-09-07T23:54:09.532614+00:00,4.3,276
Dissident,"Чистопрудный бул., 25, Москва, Россия, 101000",0x46b54a8a8da02ac9:0xd64e2867f8256595,ChZDSUhNMG9nS0VJQ0FnSURZajU2YWV3EAE,2.0,2019-05-27T09:11:38Z,2019-05-27T09:11:38Z,7 лет назад,Уныло.,True,Google,https://www.google.com/maps/reviews/data=!4m8!14m7!1m6!2m5!1sChZDSUhNMG9nS0VJQ0FnSURZajU2YWV3EAE!2m1!1s0x0:0xd64e2867f8256595!3m1!1s2@1:CIHM0ogKEICAgIDYj56aew%7C%7C?hl=ru,2026-09-07T23:54:09.532671+00:00,4.3,276
Dissident,"Чистопрудный бул., 25, Москва, Россия, 101000",0x46b54a8a8da02ac9:0xd64e2867f8256595,ChZDSUhNMG9nS0VJQ0FnSURZbDhxYkJREAE,5.0,2019-05-26T05:48:16Z,2019-05-26T05:48:45Z,7 лет назад,Типичный клуб для московских тусовок!!,True,Google,https://www.google.com/maps/reviews/data=!4m8!14m7!1m6!2m5!1sChZDSUhNMG9nS0VJQ0FnSURZbDhxYkJREAE!2m1!1s0x0:0xd64e2867f8256595!3m1!1s2@1:CIHM0ogKEICAgIDYl8qbBQ%7C%7C?hl=ru,2026-09-07T23:54:09.532708+00:00,4.3,276
Dissident,"Чистопрудный бул., 25, Москва, Россия, 101000",0x46b54a8a8da02ac9:0xd64e2867f8256595,ChdDSUhNMG9nS0VJQ0FnSURZcmRDZnFRRRAB,5.0,2019-05-18T07:23:32Z,2019-05-18T07:23:32Z,7 лет назад,,False,Google,https://www.google.com/maps/reviews/data=!4m8!14m7!1m6!2m5!1sChdDSUhNMG9nS0VJQ0FnSURZcmRDZnFRRRAB!2m1!1s0x0:0xd64e2867f8256595!3m1!1s2@1:CIHM0ogKEICAgIDYrdCfqQE%7C%7C?hl=ru,2026-09-07T23:54:09.532747+00:00,4.3,276
Dissident,"Чистопрудный бул., 25, Москва, Россия, 101000",0x46b54a8a8da02ac9:0xd64e2867f8256595,ChdDSUhNMG9nS0VJQ0FnSURZc2ZfVTN3RRAB,5.0,2019-05-15T11:16:04Z,2019-05-15T11:16:04Z,7 лет назад,Фантастическое место с неповторимой атмосферой.,True,Google,https://www.google.com/maps/reviews/data=!4m8!14m7!1m6!2m5!1sChdDSUhNMG9nS0VJQ0FnSURZc2ZfVTN3RRAB!2m1!1s0x0:0xd64e2867f8256595!3m1!1s2@1:CIHM0ogKEICAgIDYsf_U3wE%7C%7C?hl=ru,2026-09-07T23:54:09.532780+00:00,4.3,276
Dissident,"Чистопрудный бул., 25, Москва, Россия, 101000",0x46b54a8a8da02ac9:0xd64e2867f8256595,ChdDSUhNMG9nS0VJQ0FnSURZbHV6NV93RRAB,3.0,2019-05-11T03:40:30Z,2019-05-11T03:40:30Z,7 лет назад,"Крысиная на пару человек или пару приходов, ближний к вывозу зал очень душный, второй неплохо, но 600 рублей за такое не отдал бы больше",True,Google,https://www.google.com/maps/reviews/data=!4m8!14m7!1m6!2m5!1sChdDSUhNMG9nS0VJQ0FnSURZbHV6NV93RRAB!2m1!1s0x0:0xd64e2867f8256595!3m1!1s2@1:CIHM0ogKEICAgIDYluz5_wE%7C%7C?hl=ru,2026-09-07T23:54:09.532810+00:00,4.3,276
Dissident,"Чистопрудный бул., 25, Москва, Россия, 101000",0x46b54a8a8da02ac9:0xd64e2867f8256595,ChZDSUhNMG9nS0VJQ0FnSURZcXBQbFVBEAE,4.0,2019-05-07T18:30:46Z,2019-05-07T18:30:46Z,7 лет назад,"Действительно андеграунд, атмосфера, музыка что надо! Основная претензия андеграунд это не значит что может быть грязно и коктейли подтяните. Но несмотря на недостатки обязательно приду ещё.))",True,Google,https://www.google.com/maps/reviews/data=!4m8!14m7!1m6!2m5!1sChZDSUhNMG9nS0VJQ0FnSURZcXBQbFVBEAE!2m1!1s0x0:0xd64e2867f8256595!3m1!1s2@1:CIHM0ogKEICAgIDYqpPlUA%7C%7C?hl=ru,2026-09-07T23:54:09.532843+00:00,4.3,276
Dissident,"Чистопрудный бул., 25, Москва, Россия, 101000",0x46b54a8a8da02ac9:0xd64e2867f8256595,ChZDSUhNMG9nS0VJQ0FnSURZaXMtb0N3EAE,4.0,2019-05-07T04:21:53Z,2019-05-07T04:21:57Z,7 лет назад,,False,Google,https://www.google.com/maps/reviews/data=!4m8!14m7!1m6!2m5!1sChZDSUhNMG9nS0VJQ0FnSURZaXMtb0N3EAE!2m1!1s0x0:0xd64e2867f8256595!3m1!1s2@1:CIHM0ogKEICAgIDYis-oCw%7C%7C?hl=ru,2026-09-07T23:54:09.532874+00:00,4.3,276
Dissident,"Чистопрудный бул., 25, Москва, Россия, 101000",0x46b54a8a8da02ac9:0xd64e2867f8256595,ChZDSUhNMG9nS0VJQ0FnSURZOHFYR1lnEAE,4.0,2019-05-06T16:25:15Z,2019-05-06T16:25:15Z,7 лет назад,,False,Google,https://www.google.com/maps/reviews/data=!4m8!14m7!1m6!2m5!1sChZDSUhNMG9nS0VJQ0FnSURZOHFYR1lnEAE!2m1!1s0x0:0xd64e2867f8256595!3m1!1s2@1:CIHM0ogKEICAgIDY8qXGYg%7C%7C?hl=ru,2026-09-07T23:54:09.532903+00:00,4.3,276
Dissident,"Чистопрудный бул., 25, Москва, Россия, 101000",0x46b54a8a8da02ac9:0xd64e2867f8256595,ChdDSUhNMG9nS0VJQ0FnSURZZ3U2Y19BRRAB,4.0,2019-05-04T14:52:52Z,2019-05-04T14:52:52Z,7 лет назад,,False,Google,https://www.google.com/maps/reviews/data=!4m8!14m7!1m6!2m5!1sChdDSUhNMG9nS0VJQ0FnSURZZ3U2Y19BRRAB!2m1!1s0x0:0xd64e2867f8256595!3m1!1s2@1:CIHM0ogKEICAgIDYgu6c_AE%7C%7C?hl=ru,2026-09-07T23:54:09.532930+00:00,4.3,276
Dissident,"Чистопрудный бул., 25, Москва, Россия, 101000",0x46b54a8a8da02ac9:0xd64e2867f8256595,ChdDSUhNMG9nS0VJQ0FnSURZN01HTTlRRRAB,5.0,2019-05-03T03:57:53Z,2019-05-03T03:57:53Z,7 лет назад,After after party 😄😄😄,True,Google,https://www.google.com/maps/reviews/data=!4m8!14m7!1m6!2m5!1sChdDSUhNMG9nS0VJQ0FnSURZN01HTTlRRRAB!2m1!1s0x0:0xd64e2867f8256595!3m1!1s2@1:CIHM0ogKEICAgIDY7MGM9QE%7C%7C?hl=ru,2026-09-07T23:54:09.532991+00:00,4.3,276
Dissident,"Чистопрудный бул., 25, Москва, Россия, 101000",0x46b54a8a8da02ac9:0xd64e2867f8256595,ChdDSUhNMG9nS0VJQ0FnSURZbEpyQXBnRRAB,5.0,2019-04-30T19:06:53Z,2019-04-30T19:06:53Z,7 лет назад,,False,Google,https://www.google.com/maps/reviews/data=!4m8!14m7!1m6!2m5!1sChdDSUhNMG9nS0VJQ0FnSURZbEpyQXBnRRAB!2m1!1s0x0:0xd64e2867f8256595!3m1!1s2@1:CIHM0ogKEICAgIDYlJrApgE%7C%7C?hl=ru,2026-09-07T23:54:09.533023+00:00,4.3,276
Dissident,"Чистопрудный бул., 25, Москва, Россия, 101000",0x46b54a8a8da02ac9:0xd64e2867f8256595,ChZDSUhNMG9nS0VJQ0FnSURZbE96cEVBEAE,5.0,2019-04-30T18:10:46Z,2019-04-30T18:10:46Z,7 лет назад,Хорошее техно,True,Google,https://www.google.com/maps/reviews/data=!4m8!14m7!1m6!2m5!1sChZDSUhNMG9nS0VJQ0FnSURZbE96cEVBEAE!2m1!1s0x0:0xd64e2867f8256595!3m1!1s2@1:CIHM0ogKEICAgIDYlOzpEA%7C%7C?hl=ru,2026-09-07T23:54:09.533050+00:00,4.3,276
Dissident,"Чистопрудный бул., 25, Москва, Россия, 101000",0x46b54a8a8da02ac9:0xd64e2867f8256595,ChdDSUhNMG9nS0VJQ0FnSURZcUpYSTd3RRAB,4.0,2019-04-28T00:51:27Z,2019-04-28T00:51:27Z,7 лет назад,,False,Google,https://www.google.com/maps/reviews/data=!4m8!14m7!1m6!2m5!1sChdDSUhNMG9nS0VJQ0FnSURZcUpYSTd3RRAB!2m1!1s0x0:0xd64e2867f8256595!3m1!1s2@1:CIHM0ogKEICAgIDYqJXI7wE%7C%7C?hl=ru,2026-09-07T23:54:09.533075+00:00,4.3,276
Dissident,"Чистопрудный бул., 25, Москва, Россия, 101000",0x46b54a8a8da02ac9:0xd64e2867f8256595,ChZDSUhNMG9nS0VJQ0FnSURZcUtXQ1lREAE,5.0,2019-04-28T00:43:31Z,2019-04-28T00:43:31Z,7 лет назад,Wow,True,Google,https://www.google.com/maps/reviews/data=!4m8!14m7!1m6!2m5!1sChZDSUhNMG9nS0VJQ0FnSURZcUtXQ1lREAE!2m1!1s0x0:0xd64e2867f8256595!3m1!1s2@1:CIHM0ogKEICAgIDYqKWCYQ%7C%7C?hl=ru,2026-09-07T23:54:09.533101+00:00,4.3,276
Dissident,"Чистопрудный бул., 25, Москва, Россия, 101000",0x46b54a8a8da02ac9:0xd64e2867f8256595,ChdDSUhNMG9nS0VJQ0FnSUNZLTRPT25BRRAB,5.0,2019-04-21T23:52:10Z,2019-04-21T23:52:10Z,7 лет назад,,False,Google,https://www.google.com/maps/reviews/data=!4m8!14m7!1m6!2m5!1sChdDSUhNMG9nS0VJQ0FnSUNZLTRPT25BRRAB!2m1!1s0x0:0xd64e2867f8256595!3m1!1s2@1:CIHM0ogKEICAgICY-4OOnAE%7C%7C?hl=ru,2026-09-07T23:54:09.533127+00:00,4.3,276
Dissident,"Чистопрудный бул., 25, Москва, Россия, 101000",0x46b54a8a8da02ac9:0xd64e2867f8256595,ChZDSUhNMG9nS0VJQ0FnSUNZaTlPaENREAE,5.0,2019-04-20T00:42:31Z,2019-04-20T00:42:31Z,7 лет назад,,False,Google,https://www.google.com/maps/reviews/data=!4m8!14m7!1m6!2m5!1sChZDSUhNMG9nS0VJQ0FnSUNZaTlPaENREAE!2m1!1s0x0:0xd64e2867f8256595!3m1!1s2@1:CIHM0ogKEICAgICYi9OhCQ%7C%7C?hl=ru,2026-09-07T23:54:09.533152+00:00,4.3,276
Dissident,"Чистопрудный бул., 25, Москва, Россия, 101000",0x46b54a8a8da02ac9:0xd64e2867f8256595,ChdDSUhNMG9nS0VJQ0FnSUNZNDduZHdRRRAB,4.0,2019-04-18T12:34:41Z,2019-04-18T12:34:41Z,7 лет назад,,False,Google,https://www.google.com/maps/reviews/data=!4m8!14m7!1m6!2m5!1sChdDSUhNMG9nS0VJQ0FnSUNZNDduZHdRRRAB!2m1!1s0x0:0xd64e2867f8256595!3m1!1s2@1:CIHM0ogKEICAgICY47ndwQE%7C%7C?hl=ru,2026-09-07T23:54:09.533176+00:00,4.3,276
Dissident,"Чистопрудный бул., 25, Москва, Россия, 101000",0x46b54a8a8da02ac9:0xd64e2867f8256595,ChdDSUhNMG9nS0VJQ0FnSUNZNllxVW5nRRAB,5.0,2019-04-15T06:42:15Z,2019-04-15T06:42:15Z,7 лет назад,,False,Google,https://www.google.com/maps/reviews/data=!4m8!14m7!1m6!2m5!1sChdDSUhNMG9nS0VJQ0FnSUNZNllxVW5nRRAB!2m1!1s0x0:0xd64e2867f8256595!3m1!1s2@1:CIHM0ogKEICAgICY6YqUngE%7C%7C?hl=ru,2026-09-07T23:54:09.533200+00:00,4.3,276
СМЕНА,"Товарищеский пер., 4 стр 5, Москва, Россия, 109004",0x46b54ae851ba3871:0x8c59d3641653e23c,Ci9DQUlRQUNvZENodHljRjlvT2taMVNIQnFVa3BsT1d0c2VWSlFaMUZTVEZwcFJIYxAB,1.0,2026-07-12T20:49:37Z,2026-07-12T20:49:37Z,месяц назад,,False,Google,https://www.google.com/maps/reviews/data=!4m8!14m7!1m6!2m5!1sCi9DQUlRQUNvZENodHljRjlvT2taMVNIQnFVa3BsT1d0c2VWSlFaMUZTVEZwcFJIYxAB!2m1!1s0x0:0x8c59d3641653e23c!3m1!1s2@1:CAIQACodChtycF9oOkZ1SHBqUkplOWtseVJQZ1FSTFppRHc%7C%7C?hl=ru,2026-09-07T23:54:09.870091+00:00,3.4,93
СМЕНА,"Товарищеский пер., 4 стр 5, Москва, Россия, 109004",0x46b54ae851ba3871:0x8c59d3641653e23c,Ci9DQUlRQUNvZENodHljRjlvT2xSeVNGaGpWSFY1UjFGRU9XdHZSbUZvUmxBeGRXYxAB,1.0,2025-12-21T23:02:00Z,2025-12-21T23:02:00Z,8 месяцев назад,"Не понравилось то, что зал для рэп-концертов декорирован богаче рокерского, и то, что после концерта группы ""в себе"" на сцене выступал пошлый дед мороз.",True,Google,https://www.google.com/maps/reviews/data=!4m8!14m7!1m6!2m5!1sCi9DQUlRQUNvZENodHljRjlvT2xSeVNGaGpWSFY1UjFGRU9XdHZSbUZvUmxBeGRXYxAB!2m1!1s0x0:0x8c59d3641653e23c!3m1!1s2@1:CAIQACodChtycF9oOlRySFhjVHV5R1FEOWtvRmFoRlAxdWc%7C%7C?hl=ru,2026-09-07T23:54:09.870284+00:00,3.4,93
СМЕНА,"Товарищеский пер., 4 стр 5, Москва, Россия, 109004",0x46b54ae851ba3871:0x8c59d3641653e23c,Ci9DQUlRQUNvZENodHljRjlvT2s1M2F6WTNiREJ3U21kUFkwTTBOVnBSWDI5c01rRRAB,5.0,2025-06-28T18:06:38Z,2025-06-28T18:06:38Z,год назад,САМОЕ ЛУЧШЕЕ МЕСТО НА ПЛАНЕТЕ ЭВЕР!!!!11!!1!!1!!!1!11!!!,True,Google,https://www.google.com/maps/reviews/data=!4m8!14m7!1m6!2m5!1sCi9DQUlRQUNvZENodHljRjlvT2s1M2F6WTNiREJ3U21kUFkwTTBOVnBSWDI5c01rRRAB!2m1!1s0x0:0x8c59d3641653e23c!3m1!1s2@1:CAIQACodChtycF9oOk53azY3bDBwSmdPY0M0NVpRX29sMkE%7C%7C?hl=ru,2026-09-07T23:54:09.870378+00:00,3.4,93
СМЕНА,"Товарищеский пер., 4 стр 5, Москва, Россия, 109004",0x46b54ae851ba3871:0x8c59d3641653e23c,ChdDSUhNMG9nS0VNMjRwb1B3a1pYNHR3RRAB,1.0,2025-06-16T07:29:27Z,2025-06-16T07:29:27Z,год назад,"много хулиганов, опасное место",True,Google,https://www.google.com/maps/reviews/data=!4m8!14m7!1m6!2m5!1sChdDSUhNMG9nS0VNMjRwb1B3a1pYNHR3RRAB!2m1!1s0x0:0x8c59d3641653e23c!3m1!1s2@1:CIHM0ogKEM24poPwkZX4twE%7C%7C?hl=ru,2026-09-07T23:54:09.870440+00:00,3.4,93
СМЕНА,"Товарищеский пер., 4 стр 5, Москва, Россия, 109004",0x46b54ae851ba3871:0x8c59d3641653e23c,ChdDSUhNMG9nS0VJQ0FnSUNYZzZHdDJnRRAB,1.0,2024-10-19T21:01:41Z,2024-10-19T21:01:41Z,год назад,"Отвратительное место. В основном все впечатление портит охрана. Как ни странно, даже для тех, кто играет в этом «великолепном» клубе. Очень странные ребята с синдромом вахтера .",True,Google,https://www.google.com/maps/reviews/data=!4m8!14m7!1m6!2m5!1sChdDSUhNMG9nS0VJQ0FnSUNYZzZHdDJnRRAB!2m1!1s0x0:0x8c59d3641653e23c!3m1!1s2@1:CIHM0ogKEICAgICXg6Gt2gE%7C%7C?hl=ru,2026-09-07T23:54:09.870487+00:00,3.4,93
СМЕНА,"Товарищеский пер., 4 стр 5, Москва, Россия, 109004",0x46b54ae851ba3871:0x8c59d3641653e23c,ChZDSUhNMG9nS0VJQ0FnSUNibXV6cGRnEAE,1.0,2024-07-26T00:18:57Z,2024-07-26T00:18:57Z,2 года назад,"Это место уже долгие годы удерживает славу самого конченного клуба с самой конченой охраной в Москве.
Прикрываясь ""правилами"" которые противоречат номам закона о защите прав потребителя, они вымогают дополнительную плату за повторный вход, не смотря на то что у вас есть билет и штамп, которая может многократно превышать стоимость билета.  Еда отсутствует. Примитивные шоты и не слишком свежий лагер по цене от 350 рублей за 400 грамм, то есть с десятикратной наценкой.
Лично я бы вернулся в это место только если бы от этого зависела моя жизнь, да и то пришлось бы пересиливать себя.",True,Google,https://www.google.com/maps/reviews/data=!4m8!14m7!1m6!2m5!1sChZDSUhNMG9nS0VJQ0FnSUNibXV6cGRnEAE!2m1!1s0x0:0x8c59d3641653e23c!3m1!1s2@1:CIHM0ogKEICAgICbmuzpdg%7C%7C?hl=ru,2026-09-07T23:54:09.870527+00:00,3.4,93
СМЕНА,"Товарищеский пер., 4 стр 5, Москва, Россия, 109004",0x46b54ae851ba3871:0x8c59d3641653e23c,ChZDSUhNMG9nS0VJQ0FnSURydDRETUNnEAE,1.0,2024-07-21T03:37:26Z,2024-07-21T03:37:26Z,2 года назад,"Какой то кошмар. Музыка не сбалансированная, везде грязь. В каком то заброшенои сарае в подворотне напротив мусорных баков. В общем бомжатник. Не рекомендую от слова совсем.",True,Google,https://www.google.com/maps/reviews/data=!4m8!14m7!1m6!2m5!1sChZDSUhNMG9nS0VJQ0FnSURydDRETUNnEAE!2m1!1s0x0:0x8c59d3641653e23c!3m1!1s2@1:CIHM0ogKEICAgIDrt4DMCg%7C%7C?hl=ru,2026-09-07T23:54:09.870582+00:00,3.4,93
СМЕНА,"Товарищеский пер., 4 стр 5, Москва, Россия, 109004",0x46b54ae851ba3871:0x8c59d3641653e23c,ChZDSUhNMG9nS0VJQ0FnSUNUbTdfbUxREAE,5.0,2024-05-19T12:57:07Z,2024-05-19T12:57:07Z,2 года назад,"Офигенный клуб, есть несколько залов в помещении, и один на улице, говорят с бассейном) были в зале на ""Мочи новенького"" на выступлении какой-то группы! В целом нормальное место, только планировка дверей туалета явно была выполнена под кайфом, иначе туда зайти не так уж и просто, тесно и двери внутрь открываются, а так в целом круто😎🤘🏼🤘🏼",True,Google,https://www.google.com/maps/reviews/data=!4m8!14m7!1m6!2m5!1sChZDSUhNMG9nS0VJQ0FnSUNUbTdfbUxREAE!2m1!1s0x0:0x8c59d3641653e23c!3m1!1s2@1:CIHM0ogKEICAgICTm7_mLQ%7C%7C?hl=ru,2026-09-07T23:54:09.870620+00:00,3.4,93
СМЕНА,"Товарищеский пер., 4 стр 5, Москва, Россия, 109004",0x46b54ae851ba3871:0x8c59d3641653e23c,ChdDSUhNMG9nS0VJQ0FnSUM5eV9pWHdnRRAB,5.0,2024-03-09T19:07:51Z,2024-03-09T19:07:51Z,2 года назад,"Остались довольны отношением персонала 🙏начитались отзывов, ожидали худшего
Но очень заботливый персонал на самом деле",True,Google,https://www.google.com/maps/reviews/data=!4m8!14m7!1m6!2m5!1sChdDSUhNMG9nS0VJQ0FnSUM5eV9pWHdnRRAB!2m1!1s0x0:0x8c59d3641653e23c!3m1!1s2@1:CIHM0ogKEICAgIC9y_iXwgE%7C%7C?hl=ru,2026-09-07T23:54:10.039287+00:00,3.4,93
СМЕНА,"Товарищеский пер., 4 стр 5, Москва, Россия, 109004",0x46b54ae851ba3871:0x8c59d3641653e23c,ChdDSUhNMG9nS0VJQ0FnSUNWOWZ2LTZnRRAB,1.0,2023-12-08T17:46:22Z,2023-12-08T17:46:22Z,2 года назад,"Просто отвратительное место, крайне неприятно находится даже рядом, музыка ужасная, персонал не вежливый, атмосфера я вообще молчу, посетители представляют собой очень неприятных личностей, надеюсь его в скором времени закроют",True,Google,https://www.google.com/maps/reviews/data=!4m8!14m7!1m6!2m5!1sChdDSUhNMG9nS0VJQ0FnSUNWOWZ2LTZnRRAB!2m1!1s0x0:0x8c59d3641653e23c!3m1!1s2@1:CIHM0ogKEICAgICV9fv-6gE%7C%7C?hl=ru,2026-09-07T23:54:10.039527+00:00,3.4,93
СМЕНА,"Товарищеский пер., 4 стр 5, Москва, Россия, 109004",0x46b54ae851ba3871:0x8c59d3641653e23c,ChZDSUhNMG9nS0VJQ0FnSUQ1d3RXUkF3EAE,1.0,2023-10-21T09:38:35Z,2023-10-21T09:38:35Z,2 года назад,,False,Google,https://www.google.com/maps/reviews/data=!4m8!14m7!1m6!2m5!1sChZDSUhNMG9nS0VJQ0FnSUQ1d3RXUkF3EAE!2m1!1s0x0:0x8c59d3641653e23c!3m1!1s2@1:CIHM0ogKEICAgID5wtWRAw%7C%7C?hl=ru,2026-09-07T23:54:10.039663+00:00,3.4,93
СМЕНА,"Товарищеский пер., 4 стр 5, Москва, Россия, 109004",0x46b54ae851ba3871:0x8c59d3641653e23c,ChdDSUhNMG9nS0VJQ0FnSURaNklPNzJBRRAB,1.0,2023-09-23T16:02:09Z,2023-09-23T16:02:09Z,2 года назад,"Не пустили без объяснения причины, хотя билет на мероприятие был куплен. Охранник в балаклаве предложил зайти за снюс",True,Google,https://www.google.com/maps/reviews/data=!4m8!14m7!1m6!2m5!1sChdDSUhNMG9nS0VJQ0FnSURaNklPNzJBRRAB!2m1!1s0x0:0x8c59d3641653e23c!3m1!1s2@1:CIHM0ogKEICAgIDZ6IO72AE%7C%7C?hl=ru,2026-09-07T23:54:10.039715+00:00,3.4,93
СМЕНА,"Товарищеский пер., 4 стр 5, Москва, Россия, 109004",0x46b54ae851ba3871:0x8c59d3641653e23c,ChZDSUhNMG9nS0VJQ0FnSUNaaGVEZUd3EAE,5.0,2023-09-14T04:08:51Z,2023-09-14T04:11:05Z,2 года назад,Смена,True,Google,https://www.google.com/maps/reviews/data=!4m8!14m7!1m6!2m5!1sChZDSUhNMG9nS0VJQ0FnSUNaaGVEZUd3EAE!2m1!1s0x0:0x8c59d3641653e23c!3m1!1s2@1:CIHM0ogKEICAgICZheDeGw%7C%7C?hl=ru,2026-09-07T23:54:10.039757+00:00,3.4,93
СМЕНА,"Товарищеский пер., 4 стр 5, Москва, Россия, 109004",0x46b54ae851ba3871:0x8c59d3641653e23c,ChdDSUhNMG9nS0VJQ0FnSUNwZ2RxYXdRRRAB,4.0,2023-08-04T20:55:42Z,2023-08-04T20:55:42Z,3 года назад,,False,Google,https://www.google.com/maps/reviews/data=!4m8!14m7!1m6!2m5!1sChdDSUhNMG9nS0VJQ0FnSUNwZ2RxYXdRRRAB!2m1!1s0x0:0x8c59d3641653e23c!3m1!1s2@1:CIHM0ogKEICAgICpgdqawQE%7C%7C?hl=ru,2026-09-07T23:54:10.039788+00:00,3.4,93
СМЕНА,"Товарищеский пер., 4 стр 5, Москва, Россия, 109004",0x46b54ae851ba3871:0x8c59d3641653e23c,ChZDSUhNMG9nS0VJQ0FnSUNKdjcyQk5BEAE,5.0,2023-07-08T08:19:11Z,2023-07-08T08:25:58Z,3 года назад,"Был у вас вчера, потерял свой паспорт на имя ""Кенан Алиев"", скажите пожалуйста вы его находили ? Нашедшего просьба позвонить по номеру +79259270202",True,Google,https://www.google.com/maps/reviews/data=!4m8!14m7!1m6!2m5!1sChZDSUhNMG9nS0VJQ0FnSUNKdjcyQk5BEAE!2m1!1s0x0:0x8c59d3641653e23c!3m1!1s2@1:CIHM0ogKEICAgICJv72BNA%7C%7C?hl=ru,2026-09-07T23:54:10.039817+00:00,3.4,93
СМЕНА,"Товарищеский пер., 4 стр 5, Москва, Россия, 109004",0x46b54ae851ba3871:0x8c59d3641653e23c,ChZDSUhNMG9nS0VJQ0FnSURScGVxelVBEAE,1.0,2023-04-29T21:11:06Z,2023-04-29T21:11:06Z,3 года назад,,False,Google,https://www.google.com/maps/reviews/data=!4m8!14m7!1m6!2m5!1sChZDSUhNMG9nS0VJQ0FnSURScGVxelVBEAE!2m1!1s0x0:0x8c59d3641653e23c!3m1!1s2@1:CIHM0ogKEICAgIDRpeqzUA%7C%7C?hl=ru,2026-09-07T23:54:10.039852+00:00,3.4,93
СМЕНА,"Товарищеский пер., 4 стр 5, Москва, Россия, 109004",0x46b54ae851ba3871:0x8c59d3641653e23c,ChZDSUhNMG9nS0VJQ0FnSURtajltV0xnEAE,1.0,2022-02-12T20:47:25Z,2022-02-12T20:47:25Z,4 года назад,,False,Google,https://www.google.com/maps/reviews/data=!4m8!14m7!1m6!2m5!1sChZDSUhNMG9nS0VJQ0FnSURtajltV0xnEAE!2m1!1s0x0:0x8c59d3641653e23c!3m1!1s2@1:CIHM0ogKEICAgIDmj9mWLg%7C%7C?hl=ru,2026-09-07T23:54:10.039906+00:00,3.4,93
СМЕНА,"Товарищеский пер., 4 стр 5, Москва, Россия, 109004",0x46b54ae851ba3871:0x8c59d3641653e23c,ChZDSUhNMG9nS0VJQ0FnSURtdnJXQU53EAE,5.0,2022-01-29T21:57:38Z,2022-01-29T21:57:38Z,4 года назад,"Хороший клуб, рядом с метро, звук чёткий персонал адекватный",True,Google,https://www.google.com/maps/reviews/data=!4m8!14m7!1m6!2m5!1sChZDSUhNMG9nS0VJQ0FnSURtdnJXQU53EAE!2m1!1s0x0:0x8c59d3641653e23c!3m1!1s2@1:CIHM0ogKEICAgIDmvrWANw%7C%7C?hl=ru,2026-09-07T23:54:10.039942+00:00,3.4,93
СМЕНА,"Товарищеский пер., 4 стр 5, Москва, Россия, 109004",0x46b54ae851ba3871:0x8c59d3641653e23c,ChZDSUhNMG9nS0VJQ0FnSUNtNzh6alFREAE,2.0,2022-01-13T20:29:50Z,2022-01-13T20:29:50Z,4 года назад,,False,Google,https://www.google.com/maps/reviews/data=!4m8!14m7!1m6!2m5!1sChZDSUhNMG9nS0VJQ0FnSUNtNzh6alFREAE!2m1!1s0x0:0x8c59d3641653e23c!3m1!1s2@1:CIHM0ogKEICAgICm78zjQQ%7C%7C?hl=ru,2026-09-07T23:54:10.039975+00:00,3.4,93
СМЕНА,"Товарищеский пер., 4 стр 5, Москва, Россия, 109004",0x46b54ae851ba3871:0x8c59d3641653e23c,ChdDSUhNMG9nS0VJQ0FnSUNtMXA3WTNBRRAB,4.0,2021-12-27T23:07:02Z,2021-12-27T23:07:02Z,4 года назад,,False,Google,https://www.google.com/maps/reviews/data=!4m8!14m7!1m6!2m5!1sChdDSUhNMG9nS0VJQ0FnSUNtMXA3WTNBRRAB!2m1!1s0x0:0x8c59d3641653e23c!3m1!1s2@1:CIHM0ogKEICAgICm1p7Y3AE%7C%7C?hl=ru,2026-09-07T23:54:10.040009+00:00,3.4,93
СМЕНА,"Товарищеский пер., 4 стр 5, Москва, Россия, 109004",0x46b54ae851ba3871:0x8c59d3641653e23c,ChdDSUhNMG9nS0VJQ0FnSUNtcXZXSDVRRRAB,4.0,2021-12-24T20:45:10Z,2021-12-24T20:45:10Z,4 года назад,,False,Google,https://www.google.com/maps/reviews/data=!4m8!14m7!1m6!2m5!1sChdDSUhNMG9nS0VJQ0FnSUNtcXZXSDVRRRAB!2m1!1s0x0:0x8c59d3641653e23c!3m1!1s2@1:CIHM0ogKEICAgICmqvWH5QE%7C%7C?hl=ru,2026-09-07T23:54:10.040036+00:00,3.4,93
СМЕНА,"Товарищеский пер., 4 стр 5, Москва, Россия, 109004",0x46b54ae851ba3871:0x8c59d3641653e23c,ChZDSUhNMG9nS0VJQ0FnSUNtdUpLRllnEAE,5.0,2021-12-17T22:29:25Z,2021-12-17T22:29:25Z,4 года назад,Был на мероприятии от Карбоделики. Снимал выступление Jolly Thrill и остальных резидентов на чилсцене  Очень круто. Спасибо,True,Google,https://www.google.com/maps/reviews/data=!4m8!14m7!1m6!2m5!1sChZDSUhNMG9nS0VJQ0FnSUNtdUpLRllnEAE!2m1!1s0x0:0x8c59d3641653e23c!3m1!1s2@1:CIHM0ogKEICAgICmuJKFYg%7C%7C?hl=ru,2026-09-07T23:54:10.040062+00:00,3.4,93
СМЕНА,"Товарищеский пер., 4 стр 5, Москва, Россия, 109004",0x46b54ae851ba3871:0x8c59d3641653e23c,ChdDSUhNMG9nS0VJQ0FnSURHdFBhWXRBRRAB,5.0,2021-11-19T17:10:33Z,2021-11-19T17:10:33Z,4 года назад,"Отличный клуб
Была в прошлые выходные, все супер",True,Google,https://www.google.com/maps/reviews/data=!4m8!14m7!1m6!2m5!1sChdDSUhNMG9nS0VJQ0FnSURHdFBhWXRBRRAB!2m1!1s0x0:0x8c59d3641653e23c!3m1!1s2@1:CIHM0ogKEICAgIDGtPaYtAE%7C%7C?hl=ru,2026-09-07T23:54:10.040097+00:00,3.4,93
СМЕНА,"Товарищеский пер., 4 стр 5, Москва, Россия, 109004",0x46b54ae851ba3871:0x8c59d3641653e23c,ChdDSUhNMG9nS0VJQ0FnSUNHd3AtRHRnRRAB,1.0,2021-10-24T08:04:59Z,2021-10-24T08:04:59Z,4 года назад,,False,Google,https://www.google.com/maps/reviews/data=!4m8!14m7!1m6!2m5!1sChdDSUhNMG9nS0VJQ0FnSUNHd3AtRHRnRRAB!2m1!1s0x0:0x8c59d3641653e23c!3m1!1s2@1:CIHM0ogKEICAgICGwp-DtgE%7C%7C?hl=ru,2026-09-07T23:54:10.040125+00:00,3.4,93
СМЕНА,"Товарищеский пер., 4 стр 5, Москва, Россия, 109004",0x46b54ae851ba3871:0x8c59d3641653e23c,ChdDSUhNMG9nS0VJQ0FnSURxbXVpZ2p3RRAB,5.0,2021-07-05T15:18:24Z,2021-07-05T15:18:24Z,5 лет назад,,False,Google,https://www.google.com/maps/reviews/data=!4m8!14m7!1m6!2m5!1sChdDSUhNMG9nS0VJQ0FnSURxbXVpZ2p3RRAB!2m1!1s0x0:0x8c59d3641653e23c!3m1!1s2@1:CIHM0ogKEICAgIDqmuigjwE%7C%7C?hl=ru,2026-09-07T23:54:10.040151+00:00,3.4,93
СМЕНА,"Товарищеский пер., 4 стр 5, Москва, Россия, 109004",0x46b54ae851ba3871:0x8c59d3641653e23c,ChdDSUhNMG9nS0VJQ0FnSUNxcnAyazJ3RRAB,1.0,2021-06-07T08:46:59Z,2021-06-07T08:46:59Z,5 лет назад,"уровень гостеприимства примерно НУЛЕВОЙ, наплевательское отношение во всем.",True,Google,https://www.google.com/maps/reviews/data=!4m8!14m7!1m6!2m5!1sChdDSUhNMG9nS0VJQ0FnSUNxcnAyazJ3RRAB!2m1!1s0x0:0x8c59d3641653e23c!3m1!1s2@1:CIHM0ogKEICAgICqrp2k2wE%7C%7C?hl=ru,2026-09-07T23:54:10.040208+00:00,3.4,93
СМЕНА,"Товарищеский пер., 4 стр 5, Москва, Россия, 109004",0x46b54ae851ba3871:0x8c59d3641653e23c,ChZDSUhNMG9nS0VJQ0FnSUNxMk8tclh3EAE,5.0,2021-05-26T12:18:56Z,2021-05-26T12:18:56Z,5 лет назад,Очень понравилось место 😍 Приятные цены на баре и несколько танцполов с разнообразной музыкой🤤 Персонал помогает решать любые вопросы и проблемы! Обязательно скоро вернусь 🥰,True,Google,https://www.google.com/maps/reviews/data=!4m8!14m7!1m6!2m5!1sChZDSUhNMG9nS0VJQ0FnSUNxMk8tclh3EAE!2m1!1s0x0:0x8c59d3641653e23c!3m1!1s2@1:CIHM0ogKEICAgICq2O-rXw%7C%7C?hl=ru,2026-09-07T23:54:10.040255+00:00,3.4,93
СМЕНА,"Товарищеский пер., 4 стр 5, Москва, Россия, 109004",0x46b54ae851ba3871:0x8c59d3641653e23c,ChZDSUhNMG9nS0VJQ0FnSUNxaUlMdk13EAE,5.0,2021-05-24T23:37:40Z,2021-05-24T23:37:40Z,5 лет назад,Классное место! Все очень понравилось!,True,Google,https://www.google.com/maps/reviews/data=!4m8!14m7!1m6!2m5!1sChZDSUhNMG9nS0VJQ0FnSUNxaUlMdk13EAE!2m1!1s0x0:0x8c59d3641653e23c!3m1!1s2@1:CIHM0ogKEICAgICqiILvMw%7C%7C?hl=ru,2026-09-07T23:54:10.040296+00:00,3.4,93
СМЕНА,"Товарищеский пер., 4 стр 5, Москва, Россия, 109004",0x46b54ae851ba3871:0x8c59d3641653e23c,ChZDSUhNMG9nS0VJQ0FnSURLNy1uRlhnEAE,1.0,2021-05-21T09:04:08Z,2021-05-21T09:04:08Z,5 лет назад,,False,Google,https://www.google.com/maps/reviews/data=!4m8!14m7!1m6!2m5!1sChZDSUhNMG9nS0VJQ0FnSURLNy1uRlhnEAE!2m1!1s0x0:0x8c59d3641653e23c!3m1!1s2@1:CIHM0ogKEICAgIDK7-nFXg%7C%7C?hl=ru,2026-09-07T23:54:11.174354+00:00,3.4,93
СМЕНА,"Товарищеский пер., 4 стр 5, Москва, Россия, 109004",0x46b54ae851ba3871:0x8c59d3641653e23c,ChdDSUhNMG9nS0VJQ0FnSURLemFQdjJBRRAB,1.0,2021-05-16T15:13:59Z,2021-05-16T15:13:59Z,5 лет назад,"Клуб оказался отвратный: звук никакой, голый бетон, да дорогой бар",True,Google,https://www.google.com/maps/reviews/data=!4m8!14m7!1m6!2m5!1sChdDSUhNMG9nS0VJQ0FnSURLemFQdjJBRRAB!2m1!1s0x0:0x8c59d3641653e23c!3m1!1s2@1:CIHM0ogKEICAgIDKzaPv2AE%7C%7C?hl=ru,2026-09-07T23:54:11.175053+00:00,3.4,93
СМЕНА,"Товарищеский пер., 4 стр 5, Москва, Россия, 109004",0x46b54ae851ba3871:0x8c59d3641653e23c,ChZDSUhNMG9nS0VJQ0FnSURLeHZlSmRBEAE,1.0,2021-05-09T22:28:24Z,2021-05-09T22:28:24Z,5 лет назад,Отвратительное место,True,Google,https://www.google.com/maps/reviews/data=!4m8!14m7!1m6!2m5!1sChZDSUhNMG9nS0VJQ0FnSURLeHZlSmRBEAE!2m1!1s0x0:0x8c59d3641653e23c!3m1!1s2@1:CIHM0ogKEICAgIDKxveJdA%7C%7C?hl=ru,2026-09-07T23:54:11.175247+00:00,3.4,93
СМЕНА,"Товарищеский пер., 4 стр 5, Москва, Россия, 109004",0x46b54ae851ba3871:0x8c59d3641653e23c,ChZDSUhNMG9nS0VJQ0FnSUNLcGNYSUZnEAE,5.0,2021-04-12T16:11:13Z,2021-04-12T16:11:13Z,5 лет назад,Отличное место для андеграуновых тусовок. Хороший персонал. Есть кухня бар и несколько танцполов.,True,Google,https://www.google.com/maps/reviews/data=!4m8!14m7!1m6!2m5!1sChZDSUhNMG9nS0VJQ0FnSUNLcGNYSUZnEAE!2m1!1s0x0:0x8c59d3641653e23c!3m1!1s2@1:CIHM0ogKEICAgICKpcXIFg%7C%7C?hl=ru,2026-09-07T23:54:11.175299+00:00,3.4,93
СМЕНА,"Товарищеский пер., 4 стр 5, Москва, Россия, 109004",0x46b54ae851ba3871:0x8c59d3641653e23c,ChZDSUhNMG9nS0VJQ0FnSUNLMllIUUNREAE,1.0,2021-04-11T05:22:36Z,2021-04-11T05:23:02Z,5 лет назад,Клуб чисто нажираловка для людей которым ток недавно исполнилось 18 лет,True,Google,https://www.google.com/maps/reviews/data=!4m8!14m7!1m6!2m5!1sChZDSUhNMG9nS0VJQ0FnSUNLMllIUUNREAE!2m1!1s0x0:0x8c59d3641653e23c!3m1!1s2@1:CIHM0ogKEICAgICK2YHQCQ%7C%7C?hl=ru,2026-09-07T23:54:11.175338+00:00,3.4,93
СМЕНА,"Товарищеский пер., 4 стр 5, Москва, Россия, 109004",0x46b54ae851ba3871:0x8c59d3641653e23c,ChZDSUhNMG9nS0VJQ0FnSUNLaWYySlF3EAE,1.0,2021-04-09T20:48:39Z,2021-04-09T20:48:39Z,5 лет назад,"Отвратительное место, пугающий контингент из агрессивных малолеток, престранный персонал. Проверяющая билеты девушка вместо того, чтобы просканировать мой, просто спросила: ""Вы же не обманываете, вы его точно купили?"". Даже не нашлась, что ей ответить... Больше сюда ни ногой, хоть кто тут выступать будет.",True,Google,https://www.google.com/maps/reviews/data=!4m8!14m7!1m6!2m5!1sChZDSUhNMG9nS0VJQ0FnSUNLaWYySlF3EAE!2m1!1s0x0:0x8c59d3641653e23c!3m1!1s2@1:CIHM0ogKEICAgICKif2JQw%7C%7C?hl=ru,2026-09-07T23:54:11.175372+00:00,3.4,93
СМЕНА,"Товарищеский пер., 4 стр 5, Москва, Россия, 109004",0x46b54ae851ba3871:0x8c59d3641653e23c,ChZDSUhNMG9nS0VJQ0FnSUR5LWJIcGNREAE,5.0,2021-03-13T09:42:35Z,2021-03-13T09:42:35Z,5 лет назад,,False,Google,https://www.google.com/maps/reviews/data=!4m8!14m7!1m6!2m5!1sChZDSUhNMG9nS0VJQ0FnSUR5LWJIcGNREAE!2m1!1s0x0:0x8c59d3641653e23c!3m1!1s2@1:CIHM0ogKEICAgIDy-bHpcQ%7C%7C?hl=ru,2026-09-07T23:54:11.175409+00:00,3.4,93
СМЕНА,"Товарищеский пер., 4 стр 5, Москва, Россия, 109004",0x46b54ae851ba3871:0x8c59d3641653e23c,ChZDSUhNMG9nS0VJQ0FnSUR5M0xqYlBREAE,5.0,2021-02-27T19:13:58Z,2021-02-27T19:13:58Z,5 лет назад,,False,Google,https://www.google.com/maps/reviews/data=!4m8!14m7!1m6!2m5!1sChZDSUhNMG9nS0VJQ0FnSUR5M0xqYlBREAE!2m1!1s0x0:0x8c59d3641653e23c!3m1!1s2@1:CIHM0ogKEICAgIDy3LjbPQ%7C%7C?hl=ru,2026-09-07T23:54:11.175445+00:00,3.4,93
СМЕНА,"Товарищеский пер., 4 стр 5, Москва, Россия, 109004",0x46b54ae851ba3871:0x8c59d3641653e23c,ChdDSUhNMG9nS0VJQ0FnSUN5N2RlV3JnRRAB,5.0,2021-02-09T15:27:03Z,2021-02-09T15:27:03Z,5 лет назад,"Чётко, в натуре чётко",True,Google,https://www.google.com/maps/reviews/data=!4m8!14m7!1m6!2m5!1sChdDSUhNMG9nS0VJQ0FnSUN5N2RlV3JnRRAB!2m1!1s0x0:0x8c59d3641653e23c!3m1!1s2@1:CIHM0ogKEICAgICy7deWrgE%7C%7C?hl=ru,2026-09-07T23:54:11.175473+00:00,3.4,93
СМЕНА,"Товарищеский пер., 4 стр 5, Москва, Россия, 109004",0x46b54ae851ba3871:0x8c59d3641653e23c,ChdDSUhNMG9nS0VJQ0FnSUN5bGNtc3NRRRAB,1.0,2021-02-07T11:49:57Z,2021-02-07T11:49:57Z,5 лет назад,,False,Google,https://www.google.com/maps/reviews/data=!4m8!14m7!1m6!2m5!1sChdDSUhNMG9nS0VJQ0FnSUN5bGNtc3NRRRAB!2m1!1s0x0:0x8c59d3641653e23c!3m1!1s2@1:CIHM0ogKEICAgICylcmssQE%7C%7C?hl=ru,2026-09-07T23:54:11.175500+00:00,3.4,93
СМЕНА,"Товарищеский пер., 4 стр 5, Москва, Россия, 109004",0x46b54ae851ba3871:0x8c59d3641653e23c,ChZDSUhNMG9nS0VJQ0FnSURTdmJ2dEJ3EAE,5.0,2021-01-06T05:54:08Z,2021-01-06T05:54:08Z,5 лет назад,,False,Google,https://www.google.com/maps/reviews/data=!4m8!14m7!1m6!2m5!1sChZDSUhNMG9nS0VJQ0FnSURTdmJ2dEJ3EAE!2m1!1s0x0:0x8c59d3641653e23c!3m1!1s2@1:CIHM0ogKEICAgIDSvbvtBw%7C%7C?hl=ru,2026-09-07T23:54:11.175536+00:00,3.4,93
СМЕНА,"Товарищеский пер., 4 стр 5, Москва, Россия, 109004",0x46b54ae851ba3871:0x8c59d3641653e23c,ChdDSUhNMG9nS0VJQ0FnSURpeGRtWnFRRRAB,1.0,2020-12-09T20:22:42Z,2020-12-09T20:22:42Z,5 лет назад,,False,Google,https://www.google.com/maps/reviews/data=!4m8!14m7!1m6!2m5!1sChdDSUhNMG9nS0VJQ0FnSURpeGRtWnFRRRAB!2m1!1s0x0:0x8c59d3641653e23c!3m1!1s2@1:CIHM0ogKEICAgIDixdmZqQE%7C%7C?hl=ru,2026-09-07T23:54:11.175566+00:00,3.4,93
СМЕНА,"Товарищеский пер., 4 стр 5, Москва, Россия, 109004",0x46b54ae851ba3871:0x8c59d3641653e23c,ChZDSUhNMG9nS0VJQ0FnSURDeU8zbFhBEAE,1.0,2020-09-12T23:46:08Z,2020-09-12T23:46:08Z,5 лет назад,"Худшее, что я видела. Ужасное дорогое пойло, туалеты без дверей, в двух единственных кабинках с дверьми занимаются кексом:), одни торчки, платный проход, крохотный танцпол.
Спасибо за испорченный вечер! Мы никогда к вам больше не придём, даже на выставку днём!",True,Google,https://www.google.com/maps/reviews/data=!4m8!14m7!1m6!2m5!1sChZDSUhNMG9nS0VJQ0FnSURDeU8zbFhBEAE!2m1!1s0x0:0x8c59d3641653e23c!3m1!1s2@1:CIHM0ogKEICAgIDCyO3lXA%7C%7C?hl=ru,2026-09-07T23:54:11.175611+00:00,3.4,93
СМЕНА,"Товарищеский пер., 4 стр 5, Москва, Россия, 109004",0x46b54ae851ba3871:0x8c59d3641653e23c,ChdDSUhNMG9nS0VJQ0FnSUQ4MDc3WGlRRRAB,4.0,2020-07-28T10:08:57Z,2020-07-28T10:08:57Z,6 лет назад,,False,Google,https://www.google.com/maps/reviews/data=!4m8!14m7!1m6!2m5!1sChdDSUhNMG9nS0VJQ0FnSUQ4MDc3WGlRRRAB!2m1!1s0x0:0x8c59d3641653e23c!3m1!1s2@1:CIHM0ogKEICAgID8077XiQE%7C%7C?hl=ru,2026-09-07T23:54:11.175646+00:00,3.4,93
СМЕНА,"Товарищеский пер., 4 стр 5, Москва, Россия, 109004",0x46b54ae851ba3871:0x8c59d3641653e23c,ChdDSUhNMG9nS0VJQ0FnSUQ4emZqOHp3RRAB,2.0,2020-07-24T21:40:40Z,2020-07-24T21:40:40Z,6 лет назад,Плохой Диджей,True,Google,https://www.google.com/maps/reviews/data=!4m8!14m7!1m6!2m5!1sChdDSUhNMG9nS0VJQ0FnSUQ4emZqOHp3RRAB!2m1!1s0x0:0x8c59d3641653e23c!3m1!1s2@1:CIHM0ogKEICAgID8zfj8zwE%7C%7C?hl=ru,2026-09-07T23:54:11.175677+00:00,3.4,93
СМЕНА,"Товарищеский пер., 4 стр 5, Москва, Россия, 109004",0x46b54ae851ba3871:0x8c59d3641653e23c,ChdDSUhNMG9nS0VJQ0FnSUM4bTdUUHRRRRAB,5.0,2020-07-15T17:59:54Z,2020-07-15T18:03:19Z,6 лет назад,,False,Google,https://www.google.com/maps/reviews/data=!4m8!14m7!1m6!2m5!1sChdDSUhNMG9nS0VJQ0FnSUM4bTdUUHRRRRAB!2m1!1s0x0:0x8c59d3641653e23c!3m1!1s2@1:CIHM0ogKEICAgIC8m7TPtQE%7C%7C?hl=ru,2026-09-07T23:54:11.175705+00:00,3.4,93
СМЕНА,"Товарищеский пер., 4 стр 5, Москва, Россия, 109004",0x46b54ae851ba3871:0x8c59d3641653e23c,ChZDSUhNMG9nS0VJQ0FnSUM4azllaVBBEAE,1.0,2020-07-13T07:43:17Z,2020-07-13T07:43:17Z,6 лет назад,,False,Google,https://www.google.com/maps/reviews/data=!4m8!14m7!1m6!2m5!1sChZDSUhNMG9nS0VJQ0FnSUM4azllaVBBEAE!2m1!1s0x0:0x8c59d3641653e23c!3m1!1s2@1:CIHM0ogKEICAgIC8k9eiPA%7C%7C?hl=ru,2026-09-07T23:54:11.175731+00:00,3.4,93
СМЕНА,"Товарищеский пер., 4 стр 5, Москва, Россия, 109004",0x46b54ae851ba3871:0x8c59d3641653e23c,ChdDSUhNMG9nS0VJQ0FnSUM4b1liR25BRRAB,5.0,2020-07-09T11:32:09Z,2020-07-09T11:32:09Z,6 лет назад,,False,Google,https://www.google.com/maps/reviews/data=!4m8!14m7!1m6!2m5!1sChdDSUhNMG9nS0VJQ0FnSUM4b1liR25BRRAB!2m1!1s0x0:0x8c59d3641653e23c!3m1!1s2@1:CIHM0ogKEICAgIC8oYbGnAE%7C%7C?hl=ru,2026-09-07T23:54:11.175758+00:00,3.4,93
СМЕНА,"Товарищеский пер., 4 стр 5, Москва, Россия, 109004",0x46b54ae851ba3871:0x8c59d3641653e23c,ChdDSUhNMG9nS0VJQ0FnSUM4b2JLUTd3RRAB,5.0,2020-07-09T10:54:41Z,2020-07-09T10:54:41Z,6 лет назад,,False,Google,https://www.google.com/maps/reviews/data=!4m8!14m7!1m6!2m5!1sChdDSUhNMG9nS0VJQ0FnSUM4b2JLUTd3RRAB!2m1!1s0x0:0x8c59d3641653e23c!3m1!1s2@1:CIHM0ogKEICAgIC8obKQ7wE%7C%7C?hl=ru,2026-09-07T23:54:11.175872+00:00,3.4,93
СМЕНА,"Товарищеский пер., 4 стр 5, Москва, Россия, 109004",0x46b54ae851ba3871:0x8c59d3641653e23c,ChdDSUhNMG9nS0VJQ0FnSUM4b2RLX3JBRRAB,5.0,2020-07-09T10:54:29Z,2020-07-09T10:54:29Z,6 лет назад,Топ место! Всегда дружественная атмосфера и свежайшее певко!,True,Google,https://www.google.com/maps/reviews/data=!4m8!14m7!1m6!2m5!1sChdDSUhNMG9nS0VJQ0FnSUM4b2RLX3JBRRAB!2m1!1s0x0:0x8c59d3641653e23c!3m1!1s2@1:CIHM0ogKEICAgIC8odK_rAE%7C%7C?hl=ru,2026-09-07T23:54:11.176035+00:00,3.4,93
СМЕНА,"Товарищеский пер., 4 стр 5, Москва, Россия, 109004",0x46b54ae851ba3871:0x8c59d3641653e23c,ChZDSUhNMG9nS0VJQ0FnSUM4b2RMQkZREAE,5.0,2020-07-09T10:52:45Z,2020-07-09T10:52:45Z,6 лет назад,"Отличное место, пропитанное позитивной атмосферой! Я хоть и не пью сейчас, но и по-трезвому провожу время очень весело! После карантина встречаю там старых знакомых, пью лимонады и танцую под классную музыку)",True,Google,https://www.google.com/maps/reviews/data=!4m8!14m7!1m6!2m5!1sChZDSUhNMG9nS0VJQ0FnSUM4b2RMQkZREAE!2m1!1s0x0:0x8c59d3641653e23c!3m1!1s2@1:CIHM0ogKEICAgIC8odLBFQ%7C%7C?hl=ru,2026-09-07T23:54:12.698268+00:00,3.4,93
СМЕНА,"Товарищеский пер., 4 стр 5, Москва, Россия, 109004",0x46b54ae851ba3871:0x8c59d3641653e23c,ChZDSUhNMG9nS0VJQ0FnSUM4b2NMVlJ3EAE,5.0,2020-07-09T10:38:29Z,2020-07-09T10:38:29Z,6 лет назад,,False,Google,https://www.google.com/maps/reviews/data=!4m8!14m7!1m6!2m5!1sChZDSUhNMG9nS0VJQ0FnSUM4b2NMVlJ3EAE!2m1!1s0x0:0x8c59d3641653e23c!3m1!1s2@1:CIHM0ogKEICAgIC8ocLVRw%7C%7C?hl=ru,2026-09-07T23:54:12.698450+00:00,3.4,93
СМЕНА,"Товарищеский пер., 4 стр 5, Москва, Россия, 109004",0x46b54ae851ba3871:0x8c59d3641653e23c,ChZDSUhNMG9nS0VJQ0FnSUM4b2Z5S1lREAE,5.0,2020-07-09T10:29:34Z,2020-07-09T10:29:34Z,6 лет назад,,False,Google,https://www.google.com/maps/reviews/data=!4m8!14m7!1m6!2m5!1sChZDSUhNMG9nS0VJQ0FnSUM4b2Z5S1lREAE!2m1!1s0x0:0x8c59d3641653e23c!3m1!1s2@1:CIHM0ogKEICAgIC8ofyKYQ%7C%7C?hl=ru,2026-09-07T23:54:12.698498+00:00,3.4,93
СМЕНА,"Товарищеский пер., 4 стр 5, Москва, Россия, 109004",0x46b54ae851ba3871:0x8c59d3641653e23c,ChdDSUhNMG9nS0VJQ0FnSUM4b2J5dnNBRRAB,5.0,2020-07-09T10:28:17Z,2020-07-09T10:28:17Z,6 лет назад,,False,Google,https://www.google.com/maps/reviews/data=!4m8!14m7!1m6!2m5!1sChdDSUhNMG9nS0VJQ0FnSUM4b2J5dnNBRRAB!2m1!1s0x0:0x8c59d3641653e23c!3m1!1s2@1:CIHM0ogKEICAgIC8obyvsAE%7C%7C?hl=ru,2026-09-07T23:54:12.698531+00:00,3.4,93
СМЕНА,"Товарищеский пер., 4 стр 5, Москва, Россия, 109004",0x46b54ae851ba3871:0x8c59d3641653e23c,ChZDSUhNMG9nS0VJQ0FnSUM4b2J5QUVREAE,5.0,2020-07-09T10:24:51Z,2020-07-09T10:24:51Z,6 лет назад,,False,Google,https://www.google.com/maps/reviews/data=!4m8!14m7!1m6!2m5!1sChZDSUhNMG9nS0VJQ0FnSUM4b2J5QUVREAE!2m1!1s0x0:0x8c59d3641653e23c!3m1!1s2@1:CIHM0ogKEICAgIC8obyAEQ%7C%7C?hl=ru,2026-09-07T23:54:12.698561+00:00,3.4,93
СМЕНА,"Товарищеский пер., 4 стр 5, Москва, Россия, 109004",0x46b54ae851ba3871:0x8c59d3641653e23c,ChZDSUhNMG9nS0VJQ0FnSUM4d2EtNVFBEAE,5.0,2020-07-09T07:59:01Z,2020-07-09T07:59:01Z,6 лет назад,,False,Google,https://www.google.com/maps/reviews/data=!4m8!14m7!1m6!2m5!1sChZDSUhNMG9nS0VJQ0FnSUM4d2EtNVFBEAE!2m1!1s0x0:0x8c59d3641653e23c!3m1!1s2@1:CIHM0ogKEICAgIC8wa-5QA%7C%7C?hl=ru,2026-09-07T23:54:12.698591+00:00,3.4,93
СМЕНА,"Товарищеский пер., 4 стр 5, Москва, Россия, 109004",0x46b54ae851ba3871:0x8c59d3641653e23c,ChZDSUhNMG9nS0VJQ0FnSUNnMzhyRE1REAE,4.0,2018-10-04T13:31:40Z,2020-03-25T16:51:54Z,Изменено 6 лет назад,"Любимое место! Много пространства. Хорошее местоположение. Фэйсконтроль. Голые стены, но это как раз подходит для мероприятий, происходящих здесь. Есть подобие летней веранды. Постоянно рейвы, Тематические вечеринки, концерты и тд. Для определённого типа людей, скорее, но рады всем. Состояние сан узлов не очень, также как и здания, но сюда приходят не за этим. Есть фуд-корт, бар. В целом нельзя сказать чего-то конкретного о месте, тк все зависит от мероприятия, на которое вы пришли.",True,Google,https://www.google.com/maps/reviews/data=!4m8!14m7!1m6!2m5!1sChZDSUhNMG9nS0VJQ0FnSUNnMzhyRE1REAE!2m1!1s0x0:0x8c59d3641653e23c!3m1!1s2@1:CIHM0ogKEICAgICg38rDMQ%7C%7C?hl=ru,2026-09-07T23:54:12.698620+00:00,3.4,93
СМЕНА,"Товарищеский пер., 4 стр 5, Москва, Россия, 109004",0x46b54ae851ba3871:0x8c59d3641653e23c,ChZDSUhNMG9nS0VJQ0FnSURzd0tiVkxREAE,3.0,2020-02-20T08:03:58Z,2020-02-20T08:03:58Z,6 лет назад,,False,Google,https://www.google.com/maps/reviews/data=!4m8!14m7!1m6!2m5!1sChZDSUhNMG9nS0VJQ0FnSURzd0tiVkxREAE!2m1!1s0x0:0x8c59d3641653e23c!3m1!1s2@1:CIHM0ogKEICAgIDswKbVLQ%7C%7C?hl=ru,2026-09-07T23:54:12.698662+00:00,3.4,93
СМЕНА,"Товарищеский пер., 4 стр 5, Москва, Россия, 109004",0x46b54ae851ba3871:0x8c59d3641653e23c,ChdDSUhNMG9nS0VJQ0FnSUNzbDZ5UDl3RRAB,4.0,2020-02-16T23:51:45Z,2020-02-16T23:51:45Z,6 лет назад,,False,Google,https://www.google.com/maps/reviews/data=!4m8!14m7!1m6!2m5!1sChdDSUhNMG9nS0VJQ0FnSUNzbDZ5UDl3RRAB!2m1!1s0x0:0x8c59d3641653e23c!3m1!1s2@1:CIHM0ogKEICAgICsl6yP9wE%7C%7C?hl=ru,2026-09-07T23:54:12.698689+00:00,3.4,93
СМЕНА,"Товарищеский пер., 4 стр 5, Москва, Россия, 109004",0x46b54ae851ba3871:0x8c59d3641653e23c,ChZDSUhNMG9nS0VJQ0FnSUNzdHFmY2RREAE,5.0,2020-02-01T12:02:37Z,2020-02-01T12:02:37Z,6 лет назад,,False,Google,https://www.google.com/maps/reviews/data=!4m8!14m7!1m6!2m5!1sChZDSUhNMG9nS0VJQ0FnSUNzdHFmY2RREAE!2m1!1s0x0:0x8c59d3641653e23c!3m1!1s2@1:CIHM0ogKEICAgICstqfcdQ%7C%7C?hl=ru,2026-09-07T23:54:12.698714+00:00,3.4,93
СМЕНА,"Товарищеский пер., 4 стр 5, Москва, Россия, 109004",0x46b54ae851ba3871:0x8c59d3641653e23c,ChdDSUhNMG9nS0VJQ0FnSUNzb3JMQXF3RRAB,5.0,2020-01-26T18:53:02Z,2020-01-26T18:53:02Z,6 лет назад,Все ровно в этом заведении,True,Google,https://www.google.com/maps/reviews/data=!4m8!14m7!1m6!2m5!1sChdDSUhNMG9nS0VJQ0FnSUNzb3JMQXF3RRAB!2m1!1s0x0:0x8c59d3641653e23c!3m1!1s2@1:CIHM0ogKEICAgICsorLAqwE%7C%7C?hl=ru,2026-09-07T23:54:12.698740+00:00,3.4,93
СМЕНА,"Товарищеский пер., 4 стр 5, Москва, Россия, 109004",0x46b54ae851ba3871:0x8c59d3641653e23c,ChZDSUhNMG9nS0VJQ0FnSUNzZ3E2RE5nEAE,1.0,2020-01-26T09:47:13Z,2020-01-26T09:47:13Z,6 лет назад,,False,Google,https://www.google.com/maps/reviews/data=!4m8!14m7!1m6!2m5!1sChZDSUhNMG9nS0VJQ0FnSUNzZ3E2RE5nEAE!2m1!1s0x0:0x8c59d3641653e23c!3m1!1s2@1:CIHM0ogKEICAgICsgq6DNg%7C%7C?hl=ru,2026-09-07T23:54:12.698765+00:00,3.4,93
СМЕНА,"Товарищеский пер., 4 стр 5, Москва, Россия, 109004",0x46b54ae851ba3871:0x8c59d3641653e23c,ChZDSUhNMG9nS0VJQ0FnSUNzX05mUFNBEAE,1.0,2020-01-26T06:19:22Z,2020-01-26T06:19:22Z,6 лет назад,,False,Google,https://www.google.com/maps/reviews/data=!4m8!14m7!1m6!2m5!1sChZDSUhNMG9nS0VJQ0FnSUNzX05mUFNBEAE!2m1!1s0x0:0x8c59d3641653e23c!3m1!1s2@1:CIHM0ogKEICAgICs_NfPSA%7C%7C?hl=ru,2026-09-07T23:54:12.698790+00:00,3.4,93
СМЕНА,"Товарищеский пер., 4 стр 5, Москва, Россия, 109004",0x46b54ae851ba3871:0x8c59d3641653e23c,ChdDSUhNMG9nS0VJQ0FnSUNzdlBlYnFnRRAB,1.0,2020-01-25T23:39:35Z,2020-01-25T23:39:35Z,6 лет назад,"К самому месту претензий нет, но охрана поразила до глубины души в самом худшем смысле слова. Стал свидетелем как охранник без какого-либо повода толкнул моего друга, а в место извинений стал конкретно хамить и угрожать физической расправой. Пропало какое-либо желание возвращаться туда.",True,Google,https://www.google.com/maps/reviews/data=!4m8!14m7!1m6!2m5!1sChdDSUhNMG9nS0VJQ0FnSUNzdlBlYnFnRRAB!2m1!1s0x0:0x8c59d3641653e23c!3m1!1s2@1:CIHM0ogKEICAgICsvPebqgE%7C%7C?hl=ru,2026-09-07T23:54:12.698815+00:00,3.4,93
СМЕНА,"Товарищеский пер., 4 стр 5, Москва, Россия, 109004",0x46b54ae851ba3871:0x8c59d3641653e23c,ChZDSUhNMG9nS0VJQ0FnSUNzdkl1MldBEAE,1.0,2020-01-25T22:55:41Z,2020-01-25T22:55:41Z,6 лет назад,"Хамское поведение секьюрити. Начали выгонять с территории клуба, не разобравшись в ситуации. Менеджер клуба встала на сторону секьюрити и выгнала посетителей. В общем, персонал клуба - быдло и шпана.",True,Google,https://www.google.com/maps/reviews/data=!4m8!14m7!1m6!2m5!1sChZDSUhNMG9nS0VJQ0FnSUNzdkl1MldBEAE!2m1!1s0x0:0x8c59d3641653e23c!3m1!1s2@1:CIHM0ogKEICAgICsvIu2WA%7C%7C?hl=ru,2026-09-07T23:54:12.698847+00:00,3.4,93
СМЕНА,"Товарищеский пер., 4 стр 5, Москва, Россия, 109004",0x46b54ae851ba3871:0x8c59d3641653e23c,ChdDSUhNMG9nS0VJQ0FnSURNdHV5VG1nRRAB,5.0,2019-12-29T12:51:06Z,2019-12-29T12:51:06Z,6 лет назад,,False,Google,https://www.google.com/maps/reviews/data=!4m8!14m7!1m6!2m5!1sChdDSUhNMG9nS0VJQ0FnSURNdHV5VG1nRRAB!2m1!1s0x0:0x8c59d3641653e23c!3m1!1s2@1:CIHM0ogKEICAgIDMtuyTmgE%7C%7C?hl=ru,2026-09-07T23:54:12.698876+00:00,3.4,93
СМЕНА,"Товарищеский пер., 4 стр 5, Москва, Россия, 109004",0x46b54ae851ba3871:0x8c59d3641653e23c,ChdDSUhNMG9nS0VJQ0FnSUQwdmVfbGtRRRAB,5.0,2019-11-17T07:45:09Z,2019-11-17T07:45:09Z,6 лет назад,,False,Google,https://www.google.com/maps/reviews/data=!4m8!14m7!1m6!2m5!1sChdDSUhNMG9nS0VJQ0FnSUQwdmVfbGtRRRAB!2m1!1s0x0:0x8c59d3641653e23c!3m1!1s2@1:CIHM0ogKEICAgID0ve_lkQE%7C%7C?hl=ru,2026-09-07T23:54:12.698900+00:00,3.4,93
СМЕНА,"Товарищеский пер., 4 стр 5, Москва, Россия, 109004",0x46b54ae851ba3871:0x8c59d3641653e23c,ChZDSUhNMG9nS0VJQ0FnSUMwOTYzdWFREAE,5.0,2019-10-14T13:54:49Z,2019-10-14T13:54:49Z,6 лет назад,люблю смену за непринужденный формат. там же магазин обуви синтезия и небольшой приятный фудкорт. С открытием смены на таганке стало больше больше стильной молодежи - это радует,True,Google,https://www.google.com/maps/reviews/data=!4m8!14m7!1m6!2m5!1sChZDSUhNMG9nS0VJQ0FnSUMwOTYzdWFREAE!2m1!1s0x0:0x8c59d3641653e23c!3m1!1s2@1:CIHM0ogKEICAgIC0963uaQ%7C%7C?hl=ru,2026-09-07T23:54:12.698925+00:00,3.4,93
СМЕНА,"Товарищеский пер., 4 стр 5, Москва, Россия, 109004",0x46b54ae851ba3871:0x8c59d3641653e23c,ChdDSUhNMG9nS0VJQ0FnSUMwM2RpY3dnRRAB,3.0,2019-10-07T10:50:04Z,2019-10-07T10:50:04Z,6 лет назад,"A nice club with a lot of different dance floors. I am not giving it a lot of stars because most of the time the music was not my type. However, occasionally you could hear some nice techno tunes and I played on the last floor and there is a nice industrial-esck floor. Loved the setting.",True,Google,https://www.google.com/maps/reviews/data=!4m8!14m7!1m6!2m5!1sChdDSUhNMG9nS0VJQ0FnSUMwM2RpY3dnRRAB!2m1!1s0x0:0x8c59d3641653e23c!3m1!1s2@1:CIHM0ogKEICAgIC03dicwgE%7C%7C?hl=ru,2026-09-07T23:54:12.698954+00:00,3.4,93
СМЕНА,"Товарищеский пер., 4 стр 5, Москва, Россия, 109004",0x46b54ae851ba3871:0x8c59d3641653e23c,ChdDSUhNMG9nS0VJQ0FnSUNVX19EUGl3RRAB,1.0,2019-08-10T11:22:44Z,2019-08-10T11:22:44Z,7 лет назад,"Хуже нет этого места. С четверга до пн в ночь ужасная музыка до утра, что очень мешает спать. Прошу закрыть это злачное место.",True,Google,https://www.google.com/maps/reviews/data=!4m8!14m7!1m6!2m5!1sChdDSUhNMG9nS0VJQ0FnSUNVX19EUGl3RRAB!2m1!1s0x0:0x8c59d3641653e23c!3m1!1s2@1:CIHM0ogKEICAgICU__DPiwE%7C%7C?hl=ru,2026-09-07T23:54:12.698984+00:00,3.4,93
RNDM,"Наставнический пер., 13-15 строение 3, Москва, Россия, 109028",0x46b54af43ad2b571:0xaa7a8236037f8934,Ci9DQUlRQUNvZENodHljRjlvT2xab09FTkllRlp5WkRkRlpsQmhObGRWYTBwTVdHYxAB,5.0,2026-06-12T16:41:38Z,2026-06-12T16:41:38Z,2 месяца назад,Мой любимый клуб в Москвэ,True,Google,https://www.google.com/maps/reviews/data=!4m8!14m7!1m6!2m5!1sCi9DQUlRQUNvZENodHljRjlvT2xab09FTkllRlp5WkRkRlpsQmhObGRWYTBwTVdHYxAB!2m1!1s0x0:0xaa7a8236037f8934!3m1!1s2@1:CAIQACodChtycF9oOlZoOENIeFZyZDdFZlBhNldVa0pMWGc%7C%7C?hl=ru,2026-09-07T23:54:13.055248+00:00,4.6,389
RNDM,"Наставнический пер., 13-15 строение 3, Москва, Россия, 109028",0x46b54af43ad2b571:0xaa7a8236037f8934,Ci9DQUlRQUNvZENodHljRjlvT25CWlRuRnhNRXA2VkROblVtWm1MVFpyWmtWYVQxRRAB,5.0,2025-12-25T22:00:15Z,2025-12-25T22:00:15Z,8 месяцев назад,"потрясающее место со своей айдентикой, рекомендую, коктейли на высшем уровне",True,Google,https://www.google.com/maps/reviews/data=!4m8!14m7!1m6!2m5!1sCi9DQUlRQUNvZENodHljRjlvT25CWlRuRnhNRXA2VkROblVtWm1MVFpyWmtWYVQxRRAB!2m1!1s0x0:0xaa7a8236037f8934!3m1!1s2@1:CAIQACodChtycF9oOnBZTnFxMEp6VDNnUmZmLTZrZkVaT1E%7C%7C?hl=ru,2026-09-07T23:54:13.055432+00:00,4.6,389
RNDM,"Наставнический пер., 13-15 строение 3, Москва, Россия, 109028",0x46b54af43ad2b571:0xaa7a8236037f8934,ChZDSUhNMG9nS0VJQ0FnSURUNmItZVV3EAE,5.0,2024-05-25T21:35:05Z,2024-05-25T21:47:08Z,2 года назад,"Бармены лапушки, однозначно лучший белый русский здесь! Артёму отдельно спасибо 🩷",True,Google,https://www.google.com/maps/reviews/data=!4m8!14m7!1m6!2m5!1sChZDSUhNMG9nS0VJQ0FnSURUNmItZVV3EAE!2m1!1s0x0:0xaa7a8236037f8934!3m1!1s2@1:CIHM0ogKEICAgIDT6b-eUw%7C%7C?hl=ru,2026-09-07T23:54:13.055497+00:00,4.6,389
RNDM,"Наставнический пер., 13-15 строение 3, Москва, Россия, 109028",0x46b54af43ad2b571:0xaa7a8236037f8934,ChdDSUhNMG9nS0VJQ0FnSURKcTZDRWxRRRAB,1.0,2023-07-22T22:35:00Z,2023-07-22T22:37:17Z,3 года назад,"Маленький, уютный зал. Ужасные сапорт и работники. Хамоватые бармены. Дорогое меню, и от трети до половины нет ещё в наличии. Грустно и разочарованно.",True,Google,https://www.google.com/maps/reviews/data=!4m8!14m7!1m6!2m5!1sChdDSUhNMG9nS0VJQ0FnSURKcTZDRWxRRRAB!2m1!1s0x0:0xaa7a8236037f8934!3m1!1s2@1:CIHM0ogKEICAgIDJq6CElQE%7C%7C?hl=ru,2026-09-07T23:54:13.055544+00:00,4.6,389
RNDM,"Наставнический пер., 13-15 строение 3, Москва, Россия, 109028",0x46b54af43ad2b571:0xaa7a8236037f8934,ChdDSUhNMG9nS0VJQ0FnSUN4NHJxeHFBRRAB,2.0,2023-05-13T22:36:28Z,2023-05-13T22:36:28Z,3 года назад,,False,Google,https://www.google.com/maps/reviews/data=!4m8!14m7!1m6!2m5!1sChdDSUhNMG9nS0VJQ0FnSUN4NHJxeHFBRRAB!2m1!1s0x0:0xaa7a8236037f8934!3m1!1s2@1:CIHM0ogKEICAgICx4rqxqAE%7C%7C?hl=ru,2026-09-07T23:54:13.055586+00:00,4.6,389
RNDM,"Наставнический пер., 13-15 строение 3, Москва, Россия, 109028",0x46b54af43ad2b571:0xaa7a8236037f8934,ChZDSUhNMG9nS0VJQ0FnSUNXOHJHTkhREAE,5.0,2022-02-23T00:54:06Z,2022-02-23T00:54:06Z,4 года назад,,False,Google,https://www.google.com/maps/reviews/data=!4m8!14m7!1m6!2m5!1sChZDSUhNMG9nS0VJQ0FnSUNXOHJHTkhREAE!2m1!1s0x0:0xaa7a8236037f8934!3m1!1s2@1:CIHM0ogKEICAgICW8rGNHQ%7C%7C?hl=ru,2026-09-07T23:54:13.055622+00:00,4.6,389
RNDM,"Наставнический пер., 13-15 строение 3, Москва, Россия, 109028",0x46b54af43ad2b571:0xaa7a8236037f8934,ChZDSUhNMG9nS0VJQ0FnSURtdF8tQkRnEAE,5.0,2022-02-12T13:09:09Z,2022-02-12T13:09:09Z,4 года назад,"Короче рандом, я у вас кучу раз был и в благородство играть не буду. Выполнишь пару условий - и мы в расчете. Хрен его знает на кой ляд вам эти дабстепы, джанглы, драмэндбейсы сдались, учитывая что вакантное место «русского трезора» сейчас свободно, дайте нам больше тееехна, ну поставьте там клеточку перед диджейкой, расставьте пару чб телевизоров, на определенных тусах можно камеры заклеивать, а то декорации на тусовках отличаются в основном только работой со светом, но я в чужие дела не лезу, это скорее вопрос к промо",True,Google,https://www.google.com/maps/reviews/data=!4m8!14m7!1m6!2m5!1sChZDSUhNMG9nS0VJQ0FnSURtdF8tQkRnEAE!2m1!1s0x0:0xaa7a8236037f8934!3m1!1s2@1:CIHM0ogKEICAgIDmt_-BDg%7C%7C?hl=ru,2026-09-07T23:54:13.055653+00:00,4.6,389
RNDM,"Наставнический пер., 13-15 строение 3, Москва, Россия, 109028",0x46b54af43ad2b571:0xaa7a8236037f8934,ChdDSUhNMG9nS0VJQ0FnSURteTZYNDRnRRAB,5.0,2022-02-09T11:58:38Z,2022-02-09T11:58:38Z,4 года назад,отличное место для развлечений,True,Google,https://www.google.com/maps/reviews/data=!4m8!14m7!1m6!2m5!1sChdDSUhNMG9nS0VJQ0FnSURteTZYNDRnRRAB!2m1!1s0x0:0xaa7a8236037f8934!3m1!1s2@1:CIHM0ogKEICAgIDmy6X44gE%7C%7C?hl=ru,2026-09-07T23:54:13.055699+00:00,4.6,389
RNDM,"Наставнический пер., 13-15 строение 3, Москва, Россия, 109028",0x46b54af43ad2b571:0xaa7a8236037f8934,ChdDSUhNMG9nS0VJQ0FnSURteUtxOWdnRRAB,5.0,2022-01-17T07:08:06Z,2022-01-17T07:08:06Z,4 года назад,,False,Google,https://www.google.com/maps/reviews/data=!4m8!14m7!1m6!2m5!1sChdDSUhNMG9nS0VJQ0FnSURteUtxOWdnRRAB!2m1!1s0x0:0xaa7a8236037f8934!3m1!1s2@1:CIHM0ogKEICAgIDmyKq9ggE%7C%7C?hl=ru,2026-09-07T23:54:13.237421+00:00,4.6,389
RNDM,"Наставнический пер., 13-15 строение 3, Москва, Россия, 109028",0x46b54af43ad2b571:0xaa7a8236037f8934,ChdDSUhNMG9nS0VJQ0FnSUNtMnM2ZXhBRRAB,5.0,2021-12-25T18:37:20Z,2022-01-14T00:19:33Z,Изменено 4 года назад,Прекрасное место!),True,Google,https://www.google.com/maps/reviews/data=!4m8!14m7!1m6!2m5!1sChdDSUhNMG9nS0VJQ0FnSUNtMnM2ZXhBRRAB!2m1!1s0x0:0xaa7a8236037f8934!3m1!1s2@1:CIHM0ogKEICAgICm2s6exAE%7C%7C?hl=ru,2026-09-07T23:54:13.237594+00:00,4.6,389
RNDM,"Наставнический пер., 13-15 строение 3, Москва, Россия, 109028",0x46b54af43ad2b571:0xaa7a8236037f8934,ChdDSUhNMG9nS0VJQ0FnSUNtNzZTQnRnRRAB,5.0,2022-01-13T20:10:30Z,2022-01-13T20:10:30Z,4 года назад,"Крутое атмосферное место, чтобы получить максимальное удовольствие рекомендую заранее узнать формат пати на которое собираетесь.
Звук очень понравился. Находится максимально приятно.",True,Google,https://www.google.com/maps/reviews/data=!4m8!14m7!1m6!2m5!1sChdDSUhNMG9nS0VJQ0FnSUNtNzZTQnRnRRAB!2m1!1s0x0:0xaa7a8236037f8934!3m1!1s2@1:CIHM0ogKEICAgICm76SBtgE%7C%7C?hl=ru,2026-09-07T23:54:13.237681+00:00,4.6,389
RNDM,"Наставнический пер., 13-15 строение 3, Москва, Россия, 109028",0x46b54af43ad2b571:0xaa7a8236037f8934,ChdDSUhNMG9nS0VJQ0FnSUNtX1l5Nm1nRRAB,5.0,2022-01-07T01:45:51Z,2022-01-07T01:46:17Z,4 года назад,"Самый впечатляющий рейв последнего времени, лучшие д'н'б диджеи)",True,Google,https://www.google.com/maps/reviews/data=!4m8!14m7!1m6!2m5!1sChdDSUhNMG9nS0VJQ0FnSUNtX1l5Nm1nRRAB!2m1!1s0x0:0xaa7a8236037f8934!3m1!1s2@1:CIHM0ogKEICAgICm_Yy6mgE%7C%7C?hl=ru,2026-09-07T23:54:13.237761+00:00,4.6,389
RNDM,"Наставнический пер., 13-15 строение 3, Москва, Россия, 109028",0x46b54af43ad2b571:0xaa7a8236037f8934,ChZDSUhNMG9nS0VJQ0FnSUNtblllVmNREAE,5.0,2022-01-06T13:20:38Z,2022-01-06T13:21:15Z,4 года назад,"Нет раздевалки. Клуб маленький, но в общем и целом очень годный. Конечно, бывает столпотворения. Очень хороший звук и аппаратура. Пионерка наше всё :)",True,Google,https://www.google.com/maps/reviews/data=!4m8!14m7!1m6!2m5!1sChZDSUhNMG9nS0VJQ0FnSUNtblllVmNREAE!2m1!1s0x0:0xaa7a8236037f8934!3m1!1s2@1:CIHM0ogKEICAgICmnYeVcQ%7C%7C?hl=ru,2026-09-07T23:54:13.237811+00:00,4.6,389
RNDM,"Наставнический пер., 13-15 строение 3, Москва, Россия, 109028",0x46b54af43ad2b571:0xaa7a8236037f8934,ChZDSUhNMG9nS0VJQ0FnSUNtOWJHU2VREAE,5.0,2022-01-05T08:24:02Z,2022-01-05T08:24:02Z,4 года назад,,False,Google,https://www.google.com/maps/reviews/data=!4m8!14m7!1m6!2m5!1sChZDSUhNMG9nS0VJQ0FnSUNtOWJHU2VREAE!2m1!1s0x0:0xaa7a8236037f8934!3m1!1s2@1:CIHM0ogKEICAgICm9bGSeQ%7C%7C?hl=ru,2026-09-07T23:54:13.237854+00:00,4.6,389
RNDM,"Наставнический пер., 13-15 строение 3, Москва, Россия, 109028",0x46b54af43ad2b571:0xaa7a8236037f8934,ChdDSUhNMG9nS0VJQ0FnSUNtNWVUOXZRRRAB,4.0,2022-01-04T08:47:05Z,2022-01-04T08:47:07Z,4 года назад,"Туалеты чёткие, камер хранения нет, поэтому снимаю звезду. Музыка улёт, с подружкой подрыгались нормально внатуре. Придём ещё.",True,Google,https://www.google.com/maps/reviews/data=!4m8!14m7!1m6!2m5!1sChdDSUhNMG9nS0VJQ0FnSUNtNWVUOXZRRRAB!2m1!1s0x0:0xaa7a8236037f8934!3m1!1s2@1:CIHM0ogKEICAgICm5eT9vQE%7C%7C?hl=ru,2026-09-07T23:54:13.237892+00:00,4.6,389
RNDM,"Наставнический пер., 13-15 строение 3, Москва, Россия, 109028",0x46b54af43ad2b571:0xaa7a8236037f8934,ChdDSUhNMG9nS0VJQ0FnSUNtcGRuWWtnRRAB,5.0,2022-01-04T05:51:42Z,2022-01-04T05:51:42Z,4 года назад,,False,Google,https://www.google.com/maps/reviews/data=!4m8!14m7!1m6!2m5!1sChdDSUhNMG9nS0VJQ0FnSUNtcGRuWWtnRRAB!2m1!1s0x0:0xaa7a8236037f8934!3m1!1s2@1:CIHM0ogKEICAgICmpdnYkgE%7C%7C?hl=ru,2026-09-07T23:54:13.237928+00:00,4.6,389
RNDM,"Наставнический пер., 13-15 строение 3, Москва, Россия, 109028",0x46b54af43ad2b571:0xaa7a8236037f8934,ChZDSUhNMG9nS0VJQ0FnSURHM2FtUlZBEAE,5.0,2021-12-07T00:08:11Z,2021-12-07T00:08:11Z,4 года назад,,False,Google,https://www.google.com/maps/reviews/data=!4m8!14m7!1m6!2m5!1sChZDSUhNMG9nS0VJQ0FnSURHM2FtUlZBEAE!2m1!1s0x0:0xaa7a8236037f8934!3m1!1s2@1:CIHM0ogKEICAgIDG3amRVA%7C%7C?hl=ru,2026-09-07T23:54:13.237960+00:00,4.6,389
RNDM,"Наставнический пер., 13-15 строение 3, Москва, Россия, 109028",0x46b54af43ad2b571:0xaa7a8236037f8934,ChZDSUhNMG9nS0VJQ0FnSURHM2FDU1dBEAE,5.0,2021-12-06T20:31:16Z,2021-12-06T20:31:16Z,4 года назад,,False,Google,https://www.google.com/maps/reviews/data=!4m8!14m7!1m6!2m5!1sChZDSUhNMG9nS0VJQ0FnSURHM2FDU1dBEAE!2m1!1s0x0:0xaa7a8236037f8934!3m1!1s2@1:CIHM0ogKEICAgIDG3aCSWA%7C%7C?hl=ru,2026-09-07T23:54:13.237993+00:00,4.6,389
RNDM,"Наставнический пер., 13-15 строение 3, Москва, Россия, 109028",0x46b54af43ad2b571:0xaa7a8236037f8934,ChdDSUhNMG9nS0VJQ0FnSURHbnZhdGxnRRAB,5.0,2021-11-29T04:04:52Z,2021-11-29T04:04:52Z,4 года назад,,False,Google,https://www.google.com/maps/reviews/data=!4m8!14m7!1m6!2m5!1sChdDSUhNMG9nS0VJQ0FnSURHbnZhdGxnRRAB!2m1!1s0x0:0xaa7a8236037f8934!3m1!1s2@1:CIHM0ogKEICAgIDGnvatlgE%7C%7C?hl=ru,2026-09-07T23:54:13.238026+00:00,4.6,389
RNDM,"Наставнический пер., 13-15 строение 3, Москва, Россия, 109028",0x46b54af43ad2b571:0xaa7a8236037f8934,ChdDSUhNMG9nS0VJQ0FnSURHN29XaW9nRRAB,3.0,2021-11-28T21:52:50Z,2021-11-28T21:52:50Z,4 года назад,,False,Google,https://www.google.com/maps/reviews/data=!4m8!14m7!1m6!2m5!1sChdDSUhNMG9nS0VJQ0FnSURHN29XaW9nRRAB!2m1!1s0x0:0xaa7a8236037f8934!3m1!1s2@1:CIHM0ogKEICAgIDG7oWiogE%7C%7C?hl=ru,2026-09-07T23:54:13.238056+00:00,4.6,389
RNDM,"Наставнический пер., 13-15 строение 3, Москва, Россия, 109028",0x46b54af43ad2b571:0xaa7a8236037f8934,ChZDSUhNMG9nS0VJQ0FnSURHOXNuUWR3EAE,5.0,2021-11-27T20:03:45Z,2021-11-27T20:03:45Z,4 года назад,,False,Google,https://www.google.com/maps/reviews/data=!4m8!14m7!1m6!2m5!1sChZDSUhNMG9nS0VJQ0FnSURHOXNuUWR3EAE!2m1!1s0x0:0xaa7a8236037f8934!3m1!1s2@1:CIHM0ogKEICAgIDG9snQdw%7C%7C?hl=ru,2026-09-07T23:54:13.238086+00:00,4.6,389
RNDM,"Наставнический пер., 13-15 строение 3, Москва, Россия, 109028",0x46b54af43ad2b571:0xaa7a8236037f8934,ChdDSUhNMG9nS0VJQ0FnSURHLXRtcDVBRRAB,5.0,2021-11-25T16:54:40Z,2021-11-25T16:54:40Z,4 года назад,,False,Google,https://www.google.com/maps/reviews/data=!4m8!14m7!1m6!2m5!1sChdDSUhNMG9nS0VJQ0FnSURHLXRtcDVBRRAB!2m1!1s0x0:0xaa7a8236037f8934!3m1!1s2@1:CIHM0ogKEICAgIDG-tmp5AE%7C%7C?hl=ru,2026-09-07T23:54:13.238116+00:00,4.6,389
RNDM,"Наставнический пер., 13-15 строение 3, Москва, Россия, 109028",0x46b54af43ad2b571:0xaa7a8236037f8934,ChdDSUhNMG9nS0VJQ0FnSURHMHZIUG53RRAB,5.0,2021-11-23T09:03:06Z,2021-11-23T09:03:06Z,4 года назад,,False,Google,https://www.google.com/maps/reviews/data=!4m8!14m7!1m6!2m5!1sChdDSUhNMG9nS0VJQ0FnSURHMHZIUG53RRAB!2m1!1s0x0:0xaa7a8236037f8934!3m1!1s2@1:CIHM0ogKEICAgIDG0vHPnwE%7C%7C?hl=ru,2026-09-07T23:54:13.238146+00:00,4.6,389
RNDM,"Наставнический пер., 13-15 строение 3, Москва, Россия, 109028",0x46b54af43ad2b571:0xaa7a8236037f8934,ChZDSUhNMG9nS0VJQ0FnSURHN09xbWJ3EAE,5.0,2021-11-20T22:05:08Z,2021-11-20T22:05:08Z,4 года назад,,False,Google,https://www.google.com/maps/reviews/data=!4m8!14m7!1m6!2m5!1sChZDSUhNMG9nS0VJQ0FnSURHN09xbWJ3EAE!2m1!1s0x0:0xaa7a8236037f8934!3m1!1s2@1:CIHM0ogKEICAgIDG7Oqmbw%7C%7C?hl=ru,2026-09-07T23:54:13.238175+00:00,4.6,389
RNDM,"Наставнический пер., 13-15 строение 3, Москва, Россия, 109028",0x46b54af43ad2b571:0xaa7a8236037f8934,ChdDSUhNMG9nS0VJQ0FnSUNHcl9pUDJRRRAB,5.0,2021-11-13T08:13:09Z,2021-11-13T08:13:09Z,4 года назад,Отлично,True,Google,https://www.google.com/maps/reviews/data=!4m8!14m7!1m6!2m5!1sChdDSUhNMG9nS0VJQ0FnSUNHcl9pUDJRRRAB!2m1!1s0x0:0xaa7a8236037f8934!3m1!1s2@1:CIHM0ogKEICAgICGr_iP2QE%7C%7C?hl=ru,2026-09-07T23:54:13.238203+00:00,4.6,389
RNDM,"Наставнический пер., 13-15 строение 3, Москва, Россия, 109028",0x46b54af43ad2b571:0xaa7a8236037f8934,ChdDSUhNMG9nS0VJQ0FnSUNHajlxajFnRRAB,5.0,2021-11-12T21:13:55Z,2021-11-12T21:13:55Z,4 года назад,Maravilloso,True,Google,https://www.google.com/maps/reviews/data=!4m8!14m7!1m6!2m5!1sChdDSUhNMG9nS0VJQ0FnSUNHajlxajFnRRAB!2m1!1s0x0:0xaa7a8236037f8934!3m1!1s2@1:CIHM0ogKEICAgICGj9qj1gE%7C%7C?hl=ru,2026-09-07T23:54:13.238235+00:00,4.6,389
RNDM,"Наставнический пер., 13-15 строение 3, Москва, Россия, 109028",0x46b54af43ad2b571:0xaa7a8236037f8934,ChZDSUhNMG9nS0VJQ0FnSUNHMWRQT0J3EAE,5.0,2021-11-05T06:18:40Z,2021-11-05T06:18:40Z,4 года назад,"Нуууу, пять с натягом. Есть нюансы надеюсь сами поймут о чем я",True,Google,https://www.google.com/maps/reviews/data=!4m8!14m7!1m6!2m5!1sChZDSUhNMG9nS0VJQ0FnSUNHMWRQT0J3EAE!2m1!1s0x0:0xaa7a8236037f8934!3m1!1s2@1:CIHM0ogKEICAgICG1dPOBw%7C%7C?hl=ru,2026-09-07T23:54:13.238266+00:00,4.6,389
RNDM,"Наставнический пер., 13-15 строение 3, Москва, Россия, 109028",0x46b54af43ad2b571:0xaa7a8236037f8934,ChZDSUhNMG9nS0VJQ0FnSUNHdnFYT1VnEAE,5.0,2021-10-30T19:14:12Z,2021-10-30T19:14:12Z,4 года назад,,False,Google,https://www.google.com/maps/reviews/data=!4m8!14m7!1m6!2m5!1sChZDSUhNMG9nS0VJQ0FnSUNHdnFYT1VnEAE!2m1!1s0x0:0xaa7a8236037f8934!3m1!1s2@1:CIHM0ogKEICAgICGvqXOUg%7C%7C?hl=ru,2026-09-07T23:54:13.238299+00:00,4.6,389
RNDM,"Наставнический пер., 13-15 строение 3, Москва, Россия, 109028",0x46b54af43ad2b571:0xaa7a8236037f8934,ChdDSUhNMG9nS0VJQ0FnSUNHekppTTd3RRAB,3.0,2021-10-22T07:06:16Z,2021-10-22T07:06:16Z,4 года назад,,False,Google,https://www.google.com/maps/reviews/data=!4m8!14m7!1m6!2m5!1sChdDSUhNMG9nS0VJQ0FnSUNHekppTTd3RRAB!2m1!1s0x0:0xaa7a8236037f8934!3m1!1s2@1:CIHM0ogKEICAgICGzJiM7wE%7C%7C?hl=ru,2026-09-07T23:54:14.144413+00:00,4.6,389
RNDM,"Наставнический пер., 13-15 строение 3, Москва, Россия, 109028",0x46b54af43ad2b571:0xaa7a8236037f8934,ChdDSUhNMG9nS0VJQ0FnSUNHcUs2TDlnRRAB,5.0,2021-10-19T00:40:00Z,2021-10-19T00:40:00Z,4 года назад,Очень сексуально и красиво и класны,True,Google,https://www.google.com/maps/reviews/data=!4m8!14m7!1m6!2m5!1sChdDSUhNMG9nS0VJQ0FnSUNHcUs2TDlnRRAB!2m1!1s0x0:0xaa7a8236037f8934!3m1!1s2@1:CIHM0ogKEICAgICGqK6L9gE%7C%7C?hl=ru,2026-09-07T23:54:14.144635+00:00,4.6,389
RNDM,"Наставнический пер., 13-15 строение 3, Москва, Россия, 109028",0x46b54af43ad2b571:0xaa7a8236037f8934,ChdDSUhNMG9nS0VJQ0FnSUNHa1B2bDVnRRAB,5.0,2021-10-17T17:26:24Z,2021-10-17T17:26:24Z,4 года назад,,False,Google,https://www.google.com/maps/reviews/data=!4m8!14m7!1m6!2m5!1sChdDSUhNMG9nS0VJQ0FnSUNHa1B2bDVnRRAB!2m1!1s0x0:0xaa7a8236037f8934!3m1!1s2@1:CIHM0ogKEICAgICGkPvl5gE%7C%7C?hl=ru,2026-09-07T23:54:14.144703+00:00,4.6,389
RNDM,"Наставнический пер., 13-15 строение 3, Москва, Россия, 109028",0x46b54af43ad2b571:0xaa7a8236037f8934,ChdDSUhNMG9nS0VJQ0FnSUNHb05pSWpRRRAB,5.0,2021-10-17T01:32:57Z,2021-10-17T01:32:57Z,4 года назад,,False,Google,https://www.google.com/maps/reviews/data=!4m8!14m7!1m6!2m5!1sChdDSUhNMG9nS0VJQ0FnSUNHb05pSWpRRRAB!2m1!1s0x0:0xaa7a8236037f8934!3m1!1s2@1:CIHM0ogKEICAgICGoNiIjQE%7C%7C?hl=ru,2026-09-07T23:54:14.144743+00:00,4.6,389
RNDM,"Наставнический пер., 13-15 строение 3, Москва, Россия, 109028",0x46b54af43ad2b571:0xaa7a8236037f8934,ChdDSUhNMG9nS0VJQ0FnSUQ2czQ2UnRnRRAB,4.0,2021-10-10T18:36:41Z,2021-10-10T18:36:41Z,4 года назад,,False,Google,https://www.google.com/maps/reviews/data=!4m8!14m7!1m6!2m5!1sChdDSUhNMG9nS0VJQ0FnSUQ2czQ2UnRnRRAB!2m1!1s0x0:0xaa7a8236037f8934!3m1!1s2@1:CIHM0ogKEICAgID6s46RtgE%7C%7C?hl=ru,2026-09-07T23:54:14.144779+00:00,4.6,389
RNDM,"Наставнический пер., 13-15 строение 3, Москва, Россия, 109028",0x46b54af43ad2b571:0xaa7a8236037f8934,ChZDSUhNMG9nS0VJQ0FnSUQ2bzVpME5REAE,1.0,2021-10-09T16:37:00Z,2021-10-09T16:37:00Z,4 года назад,,False,Google,https://www.google.com/maps/reviews/data=!4m8!14m7!1m6!2m5!1sChZDSUhNMG9nS0VJQ0FnSUQ2bzVpME5REAE!2m1!1s0x0:0xaa7a8236037f8934!3m1!1s2@1:CIHM0ogKEICAgID6o5i0NQ%7C%7C?hl=ru,2026-09-07T23:54:14.144814+00:00,4.6,389
RNDM,"Наставнический пер., 13-15 строение 3, Москва, Россия, 109028",0x46b54af43ad2b571:0xaa7a8236037f8934,ChdDSUhNMG9nS0VJQ0FnSUNhMmMtbm1nRRAB,5.0,2021-08-04T03:33:14Z,2021-10-03T20:56:34Z,Изменено 4 года назад,Просто топ,True,Google,https://www.google.com/maps/reviews/data=!4m8!14m7!1m6!2m5!1sChdDSUhNMG9nS0VJQ0FnSUNhMmMtbm1nRRAB!2m1!1s0x0:0xaa7a8236037f8934!3m1!1s2@1:CIHM0ogKEICAgICa2c-nmgE%7C%7C?hl=ru,2026-09-07T23:54:14.144884+00:00,4.6,389
RNDM,"Наставнический пер., 13-15 строение 3, Москва, Россия, 109028",0x46b54af43ad2b571:0xaa7a8236037f8934,ChZDSUhNMG9nS0VJQ0FnSUQ2dXMzcVBBEAE,5.0,2021-09-27T12:36:55Z,2021-09-27T12:36:55Z,4 года назад,"Небольшое, приятное место со средними ценами. Бывают очереди у бара или в туалет. Мало сидячих мест правда здесь, но хорошая качественная музыка и вполне отличная еда.",True,Google,https://www.google.com/maps/reviews/data=!4m8!14m7!1m6!2m5!1sChZDSUhNMG9nS0VJQ0FnSUQ2dXMzcVBBEAE!2m1!1s0x0:0xaa7a8236037f8934!3m1!1s2@1:CIHM0ogKEICAgID6us3qPA%7C%7C?hl=ru,2026-09-07T23:54:14.144937+00:00,4.6,389
RNDM,"Наставнический пер., 13-15 строение 3, Москва, Россия, 109028",0x46b54af43ad2b571:0xaa7a8236037f8934,ChZDSUhNMG9nS0VJQ0FnSUQ2eXBXclJnEAE,4.0,2021-09-26T08:19:10Z,2021-09-26T08:19:10Z,4 года назад,,False,Google,https://www.google.com/maps/reviews/data=!4m8!14m7!1m6!2m5!1sChZDSUhNMG9nS0VJQ0FnSUQ2eXBXclJnEAE!2m1!1s0x0:0xaa7a8236037f8934!3m1!1s2@1:CIHM0ogKEICAgID6ypWrRg%7C%7C?hl=ru,2026-09-07T23:54:14.145019+00:00,4.6,389
RNDM,"Наставнический пер., 13-15 строение 3, Москва, Россия, 109028",0x46b54af43ad2b571:0xaa7a8236037f8934,ChZDSUhNMG9nS0VJQ0FnSUQ2a3RXRWRnEAE,5.0,2021-09-25T01:43:38Z,2021-09-25T01:43:38Z,4 года назад,,False,Google,https://www.google.com/maps/reviews/data=!4m8!14m7!1m6!2m5!1sChZDSUhNMG9nS0VJQ0FnSUQ2a3RXRWRnEAE!2m1!1s0x0:0xaa7a8236037f8934!3m1!1s2@1:CIHM0ogKEICAgID6ktWEdg%7C%7C?hl=ru,2026-09-07T23:54:14.145050+00:00,4.6,389
RNDM,"Наставнический пер., 13-15 строение 3, Москва, Россия, 109028",0x46b54af43ad2b571:0xaa7a8236037f8934,ChdDSUhNMG9nS0VJQ0FnSUQ2b3R1R2l3RRAB,5.0,2021-09-24T16:03:09Z,2021-09-24T16:03:09Z,4 года назад,"Уволить барменов, все настроение своими унылыми щами портят, 1 коктейль готовят по-разному",True,Google,https://www.google.com/maps/reviews/data=!4m8!14m7!1m6!2m5!1sChdDSUhNMG9nS0VJQ0FnSUQ2b3R1R2l3RRAB!2m1!1s0x0:0xaa7a8236037f8934!3m1!1s2@1:CIHM0ogKEICAgID6otuGiwE%7C%7C?hl=ru,2026-09-07T23:54:14.145078+00:00,4.6,389
RNDM,"Наставнический пер., 13-15 строение 3, Москва, Россия, 109028",0x46b54af43ad2b571:0xaa7a8236037f8934,ChZDSUhNMG9nS0VJQ0FnSUQ2dUxULUNnEAE,5.0,2021-09-20T10:06:34Z,2021-09-20T10:06:34Z,4 года назад,,False,Google,https://www.google.com/maps/reviews/data=!4m8!14m7!1m6!2m5!1sChZDSUhNMG9nS0VJQ0FnSUQ2dUxULUNnEAE!2m1!1s0x0:0xaa7a8236037f8934!3m1!1s2@1:CIHM0ogKEICAgID6uLT-Cg%7C%7C?hl=ru,2026-09-07T23:54:14.145108+00:00,4.6,389
RNDM,"Наставнический пер., 13-15 строение 3, Москва, Россия, 109028",0x46b54af43ad2b571:0xaa7a8236037f8934,ChZDSUhNMG9nS0VJQ0FnSUQ2aU16Q0VBEAE,5.0,2021-09-19T01:45:59Z,2021-09-19T01:45:59Z,4 года назад,,False,Google,https://www.google.com/maps/reviews/data=!4m8!14m7!1m6!2m5!1sChZDSUhNMG9nS0VJQ0FnSUQ2aU16Q0VBEAE!2m1!1s0x0:0xaa7a8236037f8934!3m1!1s2@1:CIHM0ogKEICAgID6iMzCEA%7C%7C?hl=ru,2026-09-07T23:54:14.145138+00:00,4.6,389
RNDM,"Наставнический пер., 13-15 строение 3, Москва, Россия, 109028",0x46b54af43ad2b571:0xaa7a8236037f8934,ChZDSUhNMG9nS0VJQ0FnSUM2X1l5QVd3EAE,5.0,2021-09-11T02:37:26Z,2021-09-11T02:37:26Z,4 года назад,,False,Google,https://www.google.com/maps/reviews/data=!4m8!14m7!1m6!2m5!1sChZDSUhNMG9nS0VJQ0FnSUM2X1l5QVd3EAE!2m1!1s0x0:0xaa7a8236037f8934!3m1!1s2@1:CIHM0ogKEICAgIC6_YyAWw%7C%7C?hl=ru,2026-09-07T23:54:14.145166+00:00,4.6,389
RNDM,"Наставнический пер., 13-15 строение 3, Москва, Россия, 109028",0x46b54af43ad2b571:0xaa7a8236037f8934,ChdDSUhNMG9nS0VJQ0FnSUM2bnJPWXNnRRAB,5.0,2021-09-05T07:34:53Z,2021-09-05T07:34:53Z,5 лет назад,Люкс,True,Google,https://www.google.com/maps/reviews/data=!4m8!14m7!1m6!2m5!1sChdDSUhNMG9nS0VJQ0FnSUM2bnJPWXNnRRAB!2m1!1s0x0:0xaa7a8236037f8934!3m1!1s2@1:CIHM0ogKEICAgIC6nrOYsgE%7C%7C?hl=ru,2026-09-07T23:54:14.145191+00:00,4.6,389
RNDM,"Наставнический пер., 13-15 строение 3, Москва, Россия, 109028",0x46b54af43ad2b571:0xaa7a8236037f8934,ChZDSUhNMG9nS0VJQ0FnSURheFpTMkhnEAE,5.0,2021-08-24T06:54:38Z,2021-08-24T07:00:16Z,5 лет назад,"Серия вечеринок Data- квинтэссенция лютого dram&bass, такого больше вы нигде не услышите. Организатору данных мероприятий Юрию aka dj Traffic огромный респект.",True,Google,https://www.google.com/maps/reviews/data=!4m8!14m7!1m6!2m5!1sChZDSUhNMG9nS0VJQ0FnSURheFpTMkhnEAE!2m1!1s0x0:0xaa7a8236037f8934!3m1!1s2@1:CIHM0ogKEICAgIDaxZS2Hg%7C%7C?hl=ru,2026-09-07T23:54:14.145217+00:00,4.6,389
RNDM,"Наставнический пер., 13-15 строение 3, Москва, Россия, 109028",0x46b54af43ad2b571:0xaa7a8236037f8934,ChdDSUhNMG9nS0VJQ0FnSURhZ2NEZ3R3RRAB,5.0,2021-08-23T09:45:16Z,2021-08-23T09:45:16Z,5 лет назад,"Все супер,два часа эпилепсии,собака в шоке)
А если серьёзно, все мероприятия и сам клуб пушка)",True,Google,https://www.google.com/maps/reviews/data=!4m8!14m7!1m6!2m5!1sChdDSUhNMG9nS0VJQ0FnSURhZ2NEZ3R3RRAB!2m1!1s0x0:0xaa7a8236037f8934!3m1!1s2@1:CIHM0ogKEICAgIDagcDgtwE%7C%7C?hl=ru,2026-09-07T23:54:14.145248+00:00,4.6,389
RNDM,"Наставнический пер., 13-15 строение 3, Москва, Россия, 109028",0x46b54af43ad2b571:0xaa7a8236037f8934,ChdDSUhNMG9nS0VJQ0FnSURhenVYWl9RRRAB,5.0,2021-08-21T23:34:18Z,2021-08-21T23:34:18Z,5 лет назад,"В первые был на подобным мероприятие, очень душевно,отличная музыка и обстановка!)",True,Google,https://www.google.com/maps/reviews/data=!4m8!14m7!1m6!2m5!1sChdDSUhNMG9nS0VJQ0FnSURhenVYWl9RRRAB!2m1!1s0x0:0xaa7a8236037f8934!3m1!1s2@1:CIHM0ogKEICAgIDazuXZ_QE%7C%7C?hl=ru,2026-09-07T23:54:14.145276+00:00,4.6,389
RNDM,"Наставнический пер., 13-15 строение 3, Москва, Россия, 109028",0x46b54af43ad2b571:0xaa7a8236037f8934,ChZDSUhNMG9nS0VJQ0FnSURhMXZYaUpREAE,5.0,2021-08-21T03:34:46Z,2021-08-21T03:34:46Z,5 лет назад,,False,Google,https://www.google.com/maps/reviews/data=!4m8!14m7!1m6!2m5!1sChZDSUhNMG9nS0VJQ0FnSURhMXZYaUpREAE!2m1!1s0x0:0xaa7a8236037f8934!3m1!1s2@1:CIHM0ogKEICAgIDa1vXiJQ%7C%7C?hl=ru,2026-09-07T23:54:14.145307+00:00,4.6,389
RNDM,"Наставнический пер., 13-15 строение 3, Москва, Россия, 109028",0x46b54af43ad2b571:0xaa7a8236037f8934,ChdDSUhNMG9nS0VJQ0FnSURhcUpEaDVRRRAB,1.0,2021-08-13T23:05:23Z,2021-08-13T23:05:23Z,5 лет назад,,False,Google,https://www.google.com/maps/reviews/data=!4m8!14m7!1m6!2m5!1sChdDSUhNMG9nS0VJQ0FnSURhcUpEaDVRRRAB!2m1!1s0x0:0xaa7a8236037f8934!3m1!1s2@1:CIHM0ogKEICAgIDaqJDh5QE%7C%7C?hl=ru,2026-09-07T23:54:14.145369+00:00,4.6,389
RNDM,"Наставнический пер., 13-15 строение 3, Москва, Россия, 109028",0x46b54af43ad2b571:0xaa7a8236037f8934,ChZDSUhNMG9nS0VJQ0FnSURhd1BpT0V3EAE,5.0,2021-08-12T13:12:21Z,2021-08-12T13:12:21Z,5 лет назад,,False,Google,https://www.google.com/maps/reviews/data=!4m8!14m7!1m6!2m5!1sChZDSUhNMG9nS0VJQ0FnSURhd1BpT0V3EAE!2m1!1s0x0:0xaa7a8236037f8934!3m1!1s2@1:CIHM0ogKEICAgIDawPiOEw%7C%7C?hl=ru,2026-09-07T23:54:15.961268+00:00,4.6,389
RNDM,"Наставнический пер., 13-15 строение 3, Москва, Россия, 109028",0x46b54af43ad2b571:0xaa7a8236037f8934,ChZDSUhNMG9nS0VJQ0FnSUNhbGV6MWJREAE,5.0,2021-08-05T12:05:30Z,2021-08-05T12:05:30Z,5 лет назад,,False,Google,https://www.google.com/maps/reviews/data=!4m8!14m7!1m6!2m5!1sChZDSUhNMG9nS0VJQ0FnSUNhbGV6MWJREAE!2m1!1s0x0:0xaa7a8236037f8934!3m1!1s2@1:CIHM0ogKEICAgICalez1bQ%7C%7C?hl=ru,2026-09-07T23:54:15.961542+00:00,4.6,389
RNDM,"Наставнический пер., 13-15 строение 3, Москва, Россия, 109028",0x46b54af43ad2b571:0xaa7a8236037f8934,ChZDSUhNMG9nS0VJQ0FnSUNhLWE3Z2R3EAE,5.0,2021-08-04T11:41:34Z,2021-08-04T11:41:34Z,5 лет назад,,False,Google,https://www.google.com/maps/reviews/data=!4m8!14m7!1m6!2m5!1sChZDSUhNMG9nS0VJQ0FnSUNhLWE3Z2R3EAE!2m1!1s0x0:0xaa7a8236037f8934!3m1!1s2@1:CIHM0ogKEICAgICa-a7gdw%7C%7C?hl=ru,2026-09-07T23:54:15.961614+00:00,4.6,389
RNDM,"Наставнический пер., 13-15 строение 3, Москва, Россия, 109028",0x46b54af43ad2b571:0xaa7a8236037f8934,ChZDSUhNMG9nS0VJQ0FnSUNhcnVQSVNnEAE,5.0,2021-08-01T07:15:50Z,2021-08-01T14:33:39Z,5 лет назад,,False,Google,https://www.google.com/maps/reviews/data=!4m8!14m7!1m6!2m5!1sChZDSUhNMG9nS0VJQ0FnSUNhcnVQSVNnEAE!2m1!1s0x0:0xaa7a8236037f8934!3m1!1s2@1:CIHM0ogKEICAgICaruPISg%7C%7C?hl=ru,2026-09-07T23:54:15.961680+00:00,4.6,389
RNDM,"Наставнический пер., 13-15 строение 3, Москва, Россия, 109028",0x46b54af43ad2b571:0xaa7a8236037f8934,ChdDSUhNMG9nS0VJQ0FnSUNhcnVuYnFnRRAB,4.0,2021-08-01T05:57:56Z,2021-08-01T05:57:56Z,5 лет назад,,False,Google,https://www.google.com/maps/reviews/data=!4m8!14m7!1m6!2m5!1sChdDSUhNMG9nS0VJQ0FnSUNhcnVuYnFnRRAB!2m1!1s0x0:0xaa7a8236037f8934!3m1!1s2@1:CIHM0ogKEICAgICarunbqgE%7C%7C?hl=ru,2026-09-07T23:54:15.961730+00:00,4.6,389
RNDM,"Наставнический пер., 13-15 строение 3, Москва, Россия, 109028",0x46b54af43ad2b571:0xaa7a8236037f8934,ChdDSUhNMG9nS0VJQ0FnSUNhckx2RTN3RRAB,5.0,2021-07-25T05:58:31Z,2021-07-27T16:15:02Z,Изменено 5 лет назад,,False,Google,https://www.google.com/maps/reviews/data=!4m8!14m7!1m6!2m5!1sChdDSUhNMG9nS0VJQ0FnSUNhckx2RTN3RRAB!2m1!1s0x0:0xaa7a8236037f8934!3m1!1s2@1:CIHM0ogKEICAgICarLvE3wE%7C%7C?hl=ru,2026-09-07T23:54:15.961763+00:00,4.6,389
RNDM,"Наставнический пер., 13-15 строение 3, Москва, Россия, 109028",0x46b54af43ad2b571:0xaa7a8236037f8934,ChZDSUhNMG9nS0VJQ0FnSUNhM0lHQkJBEAE,5.0,2021-07-25T19:15:28Z,2021-07-25T19:15:28Z,5 лет назад,,False,Google,https://www.google.com/maps/reviews/data=!4m8!14m7!1m6!2m5!1sChZDSUhNMG9nS0VJQ0FnSUNhM0lHQkJBEAE!2m1!1s0x0:0xaa7a8236037f8934!3m1!1s2@1:CIHM0ogKEICAgICa3IGBBA%7C%7C?hl=ru,2026-09-07T23:54:15.961795+00:00,4.6,389
RNDM,"Наставнический пер., 13-15 строение 3, Москва, Россия, 109028",0x46b54af43ad2b571:0xaa7a8236037f8934,ChdDSUhNMG9nS0VJQ0FnSUNhN01DOW1nRRAB,5.0,2021-07-25T07:03:27Z,2021-07-25T07:03:27Z,5 лет назад,Был сегодня на равенстве было офигено первый рейв после спячки,True,Google,https://www.google.com/maps/reviews/data=!4m8!14m7!1m6!2m5!1sChdDSUhNMG9nS0VJQ0FnSUNhN01DOW1nRRAB!2m1!1s0x0:0xaa7a8236037f8934!3m1!1s2@1:CIHM0ogKEICAgICa7MC9mgE%7C%7C?hl=ru,2026-09-07T23:54:15.961823+00:00,4.6,389
RNDM,"Наставнический пер., 13-15 строение 3, Москва, Россия, 109028",0x46b54af43ad2b571:0xaa7a8236037f8934,ChZDSUhNMG9nS0VJQ0FnSUNhck5PWUt3EAE,5.0,2021-07-25T05:26:42Z,2021-07-25T05:26:42Z,5 лет назад,"Был на тусовке. Небольшое помещение, звук хороший, есть 3 сан узла, бар и летние посадки. Почувствовал только один конец, было жарковато и нет дым машины. Визуально приятно. Зайду ещё раз.",True,Google,https://www.google.com/maps/reviews/data=!4m8!14m7!1m6!2m5!1sChZDSUhNMG9nS0VJQ0FnSUNhck5PWUt3EAE!2m1!1s0x0:0xaa7a8236037f8934!3m1!1s2@1:CIHM0ogKEICAgICarNOYKw%7C%7C?hl=ru,2026-09-07T23:54:15.961854+00:00,4.6,389
RNDM,"Наставнический пер., 13-15 строение 3, Москва, Россия, 109028",0x46b54af43ad2b571:0xaa7a8236037f8934,ChZDSUhNMG9nS0VJQ0FnSURxMTlHZENBEAE,5.0,2021-07-18T03:08:09Z,2021-07-18T03:08:09Z,5 лет назад,,False,Google,https://www.google.com/maps/reviews/data=!4m8!14m7!1m6!2m5!1sChZDSUhNMG9nS0VJQ0FnSURxMTlHZENBEAE!2m1!1s0x0:0xaa7a8236037f8934!3m1!1s2@1:CIHM0ogKEICAgIDq19GdCA%7C%7C?hl=ru,2026-09-07T23:54:15.961886+00:00,4.6,389
RNDM,"Наставнический пер., 13-15 строение 3, Москва, Россия, 109028",0x46b54af43ad2b571:0xaa7a8236037f8934,ChdDSUhNMG9nS0VJQ0FnSURxNFl6XzFnRRAB,5.0,2021-07-11T04:32:13Z,2021-07-11T04:33:29Z,5 лет назад,Аудио-Система Funktion One одна из лучших в мире там👉,True,Google,https://www.google.com/maps/reviews/data=!4m8!14m7!1m6!2m5!1sChdDSUhNMG9nS0VJQ0FnSURxNFl6XzFnRRAB!2m1!1s0x0:0xaa7a8236037f8934!3m1!1s2@1:CIHM0ogKEICAgIDq4Yz_1gE%7C%7C?hl=ru,2026-09-07T23:54:15.961912+00:00,4.6,389
RNDM,"Наставнический пер., 13-15 строение 3, Москва, Россия, 109028",0x46b54af43ad2b571:0xaa7a8236037f8934,ChZDSUhNMG9nS0VJQ0FnSURxeU1pRUpREAE,5.0,2021-06-26T20:18:21Z,2021-06-26T20:18:21Z,5 лет назад,,False,Google,https://www.google.com/maps/reviews/data=!4m8!14m7!1m6!2m5!1sChZDSUhNMG9nS0VJQ0FnSURxeU1pRUpREAE!2m1!1s0x0:0xaa7a8236037f8934!3m1!1s2@1:CIHM0ogKEICAgIDqyMiEJQ%7C%7C?hl=ru,2026-09-07T23:54:15.961955+00:00,4.6,389
RNDM,"Наставнический пер., 13-15 строение 3, Москва, Россия, 109028",0x46b54af43ad2b571:0xaa7a8236037f8934,ChZDSUhNMG9nS0VJQ0FnSUNxMl9pNFVREAE,3.0,2021-06-19T19:13:15Z,2021-06-19T19:13:15Z,5 лет назад,,False,Google,https://www.google.com/maps/reviews/data=!4m8!14m7!1m6!2m5!1sChZDSUhNMG9nS0VJQ0FnSUNxMl9pNFVREAE!2m1!1s0x0:0xaa7a8236037f8934!3m1!1s2@1:CIHM0ogKEICAgICq2_i4UQ%7C%7C?hl=ru,2026-09-07T23:54:15.961981+00:00,4.6,389
RNDM,"Наставнический пер., 13-15 строение 3, Москва, Россия, 109028",0x46b54af43ad2b571:0xaa7a8236037f8934,ChZDSUhNMG9nS0VJQ0FnSUNxdmZ6ZGNnEAE,5.0,2021-06-16T07:34:51Z,2021-06-16T07:34:51Z,5 лет назад,,False,Google,https://www.google.com/maps/reviews/data=!4m8!14m7!1m6!2m5!1sChZDSUhNMG9nS0VJQ0FnSUNxdmZ6ZGNnEAE!2m1!1s0x0:0xaa7a8236037f8934!3m1!1s2@1:CIHM0ogKEICAgICqvfzdcg%7C%7C?hl=ru,2026-09-07T23:54:15.962005+00:00,4.6,389
RNDM,"Наставнический пер., 13-15 строение 3, Москва, Россия, 109028",0x46b54af43ad2b571:0xaa7a8236037f8934,ChdDSUhNMG9nS0VJQ0FnSUNxMWFTanlRRRAB,5.0,2021-06-14T01:36:26Z,2021-06-14T01:36:26Z,5 лет назад,,False,Google,https://www.google.com/maps/reviews/data=!4m8!14m7!1m6!2m5!1sChdDSUhNMG9nS0VJQ0FnSUNxMWFTanlRRRAB!2m1!1s0x0:0xaa7a8236037f8934!3m1!1s2@1:CIHM0ogKEICAgICq1aSjyQE%7C%7C?hl=ru,2026-09-07T23:54:15.962030+00:00,4.6,389
RNDM,"Наставнический пер., 13-15 строение 3, Москва, Россия, 109028",0x46b54af43ad2b571:0xaa7a8236037f8934,ChdDSUhNMG9nS0VJQ0FnSUNxdWFLYXJnRRAB,1.0,2021-06-12T07:59:34Z,2021-06-12T07:59:34Z,5 лет назад,,False,Google,https://www.google.com/maps/reviews/data=!4m8!14m7!1m6!2m5!1sChdDSUhNMG9nS0VJQ0FnSUNxdWFLYXJnRRAB!2m1!1s0x0:0xaa7a8236037f8934!3m1!1s2@1:CIHM0ogKEICAgICquaKargE%7C%7C?hl=ru,2026-09-07T23:54:15.962054+00:00,4.6,389
RNDM,"Наставнический пер., 13-15 строение 3, Москва, Россия, 109028",0x46b54af43ad2b571:0xaa7a8236037f8934,ChdDSUhNMG9nS0VJQ0FnSUNxMGFPRXd3RRAB,5.0,2021-06-10T03:50:07Z,2021-06-10T03:50:07Z,5 лет назад,,False,Google,https://www.google.com/maps/reviews/data=!4m8!14m7!1m6!2m5!1sChdDSUhNMG9nS0VJQ0FnSUNxMGFPRXd3RRAB!2m1!1s0x0:0xaa7a8236037f8934!3m1!1s2@1:CIHM0ogKEICAgICq0aOEwwE%7C%7C?hl=ru,2026-09-07T23:54:15.962078+00:00,4.6,389
RNDM,"Наставнический пер., 13-15 строение 3, Москва, Россия, 109028",0x46b54af43ad2b571:0xaa7a8236037f8934,ChZDSUhNMG9nS0VJQ0FnSUNxdG9qTUdREAE,5.0,2021-06-06T00:38:30Z,2021-06-06T00:38:30Z,5 лет назад,,False,Google,https://www.google.com/maps/reviews/data=!4m8!14m7!1m6!2m5!1sChZDSUhNMG9nS0VJQ0FnSUNxdG9qTUdREAE!2m1!1s0x0:0xaa7a8236037f8934!3m1!1s2@1:CIHM0ogKEICAgICqtojMGQ%7C%7C?hl=ru,2026-09-07T23:54:15.962102+00:00,4.6,389
RNDM,"Наставнический пер., 13-15 строение 3, Москва, Россия, 109028",0x46b54af43ad2b571:0xaa7a8236037f8934,ChZDSUhNMG9nS0VJQ0FnSUNDeGQtaVd3EAE,5.0,2020-08-30T03:01:46Z,2021-06-05T21:11:26Z,Изменено 5 лет назад,,False,Google,https://www.google.com/maps/reviews/data=!4m8!14m7!1m6!2m5!1sChZDSUhNMG9nS0VJQ0FnSUNDeGQtaVd3EAE!2m1!1s0x0:0xaa7a8236037f8934!3m1!1s2@1:CIHM0ogKEICAgICCxd-iWw%7C%7C?hl=ru,2026-09-07T23:54:15.962127+00:00,4.6,389
RNDM,"Наставнический пер., 13-15 строение 3, Москва, Россия, 109028",0x46b54af43ad2b571:0xaa7a8236037f8934,ChZDSUhNMG9nS0VJQ0FnSUNxcG8zMlpBEAE,5.0,2021-06-05T03:55:59Z,2021-06-05T03:55:59Z,5 лет назад,,False,Google,https://www.google.com/maps/reviews/data=!4m8!14m7!1m6!2m5!1sChZDSUhNMG9nS0VJQ0FnSUNxcG8zMlpBEAE!2m1!1s0x0:0xaa7a8236037f8934!3m1!1s2@1:CIHM0ogKEICAgICqpo32ZA%7C%7C?hl=ru,2026-09-07T23:54:15.962151+00:00,4.6,389
Микс Afterparty,"1-я Брестская ул., 2 ст3, Москва, Россия, 125047",0x46b54b2d4caaa109:0xe8425a43be3b09a9,Ci9DQUlRQUNvZENodHljRjlvT201emJsSkZjalV3T0ZZNE0zZE1UbTloTTJoUldHYxAB,5.0,2026-08-29T10:48:58Z,2026-08-29T11:51:10Z,неделю назад,"Super nice place, it has two floors, mostly techno music. I went alone as a foreigner and people in the entrance were very nice and helpful. Beautiful people inside and also drink prices are ok. It is open till super late in the morning. Recommend 100%",True,Google,https://www.google.com/maps/reviews/data=!4m8!14m7!1m6!2m5!1sCi9DQUlRQUNvZENodHljRjlvT201emJsSkZjalV3T0ZZNE0zZE1UbTloTTJoUldHYxAB!2m1!1s0x0:0xe8425a43be3b09a9!3m1!1s2@1:CAIQACodChtycF9oOm5zblJFcjUwOFY4M3dMTm9hM2hRWGc%7C%7C?hl=ru,2026-09-07T23:54:16.286525+00:00,4.5,69
Микс Afterparty,"1-я Брестская ул., 2 ст3, Москва, Россия, 125047",0x46b54b2d4caaa109:0xe8425a43be3b09a9,Ci9DQUlRQUNvZENodHljRjlvT21kU2NEaFdkRGRYUjBkR1QzQkdOWE5pVW0xeFpYYxAB,5.0,2026-06-26T23:10:15Z,2026-06-26T23:10:15Z,2 месяца назад,"Прекрасный клуб.
Хорошая барная карта.
Подача и вкус на высшем уровне.
Уборная для дам продумана до мелочей.
Желаю процветания, лояльных и щедрых гостей.",True,Google,https://www.google.com/maps/reviews/data=!4m8!14m7!1m6!2m5!1sCi9DQUlRQUNvZENodHljRjlvT21kU2NEaFdkRGRYUjBkR1QzQkdOWE5pVW0xeFpYYxAB!2m1!1s0x0:0xe8425a43be3b09a9!3m1!1s2@1:CAIQACodChtycF9oOmdScDhWdDdXR0dGT3BGNXNiUm1xZXc%7C%7C?hl=ru,2026-09-07T23:54:16.286672+00:00,4.5,69
Микс Afterparty,"1-я Брестская ул., 2 ст3, Москва, Россия, 125047",0x46b54b2d4caaa109:0xe8425a43be3b09a9,Ci9DQUlRQUNvZENodHljRjlvT201RE1UWnVZM2RqY0hWcVJDMUNSbkpFV2s5TlprRRAB,4.0,2026-05-11T00:42:51Z,2026-05-11T00:42:51Z,3 месяца назад,"Интересное место, Dj-сеты, Красивые люди Вкусные роллы, Переодически бываю здесь. Очень всё нравится",True,Google,https://www.google.com/maps/reviews/data=!4m8!14m7!1m6!2m5!1sCi9DQUlRQUNvZENodHljRjlvT201RE1UWnVZM2RqY0hWcVJDMUNSbkpFV2s5TlprRRAB!2m1!1s0x0:0xe8425a43be3b09a9!3m1!1s2@1:CAIQACodChtycF9oOm5DMTZuY3djcHVqRC1CRnJEWk9NZkE%7C%7C?hl=ru,2026-09-07T23:54:16.286733+00:00,4.5,69
Микс Afterparty,"1-я Брестская ул., 2 ст3, Москва, Россия, 125047",0x46b54b2d4caaa109:0xe8425a43be3b09a9,Ci9DQUlRQUNvZENodHljRjlvT21WTlRYTklYMncwWTBselowVTVNRkZrZW5ab2RXYxAB,5.0,2026-05-05T17:33:24Z,2026-05-05T17:33:24Z,4 месяца назад,"Место чтобы продолжить утренней веселье под крутую музыку , вкусно перекусить, выпить напитков от классных барменов.",True,Google,https://www.google.com/maps/reviews/data=!4m8!14m7!1m6!2m5!1sCi9DQUlRQUNvZENodHljRjlvT21WTlRYTklYMncwWTBselowVTVNRkZrZW5ab2RXYxAB!2m1!1s0x0:0xe8425a43be3b09a9!3m1!1s2@1:CAIQACodChtycF9oOmVNTXNIX2w0Y0lzZ0U5MFFkenZodWc%7C%7C?hl=ru,2026-09-07T23:54:16.286776+00:00,4.5,69
Микс Afterparty,"1-я Брестская ул., 2 ст3, Москва, Россия, 125047",0x46b54b2d4caaa109:0xe8425a43be3b09a9,Ci9DQUlRQUNvZENodHljRjlvT2xCSGJsODNNV0kwVkhCaFprTkNaVnBqT1ZsbFZWRRAB,5.0,2026-03-20T12:07:14Z,2026-05-01T20:19:48Z,Изменено 4 месяца назад,Самое лучшее место. Чтобы отдохнуть и встретить интересных людей. Музыка очень модная. Охрана прекрасная. Люблю это место.,True,Google,https://www.google.com/maps/reviews/data=!4m8!14m7!1m6!2m5!1sCi9DQUlRQUNvZENodHljRjlvT2xCSGJsODNNV0kwVkhCaFprTkNaVnBqT1ZsbFZWRRAB!2m1!1s0x0:0xe8425a43be3b09a9!3m1!1s2@1:CAIQACodChtycF9oOlBHbl83MWI0VHBhZkNCZVpjOVllVVE%7C%7C?hl=ru,2026-09-07T23:54:16.286816+00:00,4.5,69
Микс Afterparty,"1-я Брестская ул., 2 ст3, Москва, Россия, 125047",0x46b54b2d4caaa109:0xe8425a43be3b09a9,Ci9DQUlRQUNvZENodHljRjlvT25kc1IzUlZlbVl6YnpGS1lXRjFjRE5TVDNWRmFHYxAB,5.0,2026-04-20T18:43:53Z,2026-04-20T18:43:53Z,4 месяца назад,"Andateci perché è qualcosa di speciale a Mosca
Buona techno belle ragazze e barmen molto preparate",True,Google,https://www.google.com/maps/reviews/data=!4m8!14m7!1m6!2m5!1sCi9DQUlRQUNvZENodHljRjlvT25kc1IzUlZlbVl6YnpGS1lXRjFjRE5TVDNWRmFHYxAB!2m1!1s0x0:0xe8425a43be3b09a9!3m1!1s2@1:CAIQACodChtycF9oOndsR3RVemYzbzFKYWF1cDNST3VFaGc%7C%7C?hl=ru,2026-09-07T23:54:16.286853+00:00,4.5,69
Микс Afterparty,"1-я Брестская ул., 2 ст3, Москва, Россия, 125047",0x46b54b2d4caaa109:0xe8425a43be3b09a9,Ci9DQUlRQUNvZENodHljRjlvT2pZd1ExVjJXa0pPWkd0b2JHbFJhVE5tYmkxRmVHYxAB,5.0,2026-04-18T20:53:27Z,2026-04-18T20:53:27Z,4 месяца назад,"Лучший клуб, особенно по музыке) обычно прихожу туда к 6 утра, когда все уже закрылось, а Микс как раз раскачался вовсю!",True,Google,https://www.google.com/maps/reviews/data=!4m8!14m7!1m6!2m5!1sCi9DQUlRQUNvZENodHljRjlvT2pZd1ExVjJXa0pPWkd0b2JHbFJhVE5tYmkxRmVHYxAB!2m1!1s0x0:0xe8425a43be3b09a9!3m1!1s2@1:CAIQACodChtycF9oOjYwQ1V2WkJOZGtobGlRaTNmbi1FeGc%7C%7C?hl=ru,2026-09-07T23:54:16.286896+00:00,4.5,69
Микс Afterparty,"1-я Брестская ул., 2 ст3, Москва, Россия, 125047",0x46b54b2d4caaa109:0xe8425a43be3b09a9,Ci9DQUlRQUNvZENodHljRjlvT25SWlNIVndXVkJUY1dKVk5HWlZkMTlhWTJkcVoxRRAB,5.0,2026-04-18T02:54:45Z,2026-04-18T02:54:45Z,4 месяца назад,"Один, из лучших клубов Москвы. Всегда актуальные привозы артистов , учтены все интересы гостей , все продуманно до мелочей , от самых удобных , оснащенных уборных , до полноценной безопасности , с огромным количеством квалифицированных охранников , разнообразное меню , бонусные карты , отличное обслуживание, комфортное расположение , все это удовлетворит , даже самых требовательных потребителей )",True,Google,https://www.google.com/maps/reviews/data=!4m8!14m7!1m6!2m5!1sCi9DQUlRQUNvZENodHljRjlvT25SWlNIVndXVkJUY1dKVk5HWlZkMTlhWTJkcVoxRRAB!2m1!1s0x0:0xe8425a43be3b09a9!3m1!1s2@1:CAIQACodChtycF9oOnRZSHVwWVBTcWJVNGZVd19aY2dqZ1E%7C%7C?hl=ru,2026-09-07T23:54:16.286934+00:00,4.5,69
Микс Afterparty,"1-я Брестская ул., 2 ст3, Москва, Россия, 125047",0x46b54b2d4caaa109:0xe8425a43be3b09a9,Ci9DQUlRQUNvZENodHljRjlvT21obFoyWmZlVFZJTkZGTWNubGtWRWxPYlMxWWFGRRAB,5.0,2026-04-17T22:35:59Z,2026-04-17T22:35:59Z,4 месяца назад,"Очень классное место ,отличная атмосфера и музыка 😍🫶🏻",True,Google,https://www.google.com/maps/reviews/data=!4m8!14m7!1m6!2m5!1sCi9DQUlRQUNvZENodHljRjlvT21obFoyWmZlVFZJTkZGTWNubGtWRWxPYlMxWWFGRRAB!2m1!1s0x0:0xe8425a43be3b09a9!3m1!1s2@1:CAIQACodChtycF9oOmhlZ2ZfeTVINFFMcnlkVElObS1YaFE%7C%7C?hl=ru,2026-09-07T23:54:16.514841+00:00,4.5,69
Микс Afterparty,"1-я Брестская ул., 2 ст3, Москва, Россия, 125047",0x46b54b2d4caaa109:0xe8425a43be3b09a9,Ci9DQUlRQUNvZENodHljRjlvT21SdkxXdHFXR2cyZEZKdFRHbGxSMkZOVUZSaVduYxAB,5.0,2026-04-17T22:31:52Z,2026-04-17T22:31:52Z,4 месяца назад,"Очень классное место, отличная музыка, атмосфера, выбор напитков, строгий фейсконтроль, что несомненно, большой плюс! Однозначно маст визит🔥",True,Google,https://www.google.com/maps/reviews/data=!4m8!14m7!1m6!2m5!1sCi9DQUlRQUNvZENodHljRjlvT21SdkxXdHFXR2cyZEZKdFRHbGxSMkZOVUZSaVduYxAB!2m1!1s0x0:0xe8425a43be3b09a9!3m1!1s2@1:CAIQACodChtycF9oOmRvLWtqWGg2dFJtTGllR2FNUFRiWnc%7C%7C?hl=ru,2026-09-07T23:54:16.515021+00:00,4.5,69
Микс Afterparty,"1-я Брестская ул., 2 ст3, Москва, Россия, 125047",0x46b54b2d4caaa109:0xe8425a43be3b09a9,Ci9DQUlRQUNvZENodHljRjlvT2xCUldrdE5VbE5HUkhnemR6bGFkbGx3ZGtoWWFGRRAB,5.0,2026-04-17T22:25:47Z,2026-04-17T22:25:47Z,4 месяца назад,"Прекрасное заведение, отличный персонал. Но самое главное качественная электронная музыка. Заведение обязательно к посещению 😎",True,Google,https://www.google.com/maps/reviews/data=!4m8!14m7!1m6!2m5!1sCi9DQUlRQUNvZENodHljRjlvT2xCUldrdE5VbE5HUkhnemR6bGFkbGx3ZGtoWWFGRRAB!2m1!1s0x0:0xe8425a43be3b09a9!3m1!1s2@1:CAIQACodChtycF9oOlBRWktNUlNGRHgzdzladllwdkhYaFE%7C%7C?hl=ru,2026-09-07T23:54:16.515078+00:00,4.5,69
Микс Afterparty,"1-я Брестская ул., 2 ст3, Москва, Россия, 125047",0x46b54b2d4caaa109:0xe8425a43be3b09a9,Ci9DQUlRQUNvZENodHljRjlvT2kxZmNHUk5NVVZ4ZUc5QlgzcEdkekZrTjBSM2EzYxAB,5.0,2026-04-17T19:35:54Z,2026-04-17T19:35:54Z,4 месяца назад,"Обожаю! Во всех смыслах! Музыка самая разъё… -ая) девочки на баре я вас люблю! Кристина, Мария…😘😘😘😘 резиденты клуба😘😘😘😘 самая  крутая  музыка в Москве, только в Микс!",True,Google,https://www.google.com/maps/reviews/data=!4m8!14m7!1m6!2m5!1sCi9DQUlRQUNvZENodHljRjlvT2kxZmNHUk5NVVZ4ZUc5QlgzcEdkekZrTjBSM2EzYxAB!2m1!1s0x0:0xe8425a43be3b09a9!3m1!1s2@1:CAIQACodChtycF9oOi1fcGRNMUVxeG9BX3pGdzFkN0R3a3c%7C%7C?hl=ru,2026-09-07T23:54:16.515121+00:00,4.5,69
Микс Afterparty,"1-я Брестская ул., 2 ст3, Москва, Россия, 125047",0x46b54b2d4caaa109:0xe8425a43be3b09a9,Ci9DQUlRQUNvZENodHljRjlvT2pCSlowUnhXR2hWYTBsNVVtUTBZMlJGWkVsaWNrRRAB,5.0,2026-04-05T05:56:27Z,2026-04-05T05:56:27Z,5 месяцев назад,"ТУТ работаю лучшие люди вообще!! очень классное помещение, дружелюбная охрана, красивые люди, очень вежливые со рудники, диджеи отличные, светомузыка вообще прекрасная!",True,Google,https://www.google.com/maps/reviews/data=!4m8!14m7!1m6!2m5!1sCi9DQUlRQUNvZENodHljRjlvT2pCSlowUnhXR2hWYTBsNVVtUTBZMlJGWkVsaWNrRRAB!2m1!1s0x0:0xe8425a43be3b09a9!3m1!1s2@1:CAIQACodChtycF9oOjBJZ0RxWGhVa0l5UmQ0Y2RFZElickE%7C%7C?hl=ru,2026-09-07T23:54:16.515164+00:00,4.5,69
Микс Afterparty,"1-я Брестская ул., 2 ст3, Москва, Россия, 125047",0x46b54b2d4caaa109:0xe8425a43be3b09a9,Ci9DQUlRQUNvZENodHljRjlvT25vMFdWVk5OMWMxWlc1U1JuQkZNa3RZTVdsS1gzYxAB,5.0,2026-04-05T05:56:03Z,2026-04-05T05:56:03Z,5 месяцев назад,"Маша просто самая обонятельная женщина этого заведения, а арт директор Миша, пере выполняет свои обязанности и делает слишком крутую атмосферу в этом прекрасном заведении",True,Google,https://www.google.com/maps/reviews/data=!4m8!14m7!1m6!2m5!1sCi9DQUlRQUNvZENodHljRjlvT25vMFdWVk5OMWMxWlc1U1JuQkZNa3RZTVdsS1gzYxAB!2m1!1s0x0:0xe8425a43be3b09a9!3m1!1s2@1:CAIQACodChtycF9oOno0WVVNN1c1ZW5SRnBFMktYMWlKX3c%7C%7C?hl=ru,2026-09-07T23:54:16.515203+00:00,4.5,69
Микс Afterparty,"1-я Брестская ул., 2 ст3, Москва, Россия, 125047",0x46b54b2d4caaa109:0xe8425a43be3b09a9,Ci9DQUlRQUNvZENodHljRjlvT2t0VloyRkZZMmN3U0VkWWRVWllRbkJ2YmpScmNXYxAB,5.0,2026-04-04T04:58:44Z,2026-04-04T04:58:44Z,5 месяцев назад,"Замечательное заведение, Мария просто чудесна 😘",True,Google,https://www.google.com/maps/reviews/data=!4m8!14m7!1m6!2m5!1sCi9DQUlRQUNvZENodHljRjlvT2t0VloyRkZZMmN3U0VkWWRVWllRbkJ2YmpScmNXYxAB!2m1!1s0x0:0xe8425a43be3b09a9!3m1!1s2@1:CAIQACodChtycF9oOktVZ2FFY2cwSEdYdUZYQnBvbjRrcWc%7C%7C?hl=ru,2026-09-07T23:54:16.515242+00:00,4.5,69
Микс Afterparty,"1-я Брестская ул., 2 ст3, Москва, Россия, 125047",0x46b54b2d4caaa109:0xe8425a43be3b09a9,Ci9DQUlRQUNvZENodHljRjlvT25veU9EVmtkbUZmYm1Kd1FqUm9VR2QwY1Zac1ZHYxAB,5.0,2026-03-29T02:52:18Z,2026-03-29T02:52:18Z,5 месяцев назад,"Был в клубе, атмосфера лучшая, рекомендую, еще раз советую всем приехать, афиопати лучшие",True,Google,https://www.google.com/maps/reviews/data=!4m8!14m7!1m6!2m5!1sCi9DQUlRQUNvZENodHljRjlvT25veU9EVmtkbUZmYm1Kd1FqUm9VR2QwY1Zac1ZHYxAB!2m1!1s0x0:0xe8425a43be3b09a9!3m1!1s2@1:CAIQACodChtycF9oOnoyODVkdmFfbmJwQjRoUGd0cVZsVGc%7C%7C?hl=ru,2026-09-07T23:54:16.515291+00:00,4.5,69
Микс Afterparty,"1-я Брестская ул., 2 ст3, Москва, Россия, 125047",0x46b54b2d4caaa109:0xe8425a43be3b09a9,Ci9DQUlRQUNvZENodHljRjlvT2t0TU1tcFBWbXRyWlZsRU1VOVZXa3B6VDNSNFpVRRAB,5.0,2026-03-27T20:42:30Z,2026-03-27T20:42:30Z,5 месяцев назад,"Топовое место, чтобы провести классно время!",True,Google,https://www.google.com/maps/reviews/data=!4m8!14m7!1m6!2m5!1sCi9DQUlRQUNvZENodHljRjlvT2t0TU1tcFBWbXRyWlZsRU1VOVZXa3B6VDNSNFpVRRAB!2m1!1s0x0:0xe8425a43be3b09a9!3m1!1s2@1:CAIQACodChtycF9oOktMMmpPVmtrZVlEMU9VWkpzT3R4ZUE%7C%7C?hl=ru,2026-09-07T23:54:16.515323+00:00,4.5,69
Микс Afterparty,"1-я Брестская ул., 2 ст3, Москва, Россия, 125047",0x46b54b2d4caaa109:0xe8425a43be3b09a9,Ci9DQUlRQUNvZENodHljRjlvT25FNVFtdDZXbUZ5UXpad1RYUjNSV3haUWs5TWNXYxAB,5.0,2026-03-26T14:53:16Z,2026-03-26T14:53:16Z,5 месяцев назад,"Мой любимый клуб! Отдыхаю только здесь! Отличная музыка, интерьер, бар, сервис, контингент и безопасность.  2 зала - с релакс-музыкой и танцевальной. Рекомендую это место и провожу время с друзьями уже 10 лет именно тут",True,Google,https://www.google.com/maps/reviews/data=!4m8!14m7!1m6!2m5!1sCi9DQUlRQUNvZENodHljRjlvT25FNVFtdDZXbUZ5UXpad1RYUjNSV3haUWs5TWNXYxAB!2m1!1s0x0:0xe8425a43be3b09a9!3m1!1s2@1:CAIQACodChtycF9oOnE5Qmt6WmFyQzZwTXR3RWxZQk9McWc%7C%7C?hl=ru,2026-09-07T23:54:16.515353+00:00,4.5,69
Микс Afterparty,"1-я Брестская ул., 2 ст3, Москва, Россия, 125047",0x46b54b2d4caaa109:0xe8425a43be3b09a9,Ci9DQUlRQUNvZENodHljRjlvT2xaM1ZUVmllbWs1Y3pSaldHMU5NSFY0ZERWU01WRRAB,5.0,2026-03-26T14:48:46Z,2026-03-26T14:48:46Z,5 месяцев назад,"Великолепный клуб,крутая атмосфера, шикарный дизайн и обстановка! Честный бар, хороший фейс контроль. Контингент всегда допускается адекватный и прекрасно выглядевший! Всегда",True,Google,https://www.google.com/maps/reviews/data=!4m8!14m7!1m6!2m5!1sCi9DQUlRQUNvZENodHljRjlvT2xaM1ZUVmllbWs1Y3pSaldHMU5NSFY0ZERWU01WRRAB!2m1!1s0x0:0xe8425a43be3b09a9!3m1!1s2@1:CAIQACodChtycF9oOlZ3VTViemk5czRjWG1NMHV4dDVSMVE%7C%7C?hl=ru,2026-09-07T23:54:16.515394+00:00,4.5,69
Микс Afterparty,"1-я Брестская ул., 2 ст3, Москва, Россия, 125047",0x46b54b2d4caaa109:0xe8425a43be3b09a9,Ci9DQUlRQUNvZENodHljRjlvT2xscmNHbEpYM2N0WTJ3M2QwNXhOMjFHT1hVMFkxRRAB,5.0,2026-03-22T17:08:30Z,2026-03-22T17:08:30Z,5 месяцев назад,"Шикарное месте ,рекомендую  ушел два раза не один",True,Google,https://www.google.com/maps/reviews/data=!4m8!14m7!1m6!2m5!1sCi9DQUlRQUNvZENodHljRjlvT2xscmNHbEpYM2N0WTJ3M2QwNXhOMjFHT1hVMFkxRRAB!2m1!1s0x0:0xe8425a43be3b09a9!3m1!1s2@1:CAIQACodChtycF9oOllrcGlJX3ctY2w3d05xN21GOXU0Y1E%7C%7C?hl=ru,2026-09-07T23:54:16.515427+00:00,4.5,69
Микс Afterparty,"1-я Брестская ул., 2 ст3, Москва, Россия, 125047",0x46b54b2d4caaa109:0xe8425a43be3b09a9,Ci9DQUlRQUNvZENodHljRjlvT210bFFVODFURE5qWjJsaWNUQnhiVk5NVlVkbFNtYxAB,5.0,2026-03-22T04:51:16Z,2026-03-22T04:51:16Z,5 месяцев назад,Обожаю этот клуб,True,Google,https://www.google.com/maps/reviews/data=!4m8!14m7!1m6!2m5!1sCi9DQUlRQUNvZENodHljRjlvT210bFFVODFURE5qWjJsaWNUQnhiVk5NVlVkbFNtYxAB!2m1!1s0x0:0xe8425a43be3b09a9!3m1!1s2@1:CAIQACodChtycF9oOmtlQU81TDNjZ2licTBxbVNMVUdlSmc%7C%7C?hl=ru,2026-09-07T23:54:16.515457+00:00,4.5,69
Микс Afterparty,"1-я Брестская ул., 2 ст3, Москва, Россия, 125047",0x46b54b2d4caaa109:0xe8425a43be3b09a9,Ci9DQUlRQUNvZENodHljRjlvT205cWJtcFFUUzFYVTJsb2IxRjFXWHBDVEY5U05GRRAB,5.0,2026-03-22T04:48:03Z,2026-03-22T04:48:03Z,5 месяцев назад,Очень хороший клуб,True,Google,https://www.google.com/maps/reviews/data=!4m8!14m7!1m6!2m5!1sCi9DQUlRQUNvZENodHljRjlvT205cWJtcFFUUzFYVTJsb2IxRjFXWHBDVEY5U05GRRAB!2m1!1s0x0:0xe8425a43be3b09a9!3m1!1s2@1:CAIQACodChtycF9oOm9qbmpQTS1XU2lob1F1WXpCTF9SNFE%7C%7C?hl=ru,2026-09-07T23:54:16.515491+00:00,4.5,69
Микс Afterparty,"1-я Брестская ул., 2 ст3, Москва, Россия, 125047",0x46b54b2d4caaa109:0xe8425a43be3b09a9,Ci9DQUlRQUNvZENodHljRjlvT2xaS05scDJSbll4VEZNNFozUXRZVk5vWm1KM1QxRRAB,5.0,2026-03-21T23:44:29Z,2026-03-21T23:44:29Z,5 месяцев назад,роскошное заведение с мягкой и приятной музыкой. рекомендую к посещению! хостел заслуживают отдельного внимания!,True,Google,https://www.google.com/maps/reviews/data=!4m8!14m7!1m6!2m5!1sCi9DQUlRQUNvZENodHljRjlvT2xaS05scDJSbll4VEZNNFozUXRZVk5vWm1KM1QxRRAB!2m1!1s0x0:0xe8425a43be3b09a9!3m1!1s2@1:CAIQACodChtycF9oOlZKNlp2RnYxTFM4Z3QtYVNoZmJ3T1E%7C%7C?hl=ru,2026-09-07T23:54:16.515519+00:00,4.5,69
Микс Afterparty,"1-я Брестская ул., 2 ст3, Москва, Россия, 125047",0x46b54b2d4caaa109:0xe8425a43be3b09a9,Ci9DQUlRQUNvZENodHljRjlvT2xkS01sSXROVVV3UTNGbFlUaHhXbXBMYm14TFEwRRAB,5.0,2026-03-21T22:21:12Z,2026-03-21T22:21:12Z,5 месяцев назад,"Очень классное место! Высший сервис ,музыка и еда❤️",True,Google,https://www.google.com/maps/reviews/data=!4m8!14m7!1m6!2m5!1sCi9DQUlRQUNvZENodHljRjlvT2xkS01sSXROVVV3UTNGbFlUaHhXbXBMYm14TFEwRRAB!2m1!1s0x0:0xe8425a43be3b09a9!3m1!1s2@1:CAIQACodChtycF9oOldKMlItNUUwQ3FlYThxWmpLbmxLQ0E%7C%7C?hl=ru,2026-09-07T23:54:16.515550+00:00,4.5,69
Микс Afterparty,"1-я Брестская ул., 2 ст3, Москва, Россия, 125047",0x46b54b2d4caaa109:0xe8425a43be3b09a9,Ci9DQUlRQUNvZENodHljRjlvT25OVFFtZHRiazlCTFRsSlpGcEJXRjk2VTJSSmVGRRAB,5.0,2026-03-21T22:20:11Z,2026-03-21T22:20:11Z,5 месяцев назад,"Прекрасное место , диджеи великолепны , приду и не раз 💕",True,Google,https://www.google.com/maps/reviews/data=!4m8!14m7!1m6!2m5!1sCi9DQUlRQUNvZENodHljRjlvT25OVFFtZHRiazlCTFRsSlpGcEJXRjk2VTJSSmVGRRAB!2m1!1s0x0:0xe8425a43be3b09a9!3m1!1s2@1:CAIQACodChtycF9oOnNTQmdtbk9BLTlJZFpBWF96U2RJeFE%7C%7C?hl=ru,2026-09-07T23:54:16.515580+00:00,4.5,69
Микс Afterparty,"1-я Брестская ул., 2 ст3, Москва, Россия, 125047",0x46b54b2d4caaa109:0xe8425a43be3b09a9,Ci9DQUlRQUNvZENodHljRjlvT2pKNWRrZHNYMDB4VGtaR1VHdE1NRjlEZVZNMFVIYxAB,5.0,2026-03-21T22:18:50Z,2026-03-21T22:18:50Z,5 месяцев назад,"Понравилось все! Классная музыка, приятный персонал и очень вкусные ролл. Очень рекомендую это место к посещению 😊",True,Google,https://www.google.com/maps/reviews/data=!4m8!14m7!1m6!2m5!1sCi9DQUlRQUNvZENodHljRjlvT2pKNWRrZHNYMDB4VGtaR1VHdE1NRjlEZVZNMFVIYxAB!2m1!1s0x0:0xe8425a43be3b09a9!3m1!1s2@1:CAIQACodChtycF9oOjJ5dkdsX00xTkZGUGtMMF9DeVM0UHc%7C%7C?hl=ru,2026-09-07T23:54:16.515614+00:00,4.5,69
Микс Afterparty,"1-я Брестская ул., 2 ст3, Москва, Россия, 125047",0x46b54b2d4caaa109:0xe8425a43be3b09a9,Ci9DQUlRQUNvZENodHljRjlvT21sU0xTMUdObEZDUm1sclVYZGlhM0JPYmpkR1YxRRAB,5.0,2026-03-21T21:05:52Z,2026-03-21T21:05:52Z,5 месяцев назад,"Все супер! Персонал очень приятный, улыбчивый. Коктейли качественные, еда всегда на высоте! Место само красивое и очень эстетичное. Музыка радует, хочется танцевать и веселиться, рекомендую, одно из любимых мест в Москве❤️",True,Google,https://www.google.com/maps/reviews/data=!4m8!14m7!1m6!2m5!1sCi9DQUlRQUNvZENodHljRjlvT21sU0xTMUdObEZDUm1sclVYZGlhM0JPYmpkR1YxRRAB!2m1!1s0x0:0xe8425a43be3b09a9!3m1!1s2@1:CAIQACodChtycF9oOmlSLS1GNlFCRmlrUXdia3BObjdGV1E%7C%7C?hl=ru,2026-09-07T23:54:16.515648+00:00,4.5,69
Микс Afterparty,"1-я Брестская ул., 2 ст3, Москва, Россия, 125047",0x46b54b2d4caaa109:0xe8425a43be3b09a9,Ci9DQUlRQUNvZENodHljRjlvT20xM01HOU9WbEZMUVVONVNIcGhlbk5DVW1Ka1UwRRAB,5.0,2026-03-21T00:49:23Z,2026-03-21T00:49:23Z,5 месяцев назад,"Каждые выходные посещаю данное заведение, музыка всегда новая , ребята на быре профессионалы своего дела. Всем рекомендую",True,Google,https://www.google.com/maps/reviews/data=!4m8!14m7!1m6!2m5!1sCi9DQUlRQUNvZENodHljRjlvT20xM01HOU9WbEZMUVVONVNIcGhlbk5DVW1Ka1UwRRAB!2m1!1s0x0:0xe8425a43be3b09a9!3m1!1s2@1:CAIQACodChtycF9oOm13MG9OVlFLQUN5SHphenNCUmJkU0E%7C%7C?hl=ru,2026-09-07T23:54:16.515682+00:00,4.5,69
Микс Afterparty,"1-я Брестская ул., 2 ст3, Москва, Россия, 125047",0x46b54b2d4caaa109:0xe8425a43be3b09a9,Ci9DQUlRQUNvZENodHljRjlvT25SYVZsODJiM0Z0ZUhGWGJHVXpUamhpV2t0M1JFRRAB,5.0,2026-03-20T22:00:07Z,2026-03-20T22:00:07Z,5 месяцев назад,"Место манит своей атмосферой. Музыка, люди- всё на достойном уровне. Однозначно рекомендую",True,Google,https://www.google.com/maps/reviews/data=!4m8!14m7!1m6!2m5!1sCi9DQUlRQUNvZENodHljRjlvT25SYVZsODJiM0Z0ZUhGWGJHVXpUamhpV2t0M1JFRRAB!2m1!1s0x0:0xe8425a43be3b09a9!3m1!1s2@1:CAIQACodChtycF9oOnRaVl82b3FteHFXbGUzTjhiWkt3REE%7C%7C?hl=ru,2026-09-07T23:54:22.217929+00:00,4.5,69
Микс Afterparty,"1-я Брестская ул., 2 ст3, Москва, Россия, 125047",0x46b54b2d4caaa109:0xe8425a43be3b09a9,Ci9DQUlRQUNvZENodHljRjlvT2tSNlMwMWpiM2t4TWtwSU5FMU9iV2xwUmt3elluYxAB,4.0,2026-03-20T21:55:04Z,2026-03-20T21:55:04Z,5 месяцев назад,"Атмосфера в Миксе интересная, музыка на высоте, привозы крутые! Жаль, что закрыли один из залов",True,Google,https://www.google.com/maps/reviews/data=!4m8!14m7!1m6!2m5!1sCi9DQUlRQUNvZENodHljRjlvT2tSNlMwMWpiM2t4TWtwSU5FMU9iV2xwUmt3elluYxAB!2m1!1s0x0:0xe8425a43be3b09a9!3m1!1s2@1:CAIQACodChtycF9oOkR6S01jb3kxMkpINE1ObWlpRkwzYnc%7C%7C?hl=ru,2026-09-07T23:54:22.218236+00:00,4.5,69
Микс Afterparty,"1-я Брестская ул., 2 ст3, Москва, Россия, 125047",0x46b54b2d4caaa109:0xe8425a43be3b09a9,Ci9DQUlRQUNvZENodHljRjlvT21oTlV6ZG5TR0paY0ZwSVVXWTFWMmhwVEdaU2IxRRAB,5.0,2026-03-20T16:20:40Z,2026-03-20T16:20:40Z,5 месяцев назад,"Чудесный и очень комфортный во всех смыслах клуб с офигенной музыкой! Красивая публика, вежливая охрана, два этажа на выбор для отдыха. Очень люблю это место!",True,Google,https://www.google.com/maps/reviews/data=!4m8!14m7!1m6!2m5!1sCi9DQUlRQUNvZENodHljRjlvT21oTlV6ZG5TR0paY0ZwSVVXWTFWMmhwVEdaU2IxRRAB!2m1!1s0x0:0xe8425a43be3b09a9!3m1!1s2@1:CAIQACodChtycF9oOmhNUzdnSGJZcFpIUWY1V2hpTGZSb1E%7C%7C?hl=ru,2026-09-07T23:54:22.218318+00:00,4.5,69
Микс Afterparty,"1-я Брестская ул., 2 ст3, Москва, Россия, 125047",0x46b54b2d4caaa109:0xe8425a43be3b09a9,Ci9DQUlRQUNvZENodHljRjlvT25wbWFHeDFZVVl0YURaamFrMU9XRVowWDJwUmQwRRAB,5.0,2026-03-20T12:54:29Z,2026-03-20T12:54:29Z,5 месяцев назад,"Лучший клуб столицы! Музыка, атмосфера и персонал однозначно на высоком уровне. Место, куда хочется возвращаться неоднократно.",True,Google,https://www.google.com/maps/reviews/data=!4m8!14m7!1m6!2m5!1sCi9DQUlRQUNvZENodHljRjlvT25wbWFHeDFZVVl0YURaamFrMU9XRVowWDJwUmQwRRAB!2m1!1s0x0:0xe8425a43be3b09a9!3m1!1s2@1:CAIQACodChtycF9oOnpmaGx1YUYtaDZjak1OWEZ0X2pRd0E%7C%7C?hl=ru,2026-09-07T23:54:22.218369+00:00,4.5,69
Микс Afterparty,"1-я Брестская ул., 2 ст3, Москва, Россия, 125047",0x46b54b2d4caaa109:0xe8425a43be3b09a9,Ci9DQUlRQUNvZENodHljRjlvT2xrd1ptczVkelpDZUZacFpISjBjbkZMWkdabVIyYxAB,5.0,2026-03-09T02:47:34Z,2026-03-09T02:47:34Z,5 месяцев назад,👍❤️,True,Google,https://www.google.com/maps/reviews/data=!4m8!14m7!1m6!2m5!1sCi9DQUlRQUNvZENodHljRjlvT2xrd1ptczVkelpDZUZacFpISjBjbkZMWkdabVIyYxAB!2m1!1s0x0:0xe8425a43be3b09a9!3m1!1s2@1:CAIQACodChtycF9oOlkwZms5dzZCeFZpZHJ0cnFLZGZmR2c%7C%7C?hl=ru,2026-09-07T23:54:22.218412+00:00,4.5,69
Микс Afterparty,"1-я Брестская ул., 2 ст3, Москва, Россия, 125047",0x46b54b2d4caaa109:0xe8425a43be3b09a9,Ci9DQUlRQUNvZENodHljRjlvT2kwME1WWTFSMUZXVkU1bFFWUXhWVEZaWkhaRE5WRRAB,5.0,2026-03-01T00:19:41Z,2026-03-01T00:19:41Z,6 месяцев назад,"Отличное заведение, вкусные коктейли, крутая музыка. Все на высшем уровне",True,Google,https://www.google.com/maps/reviews/data=!4m8!14m7!1m6!2m5!1sCi9DQUlRQUNvZENodHljRjlvT2kwME1WWTFSMUZXVkU1bFFWUXhWVEZaWkhaRE5WRRAB!2m1!1s0x0:0xe8425a43be3b09a9!3m1!1s2@1:CAIQACodChtycF9oOi00MVY1R1FWVE5lQVQxVTFZZHZDNVE%7C%7C?hl=ru,2026-09-07T23:54:22.218449+00:00,4.5,69
Микс Afterparty,"1-я Брестская ул., 2 ст3, Москва, Россия, 125047",0x46b54b2d4caaa109:0xe8425a43be3b09a9,Ci9DQUlRQUNvZENodHljRjlvT205SFpYZExSV3Q1YmtaNldqQkxOWEZ4T1ZsVGJuYxAB,5.0,2026-03-01T00:17:39Z,2026-03-01T00:17:39Z,6 месяцев назад,"Очень нравится это место, каждый раз ходим с подругами, вкусно очень и коктейли супер",True,Google,https://www.google.com/maps/reviews/data=!4m8!14m7!1m6!2m5!1sCi9DQUlRQUNvZENodHljRjlvT205SFpYZExSV3Q1YmtaNldqQkxOWEZ4T1ZsVGJuYxAB!2m1!1s0x0:0xe8425a43be3b09a9!3m1!1s2@1:CAIQACodChtycF9oOm9HZXdLRWt5bkZ6WjBLNXFxOVlTbnc%7C%7C?hl=ru,2026-09-07T23:54:22.218487+00:00,4.5,69
Микс Afterparty,"1-я Брестская ул., 2 ст3, Москва, Россия, 125047",0x46b54b2d4caaa109:0xe8425a43be3b09a9,Ci9DQUlRQUNvZENodHljRjlvT25CdFduZzFiVFZPVTJSUmEzbERTSGxOZDJGTFoxRRAB,1.0,2026-02-14T05:12:16Z,2026-02-14T05:17:01Z,6 месяцев назад,"Поскольку я была одна меня не пустили с комментарием, что им нужны девушки, разводящие мужчин на напитки и тд. Я вполне прилично выгляжу и могу себе купить бутылку Моет или Клико (не знаю что у них по алко и какие kpi, больше не пойду, неприятно, дешево и тд",True,Google,https://www.google.com/maps/reviews/data=!4m8!14m7!1m6!2m5!1sCi9DQUlRQUNvZENodHljRjlvT25CdFduZzFiVFZPVTJSUmEzbERTSGxOZDJGTFoxRRAB!2m1!1s0x0:0xe8425a43be3b09a9!3m1!1s2@1:CAIQACodChtycF9oOnBtWng1bTVOU2RRa3lDSHlNd2FLZ1E%7C%7C?hl=ru,2026-09-07T23:54:22.218523+00:00,4.5,69
Микс Afterparty,"1-я Брестская ул., 2 ст3, Москва, Россия, 125047",0x46b54b2d4caaa109:0xe8425a43be3b09a9,Ci9DQUlRQUNvZENodHljRjlvT2t0cFlVMDNTMHR4ZURKMGNGYzVaRXN0ZVRGRFNHYxAB,1.0,2026-01-18T02:46:35Z,2026-01-18T02:46:35Z,7 месяцев назад,,False,Google,https://www.google.com/maps/reviews/data=!4m8!14m7!1m6!2m5!1sCi9DQUlRQUNvZENodHljRjlvT2t0cFlVMDNTMHR4ZURKMGNGYzVaRXN0ZVRGRFNHYxAB!2m1!1s0x0:0xe8425a43be3b09a9!3m1!1s2@1:CAIQACodChtycF9oOktpYU03S0txeDJ0cFc5ZEsteTFDSGc%7C%7C?hl=ru,2026-09-07T23:54:22.218575+00:00,4.5,69
Микс Afterparty,"1-я Брестская ул., 2 ст3, Москва, Россия, 125047",0x46b54b2d4caaa109:0xe8425a43be3b09a9,Ci9DQUlRQUNvZENodHljRjlvT2xGb056ZHhjMjlIYWtScWFuWm9jRVo2WVdwaWRtYxAB,1.0,2025-12-29T05:48:16Z,2025-12-29T05:48:16Z,8 месяцев назад,"Ходили ровно год сюда. Писали восторженные отзывы. 27.12.25 ночь субботы после корпоратива заехали в микс, нас пустили и !!! через 5 мин охранник вывел нас . Хотите испортить себе настроение или праздник все микс всем не спать )))) Ни ногой! Бойкот. 2025 год спасибо что заблокировал двери микса навсегда для всех ))) исполнено",True,Google,https://www.google.com/maps/reviews/data=!4m8!14m7!1m6!2m5!1sCi9DQUlRQUNvZENodHljRjlvT2xGb056ZHhjMjlIYWtScWFuWm9jRVo2WVdwaWRtYxAB!2m1!1s0x0:0xe8425a43be3b09a9!3m1!1s2@1:CAIQACodChtycF9oOlFoNzdxc29HakRqanZocEZ6YWpidmc%7C%7C?hl=ru,2026-09-07T23:54:22.218607+00:00,4.5,69
Микс Afterparty,"1-я Брестская ул., 2 ст3, Москва, Россия, 125047",0x46b54b2d4caaa109:0xe8425a43be3b09a9,Ci9DQUlRQUNvZENodHljRjlvT2tKYVUwTkdVblZhUVRkWFkzTjRlbkU1VVV4VFYzYxAB,5.0,2025-10-28T11:32:52Z,2025-10-28T11:32:52Z,10 месяцев назад,"Отличный клуб, были с подругой, вход бесплатный и даже дали карту постоянного гостя, где каждый вых можно тратить 3000, можно даже на еду, что приятно удивило! так на три коктейля за счет заведения и пару коктейлей от парней, было приятным бонусом. Диджеи были шикарные в догонку к коктейлям.",True,Google,https://www.google.com/maps/reviews/data=!4m8!14m7!1m6!2m5!1sCi9DQUlRQUNvZENodHljRjlvT2tKYVUwTkdVblZhUVRkWFkzTjRlbkU1VVV4VFYzYxAB!2m1!1s0x0:0xe8425a43be3b09a9!3m1!1s2@1:CAIQACodChtycF9oOkJaU0NGUnVaQTdXY3N4enE5UUxTV3c%7C%7C?hl=ru,2026-09-07T23:54:22.218644+00:00,4.5,69
Микс Afterparty,"1-я Брестская ул., 2 ст3, Москва, Россия, 125047",0x46b54b2d4caaa109:0xe8425a43be3b09a9,Ci9DQUlRQUNvZENodHljRjlvT25wQk4zWjNhRVpSY0VWZlJFRjRWbkpWYVRKWFVVRRAB,5.0,2025-09-30T04:18:29Z,2025-09-30T04:18:29Z,11 месяцев назад,Все супер всегда отдыхаю . Персонал приветливый особенно менеджер Кристина всегда угощает очень приветливая,True,Google,https://www.google.com/maps/reviews/data=!4m8!14m7!1m6!2m5!1sCi9DQUlRQUNvZENodHljRjlvT25wQk4zWjNhRVpSY0VWZlJFRjRWbkpWYVRKWFVVRRAB!2m1!1s0x0:0xe8425a43be3b09a9!3m1!1s2@1:CAIQACodChtycF9oOnpBN3Z3aEZRcEVfREF4VnJVaTJXUUE%7C%7C?hl=ru,2026-09-07T23:54:22.218679+00:00,4.5,69
Микс Afterparty,"1-я Брестская ул., 2 ст3, Москва, Россия, 125047",0x46b54b2d4caaa109:0xe8425a43be3b09a9,Ci9DQUlRQUNvZENodHljRjlvT2pCd1ZWQmpXRmd0V0RSWFJsRTFaa1pQWVhOSk9FRRAB,1.0,2025-07-10T23:42:44Z,2025-07-10T23:42:44Z,год назад,,False,Google,https://www.google.com/maps/reviews/data=!4m8!14m7!1m6!2m5!1sCi9DQUlRQUNvZENodHljRjlvT2pCd1ZWQmpXRmd0V0RSWFJsRTFaa1pQWVhOSk9FRRAB!2m1!1s0x0:0xe8425a43be3b09a9!3m1!1s2@1:CAIQACodChtycF9oOjBwVVBjWFgtWDRXRlE1ZkZPYXNJOEE%7C%7C?hl=ru,2026-09-07T23:54:22.218710+00:00,4.5,69
Микс Afterparty,"1-я Брестская ул., 2 ст3, Москва, Россия, 125047",0x46b54b2d4caaa109:0xe8425a43be3b09a9,ChZDSUhNMG9nS0VJQ0FnTUN3bDZ1aWNnEAE,5.0,2025-03-21T20:05:58Z,2025-03-21T20:05:58Z,год назад,,False,Google,https://www.google.com/maps/reviews/data=!4m8!14m7!1m6!2m5!1sChZDSUhNMG9nS0VJQ0FnTUN3bDZ1aWNnEAE!2m1!1s0x0:0xe8425a43be3b09a9!3m1!1s2@1:CIHM0ogKEICAgMCwl6uicg%7C%7C?hl=ru,2026-09-07T23:54:22.218739+00:00,4.5,69
Микс Afterparty,"1-я Брестская ул., 2 ст3, Москва, Россия, 125047",0x46b54b2d4caaa109:0xe8425a43be3b09a9,ChZDSUhNMG9nS0VJQ0FnTURnXzh6OEZREAE,4.0,2025-02-28T22:28:05Z,2025-02-28T22:28:05Z,год назад,,False,Google,https://www.google.com/maps/reviews/data=!4m8!14m7!1m6!2m5!1sChZDSUhNMG9nS0VJQ0FnTURnXzh6OEZREAE!2m1!1s0x0:0xe8425a43be3b09a9!3m1!1s2@1:CIHM0ogKEICAgMDg_8z8FQ%7C%7C?hl=ru,2026-09-07T23:54:22.218766+00:00,4.5,69
Микс Afterparty,"1-я Брестская ул., 2 ст3, Москва, Россия, 125047",0x46b54b2d4caaa109:0xe8425a43be3b09a9,ChdDSUhNMG9nS0VJQ0FnTURnOXQtejNBRRAB,4.0,2025-02-24T17:31:29Z,2025-02-24T17:31:29Z,год назад,"В ноябре 2024 года выдвинулись с товарищем в ночной клуб микс Afterparty на Маяковской в Москве .Приехали в 23:30.Фейс контрольщик  окинул нас взглядом снизу вверх и мы прошли в клуб .До 12 ночи вход бесплатный ,после 1тр .Были до 2 часов ночи.Я подвигался 1 -1:30часа на танцполе .Очень много охраны ,которая присутствует везде .Помимо танцпола ,есть несколько других помещений.Охранник постоянно присутствует у туалетов ,что наводит на определенные мысли .Стол стоит 30 тр ,чай 400 ,кофе 350 .У многих посетителей были шары ,они стоят по 1 тр.Музыка играла электронная с добавлением битов .Треки каждые 30 секунд не меняли ,два трека в один не сводили  как в некоторых других клубах .Это хорошо .Народа было по среднему ,мужчин больше 60 на 40 примерно .Процентов 70 из девушек и женщин были не одни .Публика танцевала в основном не энергично ,эмоционально не вовлеченно в происходящее ,за исключением пары человек .Когда я выходил из клуба ,то мне показалось ,что 2:30 часа играл один трек .На мой взгляд, ставить только одно направление музыки не вариант .Нужно ставить разные направления музыки (русская попса ,евро Дэнс ,мировые хиты ,хип -хоп ,электронная начиная с1990 до 2024 года ).Покрытие в клубе исключает танцевальный стиль шафл ,движения связанные со скольжением подошвы по полу .Ковер на танцполе  ,на мой взгляд,не вписывается в общую концепцию дизайна клуба ,также танцевать на ковре не совсем удобно.Писали ,что есть танцовщицы go go .Но их не было .Когда нет танцовщиц скучновато .Особенно если мало кто энергично двигается на танцполе .Эротические шоу не проводятся .Почему -то большинство клубов от этого отказались .Будто много вариантов как развлечь публику в ночном клубе .Между менеджерами клубов и посетителями нет обратной связи по музыке .Здесь просматривается некая ультимативная форма взаимодействия:вот есть такая музыка для вас ,а нравится,не нравится -ваши проблемы .Правда такой подход к бизнесу и рыночной экономике не имеет отношения.Бизнес ,рыночная экономика-это ориентация на клиентов ,а не самих себя ,свои идеи ,фантазии ,представления.С моей точки зрения ,музыку хотя бы частично должны определять посетители.Кто пришел в клуб ,могут зайти в группы в соцсетях и написать несколько треков ,которые хотели бы услышать.Это обеспечит  большую эмоциональную вовлеченность посетителей клуба в происходящее .Энергичнее и больше будут танцевать .Было бы интересно,если бы в ночных клубах были большие мониторы и посредством этих мониторов ночные клубы из разных городов и стран иногда между собой взаимодействовали в прямом эфире .Это также увеличит интерес к происходящему .Для клубов это взаимная реклама .Если для клуба дорого оплачивать танцовщиц ,то 2-3 клуба могут привезти их из другого города ,где цены ниже .

Таким образом ,эмоциональную вовлеченность публики в события происходящие в клубах можно увеличить:
1) установлением обратной связи между посетителями и менеджерами клубов ,диджеями на счет того какая музыка должна играть .

2) танцовщицы (танцоры )

3) эротические шоу

4) телемосты в прямом эфире между ночными клубами разных городов и стран

P.s. Написаное мной- является моим частным мнением ,которое сформировано на основе дефецита полной ,достоверной информации о людях ,клубах ,общественных процессах ,и всем том ,что нас окружает ,в рамках моих фантазий о всем происходящем .Кто дочитал и не уснул ,тот молодец )👍.",True,Google,https://www.google.com/maps/reviews/data=!4m8!14m7!1m6!2m5!1sChdDSUhNMG9nS0VJQ0FnTURnOXQtejNBRRAB!2m1!1s0x0:0xe8425a43be3b09a9!3m1!1s2@1:CIHM0ogKEICAgMDg9t-z3AE%7C%7C?hl=ru,2026-09-07T23:54:22.218792+00:00,4.5,69
Микс Afterparty,"1-я Брестская ул., 2 ст3, Москва, Россия, 125047",0x46b54b2d4caaa109:0xe8425a43be3b09a9,ChdDSUhNMG9nS0VJQ0FnSURYbHZUUTlnRRAB,3.0,2024-10-26T23:10:55Z,2024-10-27T09:38:35Z,год назад,Оделась в «Армани» и не пустили в этот клуб. Зато эскортниц  впускают. Потрачено время и на такси в обе стороны,True,Google,https://www.google.com/maps/reviews/data=!4m8!14m7!1m6!2m5!1sChdDSUhNMG9nS0VJQ0FnSURYbHZUUTlnRRAB!2m1!1s0x0:0xe8425a43be3b09a9!3m1!1s2@1:CIHM0ogKEICAgIDXlvTQ9gE%7C%7C?hl=ru,2026-09-07T23:54:22.218896+00:00,4.5,69
Микс Afterparty,"1-я Брестская ул., 2 ст3, Москва, Россия, 125047",0x46b54b2d4caaa109:0xe8425a43be3b09a9,ChZDSUhNMG9nS0VJQ0FnSUM3ejhISFF3EAE,5.0,2024-08-19T08:41:46Z,2024-08-19T08:41:46Z,2 года назад,"Позитивное место, ненавязчивая охрана, да и публика норм)",True,Google,https://www.google.com/maps/reviews/data=!4m8!14m7!1m6!2m5!1sChZDSUhNMG9nS0VJQ0FnSUM3ejhISFF3EAE!2m1!1s0x0:0xe8425a43be3b09a9!3m1!1s2@1:CIHM0ogKEICAgIC7z8HHQw%7C%7C?hl=ru,2026-09-07T23:54:22.218926+00:00,4.5,69
Микс Afterparty,"1-я Брестская ул., 2 ст3, Москва, Россия, 125047",0x46b54b2d4caaa109:0xe8425a43be3b09a9,ChZDSUhNMG9nS0VJQ0FnSUR0NnEzUE9BEAE,5.0,2024-02-03T21:45:36Z,2024-02-03T21:46:03Z,2 года назад,"Любимый клуб в москве, поздравляю вас с 10ем...процветания ❤️🙏",True,Google,https://www.google.com/maps/reviews/data=!4m8!14m7!1m6!2m5!1sChZDSUhNMG9nS0VJQ0FnSUR0NnEzUE9BEAE!2m1!1s0x0:0xe8425a43be3b09a9!3m1!1s2@1:CIHM0ogKEICAgIDt6q3POA%7C%7C?hl=ru,2026-09-07T23:54:22.218955+00:00,4.5,69
Микс Afterparty,"1-я Брестская ул., 2 ст3, Москва, Россия, 125047",0x46b54b2d4caaa109:0xe8425a43be3b09a9,ChdDSUhNMG9nS0VJQ0FnSUR0MUxfb3NRRRAB,5.0,2024-02-02T19:34:16Z,2024-02-02T19:34:16Z,2 года назад,"Отличное заведение, если хотите хорошо отдохнуть, то это именно то заведение. Шикарная музыка и атмосфера в принципе. Бармены и официанты веселые и жизнерадостные на позитиве, поднимут настроение и качественно обслужат. О заведении осталось положительное впечатление, советую.",True,Google,https://www.google.com/maps/reviews/data=!4m8!14m7!1m6!2m5!1sChdDSUhNMG9nS0VJQ0FnSUR0MUxfb3NRRRAB!2m1!1s0x0:0xe8425a43be3b09a9!3m1!1s2@1:CIHM0ogKEICAgIDt1L_osQE%7C%7C?hl=ru,2026-09-07T23:54:22.218983+00:00,4.5,69
Микс Afterparty,"1-я Брестская ул., 2 ст3, Москва, Россия, 125047",0x46b54b2d4caaa109:0xe8425a43be3b09a9,ChdDSUhNMG9nS0VJQ0FnSUROeVp2MTZBRRAB,5.0,2024-01-23T17:11:21Z,2024-01-23T17:11:21Z,2 года назад,В эти выходные посетила с друзьями клуб Микс! Очень крутое заведение! Всем советую!,True,Google,https://www.google.com/maps/reviews/data=!4m8!14m7!1m6!2m5!1sChdDSUhNMG9nS0VJQ0FnSUROeVp2MTZBRRAB!2m1!1s0x0:0xe8425a43be3b09a9!3m1!1s2@1:CIHM0ogKEICAgIDNyZv16AE%7C%7C?hl=ru,2026-09-07T23:54:23.128875+00:00,4.5,69
Микс Afterparty,"1-я Брестская ул., 2 ст3, Москва, Россия, 125047",0x46b54b2d4caaa109:0xe8425a43be3b09a9,ChdDSUhNMG9nS0VJQ0FnSUQxeGZucV9RRRAB,5.0,2024-01-08T18:14:44Z,2024-01-08T18:14:44Z,2 года назад,,False,Google,https://www.google.com/maps/reviews/data=!4m8!14m7!1m6!2m5!1sChdDSUhNMG9nS0VJQ0FnSUQxeGZucV9RRRAB!2m1!1s0x0:0xe8425a43be3b09a9!3m1!1s2@1:CIHM0ogKEICAgID1xfnq_QE%7C%7C?hl=ru,2026-09-07T23:54:23.129313+00:00,4.5,69
Микс Afterparty,"1-я Брестская ул., 2 ст3, Москва, Россия, 125047",0x46b54b2d4caaa109:0xe8425a43be3b09a9,ChdDSUhNMG9nS0VJQ0FnSUNscGNyazZ3RRAB,5.0,2023-11-22T23:13:31Z,2023-11-22T23:13:31Z,2 года назад,Always enjoy here and have a great time.  Always an interesting atmosphere,True,Google,https://www.google.com/maps/reviews/data=!4m8!14m7!1m6!2m5!1sChdDSUhNMG9nS0VJQ0FnSUNscGNyazZ3RRAB!2m1!1s0x0:0xe8425a43be3b09a9!3m1!1s2@1:CIHM0ogKEICAgIClpcrk6wE%7C%7C?hl=ru,2026-09-07T23:54:23.129385+00:00,4.5,69
Микс Afterparty,"1-я Брестская ул., 2 ст3, Москва, Россия, 125047",0x46b54b2d4caaa109:0xe8425a43be3b09a9,ChZDSUhNMG9nS0VJQ0FnSUNsLWRuX1ZnEAE,5.0,2023-11-22T13:01:47Z,2023-11-22T13:01:47Z,2 года назад,"Здесь все потрясающе: и атмосфера, и напитки, и специальные цены.  Отличный клуб",True,Google,https://www.google.com/maps/reviews/data=!4m8!14m7!1m6!2m5!1sChZDSUhNMG9nS0VJQ0FnSUNsLWRuX1ZnEAE!2m1!1s0x0:0xe8425a43be3b09a9!3m1!1s2@1:CIHM0ogKEICAgICl-dn_Vg%7C%7C?hl=ru,2026-09-07T23:54:23.129438+00:00,4.5,69
Микс Afterparty,"1-я Брестская ул., 2 ст3, Москва, Россия, 125047",0x46b54b2d4caaa109:0xe8425a43be3b09a9,ChZDSUhNMG9nS0VJQ0FnSURGNjlyRFJ3EAE,5.0,2023-11-10T09:30:35Z,2023-11-10T09:30:35Z,2 года назад,"Не перестану восхищаться этим местом, на сколько высокий и качественный сервис! Еда очень вкусная и свежая, готов туда ходить на завтрак, обед и ужин😅 А благодаря атмосфере разных тематических вечеринок постоянный азарт, посещать это место снова и снова! Открывать для себя что то новое и знакомится с замечательными и красивыми людьми:)",True,Google,https://www.google.com/maps/reviews/data=!4m8!14m7!1m6!2m5!1sChZDSUhNMG9nS0VJQ0FnSURGNjlyRFJ3EAE!2m1!1s0x0:0xe8425a43be3b09a9!3m1!1s2@1:CIHM0ogKEICAgIDF69rDRw%7C%7C?hl=ru,2026-09-07T23:54:23.129492+00:00,4.5,69
Микс Afterparty,"1-я Брестская ул., 2 ст3, Москва, Россия, 125047",0x46b54b2d4caaa109:0xe8425a43be3b09a9,ChdDSUhNMG9nS0VJQ0FnSUNGNGZlQXBnRRAB,5.0,2023-10-28T15:37:17Z,2023-10-28T15:37:17Z,2 года назад,"Мне все очень понравилось.
Лучший клуб",True,Google,https://www.google.com/maps/reviews/data=!4m8!14m7!1m6!2m5!1sChdDSUhNMG9nS0VJQ0FnSUNGNGZlQXBnRRAB!2m1!1s0x0:0xe8425a43be3b09a9!3m1!1s2@1:CIHM0ogKEICAgICF4feApgE%7C%7C?hl=ru,2026-09-07T23:54:23.129543+00:00,4.5,69
Микс Afterparty,"1-я Брестская ул., 2 ст3, Москва, Россия, 125047",0x46b54b2d4caaa109:0xe8425a43be3b09a9,ChdDSUhNMG9nS0VJQ0FnSUQ1c3BySnBnRRAB,5.0,2023-10-22T02:43:14Z,2023-10-22T02:43:14Z,2 года назад,"Лучшее заведение в Москве , где можно на выходных реально отдыхать, всем советую , приезжайте !)))",True,Google,https://www.google.com/maps/reviews/data=!4m8!14m7!1m6!2m5!1sChdDSUhNMG9nS0VJQ0FnSUQ1c3BySnBnRRAB!2m1!1s0x0:0xe8425a43be3b09a9!3m1!1s2@1:CIHM0ogKEICAgID5sprJpgE%7C%7C?hl=ru,2026-09-07T23:54:23.129581+00:00,4.5,69
Микс Afterparty,"1-я Брестская ул., 2 ст3, Москва, Россия, 125047",0x46b54b2d4caaa109:0xe8425a43be3b09a9,ChdDSUhNMG9nS0VJQ0FnSUQ1c3NMYnBRRRAB,5.0,2023-10-22T02:17:16Z,2023-10-22T02:17:16Z,2 года назад,лучший клуб в мире!!,True,Google,https://www.google.com/maps/reviews/data=!4m8!14m7!1m6!2m5!1sChdDSUhNMG9nS0VJQ0FnSUQ1c3NMYnBRRRAB!2m1!1s0x0:0xe8425a43be3b09a9!3m1!1s2@1:CIHM0ogKEICAgID5ssLbpQE%7C%7C?hl=ru,2026-09-07T23:54:23.129620+00:00,4.5,69
Микс Afterparty,"1-я Брестская ул., 2 ст3, Москва, Россия, 125047",0x46b54b2d4caaa109:0xe8425a43be3b09a9,ChZDSUhNMG9nS0VJQ0FnSUQ1a3IzTWFREAE,5.0,2023-10-21T19:05:36Z,2023-10-21T19:05:36Z,2 года назад,"Лучшее афтэпати, музыка класс, публика порадовала! :)рекомендую",True,Google,https://www.google.com/maps/reviews/data=!4m8!14m7!1m6!2m5!1sChZDSUhNMG9nS0VJQ0FnSUQ1a3IzTWFREAE!2m1!1s0x0:0xe8425a43be3b09a9!3m1!1s2@1:CIHM0ogKEICAgID5kr3MaQ%7C%7C?hl=ru,2026-09-07T23:54:23.129655+00:00,4.5,69
Микс Afterparty,"1-я Брестская ул., 2 ст3, Москва, Россия, 125047",0x46b54b2d4caaa109:0xe8425a43be3b09a9,ChZDSUhNMG9nS0VJQ0FnSUM1MFpuX1lBEAE,5.0,2023-10-15T00:23:50Z,2023-10-15T00:23:50Z,2 года назад,"Голд панда форевер!
Не спать, не спать, всем в микс!
Отдых на высшем уровне",True,Google,https://www.google.com/maps/reviews/data=!4m8!14m7!1m6!2m5!1sChZDSUhNMG9nS0VJQ0FnSUM1MFpuX1lBEAE!2m1!1s0x0:0xe8425a43be3b09a9!3m1!1s2@1:CIHM0ogKEICAgIC50Zn_YA%7C%7C?hl=ru,2026-09-07T23:54:23.129692+00:00,4.5,69
Микс Afterparty,"1-я Брестская ул., 2 ст3, Москва, Россия, 125047",0x46b54b2d4caaa109:0xe8425a43be3b09a9,ChZDSUhNMG9nS0VJQ0FnSURSOFBlTVRREAE,1.0,2023-04-16T08:30:00Z,2023-04-16T08:30:00Z,3 года назад,"Клоповник и наркопритон. Охрана конченное быдло. Девушке в клубе стало плохо, а вместо того, чтобы вызвать скорую, они вынесли её на улицу и бросили на землю, вчетвером. Никто не вступился за неё. Наркопритон в самом центре Москвы.",True,Google,https://www.google.com/maps/reviews/data=!4m8!14m7!1m6!2m5!1sChZDSUhNMG9nS0VJQ0FnSURSOFBlTVRREAE!2m1!1s0x0:0xe8425a43be3b09a9!3m1!1s2@1:CIHM0ogKEICAgIDR8PeMTQ%7C%7C?hl=ru,2026-09-07T23:54:23.129763+00:00,4.5,69
Микс Afterparty,"1-я Брестская ул., 2 ст3, Москва, Россия, 125047",0x46b54b2d4caaa109:0xe8425a43be3b09a9,ChdDSUhNMG9nS0VJQ0FnSURtbHFYZDd3RRAB,5.0,2022-01-27T12:41:45Z,2022-01-27T16:58:13Z,4 года назад,Музыка Топ. Техно качает!!! Если любите электронную музыку советую заехать!,True,Google,https://www.google.com/maps/reviews/data=!4m8!14m7!1m6!2m5!1sChdDSUhNMG9nS0VJQ0FnSURtbHFYZDd3RRAB!2m1!1s0x0:0xe8425a43be3b09a9!3m1!1s2@1:CIHM0ogKEICAgIDmlqXd7wE%7C%7C?hl=ru,2026-09-07T23:54:23.129801+00:00,4.5,69
Микс Afterparty,"1-я Брестская ул., 2 ст3, Москва, Россия, 125047",0x46b54b2d4caaa109:0xe8425a43be3b09a9,ChZDSUhNMG9nS0VJQ0FnSURtMXZIVE13EAE,5.0,2022-01-27T16:56:24Z,2022-01-27T16:56:24Z,4 года назад,"Лучшее афтэпати, музыка класс, публика порадовала! :)",True,Google,https://www.google.com/maps/reviews/data=!4m8!14m7!1m6!2m5!1sChZDSUhNMG9nS0VJQ0FnSURtMXZIVE13EAE!2m1!1s0x0:0xe8425a43be3b09a9!3m1!1s2@1:CIHM0ogKEICAgIDm1vHTMw%7C%7C?hl=ru,2026-09-07T23:54:23.129829+00:00,4.5,69
Микс Afterparty,"1-я Брестская ул., 2 ст3, Москва, Россия, 125047",0x46b54b2d4caaa109:0xe8425a43be3b09a9,ChdDSUhNMG9nS0VJQ0FnSURtbHVYcDNRRRAB,5.0,2022-01-27T12:43:42Z,2022-01-27T12:43:42Z,4 года назад,Очень достойное место. Если вы хотите послушать качественную музыку и от души потанцевать то вам точно сюда. Чумовой  дизайн и вкусная кухня ещё один плюс этого заведения. Проверено лично,True,Google,https://www.google.com/maps/reviews/data=!4m8!14m7!1m6!2m5!1sChdDSUhNMG9nS0VJQ0FnSURtbHVYcDNRRRAB!2m1!1s0x0:0xe8425a43be3b09a9!3m1!1s2@1:CIHM0ogKEICAgIDmluXp3QE%7C%7C?hl=ru,2026-09-07T23:54:23.129858+00:00,4.5,69
Микс Afterparty,"1-я Брестская ул., 2 ст3, Москва, Россия, 125047",0x46b54b2d4caaa109:0xe8425a43be3b09a9,ChZDSUhNMG9nS0VJQ0FnSURtLXRQb0R3EAE,5.0,2022-01-26T09:46:50Z,2022-01-26T09:46:50Z,4 года назад,"Атмосферный, стильный клуб, в котором играет шикарная музыка! Отзывчивый персонал, вкусная кухня и отличный бар!",True,Google,https://www.google.com/maps/reviews/data=!4m8!14m7!1m6!2m5!1sChZDSUhNMG9nS0VJQ0FnSURtLXRQb0R3EAE!2m1!1s0x0:0xe8425a43be3b09a9!3m1!1s2@1:CIHM0ogKEICAgIDm-tPoDw%7C%7C?hl=ru,2026-09-07T23:54:23.129889+00:00,4.5,69
Микс Afterparty,"1-я Брестская ул., 2 ст3, Москва, Россия, 125047",0x46b54b2d4caaa109:0xe8425a43be3b09a9,ChZDSUhNMG9nS0VJQ0FnSURtLXU2RFN3EAE,5.0,2022-01-26T07:45:30Z,2022-01-26T07:45:30Z,4 года назад,"Были с друзьями в субботу. Отличное место с хорошей музыкой, интересным интерьером и доступными ценами (что приятно удивило). Вернёмся ещё. И вам рекомендуем сходить.",True,Google,https://www.google.com/maps/reviews/data=!4m8!14m7!1m6!2m5!1sChZDSUhNMG9nS0VJQ0FnSURtLXU2RFN3EAE!2m1!1s0x0:0xe8425a43be3b09a9!3m1!1s2@1:CIHM0ogKEICAgIDm-u6DSw%7C%7C?hl=ru,2026-09-07T23:54:23.129918+00:00,4.5,69
Микс Afterparty,"1-я Брестская ул., 2 ст3, Москва, Россия, 125047",0x46b54b2d4caaa109:0xe8425a43be3b09a9,ChdDSUhNMG9nS0VJQ0FnSURtbXJXRTZ3RRAB,5.0,2022-01-25T15:07:30Z,2022-01-25T15:07:30Z,4 года назад,"Лучший клуб в Москве, где играют техно 🔥 Постоянно приглашают разных диджеев, атмосфера супер, над кухней тоже постарались, обслуживание на уровне, спасибо что Вы есть❤️",True,Google,https://www.google.com/maps/reviews/data=!4m8!14m7!1m6!2m5!1sChdDSUhNMG9nS0VJQ0FnSURtbXJXRTZ3RRAB!2m1!1s0x0:0xe8425a43be3b09a9!3m1!1s2@1:CIHM0ogKEICAgIDmmrWE6wE%7C%7C?hl=ru,2026-09-07T23:54:23.129948+00:00,4.5,69
Микс Afterparty,"1-я Брестская ул., 2 ст3, Москва, Россия, 125047",0x46b54b2d4caaa109:0xe8425a43be3b09a9,ChdDSUhNMG9nS0VJQ0FnSURtd29iaXdRRRAB,5.0,2022-01-22T21:41:02Z,2022-01-22T21:41:02Z,4 года назад,,False,Google,https://www.google.com/maps/reviews/data=!4m8!14m7!1m6!2m5!1sChdDSUhNMG9nS0VJQ0FnSURtd29iaXdRRRAB!2m1!1s0x0:0xe8425a43be3b09a9!3m1!1s2@1:CIHM0ogKEICAgIDmwobiwQE%7C%7C?hl=ru,2026-09-07T23:54:23.129979+00:00,4.5,69
Микс Afterparty,"1-я Брестская ул., 2 ст3, Москва, Россия, 125047",0x46b54b2d4caaa109:0xe8425a43be3b09a9,ChZDSUhNMG9nS0VJQ0FnSURHcDhHVFdBEAE,1.0,2021-12-11T16:59:33Z,2021-12-11T16:59:33Z,4 года назад,"Я и две девчонки подошли к входу в клуб (на улице было -25) охранник просит подождать, что подождать не известно, очереди нет, мы одни. Оказалось мы ждали фейсера. В -25 нас попросили растегнуть куртки и кофты что бы фосмотрели что одето подними и далее не впускали в клуб (почему нельзя проходить фейс-контроль, дресс код в помещении ? А потому что там не возьмёшь взятку (ИЗДЕВАТЕЛЬСТВО) опять просили подождать, на мои прозьбы впустить в вистебюль, потому что ОЧЕНЬ холодно, охранник в грубой форме отказывал.
Охрана и фейс-контроль, просили взятку за пропуск в этот (как потом выяснилось) гадюшник. Ужасное место !",True,Google,https://www.google.com/maps/reviews/data=!4m8!14m7!1m6!2m5!1sChZDSUhNMG9nS0VJQ0FnSURHcDhHVFdBEAE!2m1!1s0x0:0xe8425a43be3b09a9!3m1!1s2@1:CIHM0ogKEICAgIDGp8GTWA%7C%7C?hl=ru,2026-09-07T23:54:23.130006+00:00,4.5,69
Микс Afterparty,"1-я Брестская ул., 2 ст3, Москва, Россия, 125047",0x46b54b2d4caaa109:0xe8425a43be3b09a9,ChdDSUhNMG9nS0VJQ0FnSURHeTV2RmtRRRAB,5.0,2021-12-09T16:14:26Z,2021-12-09T16:14:26Z,4 года назад,Awesome place,True,Google,https://www.google.com/maps/reviews/data=!4m8!14m7!1m6!2m5!1sChdDSUhNMG9nS0VJQ0FnSURHeTV2RmtRRRAB!2m1!1s0x0:0xe8425a43be3b09a9!3m1!1s2@1:CIHM0ogKEICAgIDGy5vFkQE%7C%7C?hl=ru,2026-09-07T23:54:23.130046+00:00,4.5,69
PAPA MOSCOW,"1-я Брестская ул., 2 стр 3, Москва, Россия, 123104",0x46b54b3ee405f809:0x35d81d86c6a429db,Ci9DQUlRQUNvZENodHljRjlvT25ac2FqaFBUa3hITjNORlYybHlhVzVLZW5WWlozYxAB,5.0,2026-08-21T03:40:50Z,2026-08-21T03:40:50Z,2 недели назад,"КЛАСНАЯ атмосвеха ночного клуба в центре Москвы музыка и диджеи каждая пятница и суббота с новой концепцией просторное пространство и больной танцпол Дружелюбные бармены, хостес и охрана",True,Google,https://www.google.com/maps/reviews/data=!4m8!14m7!1m6!2m5!1sCi9DQUlRQUNvZENodHljRjlvT25ac2FqaFBUa3hITjNORlYybHlhVzVLZW5WWlozYxAB!2m1!1s0x0:0x35d81d86c6a429db!3m1!1s2@1:CAIQACodChtycF9oOnZsajhPTkxHN3NFV2lyaW5KenVZZ3c%7C%7C?hl=ru,2026-09-07T23:54:23.464444+00:00,4.5,399
PAPA MOSCOW,"1-я Брестская ул., 2 стр 3, Москва, Россия, 123104",0x46b54b3ee405f809:0x35d81d86c6a429db,Ci9DQUlRQUNvZENodHljRjlvT2xRMmQybEZiSE5oVWtWZlYwWlNNMlpGV2tSYWJHYxAB,1.0,2026-08-01T21:35:37Z,2026-08-01T21:35:37Z,месяц назад,"I had a very disappointing experience at this place. This is the second time I have been refused entry, while other people were allowed in. The security staff at the entrance treated me in a very disrespectful and unprofessional manner without giving me a clear reason. As a visitor, I expected to be treated with courtesy and respect. Unfortunately, the behavior of the staff made me feel unwelcome, and I hope the management looks into this and improves how guests are treat",True,Google,https://www.google.com/maps/reviews/data=!4m8!14m7!1m6!2m5!1sCi9DQUlRQUNvZENodHljRjlvT2xRMmQybEZiSE5oVWtWZlYwWlNNMlpGV2tSYWJHYxAB!2m1!1s0x0:0x35d81d86c6a429db!3m1!1s2@1:CAIQACodChtycF9oOlQ2d2lFbHNhUkVfV0ZSM2ZFWkRabGc%7C%7C?hl=ru,2026-09-07T23:54:23.464611+00:00,4.5,399
PAPA MOSCOW,"1-я Брестская ул., 2 стр 3, Москва, Россия, 123104",0x46b54b3ee405f809:0x35d81d86c6a429db,Ci9DQUlRQUNvZENodHljRjlvT2xRd2FqSTRUamQ1WlhkWVdIaHFPWEZ3WVZwWlIyYxAB,5.0,2026-06-17T13:07:48Z,2026-06-21T11:04:13Z,Изменено 2 месяца назад,,False,Google,https://www.google.com/maps/reviews/data=!4m8!14m7!1m6!2m5!1sCi9DQUlRQUNvZENodHljRjlvT2xRd2FqSTRUamQ1WlhkWVdIaHFPWEZ3WVZwWlIyYxAB!2m1!1s0x0:0x35d81d86c6a429db!3m1!1s2@1:CAIQACodChtycF9oOlQwajI4Tjd5ZXdYWHhqOXFwYVpZR2c%7C%7C?hl=ru,2026-09-07T23:54:23.464671+00:00,4.5,399
PAPA MOSCOW,"1-я Брестская ул., 2 стр 3, Москва, Россия, 123104",0x46b54b3ee405f809:0x35d81d86c6a429db,Ci9DQUlRQUNvZENodHljRjlvT2tVd2N6QTJiMmRqYWxwWVNFbzNSbFJsVHpjMFJWRRAB,1.0,2026-05-16T22:03:52Z,2026-05-16T22:03:52Z,3 месяца назад,"не впустили, мол «мы на забронировали стол»,хотя после нас в очереди таких людей куча)
их впустили,хотя у них нет тоже брони)
возможно не устроило что не выглядели как ш)) очень обидно, больше не попытаемся",True,Google,https://www.google.com/maps/reviews/data=!4m8!14m7!1m6!2m5!1sCi9DQUlRQUNvZENodHljRjlvT2tVd2N6QTJiMmRqYWxwWVNFbzNSbFJsVHpjMFJWRRAB!2m1!1s0x0:0x35d81d86c6a429db!3m1!1s2@1:CAIQACodChtycF9oOkUwczA2b2djalpYSEo3RlRlTzc0RVE%7C%7C?hl=ru,2026-09-07T23:54:23.464712+00:00,4.5,399
PAPA MOSCOW,"1-я Брестская ул., 2 стр 3, Москва, Россия, 123104",0x46b54b3ee405f809:0x35d81d86c6a429db,Ci9DQUlRQUNvZENodHljRjlvT2xRd2FqZEtSRFZRUmxkblVVMVdkbHA2ZGxNNE0wRRAB,5.0,2026-05-08T12:16:35Z,2026-05-08T12:16:35Z,3 месяца назад,Çok iyi mekan,True,Google,https://www.google.com/maps/reviews/data=!4m8!14m7!1m6!2m5!1sCi9DQUlRQUNvZENodHljRjlvT2xRd2FqZEtSRFZRUmxkblVVMVdkbHA2ZGxNNE0wRRAB!2m1!1s0x0:0x35d81d86c6a429db!3m1!1s2@1:CAIQACodChtycF9oOlQwajdKRDVQRldnUU1Wdlp6dlM4M0E%7C%7C?hl=ru,2026-09-07T23:54:23.464758+00:00,4.5,399
PAPA MOSCOW,"1-я Брестская ул., 2 стр 3, Москва, Россия, 123104",0x46b54b3ee405f809:0x35d81d86c6a429db,Ci9DQUlRQUNvZENodHljRjlvT2pZME9GaENTRzkzUTBOclEwYzVUVlpoTVhObWJtYxAB,1.0,2025-11-15T21:50:45Z,2025-11-15T21:50:45Z,9 месяцев назад,"Мы пошли на стант.ап сегодня 15 ноября. Место отличное, но уровень выступающих был убогим, мягко сказано",True,Google,https://www.google.com/maps/reviews/data=!4m8!14m7!1m6!2m5!1sCi9DQUlRQUNvZENodHljRjlvT2pZME9GaENTRzkzUTBOclEwYzVUVlpoTVhObWJtYxAB!2m1!1s0x0:0x35d81d86c6a429db!3m1!1s2@1:CAIQACodChtycF9oOjY0OFhCSG93Q0NrQ0c5TVZhMXNmbmc%7C%7C?hl=ru,2026-09-07T23:54:23.464791+00:00,4.5,399
PAPA MOSCOW,"1-я Брестская ул., 2 стр 3, Москва, Россия, 123104",0x46b54b3ee405f809:0x35d81d86c6a429db,Ci9DQUlRQUNvZENodHljRjlvT2tWbmFWbHdjRW90YVhkRVRtcG1PRkZ6UW01dGExRRAB,5.0,2025-11-10T14:13:07Z,2025-11-10T14:13:07Z,9 месяцев назад,все было на высшем уровне!,True,Google,https://www.google.com/maps/reviews/data=!4m8!14m7!1m6!2m5!1sCi9DQUlRQUNvZENodHljRjlvT2tWbmFWbHdjRW90YVhkRVRtcG1PRkZ6UW01dGExRRAB!2m1!1s0x0:0x35d81d86c6a429db!3m1!1s2@1:CAIQACodChtycF9oOkVnaVlwcEotaXdETmpmOFFzQm5ta1E%7C%7C?hl=ru,2026-09-07T23:54:23.464836+00:00,4.5,399
PAPA MOSCOW,"1-я Брестская ул., 2 стр 3, Москва, Россия, 123104",0x46b54b3ee405f809:0x35d81d86c6a429db,Ci9DQUlRQUNvZENodHljRjlvT2poTlIweEZYM2RMUW5aNk5HWm9TWHBpUjFwaGNtYxAB,5.0,2025-11-09T09:02:23Z,2025-11-09T09:02:23Z,9 месяцев назад,,False,Google,https://www.google.com/maps/reviews/data=!4m8!14m7!1m6!2m5!1sCi9DQUlRQUNvZENodHljRjlvT2poTlIweEZYM2RMUW5aNk5HWm9TWHBpUjFwaGNtYxAB!2m1!1s0x0:0x35d81d86c6a429db!3m1!1s2@1:CAIQACodChtycF9oOjhNR0xFX3dLQnZ6NGZoSXpiR1phcmc%7C%7C?hl=ru,2026-09-07T23:54:23.464869+00:00,4.5,399
PAPA MOSCOW,"1-я Брестская ул., 2 стр 3, Москва, Россия, 123104",0x46b54b3ee405f809:0x35d81d86c6a429db,Ci9DQUlRQUNvZENodHljRjlvT2pSTFQyRmphMFJmYkZwbFVrcHFhRUptZDJWS0xYYxAB,5.0,2025-10-22T05:55:31Z,2025-10-22T05:55:31Z,10 месяцев назад,"Были в этом баре с друзьями в субботу. Отличное место, чтобы провести вечер после рабочей недели. Особенно впечатлила атмосфера. Просторный танцпол позволил отдохнуть без толкучки.",True,Google,https://www.google.com/maps/reviews/data=!4m8!14m7!1m6!2m5!1sCi9DQUlRQUNvZENodHljRjlvT2pSTFQyRmphMFJmYkZwbFVrcHFhRUptZDJWS0xYYxAB!2m1!1s0x0:0x35d81d86c6a429db!3m1!1s2@1:CAIQACodChtycF9oOjRLT2Fja0RfbFplUkpqaEJmd2VKLXc%7C%7C?hl=ru,2026-09-07T23:54:23.630626+00:00,4.5,399
PAPA MOSCOW,"1-я Брестская ул., 2 стр 3, Москва, Россия, 123104",0x46b54b3ee405f809:0x35d81d86c6a429db,Ci9DQUlRQUNvZENodHljRjlvT25SeFFrcHZWa3g0ZDJJMVFTMTZhR2xzTTFCRk1sRRAB,5.0,2025-10-21T08:38:17Z,2025-10-21T08:38:17Z,10 месяцев назад,"В пятницу впервые посетил Papa Moscow и мне очень понравилось! Интерьер современный, уютный, с приятным светом и неоном, создаёт отличную атмосферу. Музыка энергичная, диджей классно миксовал треки. Еда вкусная, блюда интересные и красиво поданы. Бармены готовили необычные и вкусные коктейли. Персонал вежливый и улыбчивый, что сделало вечер ещё приятнее.",True,Google,https://www.google.com/maps/reviews/data=!4m8!14m7!1m6!2m5!1sCi9DQUlRQUNvZENodHljRjlvT25SeFFrcHZWa3g0ZDJJMVFTMTZhR2xzTTFCRk1sRRAB!2m1!1s0x0:0x35d81d86c6a429db!3m1!1s2@1:CAIQACodChtycF9oOnRxQkpvVkx4d2I1QS16aGlsM1BFMlE%7C%7C?hl=ru,2026-09-07T23:54:23.630841+00:00,4.5,399
PAPA MOSCOW,"1-я Брестская ул., 2 стр 3, Москва, Россия, 123104",0x46b54b3ee405f809:0x35d81d86c6a429db,Ci9DQUlRQUNvZENodHljRjlvT2xFNU1HSnlURlphY2xSS2QwdGpXa3RXVEdoSFdrRRAB,5.0,2025-10-20T07:53:12Z,2025-10-20T07:53:12Z,10 месяцев назад,Ночной клуб в центре Москвы.Работаем в пятницу и субботу.У нас большой диско шар.Также есть фотозоны(разрешено с коктелями).Бармены очень отзывчивые и понимающие.Крутая подача коктейля.Кальян с разными вкусами и вип зона.,True,Google,https://www.google.com/maps/reviews/data=!4m8!14m7!1m6!2m5!1sCi9DQUlRQUNvZENodHljRjlvT2xFNU1HSnlURlphY2xSS2QwdGpXa3RXVEdoSFdrRRAB!2m1!1s0x0:0x35d81d86c6a429db!3m1!1s2@1:CAIQACodChtycF9oOlE5MGJyTFZaclRKd0tjWktWTGhHWkE%7C%7C?hl=ru,2026-09-07T23:54:23.630915+00:00,4.5,399
PAPA MOSCOW,"1-я Брестская ул., 2 стр 3, Москва, Россия, 123104",0x46b54b3ee405f809:0x35d81d86c6a429db,Ci9DQUlRQUNvZENodHljRjlvT2pWU1pEVnRVR2RXYWxGUVl6UllMVEZoYm5OeU1GRRAB,5.0,2025-10-20T06:25:31Z,2025-10-20T06:25:31Z,10 месяцев назад,"Были в PAPA MOSCOW — просто вау! Атмосфера классная: стильный интерьер, приятная музыка и очень уютно. Но самое главное — обслуживание! Ребята работают с улыбкой, всё быстро, вежливо и без лишней суеты. Коктейли отличные, кухня тоже порадовала. Мы провели шикарный вечер, обязательно придём ещё ❤️",True,Google,https://www.google.com/maps/reviews/data=!4m8!14m7!1m6!2m5!1sCi9DQUlRQUNvZENodHljRjlvT2pWU1pEVnRVR2RXYWxGUVl6UllMVEZoYm5OeU1GRRAB!2m1!1s0x0:0x35d81d86c6a429db!3m1!1s2@1:CAIQACodChtycF9oOjVSZDVtUGdWalFQYzRYLTFhbnNyMFE%7C%7C?hl=ru,2026-09-07T23:54:23.630967+00:00,4.5,399
PAPA MOSCOW,"1-я Брестская ул., 2 стр 3, Москва, Россия, 123104",0x46b54b3ee405f809:0x35d81d86c6a429db,Ci9DQUlRQUNvZENodHljRjlvT2taNldYZGllR1Z6Y0VFM1FtaHNVbDlHUkZNMU9HYxAB,5.0,2025-10-19T11:14:19Z,2025-10-19T11:14:19Z,10 месяцев назад,"Уже жду следующую пятницу, чтобы прийти сюда снова😎 Очень удивило меню, шикарный выбор и  очень вкусные коктели) Танцпол огромный просто) Диджей был супер, музыка - огонь!",True,Google,https://www.google.com/maps/reviews/data=!4m8!14m7!1m6!2m5!1sCi9DQUlRQUNvZENodHljRjlvT2taNldYZGllR1Z6Y0VFM1FtaHNVbDlHUkZNMU9HYxAB!2m1!1s0x0:0x35d81d86c6a429db!3m1!1s2@1:CAIQACodChtycF9oOkZ6WXdieGVzcEE3QmhsUl9GRFM1OGc%7C%7C?hl=ru,2026-09-07T23:54:23.631009+00:00,4.5,399
PAPA MOSCOW,"1-я Брестская ул., 2 стр 3, Москва, Россия, 123104",0x46b54b3ee405f809:0x35d81d86c6a429db,Ci9DQUlRQUNvZENodHljRjlvT21kV01EZFVSbkU1YlhsaGJqRkViMG80U0hCdGEzYxAB,5.0,2025-10-19T06:52:05Z,2025-10-19T06:52:05Z,10 месяцев назад,"очень хороший ночной клуб.
легко нашла друзей и повеселись на ура.
советую сходить в этот клуб",True,Google,https://www.google.com/maps/reviews/data=!4m8!14m7!1m6!2m5!1sCi9DQUlRQUNvZENodHljRjlvT21kV01EZFVSbkU1YlhsaGJqRkViMG80U0hCdGEzYxAB!2m1!1s0x0:0x35d81d86c6a429db!3m1!1s2@1:CAIQACodChtycF9oOmdWMDdURnE5bXlhbjFEb0o4SHBta3c%7C%7C?hl=ru,2026-09-07T23:54:23.631056+00:00,4.5,399
PAPA MOSCOW,"1-я Брестская ул., 2 стр 3, Москва, Россия, 123104",0x46b54b3ee405f809:0x35d81d86c6a429db,Ci9DQUlRQUNvZENodHljRjlvT2s1SWFsZHFUSEpwYmtKcVMzUjJaWGxpWlU5VmNXYxAB,5.0,2025-10-18T09:43:00Z,2025-10-18T09:43:00Z,10 месяцев назад,"Зашли с друзьями в Papa Moscow в субботу, чтобы оторваться после недели. Пространство большое, танцпол просторный, не чувствуешь себя как в давке. Музыка в этот вечер была просто огонь, диджей хорошо чувствовал зал. Кальян вкусный, плотный, принесли быстро. Бармены работают ловко, несмотря на аншлаг.",True,Google,https://www.google.com/maps/reviews/data=!4m8!14m7!1m6!2m5!1sCi9DQUlRQUNvZENodHljRjlvT2s1SWFsZHFUSEpwYmtKcVMzUjJaWGxpWlU5VmNXYxAB!2m1!1s0x0:0x35d81d86c6a429db!3m1!1s2@1:CAIQACodChtycF9oOk5IaldqTHJpbkJqS3R2ZXliZU9VcWc%7C%7C?hl=ru,2026-09-07T23:54:23.631092+00:00,4.5,399
PAPA MOSCOW,"1-я Брестская ул., 2 стр 3, Москва, Россия, 123104",0x46b54b3ee405f809:0x35d81d86c6a429db,Ci9DQUlRQUNvZENodHljRjlvT2tsT1prZFNiR2RzV1ZRelgxTmllSE5VZVRkNkxVRRAB,5.0,2025-10-18T08:43:38Z,2025-10-18T08:43:38Z,10 месяцев назад,"Был в этом клубе, он очень красивый, приятный, ребята, раьотающие в этом клубе прикольные, добрые, знают свое дело, цени приятные. Всем рекомендую!!",True,Google,https://www.google.com/maps/reviews/data=!4m8!14m7!1m6!2m5!1sCi9DQUlRQUNvZENodHljRjlvT2tsT1prZFNiR2RzV1ZRelgxTmllSE5VZVRkNkxVRRAB!2m1!1s0x0:0x35d81d86c6a429db!3m1!1s2@1:CAIQACodChtycF9oOklOZkdSbGdsWVQzX1NieHNUeTd6LUE%7C%7C?hl=ru,2026-09-07T23:54:23.631130+00:00,4.5,399
PAPA MOSCOW,"1-я Брестская ул., 2 стр 3, Москва, Россия, 123104",0x46b54b3ee405f809:0x35d81d86c6a429db,Ci9DQUlRQUNvZENodHljRjlvT2xORVZtMW9kR1U1ZVdSSWNXRlJkVlY0WVhaM2VGRRAB,5.0,2025-10-17T14:28:18Z,2025-10-17T14:28:59Z,10 месяцев назад,"Отличный клуб! Классная атмосфера, музыка супер. Всегда новая концепция, бармены на высоте. Места много, танцпол просторный - есть где разгуляться! Рекомендую.",True,Google,https://www.google.com/maps/reviews/data=!4m8!14m7!1m6!2m5!1sCi9DQUlRQUNvZENodHljRjlvT2xORVZtMW9kR1U1ZVdSSWNXRlJkVlY0WVhaM2VGRRAB!2m1!1s0x0:0x35d81d86c6a429db!3m1!1s2@1:CAIQACodChtycF9oOlNEVm1odGU5eWRIcWFRdVV4YXZ3eFE%7C%7C?hl=ru,2026-09-07T23:54:23.631167+00:00,4.5,399
PAPA MOSCOW,"1-я Брестская ул., 2 стр 3, Москва, Россия, 123104",0x46b54b3ee405f809:0x35d81d86c6a429db,Ci9DQUlRQUNvZENodHljRjlvT2t4TlZVeEVTbkI1WDNkblYxaDJOVzVKTkVweU1WRRAB,5.0,2025-10-17T10:54:02Z,2025-10-17T10:54:02Z,10 месяцев назад,"Спасибо! Отдохнули, каждую пятницу и субботу новая программа, классная атмосфера, музыка, а диджею отдельное спасибо - зажигал отменно.
Крутые коктейли, много новинок. Хорошее место!",True,Google,https://www.google.com/maps/reviews/data=!4m8!14m7!1m6!2m5!1sCi9DQUlRQUNvZENodHljRjlvT2t4TlZVeEVTbkI1WDNkblYxaDJOVzVKTkVweU1WRRAB!2m1!1s0x0:0x35d81d86c6a429db!3m1!1s2@1:CAIQACodChtycF9oOkxNVUxESnB5X3dnV1h2NW5JNEpyMVE%7C%7C?hl=ru,2026-09-07T23:54:23.631207+00:00,4.5,399
PAPA MOSCOW,"1-я Брестская ул., 2 стр 3, Москва, Россия, 123104",0x46b54b3ee405f809:0x35d81d86c6a429db,Ci9DQUlRQUNvZENodHljRjlvT2xWUlRXcGhOSGszYlZsSmFGVnlRakYwWHpoSE4yYxAB,5.0,2025-10-17T04:45:26Z,2025-10-17T04:45:26Z,10 месяцев назад,"Отличное место чтобы расслабиться вечером в выходные, танцпол большой",True,Google,https://www.google.com/maps/reviews/data=!4m8!14m7!1m6!2m5!1sCi9DQUlRQUNvZENodHljRjlvT2xWUlRXcGhOSGszYlZsSmFGVnlRakYwWHpoSE4yYxAB!2m1!1s0x0:0x35d81d86c6a429db!3m1!1s2@1:CAIQACodChtycF9oOlVRTWphNHk3bVlJaFVyQjF0XzhHN2c%7C%7C?hl=ru,2026-09-07T23:54:23.631243+00:00,4.5,399
PAPA MOSCOW,"1-я Брестская ул., 2 стр 3, Москва, Россия, 123104",0x46b54b3ee405f809:0x35d81d86c6a429db,Ci9DQUlRQUNvZENodHljRjlvT2pob2EySnlkRGwzZUZkMFIxWnpSVWd3T1ZOQ1MyYxAB,5.0,2025-10-16T09:16:24Z,2025-10-16T09:16:24Z,10 месяцев назад,"Посещение клуба оставило исключительно положительные впечатления! Атмосфера дружелюбная и уютная, музыка отличная, диджеи играют классные треки, а концепция мероприятий всегда новая и интересная. В клубе достаточно места для танцев. Сотрудники приветливы, бармены быстро выполняют заказы. Обязательно вернусь и рекомендую всем, кто хочет отлично провести время. Стоит попробовать коктейли, кальян и вкусную еду.",True,Google,https://www.google.com/maps/reviews/data=!4m8!14m7!1m6!2m5!1sCi9DQUlRQUNvZENodHljRjlvT2pob2EySnlkRGwzZUZkMFIxWnpSVWd3T1ZOQ1MyYxAB!2m1!1s0x0:0x35d81d86c6a429db!3m1!1s2@1:CAIQACodChtycF9oOjhoa2JydDl3eFd0R1ZzRUgwOVNCS2c%7C%7C?hl=ru,2026-09-07T23:54:23.631276+00:00,4.5,399
PAPA MOSCOW,"1-я Брестская ул., 2 стр 3, Москва, Россия, 123104",0x46b54b3ee405f809:0x35d81d86c6a429db,Ci9DQUlRQUNvZENodHljRjlvT201UVZISldUMnd4VW1Sc0xXc3hTbkYyVjJjNGMxRRAB,5.0,2025-10-15T10:29:28Z,2025-10-15T10:29:28Z,10 месяцев назад,"Хочется сказать пару слов о данном клубе. Имеется классная и отличная атмосфера, музыка всегда может порадовать, а сами диджеи всегда делают свое дело, что порадовало. Очень вкусная еда и напитки понравились хорошим вкусом.",True,Google,https://www.google.com/maps/reviews/data=!4m8!14m7!1m6!2m5!1sCi9DQUlRQUNvZENodHljRjlvT201UVZISldUMnd4VW1Sc0xXc3hTbkYyVjJjNGMxRRAB!2m1!1s0x0:0x35d81d86c6a429db!3m1!1s2@1:CAIQACodChtycF9oOm5QVHJWT2wxUmRsLWsxSnF2V2c4c1E%7C%7C?hl=ru,2026-09-07T23:54:23.631316+00:00,4.5,399
PAPA MOSCOW,"1-я Брестская ул., 2 стр 3, Москва, Россия, 123104",0x46b54b3ee405f809:0x35d81d86c6a429db,Ci9DQUlRQUNvZENodHljRjlvT2xnM1Z6QjVha3RhVHpkTFZEQkNWMUYxTWtZemQzYxAB,5.0,2025-10-12T08:55:39Z,2025-10-12T08:55:39Z,10 месяцев назад,Всё понравилось очень хорошо еда вкусная,True,Google,https://www.google.com/maps/reviews/data=!4m8!14m7!1m6!2m5!1sCi9DQUlRQUNvZENodHljRjlvT2xnM1Z6QjVha3RhVHpkTFZEQkNWMUYxTWtZemQzYxAB!2m1!1s0x0:0x35d81d86c6a429db!3m1!1s2@1:CAIQACodChtycF9oOlg3VzB5aktaTzdLVDBCV1F1MkYzd3c%7C%7C?hl=ru,2026-09-07T23:54:23.631350+00:00,4.5,399
PAPA MOSCOW,"1-я Брестская ул., 2 стр 3, Москва, Россия, 123104",0x46b54b3ee405f809:0x35d81d86c6a429db,Ci9DQUlRQUNvZENodHljRjlvT2t4aWFYWjNXVEpzYWxKRWNtTlJTaTFaVjNVMlRXYxAB,5.0,2025-10-11T11:35:48Z,2025-10-11T11:35:48Z,10 месяцев назад,"Была там с друзьями, время провели очень круто. Большой танцпол, кальян и необычные коктели сделали наш вечер еще веселее",True,Google,https://www.google.com/maps/reviews/data=!4m8!14m7!1m6!2m5!1sCi9DQUlRQUNvZENodHljRjlvT2t4aWFYWjNXVEpzYWxKRWNtTlJTaTFaVjNVMlRXYxAB!2m1!1s0x0:0x35d81d86c6a429db!3m1!1s2@1:CAIQACodChtycF9oOkxiaXZ3WTJsalJEcmNRSi1ZV3U2TWc%7C%7C?hl=ru,2026-09-07T23:54:23.631380+00:00,4.5,399
PAPA MOSCOW,"1-я Брестская ул., 2 стр 3, Москва, Россия, 123104",0x46b54b3ee405f809:0x35d81d86c6a429db,Ci9DQUlRQUNvZENodHljRjlvT2xRdE9UQllWa1JIWVZvdFVuaFhkbXBuVG5ka2RFRRAB,5.0,2025-10-08T12:31:11Z,2025-10-08T12:32:27Z,10 месяцев назад,Был в  этом месте . Еда прекрасная. Также  очень вежливый бармен. Очень кайфовая атмосфера и музыка диджея,True,Google,https://www.google.com/maps/reviews/data=!4m8!14m7!1m6!2m5!1sCi9DQUlRQUNvZENodHljRjlvT2xRdE9UQllWa1JIWVZvdFVuaFhkbXBuVG5ka2RFRRAB!2m1!1s0x0:0x35d81d86c6a429db!3m1!1s2@1:CAIQACodChtycF9oOlQtOTBYVkRHYVotUnhXdmpnTndkdEE%7C%7C?hl=ru,2026-09-07T23:54:23.631411+00:00,4.5,399
PAPA MOSCOW,"1-я Брестская ул., 2 стр 3, Москва, Россия, 123104",0x46b54b3ee405f809:0x35d81d86c6a429db,Ci9DQUlRQUNvZENodHljRjlvT2xKaFRFVlJlalJZY2pGaVNuUjRWbVJYWkd4SlVGRRAB,5.0,2025-10-08T08:36:52Z,2025-10-08T08:36:52Z,10 месяцев назад,"Не так давно посещал ночной клуб PAPA MOSCOW. Вкусная еда, музыка отличная, атмосфера прекрасная, отдохнуть получилось хорошо👍",True,Google,https://www.google.com/maps/reviews/data=!4m8!14m7!1m6!2m5!1sCi9DQUlRQUNvZENodHljRjlvT2xKaFRFVlJlalJZY2pGaVNuUjRWbVJYWkd4SlVGRRAB!2m1!1s0x0:0x35d81d86c6a429db!3m1!1s2@1:CAIQACodChtycF9oOlJhTEVRejRYcjFiSnR4VmRXZGxJUFE%7C%7C?hl=ru,2026-09-07T23:54:23.631445+00:00,4.5,399
PAPA MOSCOW,"1-я Брестская ул., 2 стр 3, Москва, Россия, 123104",0x46b54b3ee405f809:0x35d81d86c6a429db,Ci9DQUlRQUNvZENodHljRjlvT2pOb2FIRmZNWHBETFZocVZFc3ljbFo1VmtkUWRtYxAB,5.0,2025-10-07T12:44:45Z,2025-10-07T12:44:45Z,11 месяцев назад,"Суперский клуб! Приходишь сюда в субботу и заряжаешься энергией на всю неделю. Музыка, танцы, драйв - тут есть всё. Понравился просторный танцпол и уютная зона с кальянами. Персонал на высоте. Однозначно наша новая любимая точка для выходных.",True,Google,https://www.google.com/maps/reviews/data=!4m8!14m7!1m6!2m5!1sCi9DQUlRQUNvZENodHljRjlvT2pOb2FIRmZNWHBETFZocVZFc3ljbFo1VmtkUWRtYxAB!2m1!1s0x0:0x35d81d86c6a429db!3m1!1s2@1:CAIQACodChtycF9oOjNoaHFfMXpDLVhqVEsyclZ5VkdQdmc%7C%7C?hl=ru,2026-09-07T23:54:23.631490+00:00,4.5,399
PAPA MOSCOW,"1-я Брестская ул., 2 стр 3, Москва, Россия, 123104",0x46b54b3ee405f809:0x35d81d86c6a429db,Ci9DQUlRQUNvZENodHljRjlvT2twQ01VNUpOa3gwYjA5emNubFRRekV3YmpoWU4wRRAB,5.0,2025-10-07T11:21:33Z,2025-10-07T11:21:33Z,11 месяцев назад,Очень хороший клуб 👍,True,Google,https://www.google.com/maps/reviews/data=!4m8!14m7!1m6!2m5!1sCi9DQUlRQUNvZENodHljRjlvT2twQ01VNUpOa3gwYjA5emNubFRRekV3YmpoWU4wRRAB!2m1!1s0x0:0x35d81d86c6a429db!3m1!1s2@1:CAIQACodChtycF9oOkpCMU5JNkx0b09zcnlTQzEwbjhYN0E%7C%7C?hl=ru,2026-09-07T23:54:23.631528+00:00,4.5,399
PAPA MOSCOW,"1-я Брестская ул., 2 стр 3, Москва, Россия, 123104",0x46b54b3ee405f809:0x35d81d86c6a429db,Ci9DQUlRQUNvZENodHljRjlvT2xGS2FEaHRURXRCZGs5dlNtdFdWbmw1TjJ4aGEwRRAB,5.0,2025-10-07T06:59:18Z,2025-10-07T06:59:18Z,11 месяцев назад,"очень вкусная еда!! проезжая мимо заскочили в ""PAPA MOSCOW"" нам все понравилось,будем приходить сюда больше)",True,Google,https://www.google.com/maps/reviews/data=!4m8!14m7!1m6!2m5!1sCi9DQUlRQUNvZENodHljRjlvT2xGS2FEaHRURXRCZGs5dlNtdFdWbmw1TjJ4aGEwRRAB!2m1!1s0x0:0x35d81d86c6a429db!3m1!1s2@1:CAIQACodChtycF9oOlFKaDhtTEtBdk9vSmtWVnl5N2xha0E%7C%7C?hl=ru,2026-09-07T23:54:23.631560+00:00,4.5,399
PAPA MOSCOW,"1-я Брестская ул., 2 стр 3, Москва, Россия, 123104",0x46b54b3ee405f809:0x35d81d86c6a429db,Ci9DQUlRQUNvZENodHljRjlvT2sxZlVrMHRVR28zYjJZNVEyZzVRbVY0Y1VneFRXYxAB,5.0,2025-10-05T09:43:12Z,2025-10-05T09:43:12Z,11 месяцев назад,"Все супер! Отдыхали здесь на днях с друзьями. Приветливый персонал, приятная атмосфера, музыка тоже огонь. Большой просторный танцпол. Приятным моментом стало то, что можно заказать кальян. Оценка ""5"" заслужена",True,Google,https://www.google.com/maps/reviews/data=!4m8!14m7!1m6!2m5!1sCi9DQUlRQUNvZENodHljRjlvT2sxZlVrMHRVR28zYjJZNVEyZzVRbVY0Y1VneFRXYxAB!2m1!1s0x0:0x35d81d86c6a429db!3m1!1s2@1:CAIQACodChtycF9oOk1fUk0tUGo3b2Y5Q2g5QmV4cUgxTWc%7C%7C?hl=ru,2026-09-07T23:54:25.126144+00:00,4.5,399
PAPA MOSCOW,"1-я Брестская ул., 2 стр 3, Москва, Россия, 123104",0x46b54b3ee405f809:0x35d81d86c6a429db,Ci9DQUlRQUNvZENodHljRjlvT21KcFpXVnNSVzh6VjFwWlMwSlNUamRoV1VWSlNXYxAB,1.0,2025-10-04T20:26:29Z,2025-10-04T20:26:29Z,11 месяцев назад,Депозит 7к на человека. Абсолютно не соответствует заведению!,True,Google,https://www.google.com/maps/reviews/data=!4m8!14m7!1m6!2m5!1sCi9DQUlRQUNvZENodHljRjlvT21KcFpXVnNSVzh6VjFwWlMwSlNUamRoV1VWSlNXYxAB!2m1!1s0x0:0x35d81d86c6a429db!3m1!1s2@1:CAIQACodChtycF9oOmJpZWVsRW8zV1pZS0JSTjdhWUVJSWc%7C%7C?hl=ru,2026-09-07T23:54:25.126356+00:00,4.5,399
PAPA MOSCOW,"1-я Брестская ул., 2 стр 3, Москва, Россия, 123104",0x46b54b3ee405f809:0x35d81d86c6a429db,Ci9DQUlRQUNvZENodHljRjlvT2tOd1JIcFRSazB5Unpod2RHSXpkM2xqV0VaYUxXYxAB,5.0,2025-10-03T13:58:55Z,2025-10-03T13:58:55Z,11 месяцев назад,"Отлично правили свой вечер в этом клубе , топовая обстановка. Одельно стоит отметить еду , кухня на высоте",True,Google,https://www.google.com/maps/reviews/data=!4m8!14m7!1m6!2m5!1sCi9DQUlRQUNvZENodHljRjlvT2tOd1JIcFRSazB5Unpod2RHSXpkM2xqV0VaYUxXYxAB!2m1!1s0x0:0x35d81d86c6a429db!3m1!1s2@1:CAIQACodChtycF9oOkNwRHpTRk0yRzhwdGIzd3ljWEZaLWc%7C%7C?hl=ru,2026-09-07T23:54:25.126421+00:00,4.5,399
PAPA MOSCOW,"1-я Брестская ул., 2 стр 3, Москва, Россия, 123104",0x46b54b3ee405f809:0x35d81d86c6a429db,Ci9DQUlRQUNvZENodHljRjlvT21WNFZXUnRaMDVhZW1OeVVWTndUblp3Y0RoT2RHYxAB,5.0,2025-10-03T11:30:34Z,2025-10-03T11:30:34Z,11 месяцев назад,"Недавно посетил ночной клуб PAPA MOSCOW и остался под очень приятным впечатлением! Это место, где действительно чувствуется драйв и энергия выходных.
Что особенно запомнилось:
Атмосфера и музыка: PAPA MOSCOW – это идеальное сочетание качественной музыки и зажигательной атмосферы. Каждый уикенд здесь проходят новые концепции, что не дает заскучать и всегда предлагает что-то свежее. Диджеи отлично чувствуют публику, а плейлисты всегда на высоте.
Пространство и танцпол: Клуб очень просторный, что является огромным плюсом. Большой и удобный танцпол позволяет полностью отдаться музыке и танцам, не чувствуя себя стесненно.
Дополнительные опции: Наличие кальянов и большой выбор коктейлей делают отдых еще более комфортным и разнообразным. Можно отлично провести время, наслаждаясь любимыми напитками и дымными миксами.",True,Google,https://www.google.com/maps/reviews/data=!4m8!14m7!1m6!2m5!1sCi9DQUlRQUNvZENodHljRjlvT21WNFZXUnRaMDVhZW1OeVVWTndUblp3Y0RoT2RHYxAB!2m1!1s0x0:0x35d81d86c6a429db!3m1!1s2@1:CAIQACodChtycF9oOmV4VWRtZ05aemNyUVNwTnZwcDhOdGc%7C%7C?hl=ru,2026-09-07T23:54:25.126465+00:00,4.5,399
PAPA MOSCOW,"1-я Брестская ул., 2 стр 3, Москва, Россия, 123104",0x46b54b3ee405f809:0x35d81d86c6a429db,Ci9DQUlRQUNvZENodHljRjlvT21SelpXMWFjRW8zWmt4eGIyUklNMWRMYW1kbWMwRRAB,5.0,2025-10-03T08:01:47Z,2025-10-03T08:01:47Z,11 месяцев назад,"Отдыхала тут с подружками на выходных, просто улёт! Лучше места я не видела. В клубе большой танцпол, кальяны, коктейли, будто всё самое прикольное запихнули в одно заведение) ну просто золотая находка! Обязательно посетите, не упускайте шанс хорошо отдохнуть)",True,Google,https://www.google.com/maps/reviews/data=!4m8!14m7!1m6!2m5!1sCi9DQUlRQUNvZENodHljRjlvT21SelpXMWFjRW8zWmt4eGIyUklNMWRMYW1kbWMwRRAB!2m1!1s0x0:0x35d81d86c6a429db!3m1!1s2@1:CAIQACodChtycF9oOmRzZW1acEo3Zkxxb2RIM1dLamdmc0E%7C%7C?hl=ru,2026-09-07T23:54:25.126520+00:00,4.5,399
PAPA MOSCOW,"1-я Брестская ул., 2 стр 3, Москва, Россия, 123104",0x46b54b3ee405f809:0x35d81d86c6a429db,Ci9DQUlRQUNvZENodHljRjlvT2pkVGJrbFlOWEEwWkVGVlJraG9VRFZVYkRWd1pIYxAB,5.0,2025-10-02T12:06:06Z,2025-10-02T12:06:06Z,11 месяцев назад,"Были с подружками в PAPA MOSCOW. Атмосфера огонь 🔥! Большое пространство, танцпол, музыка классная, есть диджей!
Бармен красавчик!
Нравится, что есть кольян, много напитков",True,Google,https://www.google.com/maps/reviews/data=!4m8!14m7!1m6!2m5!1sCi9DQUlRQUNvZENodHljRjlvT2pkVGJrbFlOWEEwWkVGVlJraG9VRFZVYkRWd1pIYxAB!2m1!1s0x0:0x35d81d86c6a429db!3m1!1s2@1:CAIQACodChtycF9oOjdTbklYNXA0ZEFVRkhoUDVUbDVwZHc%7C%7C?hl=ru,2026-09-07T23:54:25.126558+00:00,4.5,399
PAPA MOSCOW,"1-я Брестская ул., 2 стр 3, Москва, Россия, 123104",0x46b54b3ee405f809:0x35d81d86c6a429db,Ci9DQUlRQUNvZENodHljRjlvT25KeE0yMDVVa3hMWWtKcVNUWmhjRTgxWTBoR1pXYxAB,5.0,2025-10-02T10:56:41Z,2025-10-02T10:56:41Z,11 месяцев назад,"Приятное место.
Всё на уровне.
Еда вкусная, музыка не бьёт по ушам, персонал симпатичный.",True,Google,https://www.google.com/maps/reviews/data=!4m8!14m7!1m6!2m5!1sCi9DQUlRQUNvZENodHljRjlvT25KeE0yMDVVa3hMWWtKcVNUWmhjRTgxWTBoR1pXYxAB!2m1!1s0x0:0x35d81d86c6a429db!3m1!1s2@1:CAIQACodChtycF9oOnJxM205UkxLYkJqSTZhcE81Y0hGZWc%7C%7C?hl=ru,2026-09-07T23:54:25.126598+00:00,4.5,399
PAPA MOSCOW,"1-я Брестская ул., 2 стр 3, Москва, Россия, 123104",0x46b54b3ee405f809:0x35d81d86c6a429db,Ci9DQUlRQUNvZENodHljRjlvT2t3MU9HdDVNREZvV2tWQ016ZHZaSEpJYzE5TllYYxAB,5.0,2025-10-02T08:33:27Z,2025-10-02T08:33:27Z,11 месяцев назад,"Хорошее место для того чтобы отдохнуть. Понравились кальяны, они вообще зачетные
Также есть коктели, еда и тд
Бармен вообще красавчик, мужик прям
Клуб понравился, жаль что работает только по пятницам и суботам в первую очередь понравилось атмосфера. Музыка и игра света кайф. Всем доволен",True,Google,https://www.google.com/maps/reviews/data=!4m8!14m7!1m6!2m5!1sCi9DQUlRQUNvZENodHljRjlvT2t3MU9HdDVNREZvV2tWQ016ZHZaSEpJYzE5TllYYxAB!2m1!1s0x0:0x35d81d86c6a429db!3m1!1s2@1:CAIQACodChtycF9oOkw1OGt5MDFoWkVCMzdvZHJIc19NYXc%7C%7C?hl=ru,2026-09-07T23:54:25.126631+00:00,4.5,399
PAPA MOSCOW,"1-я Брестская ул., 2 стр 3, Москва, Россия, 123104",0x46b54b3ee405f809:0x35d81d86c6a429db,Ci9DQUlRQUNvZENodHljRjlvT2pWVFJrTlFXVEpJTFROSVpIUXdRa3RwYTNSWk1uYxAB,5.0,2025-10-01T09:37:41Z,2025-10-01T09:37:41Z,11 месяцев назад,"Приятное место, понравилось что есть большой танцпол, хорошая музыка. Понравилось барное меню, есть из чего выбрать. Контигент приличный, мы остались довольны!",True,Google,https://www.google.com/maps/reviews/data=!4m8!14m7!1m6!2m5!1sCi9DQUlRQUNvZENodHljRjlvT2pWVFJrTlFXVEpJTFROSVpIUXdRa3RwYTNSWk1uYxAB!2m1!1s0x0:0x35d81d86c6a429db!3m1!1s2@1:CAIQACodChtycF9oOjVTRkNQWTJILTNIZHQwQktpa3RZMnc%7C%7C?hl=ru,2026-09-07T23:54:25.126667+00:00,4.5,399
PAPA MOSCOW,"1-я Брестская ул., 2 стр 3, Москва, Россия, 123104",0x46b54b3ee405f809:0x35d81d86c6a429db,Ci9DQUlRQUNvZENodHljRjlvT21kbVVGaFZXVmN3U0c5aE0waDFhMFU0VFVaNVJFRRAB,5.0,2025-09-29T12:29:35Z,2025-09-29T12:29:35Z,11 месяцев назад,"Еда очень вкусная готовка идинальная без единого минуса, а также очень понравился сервис обсуживонья очень качествено. Атмосфера очень уютная красивая очень удобные стулья очень хорошие цены спасибо все понравились",True,Google,https://www.google.com/maps/reviews/data=!4m8!14m7!1m6!2m5!1sCi9DQUlRQUNvZENodHljRjlvT21kbVVGaFZXVmN3U0c5aE0waDFhMFU0VFVaNVJFRRAB!2m1!1s0x0:0x35d81d86c6a429db!3m1!1s2@1:CAIQACodChtycF9oOmdmUFhVWVcwSG9hM0h1a0U4TUZ5REE%7C%7C?hl=ru,2026-09-07T23:54:25.126699+00:00,4.5,399
PAPA MOSCOW,"1-я Брестская ул., 2 стр 3, Москва, Россия, 123104",0x46b54b3ee405f809:0x35d81d86c6a429db,Ci9DQUlRQUNvZENodHljRjlvT2pOb1lVRmpRazQ1U3pWR2NWOWFlakZLVEdWQ2JYYxAB,5.0,2025-09-23T18:36:50Z,2025-09-23T18:36:50Z,11 месяцев назад,"Классное и модное место. Музыку чередуют так, чтобы угодить и молодым и более взрослым. Девушки красивые. Охрана работает отлично.",True,Google,https://www.google.com/maps/reviews/data=!4m8!14m7!1m6!2m5!1sCi9DQUlRQUNvZENodHljRjlvT2pOb1lVRmpRazQ1U3pWR2NWOWFlakZLVEdWQ2JYYxAB!2m1!1s0x0:0x35d81d86c6a429db!3m1!1s2@1:CAIQACodChtycF9oOjNoYUFjQk45SzVGcV9aejFKTGVCbXc%7C%7C?hl=ru,2026-09-07T23:54:25.126733+00:00,4.5,399
PAPA MOSCOW,"1-я Брестская ул., 2 стр 3, Москва, Россия, 123104",0x46b54b3ee405f809:0x35d81d86c6a429db,Ci9DQUlRQUNvZENodHljRjlvT2sxdFZFMU5PRWR3TFZkU1YwMWZiR1F4ZG1wU1NHYxAB,5.0,2025-09-23T14:04:40Z,2025-09-23T14:04:40Z,11 месяцев назад,"Хорошее место
Чисто, приятно находится, интересный интерьер, не смотря на характер заведения и большое количество посетителей очень чуткий и внимательный персонал",True,Google,https://www.google.com/maps/reviews/data=!4m8!14m7!1m6!2m5!1sCi9DQUlRQUNvZENodHljRjlvT2sxdFZFMU5PRWR3TFZkU1YwMWZiR1F4ZG1wU1NHYxAB!2m1!1s0x0:0x35d81d86c6a429db!3m1!1s2@1:CAIQACodChtycF9oOk1tVE1NOEdwLVdSV01fbGQxdmpSSGc%7C%7C?hl=ru,2026-09-07T23:54:25.126764+00:00,4.5,399
PAPA MOSCOW,"1-я Брестская ул., 2 стр 3, Москва, Россия, 123104",0x46b54b3ee405f809:0x35d81d86c6a429db,Ci9DQUlRQUNvZENodHljRjlvT2pGSFQzZEJOV0paU2pKc1NqQnFhSEpvTVZjMlFrRRAB,5.0,2025-09-17T13:15:38Z,2025-09-17T13:15:38Z,11 месяцев назад,"Понравилась атмосфера в данном заведении, хорошая музыка, лучшее место, чтобы повеселиться с друзьями.",True,Google,https://www.google.com/maps/reviews/data=!4m8!14m7!1m6!2m5!1sCi9DQUlRQUNvZENodHljRjlvT2pGSFQzZEJOV0paU2pKc1NqQnFhSEpvTVZjMlFrRRAB!2m1!1s0x0:0x35d81d86c6a429db!3m1!1s2@1:CAIQACodChtycF9oOjFHT3dBNWJZSjJsSjBqaHJoMVc2QkE%7C%7C?hl=ru,2026-09-07T23:54:25.126797+00:00,4.5,399
PAPA MOSCOW,"1-я Брестская ул., 2 стр 3, Москва, Россия, 123104",0x46b54b3ee405f809:0x35d81d86c6a429db,Ci9DQUlRQUNvZENodHljRjlvT21sV2JGcENaMlpCU1ZwWU5YWlJRVmRYUTFCYWEzYxAB,5.0,2025-09-17T11:10:56Z,2025-09-17T11:10:56Z,11 месяцев назад,клуб огонь!!! атмосфера и коктейли на высоте))  если хотите провести время с друзьями-это место отличный вариант,True,Google,https://www.google.com/maps/reviews/data=!4m8!14m7!1m6!2m5!1sCi9DQUlRQUNvZENodHljRjlvT21sV2JGcENaMlpCU1ZwWU5YWlJRVmRYUTFCYWEzYxAB!2m1!1s0x0:0x35d81d86c6a429db!3m1!1s2@1:CAIQACodChtycF9oOmlWbFpCZ2ZBSVpYNXZRQVdXQ1Baa3c%7C%7C?hl=ru,2026-09-07T23:54:25.126828+00:00,4.5,399
PAPA MOSCOW,"1-я Брестская ул., 2 стр 3, Москва, Россия, 123104",0x46b54b3ee405f809:0x35d81d86c6a429db,Ci9DQUlRQUNvZENodHljRjlvT2paelMwSTFXVzkxZVRaTWFHWjROa3RzTm1Sak0zYxAB,5.0,2025-09-16T12:36:30Z,2025-09-16T12:36:30Z,11 месяцев назад,"Пришла в этот клуб с подругой на выходных. Музыка была современная и подходящая под атмосферу клуба, меню напитков было очень разнообразное. Также там были кальяны, которые поднимали наше настроение.",True,Google,https://www.google.com/maps/reviews/data=!4m8!14m7!1m6!2m5!1sCi9DQUlRQUNvZENodHljRjlvT2paelMwSTFXVzkxZVRaTWFHWjROa3RzTm1Sak0zYxAB!2m1!1s0x0:0x35d81d86c6a429db!3m1!1s2@1:CAIQACodChtycF9oOjZzS0I1WW91eTZMaGZ4NktsNmRjM3c%7C%7C?hl=ru,2026-09-07T23:54:25.126864+00:00,4.5,399
PAPA MOSCOW,"1-я Брестская ул., 2 стр 3, Москва, Россия, 123104",0x46b54b3ee405f809:0x35d81d86c6a429db,Ci9DQUlRQUNvZENodHljRjlvT25SV1ZGVmpVbWM0YjFsVGJUbEtVVUp0TldKNlRWRRAB,5.0,2025-09-16T06:29:59Z,2025-09-16T06:29:59Z,11 месяцев назад,"Для меня это был первый опыт хождения по ночным клубам) Друзья позвали в этот на день рождения. Крутая атмосфера, музыка разнообразная и есть очень вкусные, сладкие коктейли. Люди не толпились, как это обычно бывает в клубах, потому что пространство для танцев огромное. Рекомедую провести тут приятный вечер!",True,Google,https://www.google.com/maps/reviews/data=!4m8!14m7!1m6!2m5!1sCi9DQUlRQUNvZENodHljRjlvT25SV1ZGVmpVbWM0YjFsVGJUbEtVVUp0TldKNlRWRRAB!2m1!1s0x0:0x35d81d86c6a429db!3m1!1s2@1:CAIQACodChtycF9oOnRWVFVjUmc4b1lTbTlKUUJtNWJ6TVE%7C%7C?hl=ru,2026-09-07T23:54:25.127083+00:00,4.5,399
PAPA MOSCOW,"1-я Брестская ул., 2 стр 3, Москва, Россия, 123104",0x46b54b3ee405f809:0x35d81d86c6a429db,Ci9DQUlRQUNvZENodHljRjlvT2xoRk1rdzJkV016ZHpFMVYySmxTUzFtUkdOd1FuYxAB,5.0,2025-09-13T12:47:47Z,2025-09-13T12:47:47Z,11 месяцев назад,"Это лучший клуб, в котором я был. Как только зашёл сразу заиграла любимая музыка. Люблю ходить с друзьями после работы и на выходных, так как у них в клубе всегда что-то новое. Персонал вежливый, хороший. Кальян, вкусная еда, пиво - здесь всё, что нужно! Тем, кто не пробовал, рекомендую)",True,Google,https://www.google.com/maps/reviews/data=!4m8!14m7!1m6!2m5!1sCi9DQUlRQUNvZENodHljRjlvT2xoRk1rdzJkV016ZHpFMVYySmxTUzFtUkdOd1FuYxAB!2m1!1s0x0:0x35d81d86c6a429db!3m1!1s2@1:CAIQACodChtycF9oOlhFMkw2dWMzdzE1V2JlSS1mRGNwQnc%7C%7C?hl=ru,2026-09-07T23:54:25.127181+00:00,4.5,399
PAPA MOSCOW,"1-я Брестская ул., 2 стр 3, Москва, Россия, 123104",0x46b54b3ee405f809:0x35d81d86c6a429db,Ci9DQUlRQUNvZENodHljRjlvT2xKbVZrVmFORGxJV0d0eVdXWjVOV3BKWjFaclZHYxAB,5.0,2025-09-12T07:32:46Z,2025-09-12T07:32:46Z,11 месяцев назад,Заведение прикольно бармен был вежлив аккуратен и приветливый охранники хорошо делали свою работу еда вкусная и цены низкие а закусок было большой выбор,True,Google,https://www.google.com/maps/reviews/data=!4m8!14m7!1m6!2m5!1sCi9DQUlRQUNvZENodHljRjlvT2xKbVZrVmFORGxJV0d0eVdXWjVOV3BKWjFaclZHYxAB!2m1!1s0x0:0x35d81d86c6a429db!3m1!1s2@1:CAIQACodChtycF9oOlJmVkVaNDlIWGtyWWZ5NWpJZ1ZrVGc%7C%7C?hl=ru,2026-09-07T23:54:25.127231+00:00,4.5,399
PAPA MOSCOW,"1-я Брестская ул., 2 стр 3, Москва, Россия, 123104",0x46b54b3ee405f809:0x35d81d86c6a429db,Ci9DQUlRQUNvZENodHljRjlvT2w5Q1UyMTBXV1oyT1VadGFGRmllVWRWYTJWWUxXYxAB,5.0,2025-09-11T12:57:55Z,2025-09-11T12:57:55Z,11 месяцев назад,"Хорошее место, чтобы провести вечер. Порадовал большой танцпол -  наконец-то можно танцевать, не боясь затеть кого-то. Атмосфера лëгкая. Люди приятные. Кальян нам принесли быстро, он был достаточно свежим. В целом, всë прошло комфортно.",True,Google,https://www.google.com/maps/reviews/data=!4m8!14m7!1m6!2m5!1sCi9DQUlRQUNvZENodHljRjlvT2w5Q1UyMTBXV1oyT1VadGFGRmllVWRWYTJWWUxXYxAB!2m1!1s0x0:0x35d81d86c6a429db!3m1!1s2@1:CAIQACodChtycF9oOl9CU210WWZ2OUZtaFFieUdVa2VYLWc%7C%7C?hl=ru,2026-09-07T23:54:25.127271+00:00,4.5,399
PAPA MOSCOW,"1-я Брестская ул., 2 стр 3, Москва, Россия, 123104",0x46b54b3ee405f809:0x35d81d86c6a429db,Ci9DQUlRQUNvZENodHljRjlvT2pCNk9XMDBNbms0ZGtrdFUybG9lQzFmT0RoU05HYxAB,5.0,2025-09-10T15:31:29Z,2025-09-10T15:31:29Z,11 месяцев назад,"Люблю заходить в эту кафешку ночную! Особенно после пятницы и на выходных. Бармены добрые, не хамят. Вкусная еда и напитки, буду заходить как можно чаще",True,Google,https://www.google.com/maps/reviews/data=!4m8!14m7!1m6!2m5!1sCi9DQUlRQUNvZENodHljRjlvT2pCNk9XMDBNbms0ZGtrdFUybG9lQzFmT0RoU05HYxAB!2m1!1s0x0:0x35d81d86c6a429db!3m1!1s2@1:CAIQACodChtycF9oOjB6OW00Mnk4dkktU2loeC1fODhSNGc%7C%7C?hl=ru,2026-09-07T23:54:25.127311+00:00,4.5,399
PAPA MOSCOW,"1-я Брестская ул., 2 стр 3, Москва, Россия, 123104",0x46b54b3ee405f809:0x35d81d86c6a429db,Ci9DQUlRQUNvZENodHljRjlvT2tZdFVWRmtkMUJ0TlRRMVl6TlhYMHBFTVVoS2MzYxAB,5.0,2025-09-10T13:32:59Z,2025-09-10T13:32:59Z,11 месяцев назад,"Всё супер, вежливый персонал, вкусно готовят, быстро,",True,Google,https://www.google.com/maps/reviews/data=!4m8!14m7!1m6!2m5!1sCi9DQUlRQUNvZENodHljRjlvT2tZdFVWRmtkMUJ0TlRRMVl6TlhYMHBFTVVoS2MzYxAB!2m1!1s0x0:0x35d81d86c6a429db!3m1!1s2@1:CAIQACodChtycF9oOkYtUVFkd1BtNTQ1YzNXX0pEMUhKc3c%7C%7C?hl=ru,2026-09-07T23:54:26.021186+00:00,4.5,399
PAPA MOSCOW,"1-я Брестская ул., 2 стр 3, Москва, Россия, 123104",0x46b54b3ee405f809:0x35d81d86c6a429db,Ci9DQUlRQUNvZENodHljRjlvT2pkU2FWVjJVR3hOV1V0a05sWm5Wa1pZTkRsdWFrRRAB,5.0,2025-09-09T08:55:16Z,2025-09-09T08:55:16Z,11 месяцев назад,"PAPA MOSCOW идеальное место собраться с друзьями и потусить! Диджей просто отжигает так, что хочется танцевать всё время! Очень приятная атмосфера,дизайн и многое другое! Также приятные бармены, вкусные коктейли и еда. Любим приходить туда с компанией по выходным, там всегда новая концепция и атмосфера. Мне очень понравился клуб, для меня он самый лучший!",True,Google,https://www.google.com/maps/reviews/data=!4m8!14m7!1m6!2m5!1sCi9DQUlRQUNvZENodHljRjlvT2pkU2FWVjJVR3hOV1V0a05sWm5Wa1pZTkRsdWFrRRAB!2m1!1s0x0:0x35d81d86c6a429db!3m1!1s2@1:CAIQACodChtycF9oOjdSaVV2UGxNWUtkNlZnVkZYNDluakE%7C%7C?hl=ru,2026-09-07T23:54:26.021497+00:00,4.5,399
PAPA MOSCOW,"1-я Брестская ул., 2 стр 3, Москва, Россия, 123104",0x46b54b3ee405f809:0x35d81d86c6a429db,Ci9DQUlRQUNvZENodHljRjlvT21KR2FESjBVSGxYYUd0TVZqWkdSMmhVU25aTlgxRRAB,5.0,2025-09-08T13:40:41Z,2025-09-08T13:40:41Z,11 месяцев назад,"Отзыв:

Недавно посетил ночной клуб ""Papa Moscow"" в центре Москвы и остался очень доволен. Клуб работает по пятницам и субботам, и каждый выходной там новая концепция, что делает посещение особенно интересным. Атмосфера в клубе классическая, с отличной музыкой и ди-джеями, что создает отличное настроение для отдыха.

Пространство клуба большое и просторное, что позволяет комфортно танцевать и общаться с друзьями. Особо хочу отметить работу бармена, который приготовил великолепные коктейли, и хостес, которая помогла нам быстро и удобно разместиться.

Кальян и еда также на высоте, что делает данное заведение отличным местом для вечернего отдыха. Рекомендую этот клуб всем, кто ищет качественное времяпрепровождение в центре Москвы.",True,Google,https://www.google.com/maps/reviews/data=!4m8!14m7!1m6!2m5!1sCi9DQUlRQUNvZENodHljRjlvT21KR2FESjBVSGxYYUd0TVZqWkdSMmhVU25aTlgxRRAB!2m1!1s0x0:0x35d81d86c6a429db!3m1!1s2@1:CAIQACodChtycF9oOmJGaDJ0UHlXaGtMVjZGR2hUSnZNX1E%7C%7C?hl=ru,2026-09-07T23:54:26.021578+00:00,4.5,399
PAPA MOSCOW,"1-я Брестская ул., 2 стр 3, Москва, Россия, 123104",0x46b54b3ee405f809:0x35d81d86c6a429db,Ci9DQUlRQUNvZENodHljRjlvT201UVNGcFNSWFJZYm1WeE1EWXlkV0pCWHpjMVVIYxAB,5.0,2025-09-07T13:34:02Z,2025-09-07T13:34:02Z,год назад,"Были в этом клубе в прошлую субботу. Место действительно интересное, каждую неделю что-то новое, что заставляет возвращаться. В этот раз была приятная атмосфера, хорошая подборка музыки от диджея — играли то, что подходит для танцев, но при этом можно было спокойно общаться.
Понравилось, что пространство большое, не чувствуешь себя как в аквариуме. Танцпол просторный, даже когда много народа, есть где разойтись. Делали заказ у бара — коктейли получились качественные, чувствуется, что бармен знает свое дело. Также брали кальян, подавали быстро, хорошо собран, дымный и вкусный. Персонал на входе и внутри вежливый, все вопросы решали оперативно.
В целом, провели время хорошо, без нареканий. Если ищете место для выходных с друзьями, чтобы потанцевать и посидеть, стоит рассмотреть этот вариант.",True,Google,https://www.google.com/maps/reviews/data=!4m8!14m7!1m6!2m5!1sCi9DQUlRQUNvZENodHljRjlvT201UVNGcFNSWFJZYm1WeE1EWXlkV0pCWHpjMVVIYxAB!2m1!1s0x0:0x35d81d86c6a429db!3m1!1s2@1:CAIQACodChtycF9oOm5QSFpSRXRYbmVxMDYydWJBXzc1UHc%7C%7C?hl=ru,2026-09-07T23:54:26.021639+00:00,4.5,399
PAPA MOSCOW,"1-я Брестская ул., 2 стр 3, Москва, Россия, 123104",0x46b54b3ee405f809:0x35d81d86c6a429db,Ci9DQUlRQUNvZENodHljRjlvT25wNFlsWmtlRk5vTldRNU5FaGhjV2RDVVZOMU4xRRAB,5.0,2025-09-07T12:18:26Z,2025-09-07T12:18:26Z,год назад,"Посетил ночной клуб  и осталась довольна. Атмосфера действительно располагающая и музыка отлична подобрана под нее. Приятно удивило большое пространство. Большой танцпол Коктейли и кальяны на уровне, а обслуживание быстрое. Каждые выходные новая концепция добавляет интереса. В целом, место, куда стоит заглянуть, если ищете хороший вечер в центре",True,Google,https://www.google.com/maps/reviews/data=!4m8!14m7!1m6!2m5!1sCi9DQUlRQUNvZENodHljRjlvT25wNFlsWmtlRk5vTldRNU5FaGhjV2RDVVZOMU4xRRAB!2m1!1s0x0:0x35d81d86c6a429db!3m1!1s2@1:CAIQACodChtycF9oOnp4YlZkeFNoNWQ5NEhhcWdCUVN1N1E%7C%7C?hl=ru,2026-09-07T23:54:26.021694+00:00,4.5,399
PAPA MOSCOW,"1-я Брестская ул., 2 стр 3, Москва, Россия, 123104",0x46b54b3ee405f809:0x35d81d86c6a429db,Ci9DQUlRQUNvZENodHljRjlvT214R1REWnFPVmc0WmsxcmNYVnliMWRCWlVWVFZHYxAB,1.0,2025-09-06T16:39:32Z,2025-09-06T16:40:22Z,год назад,"Персонал обманывает на деньги
Отвратительно
Взяли деньги за вход и сразу же вывели из клуба",True,Google,https://www.google.com/maps/reviews/data=!4m8!14m7!1m6!2m5!1sCi9DQUlRQUNvZENodHljRjlvT214R1REWnFPVmc0WmsxcmNYVnliMWRCWlVWVFZHYxAB!2m1!1s0x0:0x35d81d86c6a429db!3m1!1s2@1:CAIQACodChtycF9oOmxGTDZqOVg4Zk1rcXVyb1dBZUVTVGc%7C%7C?hl=ru,2026-09-07T23:54:26.021735+00:00,4.5,399
PAPA MOSCOW,"1-я Брестская ул., 2 стр 3, Москва, Россия, 123104",0x46b54b3ee405f809:0x35d81d86c6a429db,Ci9DQUlRQUNvZENodHljRjlvT2s5Sk1qVTVhVWxEVm1kM1VIUjVTMWQzTTB0VVlYYxAB,5.0,2025-09-05T13:25:04Z,2025-09-05T13:25:04Z,год назад,"Все было на высшем уровне!
Музыка, атмосфера- TOP!
Конечно официанта ждали какое-то время, но это ничего страшного, он бедный там забегался. А когда моя подруга расплакалась из-за опьянения, он ее пожалел и подбодрил! 😄
В целом всё очень понравилось!",True,Google,https://www.google.com/maps/reviews/data=!4m8!14m7!1m6!2m5!1sCi9DQUlRQUNvZENodHljRjlvT2s5Sk1qVTVhVWxEVm1kM1VIUjVTMWQzTTB0VVlYYxAB!2m1!1s0x0:0x35d81d86c6a429db!3m1!1s2@1:CAIQACodChtycF9oOk9JMjU5aUlDVmd3UHR5S1d3M0tUYXc%7C%7C?hl=ru,2026-09-07T23:54:26.021766+00:00,4.5,399
PAPA MOSCOW,"1-я Брестская ул., 2 стр 3, Москва, Россия, 123104",0x46b54b3ee405f809:0x35d81d86c6a429db,Ci9DQUlRQUNvZENodHljRjlvT25obmFWbHpabnA1VTFWdVZHbFZjV0ZuVEhZMVVVRRAB,5.0,2025-09-05T08:54:09Z,2025-09-05T08:54:09Z,год назад,"ходили с друзьями в этот клуб, в данном заведении классная атмосфера, диджеи и вкусные напитки, всем советую!!",True,Google,https://www.google.com/maps/reviews/data=!4m8!14m7!1m6!2m5!1sCi9DQUlRQUNvZENodHljRjlvT25obmFWbHpabnA1VTFWdVZHbFZjV0ZuVEhZMVVVRRAB!2m1!1s0x0:0x35d81d86c6a429db!3m1!1s2@1:CAIQACodChtycF9oOnhnaVlzZnp5U1VuVGlVcWFnTHY1UUE%7C%7C?hl=ru,2026-09-07T23:54:26.021802+00:00,4.5,399
PAPA MOSCOW,"1-я Брестская ул., 2 стр 3, Москва, Россия, 123104",0x46b54b3ee405f809:0x35d81d86c6a429db,Ci9DQUlRQUNvZENodHljRjlvT2pSZllVcFdRMTluWXpCRlowaHZWMFJqVGxZMVMwRRAB,5.0,2025-09-04T14:57:02Z,2025-09-04T14:57:02Z,год назад,"Отличный клуб! Каждый раз, приходя в это место, чувствуешь незабываемую атмосферу. Персонал ведёт себя дружелюбно и гостеприимно.",True,Google,https://www.google.com/maps/reviews/data=!4m8!14m7!1m6!2m5!1sCi9DQUlRQUNvZENodHljRjlvT2pSZllVcFdRMTluWXpCRlowaHZWMFJqVGxZMVMwRRAB!2m1!1s0x0:0x35d81d86c6a429db!3m1!1s2@1:CAIQACodChtycF9oOjRfYUpWQ19nYzBFZ0hvV0RjTlY1S0E%7C%7C?hl=ru,2026-09-07T23:54:26.021835+00:00,4.5,399
PAPA MOSCOW,"1-я Брестская ул., 2 стр 3, Москва, Россия, 123104",0x46b54b3ee405f809:0x35d81d86c6a429db,Ci9DQUlRQUNvZENodHljRjlvT2t4U1MxcDNjVTlGT0ZOblJWQkRaRTFHZUhsVE9HYxAB,5.0,2025-09-04T12:17:44Z,2025-09-04T12:17:44Z,год назад,"Хороший клуб, отличные коктейли и еда. Рекомендую посетить кампанией",True,Google,https://www.google.com/maps/reviews/data=!4m8!14m7!1m6!2m5!1sCi9DQUlRQUNvZENodHljRjlvT2t4U1MxcDNjVTlGT0ZOblJWQkRaRTFHZUhsVE9HYxAB!2m1!1s0x0:0x35d81d86c6a429db!3m1!1s2@1:CAIQACodChtycF9oOkxSS1p3cU9FOFNnRVBDZE1GeHlTOGc%7C%7C?hl=ru,2026-09-07T23:54:26.021864+00:00,4.5,399
PAPA MOSCOW,"1-я Брестская ул., 2 стр 3, Москва, Россия, 123104",0x46b54b3ee405f809:0x35d81d86c6a429db,Ci9DQUlRQUNvZENodHljRjlvT2xjdFQzVmxUalJEVG1GcFpGbzRMVmxhVEhSSlZYYxAB,5.0,2025-09-04T08:43:29Z,2025-09-04T08:43:29Z,год назад,Очень круто вкусно и атмосферно,True,Google,https://www.google.com/maps/reviews/data=!4m8!14m7!1m6!2m5!1sCi9DQUlRQUNvZENodHljRjlvT2xjdFQzVmxUalJEVG1GcFpGbzRMVmxhVEhSSlZYYxAB!2m1!1s0x0:0x35d81d86c6a429db!3m1!1s2@1:CAIQACodChtycF9oOlctT3VlTjRDTmFpZFo4LVlaTHRJVXc%7C%7C?hl=ru,2026-09-07T23:54:26.021893+00:00,4.5,399
PAPA MOSCOW,"1-я Брестская ул., 2 стр 3, Москва, Россия, 123104",0x46b54b3ee405f809:0x35d81d86c6a429db,Ci9DQUlRQUNvZENodHljRjlvT21od1Qwb3hYMlZJZUdwblZVSTRka0Y2YlRsSk4xRRAB,5.0,2025-09-03T11:45:41Z,2025-09-03T11:45:41Z,год назад,"Недавно посещали этот клуб и хочу сказать, что данное заведение оставило положительные впечатления. Приятная атмосфера располагает к отдыху в кругу друзей, хорошая музыкальная программа для танцев и веселья, еда и напитки порадовали разнообразием и вкусом. Вечер оставил приятные воспоминания, хочется вернуться вновь",True,Google,https://www.google.com/maps/reviews/data=!4m8!14m7!1m6!2m5!1sCi9DQUlRQUNvZENodHljRjlvT21od1Qwb3hYMlZJZUdwblZVSTRka0Y2YlRsSk4xRRAB!2m1!1s0x0:0x35d81d86c6a429db!3m1!1s2@1:CAIQACodChtycF9oOmhwT0oxX2VIeGpnVUI4dkF6bTlJN1E%7C%7C?hl=ru,2026-09-07T23:54:26.021936+00:00,4.5,399
PAPA MOSCOW,"1-я Брестская ул., 2 стр 3, Москва, Россия, 123104",0x46b54b3ee405f809:0x35d81d86c6a429db,Ci9DQUlRQUNvZENodHljRjlvT2xaQ2JXeHVXaTFLZG1oTWJuZGZiVzV3TnkxMFJXYxAB,5.0,2025-09-02T11:41:12Z,2025-09-02T11:41:12Z,год назад,"музыка — огонь! Кальян не советую, а вот коктейли вообще убойные)) Спасибо парню охраннику, что помог найти телефон, там вся моя жизнь)) приезжал один отдыхать, все понравилось, крепкий топ уровень по сервису, атмосфере и контингенту",True,Google,https://www.google.com/maps/reviews/data=!4m8!14m7!1m6!2m5!1sCi9DQUlRQUNvZENodHljRjlvT2xaQ2JXeHVXaTFLZG1oTWJuZGZiVzV3TnkxMFJXYxAB!2m1!1s0x0:0x35d81d86c6a429db!3m1!1s2@1:CAIQACodChtycF9oOlZCbWxuWi1KdmhMbndfbW5wNy10RWc%7C%7C?hl=ru,2026-09-07T23:54:26.021970+00:00,4.5,399
PAPA MOSCOW,"1-я Брестская ул., 2 стр 3, Москва, Россия, 123104",0x46b54b3ee405f809:0x35d81d86c6a429db,Ci9DQUlRQUNvZENodHljRjlvT2pWblNWcFBVV0YyUlVjM01ERndhV05uTUUxeWRHYxAB,5.0,2025-09-02T08:43:44Z,2025-09-02T08:43:44Z,год назад,"Хорошее место, все понравилось. Рекомендую",True,Google,https://www.google.com/maps/reviews/data=!4m8!14m7!1m6!2m5!1sCi9DQUlRQUNvZENodHljRjlvT2pWblNWcFBVV0YyUlVjM01ERndhV05uTUUxeWRHYxAB!2m1!1s0x0:0x35d81d86c6a429db!3m1!1s2@1:CAIQACodChtycF9oOjVnSVpPUWF2RUc3MDFwaWNnME1ydGc%7C%7C?hl=ru,2026-09-07T23:54:26.022004+00:00,4.5,399
PAPA MOSCOW,"1-я Брестская ул., 2 стр 3, Москва, Россия, 123104",0x46b54b3ee405f809:0x35d81d86c6a429db,Ci9DQUlRQUNvZENodHljRjlvT2xRMVJYQnBWRVZLY25WdVJXbG1XWEJUTUhSRVQyYxAB,5.0,2025-09-02T08:22:53Z,2025-09-02T08:22:53Z,год назад,"Прекрасно провели время, еда супер, напитки тоже, радует, что много охраны и есть чувство безопасности. Музыка прекрасная, кайф!",True,Google,https://www.google.com/maps/reviews/data=!4m8!14m7!1m6!2m5!1sCi9DQUlRQUNvZENodHljRjlvT2xRMVJYQnBWRVZLY25WdVJXbG1XWEJUTUhSRVQyYxAB!2m1!1s0x0:0x35d81d86c6a429db!3m1!1s2@1:CAIQACodChtycF9oOlQ1RXBpVEVKcnVuRWlmWXBTMHRET2c%7C%7C?hl=ru,2026-09-07T23:54:26.022032+00:00,4.5,399
PAPA MOSCOW,"1-я Брестская ул., 2 стр 3, Москва, Россия, 123104",0x46b54b3ee405f809:0x35d81d86c6a429db,Ci9DQUlRQUNvZENodHljRjlvT25Sd1NrOVFhMVZaTWtJMlVYbGtWaTEwWHpaNU9IYxAB,5.0,2025-09-01T19:38:55Z,2025-09-01T19:38:55Z,год назад,,False,Google,https://www.google.com/maps/reviews/data=!4m8!14m7!1m6!2m5!1sCi9DQUlRQUNvZENodHljRjlvT25Sd1NrOVFhMVZaTWtJMlVYbGtWaTEwWHpaNU9IYxAB!2m1!1s0x0:0x35d81d86c6a429db!3m1!1s2@1:CAIQACodChtycF9oOnRwSk9Qa1VZMkI2UXlkVi10XzZ5OHc%7C%7C?hl=ru,2026-09-07T23:54:26.022062+00:00,4.5,399
PAPA MOSCOW,"1-я Брестская ул., 2 стр 3, Москва, Россия, 123104",0x46b54b3ee405f809:0x35d81d86c6a429db,Ci9DQUlRQUNvZENodHljRjlvT21Od1RFUnJVMFIzUTFKSWFtbG9hVmxhY1hoTGVGRRAB,5.0,2025-09-01T11:50:12Z,2025-09-01T11:50:12Z,год назад,"Очень хорошая музыка и атмосфера, качество еды на высшем уровне, всем советую пойти туда.",True,Google,https://www.google.com/maps/reviews/data=!4m8!14m7!1m6!2m5!1sCi9DQUlRQUNvZENodHljRjlvT21Od1RFUnJVMFIzUTFKSWFtbG9hVmxhY1hoTGVGRRAB!2m1!1s0x0:0x35d81d86c6a429db!3m1!1s2@1:CAIQACodChtycF9oOmNwTERrU0R3Q1JIamloaVlacXhLeFE%7C%7C?hl=ru,2026-09-07T23:54:26.022149+00:00,4.5,399
PAPA MOSCOW,"1-я Брестская ул., 2 стр 3, Москва, Россия, 123104",0x46b54b3ee405f809:0x35d81d86c6a429db,Ci9DQUlRQUNvZENodHljRjlvT2tKWFpGZHdMVTlWVUdKcVRGRk9kSEJTTVdoRk9HYxAB,5.0,2025-08-30T10:08:14Z,2025-08-30T10:08:14Z,год назад,"Очень хороший сервис, столик дали хороший, еда очень даже вкусная, уютная отмосфера, все супер)",True,Google,https://www.google.com/maps/reviews/data=!4m8!14m7!1m6!2m5!1sCi9DQUlRQUNvZENodHljRjlvT2tKWFpGZHdMVTlWVUdKcVRGRk9kSEJTTVdoRk9HYxAB!2m1!1s0x0:0x35d81d86c6a429db!3m1!1s2@1:CAIQACodChtycF9oOkJXZFdwLU9VUGJqTFFOdHBSMWhFOGc%7C%7C?hl=ru,2026-09-07T23:54:26.022179+00:00,4.5,399
PAPA MOSCOW,"1-я Брестская ул., 2 стр 3, Москва, Россия, 123104",0x46b54b3ee405f809:0x35d81d86c6a429db,Ci9DQUlRQUNvZENodHljRjlvT2tGSU4waHNXbmhVY1cxdU4yc3RWMDVPU0VrMlJFRRAB,5.0,2025-08-29T11:50:45Z,2025-08-29T11:50:45Z,год назад,"Доброжелательный и уютный клуб! Как только пришел в клуб, сразу появилась насыщенная атмосфера и уют с классной музыкой и диджеями, такое не увидишь в каждом клубе.Люблю приходить на выходные т.к. у них всегда новая концепция и ещё есть очень большое пространство с танцполом.В целом сотрудники приветливые и вежливые, бармены очень быстро делают свои заказы. Рекомендую впервые попробовать  Кальян, коктейли и можно ещё еду, она там самая лучшая!",True,Google,https://www.google.com/maps/reviews/data=!4m8!14m7!1m6!2m5!1sCi9DQUlRQUNvZENodHljRjlvT2tGSU4waHNXbmhVY1cxdU4yc3RWMDVPU0VrMlJFRRAB!2m1!1s0x0:0x35d81d86c6a429db!3m1!1s2@1:CAIQACodChtycF9oOkFIN0hsWnhUcW1uN2stV05OSEk2REE%7C%7C?hl=ru,2026-09-07T23:54:26.022207+00:00,4.5,399
PAPA MOSCOW,"1-я Брестская ул., 2 стр 3, Москва, Россия, 123104",0x46b54b3ee405f809:0x35d81d86c6a429db,Ci9DQUlRQUNvZENodHljRjlvT25aNlJEVmhWazlQUzFCeGRtSjZaWEExVkZKRmJtYxAB,5.0,2025-08-28T08:29:17Z,2025-08-28T08:29:17Z,год назад,"клуб ""PAPA MOSCOW"" мне очень понравился ,назидилась я там с друзьями, атмосфера приятная,бар отличный .всем советую прийти в этот замечательный клуб",True,Google,https://www.google.com/maps/reviews/data=!4m8!14m7!1m6!2m5!1sCi9DQUlRQUNvZENodHljRjlvT25aNlJEVmhWazlQUzFCeGRtSjZaWEExVkZKRmJtYxAB!2m1!1s0x0:0x35d81d86c6a429db!3m1!1s2@1:CAIQACodChtycF9oOnZ6RDVhVk9PS1BxdmJ6ZXA1VFJFbmc%7C%7C?hl=ru,2026-09-07T23:54:26.022244+00:00,4.5,399
Lookin Rooms,"ул.Тверская д.18 корпус1, Москва, Россия, 125375",0x46b54a3cc266ba8f:0x2941b02568748e1a,Ci9DQUlRQUNvZENodHljRjlvT2s1TmVYQXdZbDlPYUhCU05EVlpZaTAzVFZwWFJWRRAB,5.0,2025-10-11T10:25:25Z,2025-10-11T10:25:25Z,10 месяцев назад,Очень даже хорошо,True,Google,https://www.google.com/maps/reviews/data=!4m8!14m7!1m6!2m5!1sCi9DQUlRQUNvZENodHljRjlvT2s1TmVYQXdZbDlPYUhCU05EVlpZaTAzVFZwWFJWRRAB!2m1!1s0x0:0x2941b02568748e1a!3m1!1s2@1:CAIQACodChtycF9oOk5NeXAwYl9OaHBSNDVZYi03TVpXRVE%7C%7C?hl=ru,2026-09-07T23:54:26.364396+00:00,3.9,1059
Lookin Rooms,"ул.Тверская д.18 корпус1, Москва, Россия, 125375",0x46b54a3cc266ba8f:0x2941b02568748e1a,Ci9DQUlRQUNvZENodHljRjlvT210WGJGbHFhRlEyTjJkT04xcFFVbmRPTTNaSk4zYxAB,5.0,2025-09-29T13:41:15Z,2025-09-29T13:41:15Z,11 месяцев назад,Мне очень понравилось это место,True,Google,https://www.google.com/maps/reviews/data=!4m8!14m7!1m6!2m5!1sCi9DQUlRQUNvZENodHljRjlvT210WGJGbHFhRlEyTjJkT04xcFFVbmRPTTNaSk4zYxAB!2m1!1s0x0:0x2941b02568748e1a!3m1!1s2@1:CAIQACodChtycF9oOmtXbFlqaFQ2N2dON1pQUndOM3ZJN3c%7C%7C?hl=ru,2026-09-07T23:54:26.365287+00:00,3.9,1059
Lookin Rooms,"ул.Тверская д.18 корпус1, Москва, Россия, 125375",0x46b54a3cc266ba8f:0x2941b02568748e1a,Ci9DQUlRQUNvZENodHljRjlvT2t0dVYwOTJaMmhGYXkxRlp6QnlPVk5GT1RaaFpsRRAB,5.0,2025-08-18T05:56:27Z,2025-08-18T05:56:27Z,год назад,"просто отпад , повеселились до ураду",True,Google,https://www.google.com/maps/reviews/data=!4m8!14m7!1m6!2m5!1sCi9DQUlRQUNvZENodHljRjlvT2t0dVYwOTJaMmhGYXkxRlp6QnlPVk5GT1RaaFpsRRAB!2m1!1s0x0:0x2941b02568748e1a!3m1!1s2@1:CAIQACodChtycF9oOktuV092Z2hFay1FZzByOVNFOTZhZlE%7C%7C?hl=ru,2026-09-07T23:54:26.365383+00:00,3.9,1059
Lookin Rooms,"ул.Тверская д.18 корпус1, Москва, Россия, 125375",0x46b54a3cc266ba8f:0x2941b02568748e1a,ChdDSUhNMG9nS0VJQ0FnSUNYMXZqWm1RRRAB,1.0,2024-10-16T08:15:56Z,2024-10-16T08:15:56Z,год назад,"отвратительный клуб, никому не советую",True,Google,https://www.google.com/maps/reviews/data=!4m8!14m7!1m6!2m5!1sChdDSUhNMG9nS0VJQ0FnSUNYMXZqWm1RRRAB!2m1!1s0x0:0x2941b02568748e1a!3m1!1s2@1:CIHM0ogKEICAgICX1vjZmQE%7C%7C?hl=ru,2026-09-07T23:54:26.365434+00:00,3.9,1059
Lookin Rooms,"ул.Тверская д.18 корпус1, Москва, Россия, 125375",0x46b54a3cc266ba8f:0x2941b02568748e1a,ChZDSUhNMG9nS0VJQ0FnSUNYbUtUaldnEAE,1.0,2024-10-12T22:30:02Z,2024-10-12T22:30:02Z,год назад,It’s closed permanently,True,Google,https://www.google.com/maps/reviews/data=!4m8!14m7!1m6!2m5!1sChZDSUhNMG9nS0VJQ0FnSUNYbUtUaldnEAE!2m1!1s0x0:0x2941b02568748e1a!3m1!1s2@1:CIHM0ogKEICAgICXmKTjWg%7C%7C?hl=ru,2026-09-07T23:54:26.365497+00:00,3.9,1059
Lookin Rooms,"ул.Тверская д.18 корпус1, Москва, Россия, 125375",0x46b54a3cc266ba8f:0x2941b02568748e1a,ChZDSUhNMG9nS0VJQ0FnSURyaElQRUpBEAE,1.0,2024-07-14T20:28:51Z,2024-07-14T20:28:51Z,2 года назад,"Shame on you, Google, this club was burnt down and closed, and you still write that it is open",True,Google,https://www.google.com/maps/reviews/data=!4m8!14m7!1m6!2m5!1sChZDSUhNMG9nS0VJQ0FnSURyaElQRUpBEAE!2m1!1s0x0:0x2941b02568748e1a!3m1!1s2@1:CIHM0ogKEICAgIDrhIPEJA%7C%7C?hl=ru,2026-09-07T23:54:26.365535+00:00,3.9,1059
Lookin Rooms,"ул.Тверская д.18 корпус1, Москва, Россия, 125375",0x46b54a3cc266ba8f:0x2941b02568748e1a,ChZDSUhNMG9nS0VJQ0FnSUNEazh6eU5BEAE,1.0,2024-04-01T06:09:37Z,2024-04-01T06:09:37Z,2 года назад,,False,Google,https://www.google.com/maps/reviews/data=!4m8!14m7!1m6!2m5!1sChZDSUhNMG9nS0VJQ0FnSUNEazh6eU5BEAE!2m1!1s0x0:0x2941b02568748e1a!3m1!1s2@1:CIHM0ogKEICAgICDk8zyNA%7C%7C?hl=ru,2026-09-07T23:54:26.365569+00:00,3.9,1059
Lookin Rooms,"ул.Тверская д.18 корпус1, Москва, Россия, 125375",0x46b54a3cc266ba8f:0x2941b02568748e1a,ChZDSUhNMG9nS0VJQ0FnSUQ5cWMyMUxREAE,1.0,2024-03-18T11:21:21Z,2024-03-18T11:21:21Z,2 года назад,,False,Google,https://www.google.com/maps/reviews/data=!4m8!14m7!1m6!2m5!1sChZDSUhNMG9nS0VJQ0FnSUQ5cWMyMUxREAE!2m1!1s0x0:0x2941b02568748e1a!3m1!1s2@1:CIHM0ogKEICAgID9qc21LQ%7C%7C?hl=ru,2026-09-07T23:54:26.365599+00:00,3.9,1059
Lookin Rooms,"ул.Тверская д.18 корпус1, Москва, Россия, 125375",0x46b54a3cc266ba8f:0x2941b02568748e1a,ChZDSUhNMG9nS0VJQ0FnSUQ5X3ZDUGF3EAE,1.0,2024-03-17T08:55:14Z,2024-03-17T09:02:20Z,2 года назад,"Сидела изумлялась скудоумным комментариям администрации под отзывами клиентов, да и в целом сомнительным ситуациям, а потом выяснилось, что клуб сгорел, лол. Надеюсь, колхозники уже переустроились в пятёрочку, где им и место)",True,Google,https://www.google.com/maps/reviews/data=!4m8!14m7!1m6!2m5!1sChZDSUhNMG9nS0VJQ0FnSUQ5X3ZDUGF3EAE!2m1!1s0x0:0x2941b02568748e1a!3m1!1s2@1:CIHM0ogKEICAgID9_vCPaw%7C%7C?hl=ru,2026-09-07T23:54:26.533354+00:00,3.9,1059
Lookin Rooms,"ул.Тверская д.18 корпус1, Москва, Россия, 125375",0x46b54a3cc266ba8f:0x2941b02568748e1a,ChZDSUhNMG9nS0VJQ0FnSUQ5enV5ekR3EAE,5.0,2024-03-16T20:33:28Z,2024-03-16T20:33:28Z,2 года назад,,False,Google,https://www.google.com/maps/reviews/data=!4m8!14m7!1m6!2m5!1sChZDSUhNMG9nS0VJQ0FnSUQ5enV5ekR3EAE!2m1!1s0x0:0x2941b02568748e1a!3m1!1s2@1:CIHM0ogKEICAgID9zuyzDw%7C%7C?hl=ru,2026-09-07T23:54:26.533532+00:00,3.9,1059
Lookin Rooms,"ул.Тверская д.18 корпус1, Москва, Россия, 125375",0x46b54a3cc266ba8f:0x2941b02568748e1a,ChZDSUhNMG9nS0VJQ0FnSURkby1DV0lnEAE,1.0,2024-02-26T19:37:30Z,2024-02-26T19:37:30Z,2 года назад,,False,Google,https://www.google.com/maps/reviews/data=!4m8!14m7!1m6!2m5!1sChZDSUhNMG9nS0VJQ0FnSURkby1DV0lnEAE!2m1!1s0x0:0x2941b02568748e1a!3m1!1s2@1:CIHM0ogKEICAgIDdo-CWIg%7C%7C?hl=ru,2026-09-07T23:54:26.533593+00:00,3.9,1059
Lookin Rooms,"ул.Тверская д.18 корпус1, Москва, Россия, 125375",0x46b54a3cc266ba8f:0x2941b02568748e1a,ChZDSUhNMG9nS0VJQ0FnSURkMWMtOGVREAE,1.0,2024-02-25T20:47:59Z,2024-02-25T20:47:59Z,2 года назад,Заведение с огоньком,True,Google,https://www.google.com/maps/reviews/data=!4m8!14m7!1m6!2m5!1sChZDSUhNMG9nS0VJQ0FnSURkMWMtOGVREAE!2m1!1s0x0:0x2941b02568748e1a!3m1!1s2@1:CIHM0ogKEICAgIDd1c-8eQ%7C%7C?hl=ru,2026-09-07T23:54:26.533635+00:00,3.9,1059
Lookin Rooms,"ул.Тверская д.18 корпус1, Москва, Россия, 125375",0x46b54a3cc266ba8f:0x2941b02568748e1a,ChZDSUhNMG9nS0VJQ0FnSURkNlpiYlp3EAE,1.0,2024-02-24T23:54:30Z,2024-02-24T23:54:30Z,2 года назад,"откинулся с нар, решил посетить сие заведение. Забронировал столик за 174 тысячи, пришёл ночью и увидел что клуб сгорел и соответственно мои деньги тоже. лучше бы на ставки залил. не рекомендую",True,Google,https://www.google.com/maps/reviews/data=!4m8!14m7!1m6!2m5!1sChZDSUhNMG9nS0VJQ0FnSURkNlpiYlp3EAE!2m1!1s0x0:0x2941b02568748e1a!3m1!1s2@1:CIHM0ogKEICAgIDd6ZbbZw%7C%7C?hl=ru,2026-09-07T23:54:26.533675+00:00,3.9,1059
Lookin Rooms,"ул.Тверская д.18 корпус1, Москва, Россия, 125375",0x46b54a3cc266ba8f:0x2941b02568748e1a,ChdDSUhNMG9nS0VJQ0FnSURkNlphWXRnRRAB,1.0,2024-02-24T23:53:36Z,2024-02-24T23:53:36Z,2 года назад,"Сгорел , пришлось идти в бизи где нас выгнали охранники и отправил в кпз шатать режим ,",True,Google,https://www.google.com/maps/reviews/data=!4m8!14m7!1m6!2m5!1sChdDSUhNMG9nS0VJQ0FnSURkNlphWXRnRRAB!2m1!1s0x0:0x2941b02568748e1a!3m1!1s2@1:CIHM0ogKEICAgIDd6ZaYtgE%7C%7C?hl=ru,2026-09-07T23:54:26.533721+00:00,3.9,1059
Lookin Rooms,"ул.Тверская д.18 корпус1, Москва, Россия, 125375",0x46b54a3cc266ba8f:0x2941b02568748e1a,ChdDSUhNMG9nS0VJQ0FnSURkOXFDc3N3RRAB,1.0,2024-02-23T15:53:00Z,2024-02-23T15:53:00Z,2 года назад,,False,Google,https://www.google.com/maps/reviews/data=!4m8!14m7!1m6!2m5!1sChdDSUhNMG9nS0VJQ0FnSURkOXFDc3N3RRAB!2m1!1s0x0:0x2941b02568748e1a!3m1!1s2@1:CIHM0ogKEICAgIDd9qCsswE%7C%7C?hl=ru,2026-09-07T23:54:26.533754+00:00,3.9,1059
Lookin Rooms,"ул.Тверская д.18 корпус1, Москва, Россия, 125375",0x46b54a3cc266ba8f:0x2941b02568748e1a,ChZDSUhNMG9nS0VJQ0FnSUNkNE1iMkJ3EAE,1.0,2024-02-09T16:19:29Z,2024-02-09T16:19:29Z,2 года назад,На редкость высокомерный и агрессивный сервис,True,Google,https://www.google.com/maps/reviews/data=!4m8!14m7!1m6!2m5!1sChZDSUhNMG9nS0VJQ0FnSUNkNE1iMkJ3EAE!2m1!1s0x0:0x2941b02568748e1a!3m1!1s2@1:CIHM0ogKEICAgICd4Mb2Bw%7C%7C?hl=ru,2026-09-07T23:54:26.533782+00:00,3.9,1059
Lookin Rooms,"ул.Тверская д.18 корпус1, Москва, Россия, 125375",0x46b54a3cc266ba8f:0x2941b02568748e1a,ChdDSUhNMG9nS0VJQ0FnSUNXa3E2OXRRRRAB,1.0,2022-02-22T11:03:16Z,2024-02-02T12:29:36Z,Изменено 2 года назад,,False,Google,https://www.google.com/maps/reviews/data=!4m8!14m7!1m6!2m5!1sChdDSUhNMG9nS0VJQ0FnSUNXa3E2OXRRRRAB!2m1!1s0x0:0x2941b02568748e1a!3m1!1s2@1:CIHM0ogKEICAgICWkq69tQE%7C%7C?hl=ru,2026-09-07T23:54:26.533825+00:00,3.9,1059
Lookin Rooms,"ул.Тверская д.18 корпус1, Москва, Россия, 125375",0x46b54a3cc266ba8f:0x2941b02568748e1a,ChZDSUhNMG9nS0VJQ0FnSUN0LUwzdUZnEAE,1.0,2024-01-28T22:37:16Z,2024-01-28T22:37:57Z,2 года назад,"С 2020 года посещали данное заведение порядка 10 раз без каких либо проблем, музыка не впечатляла, так же как и большое скопление, 27.01 решили спустя год после последнего визита снова посетить данный клуб, оделись опрятно, стильно, отстояли очередь, под возрастную категорию вписывались(21 год), развернули без объяснения причины, в первые сталкиваюсь с таким в данном в заведение, попробовали зайти по проходке или депу, отказали в обоих случаях, рассказал всем знакомых, реакция очевидна, это просто смех, что с таким приходится сталкиваться в lookin rooms, где фэйса толком и не было нормального никогда)",True,Google,https://www.google.com/maps/reviews/data=!4m8!14m7!1m6!2m5!1sChZDSUhNMG9nS0VJQ0FnSUN0LUwzdUZnEAE!2m1!1s0x0:0x2941b02568748e1a!3m1!1s2@1:CIHM0ogKEICAgICt-L3uFg%7C%7C?hl=ru,2026-09-07T23:54:26.533853+00:00,3.9,1059
Lookin Rooms,"ул.Тверская д.18 корпус1, Москва, Россия, 125375",0x46b54a3cc266ba8f:0x2941b02568748e1a,ChZDSUhNMG9nS0VJQ0FnSUNOamJlb0tREAE,1.0,2024-01-16T18:10:16Z,2024-01-16T18:10:16Z,2 года назад,"Были в данном заведение в ночь 13.01.2024 на 14.01.2024гг. Приветливые девочки посадили нас за стол ранее забронированный, официантки обслуживали хорошо, еда и алкоголь на хорошем уровне. Вся наша компания была в трезвом состоянии, вели себя все культурно и просто отдыхали, два человека из нашей компании отошли на верхний этаж для того что бы пообщаться в помещении где музыка тише играет, прошло около полу часа и еще один человек пошел что бы позвать их назад за стол, там на него просто беспричинно сзади напал один из охранников и просто начал бить по лицу, туда же подтянулись еще 4 охранника, схватили за руки и за ноги и начали выносить из заведения при этом избивая, выкинули на улицу в одной рубашке в -26 градусов, не объясняя никакой причины, как только мы об этом узнали, мы выбежали на улицу и сразу же вызвали скорую и полицию. В отделении мы поняли что с руки были сняты часы и на шее большие синяки от цепочки, которую явно пытались сорвать. Ну а дальше все понятно. Так что, если хотите себе веселую, бурную ночку, то конечно сходите.",True,Google,https://www.google.com/maps/reviews/data=!4m8!14m7!1m6!2m5!1sChZDSUhNMG9nS0VJQ0FnSUNOamJlb0tREAE!2m1!1s0x0:0x2941b02568748e1a!3m1!1s2@1:CIHM0ogKEICAgICNjbeoKQ%7C%7C?hl=ru,2026-09-07T23:54:26.533897+00:00,3.9,1059
Lookin Rooms,"ул.Тверская д.18 корпус1, Москва, Россия, 125375",0x46b54a3cc266ba8f:0x2941b02568748e1a,ChRDSUhNMG9nS0VJQ0FnSUQxNlp3eRAB,1.0,2024-01-08T08:32:28Z,2024-01-08T08:32:28Z,2 года назад,"Контингент - ребята еле-еле достигшие двадцати лет. В туалетах происходит Бог знает что, охрана - взрослые мужчины без понимания элементарных норм приличия, грубят, толкаются и так далее.
Ценник в баре для такого заведения и такого ужасного качества алкоголя невероятно завышен. Три-четыре коктейля - и следующий день в состоянии ""овоща"" вам обеспечен.",True,Google,https://www.google.com/maps/reviews/data=!4m8!14m7!1m6!2m5!1sChRDSUhNMG9nS0VJQ0FnSUQxNlp3eRAB!2m1!1s0x0:0x2941b02568748e1a!3m1!1s2@1:CIHM0ogKEICAgID16Zwy%7C%7C?hl=ru,2026-09-07T23:54:26.533949+00:00,3.9,1059
Lookin Rooms,"ул.Тверская д.18 корпус1, Москва, Россия, 125375",0x46b54a3cc266ba8f:0x2941b02568748e1a,ChZDSUhNMG9nS0VJQ0FnSUMxb2ZUak5BEAE,1.0,2023-12-30T23:20:06Z,2023-12-30T23:20:06Z,2 года назад,"Был забронирован столик, но нервная и злая скорее всего администратор не впустила, сказав «отказано, без объяснений»
Тогда надо было бронь не принимать вовсе, зря время потеряли",True,Google,https://www.google.com/maps/reviews/data=!4m8!14m7!1m6!2m5!1sChZDSUhNMG9nS0VJQ0FnSUMxb2ZUak5BEAE!2m1!1s0x0:0x2941b02568748e1a!3m1!1s2@1:CIHM0ogKEICAgIC1ofTjNA%7C%7C?hl=ru,2026-09-07T23:54:26.533983+00:00,3.9,1059
Lookin Rooms,"ул.Тверская д.18 корпус1, Москва, Россия, 125375",0x46b54a3cc266ba8f:0x2941b02568748e1a,ChdDSUhNMG9nS0VJQ0FnSURWaXFtenVnRRAB,2.0,2023-12-12T05:21:28Z,2023-12-12T05:21:28Z,2 года назад,"Организация - это что-то. Оформил проходку на их официальном сайте, прихожу ,и они говорят что по их сайту нельзя. По какой причине никто не знает . Вышла какая-то странная девушка , начала тыкать во всех пальцем и кричать , что те не проходят без объяснения причины , также и с людьми которые забронировали столик . Знайте вы можете просто так без причины и объяснений оставить там деньги за бронь и уйти домой .
Внутри классно , но организаторы портят все(",True,Google,https://www.google.com/maps/reviews/data=!4m8!14m7!1m6!2m5!1sChdDSUhNMG9nS0VJQ0FnSURWaXFtenVnRRAB!2m1!1s0x0:0x2941b02568748e1a!3m1!1s2@1:CIHM0ogKEICAgIDViqmzugE%7C%7C?hl=ru,2026-09-07T23:54:26.534014+00:00,3.9,1059
Lookin Rooms,"ул.Тверская д.18 корпус1, Москва, Россия, 125375",0x46b54a3cc266ba8f:0x2941b02568748e1a,ChZDSUhNMG9nS0VJQ0FnSUNsZ2RIeGJREAE,1.0,2023-11-19T22:23:10Z,2023-11-19T22:23:10Z,2 года назад,"Отказ без объяснения причин. Двое девушек и парень, не пьяные, одеты адекватно, проходка оформлена. Фейсконтроль — довольно грубые мужчины. Перед входом до этого пришлось постоять минут 15, при этом непонятно, это толпа вышедших покурить, или очередь в клуб — персонала либо не было, либо они просто стояли в ожидании непонятно чего (никаких опознавательных знаков у них не было, так что могли и не заметить). До нас отказали конвенционально красивой девушке с аргументом ""в ботинках не пускаем, только в кроссовках"" (любопытно, зимой тоже так?). Изначально происходящее воспринялось как плохая шутка, но нет. До этого из клуба вышла девушка, которой было откровенно плохо (прошло всего 1,5 часа с открытия), чувство, что ещё до входа она была нетрезвой (снова вопросы к фейсконтролю). Помогали ей ребята из очереди, стаффу было плевать.  Ещё стоя на улице можно сделать вывод о музыке — очень-очень слабо для клуба с таким описанием. Создаётся впечатление, что здесь скорее ищут ""рабочих девочек"", что вызывает сомнения в безопасности тех, кого пропустили.",True,Google,https://www.google.com/maps/reviews/data=!4m8!14m7!1m6!2m5!1sChZDSUhNMG9nS0VJQ0FnSUNsZ2RIeGJREAE!2m1!1s0x0:0x2941b02568748e1a!3m1!1s2@1:CIHM0ogKEICAgIClgdHxbQ%7C%7C?hl=ru,2026-09-07T23:54:26.534051+00:00,3.9,1059
Lookin Rooms,"ул.Тверская д.18 корпус1, Москва, Россия, 125375",0x46b54a3cc266ba8f:0x2941b02568748e1a,ChZDSUhNMG9nS0VJQ0FnSUNsZ0xibEtREAE,1.0,2023-11-12T12:32:03Z,2023-11-12T12:32:03Z,2 года назад,"Ужасное место . Были там с подругами и все остались с негативными эмоциями, очень жалко потраченную 1000 рублей . Музыка то есть , биты , были просто отвратительными , под них даже танцевать нельзя было , хотя большинство малолеток не находило в этом проблемы и дрыгались под эту непонятную дичь , видимо были настолько пьяные, что это пришлось им по душе . Хотелось попеть песенки и потанцевать , но как же мы ошиблись с выбором клуба, Напитки дорогие и невкусные , девушке стало не хорошо после 2 маленьких напитков , так как они были тошнотворными . Присесть было негде , приходилось просто стоять возле бара и надеяться , что наконец-то диджей решит поставить нормальную музыку , но не дождались . За 4 часа нашего пребывания мы услышали  в его лишь 4 трека, в остальное время- биты .Вообщем никому не советую данное заведение , если вы хотите хорошо и весело провести время , и получить хорошие эмоции , а не разочарование .",True,Google,https://www.google.com/maps/reviews/data=!4m8!14m7!1m6!2m5!1sChZDSUhNMG9nS0VJQ0FnSUNsZ0xibEtREAE!2m1!1s0x0:0x2941b02568748e1a!3m1!1s2@1:CIHM0ogKEICAgIClgLblKQ%7C%7C?hl=ru,2026-09-07T23:54:26.534101+00:00,3.9,1059
Lookin Rooms,"ул.Тверская д.18 корпус1, Москва, Россия, 125375",0x46b54a3cc266ba8f:0x2941b02568748e1a,ChZDSUhNMG9nS0VJQ0FnSURGNzdmSWFREAE,1.0,2023-11-11T23:47:38Z,2023-11-11T23:47:38Z,2 года назад,,False,Google,https://www.google.com/maps/reviews/data=!4m8!14m7!1m6!2m5!1sChZDSUhNMG9nS0VJQ0FnSURGNzdmSWFREAE!2m1!1s0x0:0x2941b02568748e1a!3m1!1s2@1:CIHM0ogKEICAgIDF77fIaQ%7C%7C?hl=ru,2026-09-07T23:54:26.534147+00:00,3.9,1059
Lookin Rooms,"ул.Тверская д.18 корпус1, Москва, Россия, 125375",0x46b54a3cc266ba8f:0x2941b02568748e1a,ChZDSUhNMG9nS0VJQ0FnSURGcUpiX0t3EAE,1.0,2023-11-04T12:26:54Z,2023-11-04T12:26:54Z,2 года назад,"Ребята делают проходки а фейсконтроль не пропускает без объяснения причины, хотя других девочек пропускали. Не советую ехать туда и трать время",True,Google,https://www.google.com/maps/reviews/data=!4m8!14m7!1m6!2m5!1sChZDSUhNMG9nS0VJQ0FnSURGcUpiX0t3EAE!2m1!1s0x0:0x2941b02568748e1a!3m1!1s2@1:CIHM0ogKEICAgIDFqJb_Kw%7C%7C?hl=ru,2026-09-07T23:54:26.534174+00:00,3.9,1059
Lookin Rooms,"ул.Тверская д.18 корпус1, Москва, Россия, 125375",0x46b54a3cc266ba8f:0x2941b02568748e1a,ChdDSUhNMG9nS0VJQ0FnSURGME1tSG1nRRAB,1.0,2023-11-04T00:12:33Z,2023-11-04T00:12:33Z,2 года назад,"С каких пор права не являются удостоверением личности? Непонятно) фэйс контроль очень посредственный и грубый, также предлагали заплатить какому-то парню, чтобы пустили по водительским правам, слов нет)!Думаю вывод о самом заведении понятен)) никому не рекомендуем + контингент 17-18-лет (как и «охрана»😁 )",True,Google,https://www.google.com/maps/reviews/data=!4m8!14m7!1m6!2m5!1sChdDSUhNMG9nS0VJQ0FnSURGME1tSG1nRRAB!2m1!1s0x0:0x2941b02568748e1a!3m1!1s2@1:CIHM0ogKEICAgIDF0MmHmgE%7C%7C?hl=ru,2026-09-07T23:54:26.534204+00:00,3.9,1059
Lookin Rooms,"ул.Тверская д.18 корпус1, Москва, Россия, 125375",0x46b54a3cc266ba8f:0x2941b02568748e1a,ChRDSUhNMG9nS0VJQ0FnSUNGLVpFVhAB,1.0,2023-10-29T15:30:22Z,2023-10-29T15:30:22Z,2 года назад,"Ужасный сервис, проблемы с депозитом, отвратительные настойки-если вам такое нравится, велком в данное заведение;)",True,Google,https://www.google.com/maps/reviews/data=!4m8!14m7!1m6!2m5!1sChRDSUhNMG9nS0VJQ0FnSUNGLVpFVhAB!2m1!1s0x0:0x2941b02568748e1a!3m1!1s2@1:CIHM0ogKEICAgICF-ZEV%7C%7C?hl=ru,2026-09-07T23:54:26.534237+00:00,3.9,1059
Lookin Rooms,"ул.Тверская д.18 корпус1, Москва, Россия, 125375",0x46b54a3cc266ba8f:0x2941b02568748e1a,ChZDSUhNMG9nS0VJQ0FnSUNGLWVIOEp3EAE,1.0,2023-10-29T15:28:42Z,2023-10-29T15:28:42Z,2 года назад,,False,Google,https://www.google.com/maps/reviews/data=!4m8!14m7!1m6!2m5!1sChZDSUhNMG9nS0VJQ0FnSUNGLWVIOEp3EAE!2m1!1s0x0:0x2941b02568748e1a!3m1!1s2@1:CIHM0ogKEICAgICF-eH8Jw%7C%7C?hl=ru,2026-09-07T23:54:27.799728+00:00,3.9,1059
Lookin Rooms,"ул.Тверская д.18 корпус1, Москва, Россия, 125375",0x46b54a3cc266ba8f:0x2941b02568748e1a,ChdDSUhNMG9nS0VJQ0FnSUNGLWFIRG9nRRAB,1.0,2023-10-29T15:28:00Z,2023-10-29T15:28:00Z,2 года назад,,False,Google,https://www.google.com/maps/reviews/data=!4m8!14m7!1m6!2m5!1sChdDSUhNMG9nS0VJQ0FnSUNGLWFIRG9nRRAB!2m1!1s0x0:0x2941b02568748e1a!3m1!1s2@1:CIHM0ogKEICAgICF-aHDogE%7C%7C?hl=ru,2026-09-07T23:54:27.799948+00:00,3.9,1059
Lookin Rooms,"ул.Тверская д.18 корпус1, Москва, Россия, 125375",0x46b54a3cc266ba8f:0x2941b02568748e1a,ChdDSUhNMG9nS0VJQ0FnSUNGdWFuRHRRRRAB,1.0,2023-10-29T12:59:24Z,2023-10-29T12:59:24Z,2 года назад,"Ужасное место, начну с того, что для входа обязательна уплата депозита (проблемы в платном входе, тем более, если это депозит я не вижу, если бы он работал). Примерно с 10 вечера до 2 часов ночи не работала оплата по депозиту, персонал показал максимальную некомпетентность, вопрос решать отказывался, все время ссылаясь на то, что через 10 мин все заработает, все хорошо. На просьбу обналичить депозит или обменять депозитную карточку с деньгами на алкоголь в баре, да в целом на любое решение данной ситуации, администратор отвечал, что услуга нам предоставляется, а при сдаче депозитной карты она более не будет доступна нам и необходимо будет покинуть заведение. Алкоголь в баре ужасный, коктейли далеко не самые вкусные, а про настойки я вообще молчу, даже допить не смогли, настолько они были ужасные. В целом по данному заведению можно сказать следующее, что персонал абсолютно неклиентоориентированный, музыка исключительно электронная и однотипная, алкоголь ужасный.",True,Google,https://www.google.com/maps/reviews/data=!4m8!14m7!1m6!2m5!1sChdDSUhNMG9nS0VJQ0FnSUNGdWFuRHRRRRAB!2m1!1s0x0:0x2941b02568748e1a!3m1!1s2@1:CIHM0ogKEICAgICFuanDtQE%7C%7C?hl=ru,2026-09-07T23:54:27.800085+00:00,3.9,1059
Lookin Rooms,"ул.Тверская д.18 корпус1, Москва, Россия, 125375",0x46b54a3cc266ba8f:0x2941b02568748e1a,ChZDSUhNMG9nS0VJQ0FnSUNGNmJfTVFnEAE,1.0,2023-10-29T04:43:58Z,2023-10-29T04:43:58Z,2 года назад,"Не фейсконтроль, а ад какой-то. Пришли в клуб на хэллоуин, с картами за 2к, оплаченными заранее. В итоге почти 45 минут простояли на улице. Сначала отказали ""без объяснения причины"", хотя всем было за 18 лет, были костюмы, грим и опрятная одежда. И оплаченные билеты, к слову. Потом еле как нашли паренька, который смог помочь разобраться в ситуации. Еле как прошли в клуб, отстояв огромную очередь. Хамское отношение персонала испортило впечатление.",True,Google,https://www.google.com/maps/reviews/data=!4m8!14m7!1m6!2m5!1sChZDSUhNMG9nS0VJQ0FnSUNGNmJfTVFnEAE!2m1!1s0x0:0x2941b02568748e1a!3m1!1s2@1:CIHM0ogKEICAgICF6b_MQg%7C%7C?hl=ru,2026-09-07T23:54:27.800175+00:00,3.9,1059
Lookin Rooms,"ул.Тверская д.18 корпус1, Москва, Россия, 125375",0x46b54a3cc266ba8f:0x2941b02568748e1a,ChdDSUhNMG9nS0VJQ0FnSUNGMnMtY3V3RRAB,5.0,2023-10-27T23:06:23Z,2023-10-27T23:06:23Z,2 года назад,Очень вежливая официантка Лиза скрасила вечер ! Спасибо обслуживание и высокий сервис ! Любимка 🥰,True,Google,https://www.google.com/maps/reviews/data=!4m8!14m7!1m6!2m5!1sChdDSUhNMG9nS0VJQ0FnSUNGMnMtY3V3RRAB!2m1!1s0x0:0x2941b02568748e1a!3m1!1s2@1:CIHM0ogKEICAgICF2s-cuwE%7C%7C?hl=ru,2026-09-07T23:54:27.800229+00:00,3.9,1059
Lookin Rooms,"ул.Тверская д.18 корпус1, Москва, Россия, 125375",0x46b54a3cc266ba8f:0x2941b02568748e1a,ChdDSUhNMG9nS0VJQ0FnSUNGMm9HZjJ3RRAB,5.0,2023-10-27T23:00:04Z,2023-10-27T23:05:41Z,2 года назад,"Официант Лиза просто 🔥💋🤩😍 хочу от неё детей …
Спасибо большое за прекрасный вечер.  Прекрасная хостес встретила как родных 🤗
Музыка 10/10
Кухня 10/10
Атмосфера 10/10
Компетентная охрана 10/10
Коктейли 10/10
Лучшее место в Москве
Обожаю вас 💦💦💦💦😏",True,Google,https://www.google.com/maps/reviews/data=!4m8!14m7!1m6!2m5!1sChdDSUhNMG9nS0VJQ0FnSUNGMm9HZjJ3RRAB!2m1!1s0x0:0x2941b02568748e1a!3m1!1s2@1:CIHM0ogKEICAgICF2oGf2wE%7C%7C?hl=ru,2026-09-07T23:54:27.800270+00:00,3.9,1059
Lookin Rooms,"ул.Тверская д.18 корпус1, Москва, Россия, 125375",0x46b54a3cc266ba8f:0x2941b02568748e1a,ChdDSUhNMG9nS0VJQ0FnSUNGdEwzcTBBRRAB,5.0,2023-10-27T17:31:49Z,2023-10-27T17:31:49Z,2 года назад,,False,Google,https://www.google.com/maps/reviews/data=!4m8!14m7!1m6!2m5!1sChdDSUhNMG9nS0VJQ0FnSUNGdEwzcTBBRRAB!2m1!1s0x0:0x2941b02568748e1a!3m1!1s2@1:CIHM0ogKEICAgICFtL3q0AE%7C%7C?hl=ru,2026-09-07T23:54:27.800311+00:00,3.9,1059
Lookin Rooms,"ул.Тверская д.18 корпус1, Москва, Россия, 125375",0x46b54a3cc266ba8f:0x2941b02568748e1a,ChZDSUhNMG9nS0VJQ0FnSUQ1MHY3ckh3EAE,1.0,2023-10-21T22:09:28Z,2023-10-21T22:09:28Z,2 года назад,Отвратмтельное место,True,Google,https://www.google.com/maps/reviews/data=!4m8!14m7!1m6!2m5!1sChZDSUhNMG9nS0VJQ0FnSUQ1MHY3ckh3EAE!2m1!1s0x0:0x2941b02568748e1a!3m1!1s2@1:CIHM0ogKEICAgID50v7rHw%7C%7C?hl=ru,2026-09-07T23:54:27.800344+00:00,3.9,1059
Lookin Rooms,"ул.Тверская д.18 корпус1, Москва, Россия, 125375",0x46b54a3cc266ba8f:0x2941b02568748e1a,ChZDSUhNMG9nS0VJQ0FnSUQ1d3JDUktnEAE,1.0,2023-10-21T07:29:36Z,2023-10-21T07:30:00Z,2 года назад,,False,Google,https://www.google.com/maps/reviews/data=!4m8!14m7!1m6!2m5!1sChZDSUhNMG9nS0VJQ0FnSUQ1d3JDUktnEAE!2m1!1s0x0:0x2941b02568748e1a!3m1!1s2@1:CIHM0ogKEICAgID5wrCRKg%7C%7C?hl=ru,2026-09-07T23:54:27.800377+00:00,3.9,1059
Lookin Rooms,"ул.Тверская д.18 корпус1, Москва, Россия, 125375",0x46b54a3cc266ba8f:0x2941b02568748e1a,ChdDSUhNMG9nS0VJQ0FnSURaanBIOTd3RRAB,1.0,2023-09-30T23:00:01Z,2023-09-30T23:00:01Z,2 года назад,"Место не для всех, те кто любит клубняк оценят, остальные вообще мимо",True,Google,https://www.google.com/maps/reviews/data=!4m8!14m7!1m6!2m5!1sChdDSUhNMG9nS0VJQ0FnSURaanBIOTd3RRAB!2m1!1s0x0:0x2941b02568748e1a!3m1!1s2@1:CIHM0ogKEICAgIDZjpH97wE%7C%7C?hl=ru,2026-09-07T23:54:27.800409+00:00,3.9,1059
Lookin Rooms,"ул.Тверская д.18 корпус1, Москва, Россия, 125375",0x46b54a3cc266ba8f:0x2941b02568748e1a,ChdDSUhNMG9nS0VJQ0FnSURadUpPNF93RRAB,1.0,2023-09-24T05:36:31Z,2023-09-24T05:36:31Z,2 года назад,"Посещали с подругой данный клуб раза 2, изначально не особо понравилось это место из-за атмосферы, музыка тоже так себе, но не в этом главная суть. Приехали на 3-й раз( пригласили друзья), и нас не пустили, якобы без объяснения причины, как оказалось все дело в том , что ты просто не подходишь под типичные стандарты фейсконтроля , ахахаха, меня это конечно не оскорбило никак, но есть люди, которые могут после такого отношения очень загоняться и получить новые комплексы! Но как я заметила, в этом клубе нет такого понятия как этика и воспитанность.
Дальнейшего «гниения» вашему заведению))🫶🏼",True,Google,https://www.google.com/maps/reviews/data=!4m8!14m7!1m6!2m5!1sChdDSUhNMG9nS0VJQ0FnSURadUpPNF93RRAB!2m1!1s0x0:0x2941b02568748e1a!3m1!1s2@1:CIHM0ogKEICAgIDZuJO4_wE%7C%7C?hl=ru,2026-09-07T23:54:27.800442+00:00,3.9,1059
Lookin Rooms,"ул.Тверская д.18 корпус1, Москва, Россия, 125375",0x46b54a3cc266ba8f:0x2941b02568748e1a,ChZDSUhNMG9nS0VJQ0FnSUNaOC1UQ1N3EAE,1.0,2023-09-17T19:48:16Z,2023-09-17T19:48:16Z,2 года назад,,False,Google,https://www.google.com/maps/reviews/data=!4m8!14m7!1m6!2m5!1sChZDSUhNMG9nS0VJQ0FnSUNaOC1UQ1N3EAE!2m1!1s0x0:0x2941b02568748e1a!3m1!1s2@1:CIHM0ogKEICAgICZ8-TCSw%7C%7C?hl=ru,2026-09-07T23:54:27.800492+00:00,3.9,1059
Lookin Rooms,"ул.Тверская д.18 корпус1, Москва, Россия, 125375",0x46b54a3cc266ba8f:0x2941b02568748e1a,ChdDSUhNMG9nS0VJQ0FnSUNaOGVfSDZRRRAB,5.0,2023-09-12T21:16:53Z,2023-09-12T21:16:53Z,2 года назад,,False,Google,https://www.google.com/maps/reviews/data=!4m8!14m7!1m6!2m5!1sChdDSUhNMG9nS0VJQ0FnSUNaOGVfSDZRRRAB!2m1!1s0x0:0x2941b02568748e1a!3m1!1s2@1:CIHM0ogKEICAgICZ8e_H6QE%7C%7C?hl=ru,2026-09-07T23:54:27.800525+00:00,3.9,1059
Lookin Rooms,"ул.Тверская д.18 корпус1, Москва, Россия, 125375",0x46b54a3cc266ba8f:0x2941b02568748e1a,ChZDSUhNMG9nS0VJQ0FnSUNaOEpXY2R3EAE,1.0,2023-09-02T20:41:10Z,2023-09-02T20:41:10Z,3 года назад,"Местно, где практически открыто продаются наркотики. В шариках.
И полиции по барабану, она видимо в деле.",True,Google,https://www.google.com/maps/reviews/data=!4m8!14m7!1m6!2m5!1sChZDSUhNMG9nS0VJQ0FnSUNaOEpXY2R3EAE!2m1!1s0x0:0x2941b02568748e1a!3m1!1s2@1:CIHM0ogKEICAgICZ8JWcdw%7C%7C?hl=ru,2026-09-07T23:54:27.800556+00:00,3.9,1059
Lookin Rooms,"ул.Тверская д.18 корпус1, Москва, Россия, 125375",0x46b54a3cc266ba8f:0x2941b02568748e1a,ChdDSUhNMG9nS0VJQ0FnSURwcmIzRjB3RRAB,1.0,2023-08-26T23:57:34Z,2023-08-26T23:57:34Z,3 года назад,"Приехали с подругой отдохнуть в данное заведение. Были настроены очень позитивно и хотелось оставить хорошие воспоминания, тем не менее наши ожидания совсем не оправдались. Отстояли очередь, при первом контроле стали досконально изучать паспортные данные и затем перевернули на станицу прописки, что уже немного смутило, никогда подобного не видела. Далее, подойдя к парню на фейсконтроле, мы столкнулись с максимально осуждающим, презрительным и мерзким взглядом (с каким мы никогда не сталкивались) и услышали ""вы не проходите по фейсконтролю без объяснения причины"". В итоге обескураженные мы поехали домой с испорченным настроением и решили почитать отзывы, вдруг что-то выясним и тут мы очень пожалели, что не сделали этого раньше. Оказывается, если у тебя есть лишние килограммы, то к тебе будут относится, как к низшему сорту людей и ничего тебе не поможет пройти. Во-первых об этом можно было бы где-то упомянуть, если вы ищите потенциальных ""рабочих"" девочек, во-вторых мы живем давно в современном обществе, где лишние килограммы это не что-то ужасное, тем более не могу сказать, что мы плохо выглядим, учитвая мнения совершенно незнакомых людей. Подводя итог, хочу сказать, никогда бы в жизни не посоветовала данное заведение, даже людям с модельной внешностью, так как тут всего 2 варианта. Либо тебя развернут сразу, потому что ты не выглядишь, как объект ""имения"", либо на тебя будут смотреть, как на добычу. Есть куча других заведений, где вас не унизят и не испортят настроение. Ещё и ко всему прочему ответы заведения на негативные отзывы оставляют желать лучшего",True,Google,https://www.google.com/maps/reviews/data=!4m8!14m7!1m6!2m5!1sChdDSUhNMG9nS0VJQ0FnSURwcmIzRjB3RRAB!2m1!1s0x0:0x2941b02568748e1a!3m1!1s2@1:CIHM0ogKEICAgIDprb3F0wE%7C%7C?hl=ru,2026-09-07T23:54:27.800594+00:00,3.9,1059
Lookin Rooms,"ул.Тверская д.18 корпус1, Москва, Россия, 125375",0x46b54a3cc266ba8f:0x2941b02568748e1a,ChZDSUhNMG9nS0VJQ0FnSURwNWNQMWFBEAE,1.0,2023-08-25T22:27:48Z,2023-08-25T22:27:48Z,3 года назад,"Хотели прийти с подругами потанцевать, но нас не впустили и причину не объяснили, при входе попросили раскрыть куртку, подруга была в майке и рубашке, сказали что она не может пройти и указали на выход. Очень обидно, хотели провести хорошо время, а в итоге получили испорченное настроение.",True,Google,https://www.google.com/maps/reviews/data=!4m8!14m7!1m6!2m5!1sChZDSUhNMG9nS0VJQ0FnSURwNWNQMWFBEAE!2m1!1s0x0:0x2941b02568748e1a!3m1!1s2@1:CIHM0ogKEICAgIDp5cP1aA%7C%7C?hl=ru,2026-09-07T23:54:27.800673+00:00,3.9,1059
Lookin Rooms,"ул.Тверская д.18 корпус1, Москва, Россия, 125375",0x46b54a3cc266ba8f:0x2941b02568748e1a,ChZDSUhNMG9nS0VJQ0FnSURwdHRXUGNREAE,1.0,2023-08-21T17:53:38Z,2023-08-21T17:55:56Z,3 года назад,Мало места,True,Google,https://www.google.com/maps/reviews/data=!4m8!14m7!1m6!2m5!1sChZDSUhNMG9nS0VJQ0FnSURwdHRXUGNREAE!2m1!1s0x0:0x2941b02568748e1a!3m1!1s2@1:CIHM0ogKEICAgIDpttWPcQ%7C%7C?hl=ru,2026-09-07T23:54:27.800714+00:00,3.9,1059
Lookin Rooms,"ул.Тверская д.18 корпус1, Москва, Россия, 125375",0x46b54a3cc266ba8f:0x2941b02568748e1a,ChdDSUhNMG9nS0VJQ0FnSUNwNzZLVndnRRAB,1.0,2023-08-13T03:57:57Z,2023-08-13T03:57:57Z,3 года назад,"С подругой пришли и нас не пустили «без объяснения причины»,в очень грубой форме.Хотя парень на фейсконтроле похож на н@рк0мана,ну видимо какой персонал,такие и посетили должны быть.В очереди в основном обгашенные малолетки,что странно ведь насколько я знаю владелец Лукин и Джипси один и тот же,а в Джипси мы были и там куда комфортнее.Не рекомендую этот клуб,лучше сходить в место подороже,но остаться довольными.",True,Google,https://www.google.com/maps/reviews/data=!4m8!14m7!1m6!2m5!1sChdDSUhNMG9nS0VJQ0FnSUNwNzZLVndnRRAB!2m1!1s0x0:0x2941b02568748e1a!3m1!1s2@1:CIHM0ogKEICAgICp76KVwgE%7C%7C?hl=ru,2026-09-07T23:54:27.800745+00:00,3.9,1059
Lookin Rooms,"ул.Тверская д.18 корпус1, Москва, Россия, 125375",0x46b54a3cc266ba8f:0x2941b02568748e1a,ChdDSUhNMG9nS0VJQ0FnSUNwejh1RDlBRRAB,1.0,2023-08-12T20:51:04Z,2023-08-12T20:51:04Z,3 года назад,,False,Google,https://www.google.com/maps/reviews/data=!4m8!14m7!1m6!2m5!1sChdDSUhNMG9nS0VJQ0FnSUNwejh1RDlBRRAB!2m1!1s0x0:0x2941b02568748e1a!3m1!1s2@1:CIHM0ogKEICAgICpz8uD9AE%7C%7C?hl=ru,2026-09-07T23:54:27.800804+00:00,3.9,1059
Lookin Rooms,"ул.Тверская д.18 корпус1, Москва, Россия, 125375",0x46b54a3cc266ba8f:0x2941b02568748e1a,ChdDSUhNMG9nS0VJQ0FnSUNwZ2JEVHJnRRAB,1.0,2023-08-04T19:57:39Z,2023-08-04T19:57:39Z,3 года назад,"Просто не пускают ""без объяснения причин"" Как оказалось охране просто нужно дать взятку",True,Google,https://www.google.com/maps/reviews/data=!4m8!14m7!1m6!2m5!1sChdDSUhNMG9nS0VJQ0FnSUNwZ2JEVHJnRRAB!2m1!1s0x0:0x2941b02568748e1a!3m1!1s2@1:CIHM0ogKEICAgICpgbDTrgE%7C%7C?hl=ru,2026-09-07T23:54:27.800842+00:00,3.9,1059
Lookin Rooms,"ул.Тверская д.18 корпус1, Москва, Россия, 125375",0x46b54a3cc266ba8f:0x2941b02568748e1a,ChdDSUhNMG9nS0VJQ0FnSURKaTVtQnNRRRAB,5.0,2023-07-22T17:26:41Z,2023-07-22T17:26:41Z,3 года назад,"Была в Lookin Rooms всего 4 раза, т.к. сама к сожалению, не из Москвы.
Однако очень полюбила это место!
Всегда поднимает мне настроение, потому что атмосфера пушка🔥
Люди вокруг приятные и красивые, конфликтных ситуаций не было.
К фейс контролю претензий нет (кого попало не пускают, это огромный +)
Алкоголь вкусный, цены средние.
Персонал доброжелательный.
Обязательно вернусь сюда ещё и ещё!",True,Google,https://www.google.com/maps/reviews/data=!4m8!14m7!1m6!2m5!1sChdDSUhNMG9nS0VJQ0FnSURKaTVtQnNRRRAB!2m1!1s0x0:0x2941b02568748e1a!3m1!1s2@1:CIHM0ogKEICAgIDJi5mBsQE%7C%7C?hl=ru,2026-09-07T23:54:28.849222+00:00,3.9,1059
Lookin Rooms,"ул.Тверская д.18 корпус1, Москва, Россия, 125375",0x46b54a3cc266ba8f:0x2941b02568748e1a,ChZDSUhNMG9nS0VJQ0FnSURKN1BqUlZREAE,1.0,2023-07-12T13:04:13Z,2023-07-12T13:04:13Z,3 года назад,,False,Google,https://www.google.com/maps/reviews/data=!4m8!14m7!1m6!2m5!1sChZDSUhNMG9nS0VJQ0FnSURKN1BqUlZREAE!2m1!1s0x0:0x2941b02568748e1a!3m1!1s2@1:CIHM0ogKEICAgIDJ7PjRVQ%7C%7C?hl=ru,2026-09-07T23:54:28.850091+00:00,3.9,1059
Lookin Rooms,"ул.Тверская д.18 корпус1, Москва, Россия, 125375",0x46b54a3cc266ba8f:0x2941b02568748e1a,ChZDSUhNMG9nS0VJQ0FnSURKN0pqSk1nEAE,1.0,2023-07-12T13:00:34Z,2023-07-12T13:00:34Z,3 года назад,,False,Google,https://www.google.com/maps/reviews/data=!4m8!14m7!1m6!2m5!1sChZDSUhNMG9nS0VJQ0FnSURKN0pqSk1nEAE!2m1!1s0x0:0x2941b02568748e1a!3m1!1s2@1:CIHM0ogKEICAgIDJ7JjJMg%7C%7C?hl=ru,2026-09-07T23:54:28.850294+00:00,3.9,1059
Lookin Rooms,"ул.Тверская д.18 корпус1, Москва, Россия, 125375",0x46b54a3cc266ba8f:0x2941b02568748e1a,ChZDSUhNMG9nS0VJQ0FnSUNKOVl6eE1nEAE,1.0,2023-07-02T05:59:09Z,2023-07-03T18:58:04Z,Изменено 3 года назад,,False,Google,https://www.google.com/maps/reviews/data=!4m8!14m7!1m6!2m5!1sChZDSUhNMG9nS0VJQ0FnSUNKOVl6eE1nEAE!2m1!1s0x0:0x2941b02568748e1a!3m1!1s2@1:CIHM0ogKEICAgICJ9YzxMg%7C%7C?hl=ru,2026-09-07T23:54:28.850351+00:00,3.9,1059
Lookin Rooms,"ул.Тверская д.18 корпус1, Москва, Россия, 125375",0x46b54a3cc266ba8f:0x2941b02568748e1a,ChdDSUhNMG9nS0VJQ0FnSUNKOVpUeDlnRRAB,1.0,2023-07-02T05:50:13Z,2023-07-02T05:50:13Z,3 года назад,"24.07.23 пришла в данное заведение что бы отметить день рождение подруги и разочаровалась.. вечер был испорчен хамским отношением сотрудников уже на входе, в алкогольном коктеле не было алкоголя. Никакой дисциплины и уважения к людям которые приносят им деньги.",True,Google,https://www.google.com/maps/reviews/data=!4m8!14m7!1m6!2m5!1sChdDSUhNMG9nS0VJQ0FnSUNKOVpUeDlnRRAB!2m1!1s0x0:0x2941b02568748e1a!3m1!1s2@1:CIHM0ogKEICAgICJ9ZTx9gE%7C%7C?hl=ru,2026-09-07T23:54:28.850396+00:00,3.9,1059
Lookin Rooms,"ул.Тверская д.18 корпус1, Москва, Россия, 125375",0x46b54a3cc266ba8f:0x2941b02568748e1a,ChdDSUhNMG9nS0VJQ0FnSUNKMWY3RzdnRRAB,1.0,2023-07-01T21:07:33Z,2023-07-01T21:07:33Z,3 года назад,"Очень дискриминируют девушек с полным весом, просто не пускают вне зависимости от наличия билета или столика, если видят, что девушка не соответствует субъективному мнению фейсконтрольщика о красоте девушек",True,Google,https://www.google.com/maps/reviews/data=!4m8!14m7!1m6!2m5!1sChdDSUhNMG9nS0VJQ0FnSUNKMWY3RzdnRRAB!2m1!1s0x0:0x2941b02568748e1a!3m1!1s2@1:CIHM0ogKEICAgICJ1f7G7gE%7C%7C?hl=ru,2026-09-07T23:54:28.850440+00:00,3.9,1059
Lookin Rooms,"ул.Тверская д.18 корпус1, Москва, Россия, 125375",0x46b54a3cc266ba8f:0x2941b02568748e1a,ChdDSUhNMG9nS0VJQ0FnSUNKMVk3VWhnRRAB,1.0,2023-07-01T20:53:59Z,2023-07-01T21:02:33Z,3 года назад,"Ужасный клуб, особенно фейсконтроль! Мы пришли с подругами с надеждой просто потанцевать и отлично провести время, но одну из девчонок просто не пустили не объясняя причину. Было слишком очевидно, что все из-за того, что она не супер худая (хотя у нее очень сочная фигура, она довольно обаятельная и харизматичная девушка). Более того, на фейсконтроле парень почему-то решил, что имеет право комментировать нас как друзей, что было максимально неуместно и дискомфортно. Никому не советую сюда приходить, только потратите нервы и получите кучу неприятных эмоций в подарок((",True,Google,https://www.google.com/maps/reviews/data=!4m8!14m7!1m6!2m5!1sChdDSUhNMG9nS0VJQ0FnSUNKMVk3VWhnRRAB!2m1!1s0x0:0x2941b02568748e1a!3m1!1s2@1:CIHM0ogKEICAgICJ1Y7UhgE%7C%7C?hl=ru,2026-09-07T23:54:28.850481+00:00,3.9,1059
Lookin Rooms,"ул.Тверская д.18 корпус1, Москва, Россия, 125375",0x46b54a3cc266ba8f:0x2941b02568748e1a,ChZDSUhNMG9nS0VJQ0FnSURPaUt6SWR3EAE,1.0,2022-06-25T23:44:56Z,2023-06-27T18:24:11Z,Изменено 3 года назад,,False,Google,https://www.google.com/maps/reviews/data=!4m8!14m7!1m6!2m5!1sChZDSUhNMG9nS0VJQ0FnSURPaUt6SWR3EAE!2m1!1s0x0:0x2941b02568748e1a!3m1!1s2@1:CIHM0ogKEICAgIDOiKzIdw%7C%7C?hl=ru,2026-09-07T23:54:28.850530+00:00,3.9,1059
Lookin Rooms,"ул.Тверская д.18 корпус1, Москва, Россия, 125375",0x46b54a3cc266ba8f:0x2941b02568748e1a,ChZDSUhNMG9nS0VJQ0FnSUR4XzctclpREAE,1.0,2023-06-18T10:02:29Z,2023-06-18T10:02:29Z,3 года назад,,False,Google,https://www.google.com/maps/reviews/data=!4m8!14m7!1m6!2m5!1sChZDSUhNMG9nS0VJQ0FnSUR4XzctclpREAE!2m1!1s0x0:0x2941b02568748e1a!3m1!1s2@1:CIHM0ogKEICAgIDx_7-rZQ%7C%7C?hl=ru,2026-09-07T23:54:28.850563+00:00,3.9,1059
Lookin Rooms,"ул.Тверская д.18 корпус1, Москва, Россия, 125375",0x46b54a3cc266ba8f:0x2941b02568748e1a,ChdDSUhNMG9nS0VJQ0FnSUR4MzczMHdBRRAB,1.0,2023-06-18T00:27:23Z,2023-06-18T07:46:21Z,3 года назад,"Просто бред , а не клуб, музыка старье, расчет на имение раздетых Пьяных мадам в туалете. Если вы не похожи на объект «имения» вас просто не пустят))0)0) работают мальчики лет 18 максимум на фейс контроле. В общем не тратьте свое время если конечно не едете за указанной выше целью! Рекомендую всем КИЛФИШ , больше удовольствия и безопасности))) тем более в Лукине вы даже выпить не сможете , цены как за чугунный мост. Еще раз скажу что фейс контроль черти))) реально очень грубое и унизительное отношение к клиентам, особенно со стороны мальчика с крыльями на голове, отвратительное поведение , портят лицо заведения не успев даже впустить в него",True,Google,https://www.google.com/maps/reviews/data=!4m8!14m7!1m6!2m5!1sChdDSUhNMG9nS0VJQ0FnSUR4MzczMHdBRRAB!2m1!1s0x0:0x2941b02568748e1a!3m1!1s2@1:CIHM0ogKEICAgIDx3730wAE%7C%7C?hl=ru,2026-09-07T23:54:28.850596+00:00,3.9,1059
Lookin Rooms,"ул.Тверская д.18 корпус1, Москва, Россия, 125375",0x46b54a3cc266ba8f:0x2941b02568748e1a,ChdDSUhNMG9nS0VJQ0FnSUR4cWV5MW53RRAB,1.0,2023-06-11T01:30:34Z,2023-06-11T01:32:28Z,3 года назад,"С удовольствием поставила бы ноль, фейс контроль отказал без причины в проходе,  очень оскорбило
Абсолютно трезвые, совершеннолетние девушки, красиво и опрятно одетые. Были вынуждены отказаться от посещения этого заведения в дальнейшем, не рекомендую.",True,Google,https://www.google.com/maps/reviews/data=!4m8!14m7!1m6!2m5!1sChdDSUhNMG9nS0VJQ0FnSUR4cWV5MW53RRAB!2m1!1s0x0:0x2941b02568748e1a!3m1!1s2@1:CIHM0ogKEICAgIDxqey1nwE%7C%7C?hl=ru,2026-09-07T23:54:28.850648+00:00,3.9,1059
Lookin Rooms,"ул.Тверская д.18 корпус1, Москва, Россия, 125375",0x46b54a3cc266ba8f:0x2941b02568748e1a,ChdDSUhNMG9nS0VJQ0FnSURSNWItbnZnRRAB,5.0,2023-04-30T06:43:40Z,2023-06-05T11:46:26Z,Изменено 3 года назад,"Лучшее место!!!  Фейс контроль: адекватный, не пустят только если одеты как на шашлыки. Персонал:  официанты регулярно проходят по столам, администратор запрашивает что понравилось, что нет. Для именинников есть особый бонус, который лично меня тронул. Цены: средние(при этом качество алкоголя и еды отличное). Спасибо большое!",True,Google,https://www.google.com/maps/reviews/data=!4m8!14m7!1m6!2m5!1sChdDSUhNMG9nS0VJQ0FnSURSNWItbnZnRRAB!2m1!1s0x0:0x2941b02568748e1a!3m1!1s2@1:CIHM0ogKEICAgIDR5b-nvgE%7C%7C?hl=ru,2026-09-07T23:54:28.850686+00:00,3.9,1059
Lookin Rooms,"ул.Тверская д.18 корпус1, Москва, Россия, 125375",0x46b54a3cc266ba8f:0x2941b02568748e1a,ChdDSUhNMG9nS0VJQ0FnSUR4blBfVW5RRRAB,1.0,2023-06-03T20:23:52Z,2023-06-03T20:23:52Z,3 года назад,,False,Google,https://www.google.com/maps/reviews/data=!4m8!14m7!1m6!2m5!1sChdDSUhNMG9nS0VJQ0FnSUR4blBfVW5RRRAB!2m1!1s0x0:0x2941b02568748e1a!3m1!1s2@1:CIHM0ogKEICAgIDxnP_UnQE%7C%7C?hl=ru,2026-09-07T23:54:28.850727+00:00,3.9,1059
Lookin Rooms,"ул.Тверская д.18 корпус1, Москва, Россия, 125375",0x46b54a3cc266ba8f:0x2941b02568748e1a,ChdDSUhNMG9nS0VJQ0FnSUR4akpQVjBBRRAB,1.0,2023-06-03T04:44:53Z,2023-06-03T04:44:53Z,3 года назад,"Худшее заведение, в котором доводилось побывать. Половина контингента быдло, другая половина нефары и какие-то дети. Никому не советую ни в коем случае посещать это место",True,Google,https://www.google.com/maps/reviews/data=!4m8!14m7!1m6!2m5!1sChdDSUhNMG9nS0VJQ0FnSUR4akpQVjBBRRAB!2m1!1s0x0:0x2941b02568748e1a!3m1!1s2@1:CIHM0ogKEICAgIDxjJPV0AE%7C%7C?hl=ru,2026-09-07T23:54:28.850759+00:00,3.9,1059
Lookin Rooms,"ул.Тверская д.18 корпус1, Москва, Россия, 125375",0x46b54a3cc266ba8f:0x2941b02568748e1a,ChZDSUhNMG9nS0VJQ0FnSUN4ODVXRmNBEAE,5.0,2023-05-25T19:30:53Z,2023-05-25T19:30:53Z,3 года назад,,False,Google,https://www.google.com/maps/reviews/data=!4m8!14m7!1m6!2m5!1sChZDSUhNMG9nS0VJQ0FnSUN4ODVXRmNBEAE!2m1!1s0x0:0x2941b02568748e1a!3m1!1s2@1:CIHM0ogKEICAgICx85WFcA%7C%7C?hl=ru,2026-09-07T23:54:28.850795+00:00,3.9,1059
Lookin Rooms,"ул.Тверская д.18 корпус1, Москва, Россия, 125375",0x46b54a3cc266ba8f:0x2941b02568748e1a,ChdDSUhNMG9nS0VJQ0FnSUN4MHFPTl93RRAB,1.0,2023-05-14T11:13:03Z,2023-05-14T11:13:03Z,3 года назад,,False,Google,https://www.google.com/maps/reviews/data=!4m8!14m7!1m6!2m5!1sChdDSUhNMG9nS0VJQ0FnSUN4MHFPTl93RRAB!2m1!1s0x0:0x2941b02568748e1a!3m1!1s2@1:CIHM0ogKEICAgICx0qON_wE%7C%7C?hl=ru,2026-09-07T23:54:28.850829+00:00,3.9,1059
Lookin Rooms,"ул.Тверская д.18 корпус1, Москва, Россия, 125375",0x46b54a3cc266ba8f:0x2941b02568748e1a,ChZDSUhNMG9nS0VJQ0FnSURSNWUtNFFBEAE,3.0,2023-04-30T06:34:43Z,2023-04-30T06:40:12Z,3 года назад,"Нармальная клубная музыка, хороший персонал, на фейсконтроле никаких проблем не возникло (кроме того, что забрали мой маленький энергетик), всё испортили коктейли, они не вкусные, ни один до конца не допил ни я, ни девушка, которая была со мной.",True,Google,https://www.google.com/maps/reviews/data=!4m8!14m7!1m6!2m5!1sChZDSUhNMG9nS0VJQ0FnSURSNWUtNFFBEAE!2m1!1s0x0:0x2941b02568748e1a!3m1!1s2@1:CIHM0ogKEICAgIDR5e-4QA%7C%7C?hl=ru,2026-09-07T23:54:28.850859+00:00,3.9,1059
Lookin Rooms,"ул.Тверская д.18 корпус1, Москва, Россия, 125375",0x46b54a3cc266ba8f:0x2941b02568748e1a,ChdDSUhNMG9nS0VJQ0FnSURScGRYNXBRRRAB,1.0,2023-04-29T22:57:02Z,2023-04-29T22:57:02Z,3 года назад,"Самое ущербное заведение в мире,не впускать из-за цвета волос и из-за веса
Вы дно ,таких дыр Как ваш клуб еще на Камчатке поискать надо
Такими темпами закроетесь к чертям
Даже одну звезду жалко вам ставить .",True,Google,https://www.google.com/maps/reviews/data=!4m8!14m7!1m6!2m5!1sChdDSUhNMG9nS0VJQ0FnSURScGRYNXBRRRAB!2m1!1s0x0:0x2941b02568748e1a!3m1!1s2@1:CIHM0ogKEICAgIDRpdX5pQE%7C%7C?hl=ru,2026-09-07T23:54:28.850897+00:00,3.9,1059
Lookin Rooms,"ул.Тверская д.18 корпус1, Москва, Россия, 125375",0x46b54a3cc266ba8f:0x2941b02568748e1a,ChdDSUhNMG9nS0VJQ0FnSUNSMTltUHFRRRAB,1.0,2023-04-12T19:20:45Z,2023-04-12T19:20:45Z,3 года назад,,False,Google,https://www.google.com/maps/reviews/data=!4m8!14m7!1m6!2m5!1sChdDSUhNMG9nS0VJQ0FnSUNSMTltUHFRRRAB!2m1!1s0x0:0x2941b02568748e1a!3m1!1s2@1:CIHM0ogKEICAgICR19mPqQE%7C%7C?hl=ru,2026-09-07T23:54:28.850934+00:00,3.9,1059
Lookin Rooms,"ул.Тверская д.18 корпус1, Москва, Россия, 125375",0x46b54a3cc266ba8f:0x2941b02568748e1a,ChdDSUhNMG9nS0VJQ0FnSUNXa05uZTF3RRAB,5.0,2022-02-15T11:18:47Z,2022-02-15T11:18:47Z,4 года назад,"Очень концептуальное и интересное место. Был с друзьями, никаких проблем со входом не было, фейс контроль оценивает по факту . Разная музыка в разных залах , и при этом они не мешают друг другу, заходя в другой зал, сразу попадаешь в другую атмосферу. Замечательный бар , а точнее 3 бара!!! Сотрудникам спасибо за атмосферу)))",True,Google,https://www.google.com/maps/reviews/data=!4m8!14m7!1m6!2m5!1sChdDSUhNMG9nS0VJQ0FnSUNXa05uZTF3RRAB!2m1!1s0x0:0x2941b02568748e1a!3m1!1s2@1:CIHM0ogKEICAgICWkNne1wE%7C%7C?hl=ru,2026-09-07T23:54:28.850965+00:00,3.9,1059
LASKI ВИНО И ПЛЯСКИ,"Рочдельская ул., 15 ст25, Москва, Россия, 123022",0x46b54b8bec853e03:0xc734d0f0004678dc,Ci9DQUlRQUNvZENodHljRjlvT2xNMmJWTTFSMHBUY1c5TFRUZHRaakV4Y0RGVFZsRRAB,1.0,2026-04-19T01:24:08Z,2026-04-19T01:24:08Z,4 месяца назад,"I want to leave a detailed review about the situation, which showed the real attitude of the club's management towards people.

After the restaurant closed, I picked up the bouquet of flowers that the DJ had left. These flowers were not stolen, there was no conflict, aggression or any damage to the club. Despite this, on the next visit, the senior manager rudely informed me that I was on the ""blacklist"", without providing any clear explanations for the reasons.

For all my attempts to calmly understand the situation and hear the specific reasons for the ban, I have not received a single adequate response. Instead of dialogue, there is an arrogant tone, irritation and a complete unwillingness to explain their actions.

It is especially unpleasant that I was associated with this place, even worked here, and expected at least basic respect. But in fact, it turned out that the decision to ban entry can be made at the personal whim of the manager, without arguments, without trial and without respect for the person.

The main problem is not even in the ban itself, but in relation to:
— lack of transparency,
— lack of respect,
— abuse of authority,
— humiliating communication with guests.

When a person is simply told: ""You're on the blacklist,"" without explaining the reasons, demonstrates an extremely low level of management and service. If the administration allows itself to treat even those who were loyal to the institution in this way, then it's worth considering how they treat ordinary guests.

I'm very disappointed. I consider it unacceptable when a manager's personal emotions are put above professionalism and respect for people. I hope the management will pay attention to the working methods of their employees, because such behavior undermines the reputation of the institution much more than any negative review.

Хочу оставить подробный отзыв о ситуации, которая показала реальное отношение руководства клуба к людям.

После закрытия заведения я забрал букет цветов, который оставался у DJ. Эти цветы не были украдены, не было конфликта, агрессии или какого-либо ущерба клубу. Несмотря на это, при следующем посещении старший менеджер в грубой форме сообщил мне, что я нахожусь в «чёрном списке», при этом не предоставив никаких внятных объяснений причин.

На все мои попытки спокойно разобраться в ситуации и услышать конкретные основания запрета я не получил ни одного адекватного ответа. Вместо диалога — высокомерный тон, раздражение и полное нежелание объяснять свои действия.

Особенно неприятно то, что я был связан с этим местом, даже работал здесь, и рассчитывал хотя бы на элементарное уважение. Но по факту оказалось, что решение о запрете входа может быть принято по личной прихоти менеджера, без аргументов, без разбирательства и без уважения к человеку.

Главная проблема даже не в самом запрете, а в отношении:
— отсутствие прозрачности,
— отсутствие уважения,
— злоупотребление полномочиями,
— унизительное общение с гостями.

Когда человеку просто говорят: «Ты в чёрном списке», не объясняя причин, — это демонстрирует крайне низкий уровень управления и сервиса. Если администрация позволяет себе так обращаться даже с теми, кто был лоялен к заведению, то стоит задуматься, как они относятся к обычным гостям.

Очень разочарован. Считаю недопустимым, когда личные эмоции менеджера ставятся выше профессионализма и уважительного отношения к людям. Надеюсь, руководство обратит внимание на методы работы своих сотрудников, потому что подобное поведение подрывает репутацию заведения намного сильнее любого негативного отзыва.",True,Google,https://www.google.com/maps/reviews/data=!4m8!14m7!1m6!2m5!1sCi9DQUlRQUNvZENodHljRjlvT2xNMmJWTTFSMHBUY1c5TFRUZHRaakV4Y0RGVFZsRRAB!2m1!1s0x0:0xc734d0f0004678dc!3m1!1s2@1:CAIQACodChtycF9oOlM2bVM1R0pTcW9LTTdtZjExcDFTVlE%7C%7C?hl=ru,2026-09-07T23:54:29.191154+00:00,4.7,37
LASKI ВИНО И ПЛЯСКИ,"Рочдельская ул., 15 ст25, Москва, Россия, 123022",0x46b54b8bec853e03:0xc734d0f0004678dc,Ci9DQUlRQUNvZENodHljRjlvT21GVVoxVndRVUZxYWtaNlRGOXZhREpvVWtwblNHYxAB,5.0,2025-11-15T09:30:38Z,2025-11-15T09:30:38Z,9 месяцев назад,"Классное место, где действительно можно забыть о времени! Пришли с друзьями в субботу и не заметили, как пробыли до самого утра. Музыка на высоте - звук чистый, мощный, играли классные диджеи. Бармены настоящие профи, посоветовали нам авторские коктейли, которые оказались восхитительными.

Особенно приятно удивил подарок при бронировании стола - +20% к депозиту, это было очень кстати. А когда основная программа закончилась, мы остались на афтерпати - и не пожалели! Атмосфера там нереальная, расслабленная, с лучшим звуком и особым настроением. Без преувеличения - лучшее афтерпати в Москве! Обязательно вернемся снова.",True,Google,https://www.google.com/maps/reviews/data=!4m8!14m7!1m6!2m5!1sCi9DQUlRQUNvZENodHljRjlvT21GVVoxVndRVUZxYWtaNlRGOXZhREpvVWtwblNHYxAB!2m1!1s0x0:0xc734d0f0004678dc!3m1!1s2@1:CAIQACodChtycF9oOmFUZ1VwQUFqakZ6TF9vaDJoUkpnSGc%7C%7C?hl=ru,2026-09-07T23:54:29.191612+00:00,4.7,37
LASKI ВИНО И ПЛЯСКИ,"Рочдельская ул., 15 ст25, Москва, Россия, 123022",0x46b54b8bec853e03:0xc734d0f0004678dc,Ci9DQUlRQUNvZENodHljRjlvT21Ga2FGZFNNVzV1YVRCWmFXSnBla3RXZEhBNGJuYxAB,5.0,2025-11-08T20:39:29Z,2025-11-08T20:39:29Z,9 месяцев назад,"Очень уютное место днём! К вечеру играет диджей . Танцпол большой, есть где потанцевать . Возраст 30+! Что немаловажно!",True,Google,https://www.google.com/maps/reviews/data=!4m8!14m7!1m6!2m5!1sCi9DQUlRQUNvZENodHljRjlvT21Ga2FGZFNNVzV1YVRCWmFXSnBla3RXZEhBNGJuYxAB!2m1!1s0x0:0xc734d0f0004678dc!3m1!1s2@1:CAIQACodChtycF9oOmFkaFdSMW5uaTBZaWJpektWdHA4bnc%7C%7C?hl=ru,2026-09-07T23:54:29.191698+00:00,4.7,37
LASKI ВИНО И ПЛЯСКИ,"Рочдельская ул., 15 ст25, Москва, Россия, 123022",0x46b54b8bec853e03:0xc734d0f0004678dc,Ci9DQUlRQUNvZENodHljRjlvT21GVkxVSnVZa2hJUkhvM1VVWldkMk0yZHpFM1MxRRAB,5.0,2025-11-05T16:47:55Z,2025-11-05T16:47:55Z,10 месяцев назад,"Посетил клуб LASKI впервые - и остался под сильным подложительным впечатлением! Атмосфера здесь просто на высоте: стильный интерьер, качественный звук и невероятно позитивная публика. Музыкальный подбор радует - диджеи чувствуют настроение зала и создают настоящий драйв. Особенно понравилось, что можно выбрать между активным танцполом и более спокойной зоной отдыха. Бар заслуживает отдельного упоминания - коктейли не только вкусные, но и красиво подаются. Персонал внимательный, всё делают быстро и с улыбкой. Был приятно удивлён уровнем сервиса - чувствуется, что в клубе ценят каждого гостя. Еда отличная, кухня работает даже поздно ночью, что огромный плюс. Отдельное спасибо за приятный бонус при бронировании стола! Провёл вечер максимально комфортно, зарядился энергией на всю неделю. Теперь это моё любимое место для отдыха. Рекомендую всем, кто ценит стиль, атмосферу и качественный отдых!",True,Google,https://www.google.com/maps/reviews/data=!4m8!14m7!1m6!2m5!1sCi9DQUlRQUNvZENodHljRjlvT21GVkxVSnVZa2hJUkhvM1VVWldkMk0yZHpFM1MxRRAB!2m1!1s0x0:0xc734d0f0004678dc!3m1!1s2@1:CAIQACodChtycF9oOmFVLUJuYkhIRHo3UUZWd2M2dzE3S1E%7C%7C?hl=ru,2026-09-07T23:54:29.191740+00:00,4.7,37
LASKI ВИНО И ПЛЯСКИ,"Рочдельская ул., 15 ст25, Москва, Россия, 123022",0x46b54b8bec853e03:0xc734d0f0004678dc,Ci9DQUlRQUNvZENodHljRjlvT2tKb2VYVm5SVFZPZGxRMGVEWmZiSFZsVW5wRE5GRRAB,5.0,2025-10-29T16:45:21Z,2025-10-29T16:45:21Z,10 месяцев назад,"Были в вашем клубе в прошлые выходные — получили море удовольствия! Отдельно хочется отметить качественный звук — слышно каждый инструмент, при этом можно спокойно разговаривать у бара. Бармены настоящие профессионалы: быстро работают и знают, как сбалансировать коктейль. При бронировании стола получили приятный бонус +20% к депозиту — приятный жест. Но главное — это атмосфера афтерпати до 11 утра: расслабленная музыка, мягкий свет и особенная утренняя энергетика. Лучшее место в Москве, чтобы плавно завершить ночь! Обязательно вернемся.",True,Google,https://www.google.com/maps/reviews/data=!4m8!14m7!1m6!2m5!1sCi9DQUlRQUNvZENodHljRjlvT2tKb2VYVm5SVFZPZGxRMGVEWmZiSFZsVW5wRE5GRRAB!2m1!1s0x0:0xc734d0f0004678dc!3m1!1s2@1:CAIQACodChtycF9oOkJoeXVnRTVOdlQ0eDZfbHVlUnpDNFE%7C%7C?hl=ru,2026-09-07T23:54:29.191791+00:00,4.7,37
LASKI ВИНО И ПЛЯСКИ,"Рочдельская ул., 15 ст25, Москва, Россия, 123022",0x46b54b8bec853e03:0xc734d0f0004678dc,Ci9DQUlRQUNvZENodHljRjlvT21velZXaHhVREI1ZGxoSVJYTlpSM28xUXpFMU4xRRAB,5.0,2025-10-24T10:20:00Z,2025-10-24T10:20:00Z,10 месяцев назад,"Были с друзьями на афтерпати — это просто бомба! После закрытия других клубов именно здесь продолжается настоящая тусовка. Музыка с 5 утра до 11, диджеи задают нереальный вайб, свет и звук просто идеальные. Атмосфера расслабленная, публика красивая и доброжелательная. Отличный бар, вкусные коктейли, персонал всегда с улыбкой. Лучшее афтерпати в Москве, без преувеличения.",True,Google,https://www.google.com/maps/reviews/data=!4m8!14m7!1m6!2m5!1sCi9DQUlRQUNvZENodHljRjlvT21velZXaHhVREI1ZGxoSVJYTlpSM28xUXpFMU4xRRAB!2m1!1s0x0:0xc734d0f0004678dc!3m1!1s2@1:CAIQACodChtycF9oOmozVWhxUDB5dlhIRXNZR3o1QzE1N1E%7C%7C?hl=ru,2026-09-07T23:54:29.191831+00:00,4.7,37
LASKI ВИНО И ПЛЯСКИ,"Рочдельская ул., 15 ст25, Москва, Россия, 123022",0x46b54b8bec853e03:0xc734d0f0004678dc,Ci9DQUlRQUNvZENodHljRjlvT2paUE0yaGFSSE10UmtkVGNuRkRWVEJsYVZaR1lWRRAB,1.0,2025-09-27T20:12:39Z,2025-09-27T20:12:39Z,11 месяцев назад,"Позвонил по телефону днем .Девушка сказала вход бесплатный.Приехал ,на входе сказали депозит пять тысяч .Не люблю такой подход к клиентам .",True,Google,https://www.google.com/maps/reviews/data=!4m8!14m7!1m6!2m5!1sCi9DQUlRQUNvZENodHljRjlvT2paUE0yaGFSSE10UmtkVGNuRkRWVEJsYVZaR1lWRRAB!2m1!1s0x0:0xc734d0f0004678dc!3m1!1s2@1:CAIQACodChtycF9oOjZPM2haRHMtRkdTcnFDVTBlaVZGYVE%7C%7C?hl=ru,2026-09-07T23:54:29.191869+00:00,4.7,37
LASKI ВИНО И ПЛЯСКИ,"Рочдельская ул., 15 ст25, Москва, Россия, 123022",0x46b54b8bec853e03:0xc734d0f0004678dc,Ci9DQUlRQUNvZENodHljRjlvT2xFek1raHZURTlTWDJKWE0zUkZVR2RLUTB0U1ZVRRAB,5.0,2025-09-25T15:41:41Z,2025-09-25T15:41:41Z,11 месяцев назад,"Были с друзьями в Laski впервые — и остались в восторге! Музыка отличная, освещение создаёт классное настроение. Персонал внимательный, напитки приносят быстро. Танцпол просторный, удобно перемещаться между зонами. Настоящее место для весёлого и яркого вечера.",True,Google,https://www.google.com/maps/reviews/data=!4m8!14m7!1m6!2m5!1sCi9DQUlRQUNvZENodHljRjlvT2xFek1raHZURTlTWDJKWE0zUkZVR2RLUTB0U1ZVRRAB!2m1!1s0x0:0xc734d0f0004678dc!3m1!1s2@1:CAIQACodChtycF9oOlEzMkhvTE9SX2JXM3RFUGdKQ0tSVUE%7C%7C?hl=ru,2026-09-07T23:54:29.191901+00:00,4.7,37
LASKI ВИНО И ПЛЯСКИ,"Рочдельская ул., 15 ст25, Москва, Россия, 123022",0x46b54b8bec853e03:0xc734d0f0004678dc,Ci9DQUlRQUNvZENodHljRjlvT2tsTlUyaHdZMlZTYVZaVWJGWjFSMU5YWTNGZmFtYxAB,5.0,2025-09-20T11:20:31Z,2025-09-20T11:20:31Z,11 месяцев назад,"Laski — одно из моих любимых мест для ночных выходов. Классная музыка, яркий свет, качественный звук и вкусный бар создают атмосферу праздника. Особенно приятно, что при брони стола дают +20% к депозиту. Единственный маленький минус — в выходные очень много людей, но это показатель популярности клуба.",True,Google,https://www.google.com/maps/reviews/data=!4m8!14m7!1m6!2m5!1sCi9DQUlRQUNvZENodHljRjlvT2tsTlUyaHdZMlZTYVZaVWJGWjFSMU5YWTNGZmFtYxAB!2m1!1s0x0:0xc734d0f0004678dc!3m1!1s2@1:CAIQACodChtycF9oOklNU2hwY2VSaVZUbFZ1R1NXY3Ffamc%7C%7C?hl=ru,2026-09-07T23:54:29.356313+00:00,4.7,37
LASKI ВИНО И ПЛЯСКИ,"Рочдельская ул., 15 ст25, Москва, Россия, 123022",0x46b54b8bec853e03:0xc734d0f0004678dc,Ci9DQUlRQUNvZENodHljRjlvT21reVNWSTRTMlkyYkhSNVdYSlhXbVIxTFRKR2QzYxAB,5.0,2025-09-12T20:48:46Z,2025-09-12T20:48:46Z,11 месяцев назад,✨✨✨суперр,True,Google,https://www.google.com/maps/reviews/data=!4m8!14m7!1m6!2m5!1sCi9DQUlRQUNvZENodHljRjlvT21reVNWSTRTMlkyYkhSNVdYSlhXbVIxTFRKR2QzYxAB!2m1!1s0x0:0xc734d0f0004678dc!3m1!1s2@1:CAIQACodChtycF9oOmkySVI4S2Y2bHR5WXJXWmR1LTJGd3c%7C%7C?hl=ru,2026-09-07T23:54:29.356500+00:00,4.7,37
LASKI ВИНО И ПЛЯСКИ,"Рочдельская ул., 15 ст25, Москва, Россия, 123022",0x46b54b8bec853e03:0xc734d0f0004678dc,Ci9DQUlRQUNvZENodHljRjlvT21WdVRGOW9iazh6VUVOMk9VMXhjMFpuYjFkWmNFRRAB,5.0,2025-09-12T20:16:40Z,2025-09-12T20:16:40Z,11 месяцев назад,"Уже третью неделю отдыхаю в данном заведение.
Все нравится от еды до музыки.
Однозначно мое любимое заведение в Москве.",True,Google,https://www.google.com/maps/reviews/data=!4m8!14m7!1m6!2m5!1sCi9DQUlRQUNvZENodHljRjlvT21WdVRGOW9iazh6VUVOMk9VMXhjMFpuYjFkWmNFRRAB!2m1!1s0x0:0xc734d0f0004678dc!3m1!1s2@1:CAIQACodChtycF9oOmVuTF9obk8zUEN2OU1xc0Znb1dZcEE%7C%7C?hl=ru,2026-09-07T23:54:29.356558+00:00,4.7,37
LASKI ВИНО И ПЛЯСКИ,"Рочдельская ул., 15 ст25, Москва, Россия, 123022",0x46b54b8bec853e03:0xc734d0f0004678dc,Ci9DQUlRQUNvZENodHljRjlvT2paeFRXNTFRblZCWVRSck9EaHpTRnBoU25Fd1dVRRAB,5.0,2025-07-14T08:31:46Z,2025-07-14T08:31:46Z,год назад,Удобная локация можно быстро добраться с любой точки города. Атмосфера крутая - часто тут бываем с другом. Музыка хорошая. Бар с большим выбором напитков,True,Google,https://www.google.com/maps/reviews/data=!4m8!14m7!1m6!2m5!1sCi9DQUlRQUNvZENodHljRjlvT2paeFRXNTFRblZCWVRSck9EaHpTRnBoU25Fd1dVRRAB!2m1!1s0x0:0xc734d0f0004678dc!3m1!1s2@1:CAIQACodChtycF9oOjZxTW51QnVBYTRrODhzSFphSnEwWUE%7C%7C?hl=ru,2026-09-07T23:54:29.356602+00:00,4.7,37
LASKI ВИНО И ПЛЯСКИ,"Рочдельская ул., 15 ст25, Москва, Россия, 123022",0x46b54b8bec853e03:0xc734d0f0004678dc,Ci9DQUlRQUNvZENodHljRjlvT2xka1JWcG5XbmhPYUdJNFVGaElUR053YUVGbVdXYxAB,5.0,2025-06-21T17:16:42Z,2025-06-21T17:16:42Z,год назад,"Были тут с подругой уже неоднократно, Удобная Лока быстро можно добраться. Ну и конечно сама атмосфера и широкая винная карта. Было весело и круто",True,Google,https://www.google.com/maps/reviews/data=!4m8!14m7!1m6!2m5!1sCi9DQUlRQUNvZENodHljRjlvT2xka1JWcG5XbmhPYUdJNFVGaElUR053YUVGbVdXYxAB!2m1!1s0x0:0xc734d0f0004678dc!3m1!1s2@1:CAIQACodChtycF9oOldkRVpnWnhOaGI4UFhITGNwaEFmWWc%7C%7C?hl=ru,2026-09-07T23:54:29.356638+00:00,4.7,37
LASKI ВИНО И ПЛЯСКИ,"Рочдельская ул., 15 ст25, Москва, Россия, 123022",0x46b54b8bec853e03:0xc734d0f0004678dc,Ci9DQUlRQUNvZENodHljRjlvT21Wb1JuazFOWEpyUzFWSGVEZGZWMGhwTUVsUVoyYxAB,5.0,2025-06-15T18:39:49Z,2025-06-15T18:39:49Z,год назад,"Все классно) достаточно легко пройти, доброжелательная атмосфера, без пафоса как в соседних местах, можно вкусно поесть внутри, потанцевать, музыка движовая, а также есть комната где можно подышать)
Кому не понравилось - вы просто рано пришли!))",True,Google,https://www.google.com/maps/reviews/data=!4m8!14m7!1m6!2m5!1sCi9DQUlRQUNvZENodHljRjlvT21Wb1JuazFOWEpyUzFWSGVEZGZWMGhwTUVsUVoyYxAB!2m1!1s0x0:0xc734d0f0004678dc!3m1!1s2@1:CAIQACodChtycF9oOmVoRnk1NXJrS1VHeDdfV0hpMElQZ2c%7C%7C?hl=ru,2026-09-07T23:54:29.356670+00:00,4.7,37
LASKI ВИНО И ПЛЯСКИ,"Рочдельская ул., 15 ст25, Москва, Россия, 123022",0x46b54b8bec853e03:0xc734d0f0004678dc,Ci9DQUlRQUNvZENodHljRjlvT2xReVpVbDNTV0ZaTkRWUWNYa3dZVlZYWms1VVMxRRAB,5.0,2025-06-15T17:00:16Z,2025-06-15T17:00:16Z,год назад,,False,Google,https://www.google.com/maps/reviews/data=!4m8!14m7!1m6!2m5!1sCi9DQUlRQUNvZENodHljRjlvT2xReVpVbDNTV0ZaTkRWUWNYa3dZVlZYWms1VVMxRRAB!2m1!1s0x0:0xc734d0f0004678dc!3m1!1s2@1:CAIQACodChtycF9oOlQyZUl3SWFZNDVQcXkwYVVXZk5US1E%7C%7C?hl=ru,2026-09-07T23:54:29.356703+00:00,4.7,37
LASKI ВИНО И ПЛЯСКИ,"Рочдельская ул., 15 ст25, Москва, Россия, 123022",0x46b54b8bec853e03:0xc734d0f0004678dc,ChdDSUhNMG9nS0VLYmJzOXZvcmNiRTFRRRAB,5.0,2025-05-30T23:50:58Z,2025-05-30T23:50:58Z,год назад,,False,Google,https://www.google.com/maps/reviews/data=!4m8!14m7!1m6!2m5!1sChdDSUhNMG9nS0VLYmJzOXZvcmNiRTFRRRAB!2m1!1s0x0:0xc734d0f0004678dc!3m1!1s2@1:CIHM0ogKEKbbs9vorcbE1QE%7C%7C?hl=ru,2026-09-07T23:54:29.356729+00:00,4.7,37
LASKI ВИНО И ПЛЯСКИ,"Рочдельская ул., 15 ст25, Москва, Россия, 123022",0x46b54b8bec853e03:0xc734d0f0004678dc,ChZDSUhNMG9nS0VMX2RyTmV6NXBIcmV3EAE,5.0,2025-05-27T09:39:33Z,2025-05-27T09:39:33Z,год назад,"Красиво, приятно, вкусная еда и топ кальяны
Адекватный контингент - это тоже очень важно

Можно отлично провести время с друзьями, для этого все имеется)",True,Google,https://www.google.com/maps/reviews/data=!4m8!14m7!1m6!2m5!1sChZDSUhNMG9nS0VMX2RyTmV6NXBIcmV3EAE!2m1!1s0x0:0xc734d0f0004678dc!3m1!1s2@1:CIHM0ogKEL_drNez5pHrew%7C%7C?hl=ru,2026-09-07T23:54:29.356755+00:00,4.7,37
LASKI ВИНО И ПЛЯСКИ,"Рочдельская ул., 15 ст25, Москва, Россия, 123022",0x46b54b8bec853e03:0xc734d0f0004678dc,ChZDSUhNMG9nS0VJeTY3c3I3eEtLM1V3EAE,5.0,2025-05-09T11:14:17Z,2025-05-09T11:14:17Z,год назад,"Были впервые в этом клубе, впечатления остались весьма хорошие. Во-первых приличный контингент, музыку разную включают динамичную и спокойную. Коктейли на баре вообще пушка, хотелось все попробовать, но уже не тот возраст)))) Обслуживание на высшем уровне, начиная от ресепшина и заканчивая официантами. Отмечали день рождение и плюс получили хорошую скидку. Мне понравилось, приеду еще.",True,Google,https://www.google.com/maps/reviews/data=!4m8!14m7!1m6!2m5!1sChZDSUhNMG9nS0VJeTY3c3I3eEtLM1V3EAE!2m1!1s0x0:0xc734d0f0004678dc!3m1!1s2@1:CIHM0ogKEIy67sr7xKK3Uw%7C%7C?hl=ru,2026-09-07T23:54:29.356782+00:00,4.7,37
LASKI ВИНО И ПЛЯСКИ,"Рочдельская ул., 15 ст25, Москва, Россия, 123022",0x46b54b8bec853e03:0xc734d0f0004678dc,ChZDSUhNMG9nS0VMUzhvNTNKanJlc0pREAE,5.0,2025-05-08T11:54:56Z,2025-05-08T11:54:56Z,год назад,"Отмечал тут день рождения. Все очень понравилось, в подарок дали надбавку к депозиту, да еще и поздравили всем персоналом клуба, с фаэрами и бутылкой игристого. Музыка и атмосфера просто супер. Персонал знает свою работу на 5+. Еда и напитки на высшем уровне. Это был лучший день рождения в моей жизни, спасибо Laski )))",True,Google,https://www.google.com/maps/reviews/data=!4m8!14m7!1m6!2m5!1sChZDSUhNMG9nS0VMUzhvNTNKanJlc0pREAE!2m1!1s0x0:0xc734d0f0004678dc!3m1!1s2@1:CIHM0ogKELS8o53JjresJQ%7C%7C?hl=ru,2026-09-07T23:54:29.356815+00:00,4.7,37
LASKI ВИНО И ПЛЯСКИ,"Рочдельская ул., 15 ст25, Москва, Россия, 123022",0x46b54b8bec853e03:0xc734d0f0004678dc,ChZDSUhNMG9nS0VMVEZqYWUydS1td0tREAE,5.0,2025-05-08T01:56:28Z,2025-05-08T01:56:28Z,год назад,,False,Google,https://www.google.com/maps/reviews/data=!4m8!14m7!1m6!2m5!1sChZDSUhNMG9nS0VMVEZqYWUydS1td0tREAE!2m1!1s0x0:0xc734d0f0004678dc!3m1!1s2@1:CIHM0ogKELTFjae2u-mwKQ%7C%7C?hl=ru,2026-09-07T23:54:29.356846+00:00,4.7,37
LASKI ВИНО И ПЛЯСКИ,"Рочдельская ул., 15 ст25, Москва, Россия, 123022",0x46b54b8bec853e03:0xc734d0f0004678dc,ChZDSUhNMG9nS0VJQ0FnTUNZLWNDcEhnEAE,5.0,2025-05-05T15:03:37Z,2025-05-05T15:03:37Z,год назад,"Клёвый уютный клуб! Еда супер, персонал классный. Место тоже отличное.",True,Google,https://www.google.com/maps/reviews/data=!4m8!14m7!1m6!2m5!1sChZDSUhNMG9nS0VJQ0FnTUNZLWNDcEhnEAE!2m1!1s0x0:0xc734d0f0004678dc!3m1!1s2@1:CIHM0ogKEICAgMCY-cCpHg%7C%7C?hl=ru,2026-09-07T23:54:29.356870+00:00,4.7,37
LASKI ВИНО И ПЛЯСКИ,"Рочдельская ул., 15 ст25, Москва, Россия, 123022",0x46b54b8bec853e03:0xc734d0f0004678dc,ChdDSUhNMG9nS0VJQ0FnTUNZdWFmWnZ3RRAB,5.0,2025-05-05T14:54:50Z,2025-05-05T14:54:50Z,год назад,"Норм место, заказали столик заранее, по брони прошли без очереди, кормят вкусно, ценник на уровне.",True,Google,https://www.google.com/maps/reviews/data=!4m8!14m7!1m6!2m5!1sChdDSUhNMG9nS0VJQ0FnTUNZdWFmWnZ3RRAB!2m1!1s0x0:0xc734d0f0004678dc!3m1!1s2@1:CIHM0ogKEICAgMCYuafZvwE%7C%7C?hl=ru,2026-09-07T23:54:29.356896+00:00,4.7,37
LASKI ВИНО И ПЛЯСКИ,"Рочдельская ул., 15 ст25, Москва, Россия, 123022",0x46b54b8bec853e03:0xc734d0f0004678dc,ChZDSUhNMG9nS0VJQ0FnTURvOVBTNVVREAE,5.0,2025-04-22T09:34:45Z,2025-04-22T09:35:18Z,год назад,,False,Google,https://www.google.com/maps/reviews/data=!4m8!14m7!1m6!2m5!1sChZDSUhNMG9nS0VJQ0FnTURvOVBTNVVREAE!2m1!1s0x0:0xc734d0f0004678dc!3m1!1s2@1:CIHM0ogKEICAgMDo9PS5UQ%7C%7C?hl=ru,2026-09-07T23:54:29.356922+00:00,4.7,37
LASKI ВИНО И ПЛЯСКИ,"Рочдельская ул., 15 ст25, Москва, Россия, 123022",0x46b54b8bec853e03:0xc734d0f0004678dc,ChZDSUhNMG9nS0VJQ0FnTUNvLTdmQkRBEAE,5.0,2025-04-20T09:28:35Z,2025-04-20T09:28:35Z,год назад,,False,Google,https://www.google.com/maps/reviews/data=!4m8!14m7!1m6!2m5!1sChZDSUhNMG9nS0VJQ0FnTUNvLTdmQkRBEAE!2m1!1s0x0:0xc734d0f0004678dc!3m1!1s2@1:CIHM0ogKEICAgMCo-7fBDA%7C%7C?hl=ru,2026-09-07T23:54:29.356945+00:00,4.7,37
LASKI ВИНО И ПЛЯСКИ,"Рочдельская ул., 15 ст25, Москва, Россия, 123022",0x46b54b8bec853e03:0xc734d0f0004678dc,ChZDSUhNMG9nS0VJQ0FnTUNvZzZfRWF3EAE,5.0,2025-04-19T12:28:57Z,2025-04-19T12:28:57Z,год назад,,False,Google,https://www.google.com/maps/reviews/data=!4m8!14m7!1m6!2m5!1sChZDSUhNMG9nS0VJQ0FnTUNvZzZfRWF3EAE!2m1!1s0x0:0xc734d0f0004678dc!3m1!1s2@1:CIHM0ogKEICAgMCog6_Eaw%7C%7C?hl=ru,2026-09-07T23:54:29.356969+00:00,4.7,37
LASKI ВИНО И ПЛЯСКИ,"Рочдельская ул., 15 ст25, Москва, Россия, 123022",0x46b54b8bec853e03:0xc734d0f0004678dc,ChdDSUhNMG9nS0VJQ0FnSUN2OUx2YXVBRRAB,5.0,2024-12-08T13:38:09Z,2024-12-08T13:38:09Z,год назад,"Зажигательная музыка, профессиональные бармены (коктейли – шедевры!), вкусная еда, отличная атмосфера, куча красивых людей – всё это о вашем клубе! Еще и подарок за бронь стола — прикольно! А афтерпати до 11 утра… лучше в Москве просто нет! Спасибо за потрясающий вечер! Вернемся снова!",True,Google,https://www.google.com/maps/reviews/data=!4m8!14m7!1m6!2m5!1sChdDSUhNMG9nS0VJQ0FnSUN2OUx2YXVBRRAB!2m1!1s0x0:0xc734d0f0004678dc!3m1!1s2@1:CIHM0ogKEICAgICv9LvauAE%7C%7C?hl=ru,2026-09-07T23:54:29.356992+00:00,4.7,37
LASKI ВИНО И ПЛЯСКИ,"Рочдельская ул., 15 ст25, Москва, Россия, 123022",0x46b54b8bec853e03:0xc734d0f0004678dc,ChdDSUhNMG9nS0VJQ0FnSUMzXzZDZV9BRRAB,5.0,2024-11-10T20:42:59Z,2024-11-10T20:42:59Z,год назад,"Клуб что надо, всё разделено правильно на зоны, есть место где потанцевать, а есть где посидеть, заказать напитки и перекусить. И я скажу, меню здесь разнообразное, может угодить самому придирчивому.",True,Google,https://www.google.com/maps/reviews/data=!4m8!14m7!1m6!2m5!1sChdDSUhNMG9nS0VJQ0FnSUMzXzZDZV9BRRAB!2m1!1s0x0:0xc734d0f0004678dc!3m1!1s2@1:CIHM0ogKEICAgIC3_6Ce_AE%7C%7C?hl=ru,2026-09-07T23:54:29.357021+00:00,4.7,37
LASKI ВИНО И ПЛЯСКИ,"Рочдельская ул., 15 ст25, Москва, Россия, 123022",0x46b54b8bec853e03:0xc734d0f0004678dc,ChdDSUhNMG9nS0VJQ0FnSUMzMjVyUHZ3RRAB,5.0,2024-11-09T13:50:39Z,2024-11-09T13:50:39Z,год назад,Отличное место с приятной атмосферой и музыкой . Регулярно сюда ходим .,True,Google,https://www.google.com/maps/reviews/data=!4m8!14m7!1m6!2m5!1sChdDSUhNMG9nS0VJQ0FnSUMzMjVyUHZ3RRAB!2m1!1s0x0:0xc734d0f0004678dc!3m1!1s2@1:CIHM0ogKEICAgIC325rPvwE%7C%7C?hl=ru,2026-09-07T23:54:29.357050+00:00,4.7,37
LASKI ВИНО И ПЛЯСКИ,"Рочдельская ул., 15 ст25, Москва, Россия, 123022",0x46b54b8bec853e03:0xc734d0f0004678dc,ChdDSUhNMG9nS0VJQ0FnSUMzcU42NHFRRRAB,5.0,2024-11-02T10:33:52Z,2024-11-02T10:33:52Z,год назад,"Недавно посетили клуб Laski и были в восторге! Музыка звучала просто отлично, а атмосфера была настолько зажигательной, что не хотелось уходить. Официанты были очень внимательны и быстро приносили заказы, а бармены готовили вкуснейшие коктейли. Бонус за бронь стола с +20% к депозиту приятно удивил. А афтерпати в Laski - это просто бомба! Музыка звучала до самого утра, а атмосфера была настолько живой и заряженной позитивом, что мы просто не могли уйти. Обязательно вернемся снова!",True,Google,https://www.google.com/maps/reviews/data=!4m8!14m7!1m6!2m5!1sChdDSUhNMG9nS0VJQ0FnSUMzcU42NHFRRRAB!2m1!1s0x0:0xc734d0f0004678dc!3m1!1s2@1:CIHM0ogKEICAgIC3qN64qQE%7C%7C?hl=ru,2026-09-07T23:54:30.409428+00:00,4.7,37
LASKI ВИНО И ПЛЯСКИ,"Рочдельская ул., 15 ст25, Москва, Россия, 123022",0x46b54b8bec853e03:0xc734d0f0004678dc,ChdDSUhNMG9nS0VJQ0FnSURIc3ZtRjNBRRAB,5.0,2024-09-14T10:42:23Z,2024-09-14T10:42:23Z,год назад,"Отличное место, чтобы отдохнуть с друзьями. Хожу сюда пару раз в месяц, всегда всё на высоте. Классная музыка, манящая атмосфера и нельзя не отметить очень вкусные коктейли и закуски.",True,Google,https://www.google.com/maps/reviews/data=!4m8!14m7!1m6!2m5!1sChdDSUhNMG9nS0VJQ0FnSURIc3ZtRjNBRRAB!2m1!1s0x0:0xc734d0f0004678dc!3m1!1s2@1:CIHM0ogKEICAgIDHsvmF3AE%7C%7C?hl=ru,2026-09-07T23:54:30.409651+00:00,4.7,37
LASKI ВИНО И ПЛЯСКИ,"Рочдельская ул., 15 ст25, Москва, Россия, 123022",0x46b54b8bec853e03:0xc734d0f0004678dc,ChdDSUhNMG9nS0VJQ0FnSUNMaC0tNG1nRRAB,5.0,2024-06-23T15:38:08Z,2024-06-23T15:42:04Z,2 года назад,"It’s a great club with good service and friendly staff, Mr. Sergay he was more than perfect DJ ever, I liked the time we spent there",True,Google,https://www.google.com/maps/reviews/data=!4m8!14m7!1m6!2m5!1sChdDSUhNMG9nS0VJQ0FnSUNMaC0tNG1nRRAB!2m1!1s0x0:0xc734d0f0004678dc!3m1!1s2@1:CIHM0ogKEICAgICLh--4mgE%7C%7C?hl=ru,2026-09-07T23:54:30.409717+00:00,4.7,37
LASKI ВИНО И ПЛЯСКИ,"Рочдельская ул., 15 ст25, Москва, Россия, 123022",0x46b54b8bec853e03:0xc734d0f0004678dc,ChZDSUhNMG9nS0VJQ0FnSURUdjRtdUp3EAE,5.0,2024-05-29T14:08:50Z,2024-05-29T14:08:50Z,2 года назад,"Освещение в помещении завораживает, соответствует настроению клуба. Еда в самом клубе на приличном уровне, не как в забегаловке, советую бронировать столик заранее, чтобы получить бонус к взносу.",True,Google,https://www.google.com/maps/reviews/data=!4m8!14m7!1m6!2m5!1sChZDSUhNMG9nS0VJQ0FnSURUdjRtdUp3EAE!2m1!1s0x0:0xc734d0f0004678dc!3m1!1s2@1:CIHM0ogKEICAgIDTv4muJw%7C%7C?hl=ru,2026-09-07T23:54:30.409770+00:00,4.7,37
LASKI ВИНО И ПЛЯСКИ,"Рочдельская ул., 15 ст25, Москва, Россия, 123022",0x46b54b8bec853e03:0xc734d0f0004678dc,ChdDSUhNMG9nS0VJQ0FnSURUODhXcHR3RRAB,5.0,2024-05-27T19:37:19Z,2024-05-27T19:37:19Z,2 года назад,"Очень замечательный клуб !
Советую туда приехать и насладится атмосферой
Сам, бываю очень часто",True,Google,https://www.google.com/maps/reviews/data=!4m8!14m7!1m6!2m5!1sChdDSUhNMG9nS0VJQ0FnSURUODhXcHR3RRAB!2m1!1s0x0:0xc734d0f0004678dc!3m1!1s2@1:CIHM0ogKEICAgIDT88WptwE%7C%7C?hl=ru,2026-09-07T23:54:30.409811+00:00,4.7,37
LASKI ВИНО И ПЛЯСКИ,"Рочдельская ул., 15 ст25, Москва, Россия, 123022",0x46b54b8bec853e03:0xc734d0f0004678dc,ChdDSUhNMG9nS0VJQ0FnSURUdlBQR2pBRRAB,5.0,2024-05-23T10:17:11Z,2024-05-23T10:17:11Z,2 года назад,Клуб пушка чётко отдохнули с друзьями всем рекомендую 🔥,True,Google,https://www.google.com/maps/reviews/data=!4m8!14m7!1m6!2m5!1sChdDSUhNMG9nS0VJQ0FnSURUdlBQR2pBRRAB!2m1!1s0x0:0xc734d0f0004678dc!3m1!1s2@1:CIHM0ogKEICAgIDTvPPGjAE%7C%7C?hl=ru,2026-09-07T23:54:30.409846+00:00,4.7,37
LASKI ВИНО И ПЛЯСКИ,"Рочдельская ул., 15 ст25, Москва, Россия, 123022",0x46b54b8bec853e03:0xc734d0f0004678dc,ChZDSUhNMG9nS0VJQ0FnSURUc0pxQlJnEAE,5.0,2024-05-21T16:29:08Z,2024-05-21T16:29:08Z,2 года назад,"Провели друзьями здесь один из своих выходных. Куб классный, напитки блюда из меню нам тоже понравились и даже делали повторный заказ – вкусно. Музыка в меру, перепонки не вылетают, всё прям в тему.",True,Google,https://www.google.com/maps/reviews/data=!4m8!14m7!1m6!2m5!1sChZDSUhNMG9nS0VJQ0FnSURUc0pxQlJnEAE!2m1!1s0x0:0xc734d0f0004678dc!3m1!1s2@1:CIHM0ogKEICAgIDTsJqBRg%7C%7C?hl=ru,2026-09-07T23:54:30.409881+00:00,4.7,37
LASKI ВИНО И ПЛЯСКИ,"Рочдельская ул., 15 ст25, Москва, Россия, 123022",0x46b54b8bec853e03:0xc734d0f0004678dc,ChdDSUhNMG9nS0VJQ0FnSUNUZ0tlYXhnRRAB,1.0,2024-05-09T15:44:31Z,2024-05-09T15:44:31Z,2 года назад,"Когда увидела комментарий девушки в 2ГИС о разбитом лице, подумала: «что там такого должно было произойти, чтобы случилось подобное?».

Ведь мне никогда не доводилось сталкиваться с такими вещами, и это просто не вписывается в мою картину мира.

Кажется, что если заведение приличное и расположено в хорошем районе, то там всё в порядке. Однако я глубоко ошибалась. Так я тоже столкнулась с насилием в данном заведении.

Меня били об стол и не раз, несмотря на мою невиновность и то, что с моей стороны не было агрессивных действий.

Но даже если бы они были, какое право даёт мужчине избивать женщину, особенно в такой священный день, как Пасха? Но самое ужасное – это последствия. Теперь у меня появились ПТСР и подозрения на сотрясение мозга.

Но что меня ещё больше шокировало, так это отношение персонала. В тот момент администрация проигнорировала мои просьбы о помощи и даже выгнала меня на улицу, оставив в ожидании полиции. И я жутко замёрзла.

Теперь я задаюсь вопросом: это всё дело одного человека? Почему в других приличных заведениях такого не происходит, а у вас это не первый случай? И, возможно, даже не второй!?

***И это еще не все. Тот мужчина и его окружение не раз упоминали о своих дружеских связях с владельцем заведения.",True,Google,https://www.google.com/maps/reviews/data=!4m8!14m7!1m6!2m5!1sChdDSUhNMG9nS0VJQ0FnSUNUZ0tlYXhnRRAB!2m1!1s0x0:0xc734d0f0004678dc!3m1!1s2@1:CIHM0ogKEICAgICTgKeaxgE%7C%7C?hl=ru,2026-09-07T23:54:30.409916+00:00,4.7,37
LASKI ВИНО И ПЛЯСКИ,"Рочдельская ул., 15 ст25, Москва, Россия, 123022",0x46b54b8bec853e03:0xc734d0f0004678dc,ChZDSUhNMG9nS0VJQ0FnSUNscTRyMVVBEAE,5.0,2023-11-27T08:50:00Z,2023-11-27T08:50:00Z,2 года назад,"Была в пятницу в клубе Laski, осталась очень довольна! Вкуснейшие качественные коктейли, достойная публика, свежайшая еда, нереальное качество звука, красивые девушки в стразах - получила огромное эстетическое и акустическое удовольствие) понравилась концепция с баром для девушек где в определенные слоты времени целых 3 бесплатных коктейля можно взять на баре-это подкупает)
Роллы Филадельфия с красной икрой-свежейшие)
Я очень довольна и всем рекомендую посетить данное место если вы цените качество во всех его смыслах!",True,Google,https://www.google.com/maps/reviews/data=!4m8!14m7!1m6!2m5!1sChZDSUhNMG9nS0VJQ0FnSUNscTRyMVVBEAE!2m1!1s0x0:0xc734d0f0004678dc!3m1!1s2@1:CIHM0ogKEICAgIClq4r1UA%7C%7C?hl=ru,2026-09-07T23:54:30.409979+00:00,4.7,37
"Бар ""Club Liberty""","Славянская пл., 2/5/4 стр.3, Москва, Россия, 109074",0x46b54af6391ab319:0x7ab621136bac2665,Ci9DQUlRQUNvZENodHljRjlvT2padVFtOW1VMWhSVVVkb2JFMWFPR0kzT1RocVduYxAB,5.0,2026-07-31T22:02:00Z,2026-07-31T22:04:54Z,месяц назад,"Классное заведение!Есть тут девочка наимилейшая, Дарья зовут!!! Прекрасная девушка , лапушка)",True,Google,https://www.google.com/maps/reviews/data=!4m8!14m7!1m6!2m5!1sCi9DQUlRQUNvZENodHljRjlvT2padVFtOW1VMWhSVVVkb2JFMWFPR0kzT1RocVduYxAB!2m1!1s0x0:0x7ab621136bac2665!3m1!1s2@1:CAIQACodChtycF9oOjZuQm9mU1hRUUdobE1aOGI3OThqWnc%7C%7C?hl=ru,2026-09-07T23:54:30.768457+00:00,4.3,1544
"Бар ""Club Liberty""","Славянская пл., 2/5/4 стр.3, Москва, Россия, 109074",0x46b54af6391ab319:0x7ab621136bac2665,ChdDSUhNMG9nS0VJQ0FnSUNBbVkzVm5RRRAB,5.0,2018-08-24T22:12:23Z,2026-03-08T22:15:21Z,Изменено 5 месяцев назад,"Весело и по домашнему уютно. Музыка  которая нравится всем. Отрываюсь  по полной. Здесь  понравиться  людям  разных возрастов. Либерти  - любовь  моя!!! Хожу в клуб уже больше девяти лет. Время от времени захожу в другие клубы для ознакомления - замены не нашлось. Конечно это дело вкуса, но Либерти по-прежнему - любовь моя. Самая танцевальная движуха начинается после 23 00. Это заведение для безумного отрыва до утра.",True,Google,https://www.google.com/maps/reviews/data=!4m8!14m7!1m6!2m5!1sChdDSUhNMG9nS0VJQ0FnSUNBbVkzVm5RRRAB!2m1!1s0x0:0x7ab621136bac2665!3m1!1s2@1:CIHM0ogKEICAgICAmY3VnQE%7C%7C?hl=ru,2026-09-07T23:54:30.768632+00:00,4.3,1544
"Бар ""Club Liberty""","Славянская пл., 2/5/4 стр.3, Москва, Россия, 109074",0x46b54af6391ab319:0x7ab621136bac2665,Ci9DQUlRQUNvZENodHljRjlvT2pac1gxTnFNVEpZWDJSbU5YUlVaWEpEYlZWS1JrRRAB,1.0,2026-01-24T13:37:31Z,2026-01-24T13:37:31Z,7 месяцев назад,"Хотели сходить в это место по Биглиону. Купили купон, позвонили в бар чтобы забронировать стол на вечер. Ответил оператор  молодой человек (Максим). Мы поинтересовались есть ли места, Максим, что-то путано начал говорить. В итоге выяснилось, что во время когда мы хотели посидеть в баре будет проходить квиз, мы обозначили оператору, что при наличии мест нас он не будет смущать. Максим сказал, ему нужно уточнить количество мест и он обязательно через 5 минут перезвонит. В итоге, конечно, никто не перезвонил. Мы позвонили через 30 минут и оказалось, что по Биглиону они сегодня не принимают и у них резко, параллельно с квизом забронировали банкет на 27 человек!!
И когда я спросил Максима, прям сейчас у Вас появилась бронь на 27 человек? На что он мне ответил, ДА, А ЧТО?!
Нас откровенно  слили!
Не покупайте купоны в это заведение! А лучше подумайте, нужно ли вообще сюда идти?!",True,Google,https://www.google.com/maps/reviews/data=!4m8!14m7!1m6!2m5!1sCi9DQUlRQUNvZENodHljRjlvT2pac1gxTnFNVEpZWDJSbU5YUlVaWEpEYlZWS1JrRRAB!2m1!1s0x0:0x7ab621136bac2665!3m1!1s2@1:CAIQACodChtycF9oOjZsX1NqMTJYX2RmNXRUZXJDbVVKRkE%7C%7C?hl=ru,2026-09-07T23:54:30.768700+00:00,4.3,1544
"Бар ""Club Liberty""","Славянская пл., 2/5/4 стр.3, Москва, Россия, 109074",0x46b54af6391ab319:0x7ab621136bac2665,Ci9DQUlRQUNvZENodHljRjlvT2t4SFlVMXFka1E0TXpSQlNFaG9WbDlOZDNOU1JWRRAB,1.0,2026-01-04T12:47:19Z,2026-01-04T12:47:19Z,8 месяцев назад,"Была вчера в данном баре с семьёй, попали случайно, были сильно голодными и это было ближайшее место. Однако сильно пожалели,из положительных впечатлений только мужчина,встречающий на входе, очень приятный и радушный,а также официант Султан. Еда была просто ужасной,  не вкусно абсолютно всё. По ощущениям 5000 рублей , которые просто развеяли по ветру. Больше точно не вернёмся и не советую любителям нормально покушать",True,Google,https://www.google.com/maps/reviews/data=!4m8!14m7!1m6!2m5!1sCi9DQUlRQUNvZENodHljRjlvT2t4SFlVMXFka1E0TXpSQlNFaG9WbDlOZDNOU1JWRRAB!2m1!1s0x0:0x7ab621136bac2665!3m1!1s2@1:CAIQACodChtycF9oOkxHYU1qdkQ4MzRBSEhoVl9Nd3NSRVE%7C%7C?hl=ru,2026-09-07T23:54:30.768765+00:00,4.3,1544
"Бар ""Club Liberty""","Славянская пл., 2/5/4 стр.3, Москва, Россия, 109074",0x46b54af6391ab319:0x7ab621136bac2665,Ci9DQUlRQUNvZENodHljRjlvT2twQlNFWlBYM0I1VFhnM2NXTXpUMHhPTjFneFNGRRAB,4.0,2025-12-28T21:11:09Z,2025-12-28T21:11:09Z,8 месяцев назад,"От латинского осталась только кухня . Музыка русская и американская в большинстве своем . Ди Джеи прям огонь зажигают  . Взяла Пину коладу было похоже на водку с молоком и все в малюсеньком стакане  за 750 . Тысячу раз подумаю перед тем как пить в этом заведении снова . Еду можешь заказать и сесть за стол  только если внес  депозит 5000 . На мой взгляд глупо : мы были вдвоем , одна  хотела есть и пришлось ей есть в баре  при пустующих  вокруг столах . Вход бесплатный . Много иранцев и других иностранцев обычно наблюдаю  . Локация прикольная :  Рядом со станцией метро и ночных автобусов . А еще рядом куча других прикольных заведений ( караоке , рюмочная и т д )",True,Google,https://www.google.com/maps/reviews/data=!4m8!14m7!1m6!2m5!1sCi9DQUlRQUNvZENodHljRjlvT2twQlNFWlBYM0I1VFhnM2NXTXpUMHhPTjFneFNGRRAB!2m1!1s0x0:0x7ab621136bac2665!3m1!1s2@1:CAIQACodChtycF9oOkpBSEZPX3B5TXg3cWMzT0xON1gxSFE%7C%7C?hl=ru,2026-09-07T23:54:30.768809+00:00,4.3,1544
"Бар ""Club Liberty""","Славянская пл., 2/5/4 стр.3, Москва, Россия, 109074",0x46b54af6391ab319:0x7ab621136bac2665,Ci9DQUlRQUNvZENodHljRjlvT2tOdGJrdDFRV2xOZDJ4dVh6YzRTSGxFVUZKb04xRRAB,5.0,2025-11-16T18:09:06Z,2025-11-16T18:09:06Z,9 месяцев назад,,False,Google,https://www.google.com/maps/reviews/data=!4m8!14m7!1m6!2m5!1sCi9DQUlRQUNvZENodHljRjlvT2tOdGJrdDFRV2xOZDJ4dVh6YzRTSGxFVUZKb04xRRAB!2m1!1s0x0:0x7ab621136bac2665!3m1!1s2@1:CAIQACodChtycF9oOkNtbkt1QWlNd2xuXzc4SHlEUFJoN1E%7C%7C?hl=ru,2026-09-07T23:54:30.768857+00:00,4.3,1544
"Бар ""Club Liberty""","Славянская пл., 2/5/4 стр.3, Москва, Россия, 109074",0x46b54af6391ab319:0x7ab621136bac2665,Ci9DQUlRQUNvZENodHljRjlvT25SWVlXdFdaWG93WjJKQ1JIVmlkR2t0WnpOT1VWRRAB,4.0,2025-09-28T00:19:43Z,2025-09-28T00:19:43Z,11 месяцев назад,"Единственная придирка что все коктейли бодяжены, я работал барменом 3 года и ещё 5 лет работаю с алкоголем ,.Могу сказать если хотите поймать хорошое настроение то коктейли не заказывайте ! Заказал стрипсы ну так себе, соли нет перца тоже, салат Цезарь нормальный на 4-",True,Google,https://www.google.com/maps/reviews/data=!4m8!14m7!1m6!2m5!1sCi9DQUlRQUNvZENodHljRjlvT25SWVlXdFdaWG93WjJKQ1JIVmlkR2t0WnpOT1VWRRAB!2m1!1s0x0:0x7ab621136bac2665!3m1!1s2@1:CAIQACodChtycF9oOnRYYWtWZXowZ2JCRHVidGktZzNOUVE%7C%7C?hl=ru,2026-09-07T23:54:30.768891+00:00,4.3,1544
"Бар ""Club Liberty""","Славянская пл., 2/5/4 стр.3, Москва, Россия, 109074",0x46b54af6391ab319:0x7ab621136bac2665,Ci9DQUlRQUNvZENodHljRjlvT21aUk1FOWZkMjVVYm5OM2NUUkNlR3hWYnpFMFNXYxAB,5.0,2025-08-15T20:14:27Z,2025-08-15T20:14:27Z,год назад,,False,Google,https://www.google.com/maps/reviews/data=!4m8!14m7!1m6!2m5!1sCi9DQUlRQUNvZENodHljRjlvT21aUk1FOWZkMjVVYm5OM2NUUkNlR3hWYnpFMFNXYxAB!2m1!1s0x0:0x7ab621136bac2665!3m1!1s2@1:CAIQACodChtycF9oOmZRME9fd25UbnN3cTRCeGxVbzE0SWc%7C%7C?hl=ru,2026-09-07T23:54:30.768925+00:00,4.3,1544
"Бар ""Club Liberty""","Славянская пл., 2/5/4 стр.3, Москва, Россия, 109074",0x46b54af6391ab319:0x7ab621136bac2665,Ci9DQUlRQUNvZENodHljRjlvT25sSmFucDFSa1JQYjNwWldUZ3hUV1ZqTjBOTlluYxAB,4.0,2025-07-24T15:28:33Z,2025-07-24T15:28:33Z,год назад,"Ходим часто туда, так как у нас там интелектуальные игры.
Однажды в салате попался длинный то ли волос, то ли нитка, но я не жалуюсь, было вкусно, и то это был первый и последний раз, тем более принесли новый за счет заведения.
Сервис не плохой. Однажды один официант не очень хорошо себя вел. Но думаю он устал. Сойдет ладно. Атмосфера не плохая, только все в плотную друг к другу. А так нормис.",True,Google,https://www.google.com/maps/reviews/data=!4m8!14m7!1m6!2m5!1sCi9DQUlRQUNvZENodHljRjlvT25sSmFucDFSa1JQYjNwWldUZ3hUV1ZqTjBOTlluYxAB!2m1!1s0x0:0x7ab621136bac2665!3m1!1s2@1:CAIQACodChtycF9oOnlJanp1RkRPb3pZWTgxTWVjN0NNYnc%7C%7C?hl=ru,2026-09-07T23:54:30.933811+00:00,4.3,1544
"Бар ""Club Liberty""","Славянская пл., 2/5/4 стр.3, Москва, Россия, 109074",0x46b54af6391ab319:0x7ab621136bac2665,ChdDSUhNMG9nS0VJQ0FnTUNZNHVfYWxBRRAB,1.0,2025-05-02T23:12:14Z,2025-05-02T23:12:14Z,год назад,,False,Google,https://www.google.com/maps/reviews/data=!4m8!14m7!1m6!2m5!1sChdDSUhNMG9nS0VJQ0FnTUNZNHVfYWxBRRAB!2m1!1s0x0:0x7ab621136bac2665!3m1!1s2@1:CIHM0ogKEICAgMCY4u_alAE%7C%7C?hl=ru,2026-09-07T23:54:30.934021+00:00,4.3,1544
"Бар ""Club Liberty""","Славянская пл., 2/5/4 стр.3, Москва, Россия, 109074",0x46b54af6391ab319:0x7ab621136bac2665,ChdDSUhNMG9nS0VJQ0FnTUR3bkxPUjJ3RRAB,5.0,2025-03-24T11:33:07Z,2025-03-24T11:33:07Z,год назад,Awesome! I really liked it all! Thank you,True,Google,https://www.google.com/maps/reviews/data=!4m8!14m7!1m6!2m5!1sChdDSUhNMG9nS0VJQ0FnTUR3bkxPUjJ3RRAB!2m1!1s0x0:0x7ab621136bac2665!3m1!1s2@1:CIHM0ogKEICAgMDwnLOR2wE%7C%7C?hl=ru,2026-09-07T23:54:30.934080+00:00,4.3,1544
"Бар ""Club Liberty""","Славянская пл., 2/5/4 стр.3, Москва, Россия, 109074",0x46b54af6391ab319:0x7ab621136bac2665,ChZDSUhNMG9nS0VJQ0FnSUR2aDZEN09nEAE,5.0,2024-12-24T14:31:15Z,2024-12-24T14:31:15Z,год назад,Отличная локация для вечеринок! Неплохие блюда! Красиво! Дружелюбно! Нормальная публика! Весело!,True,Google,https://www.google.com/maps/reviews/data=!4m8!14m7!1m6!2m5!1sChZDSUhNMG9nS0VJQ0FnSUR2aDZEN09nEAE!2m1!1s0x0:0x7ab621136bac2665!3m1!1s2@1:CIHM0ogKEICAgIDvh6D7Og%7C%7C?hl=ru,2026-09-07T23:54:30.934118+00:00,4.3,1544
"Бар ""Club Liberty""","Славянская пл., 2/5/4 стр.3, Москва, Россия, 109074",0x46b54af6391ab319:0x7ab621136bac2665,ChZDSUhNMG9nS0VJQ0FnSUMzaEl1Q0hREAE,1.0,2024-11-02T20:42:22Z,2024-11-02T20:42:22Z,год назад,"Охрана не пустила в клуб по депозиту 5.000 рублей за двоих тк в гардеробе отказались платить 100 рублей ща пакет. Ну честно аж до смешного, компания готова потерять минимум 5тыс за вход если не заплатишь 100 рублей за пакет! Охрана на входе просто быдло, общается с гостями как с мусором. В первые сталкиваюсь с таким отвратительным отношением. Я не в первый раз прихожу в этот клуб, но после вчерашнего общения с вашим коллективом это был точно последний раз! Никому не советую посещение данного места тк будет испорчен вечер! Надеюсь хоть как-то и кому то поможет мой отзыв не посещать данное заведение",True,Google,https://www.google.com/maps/reviews/data=!4m8!14m7!1m6!2m5!1sChZDSUhNMG9nS0VJQ0FnSUMzaEl1Q0hREAE!2m1!1s0x0:0x7ab621136bac2665!3m1!1s2@1:CIHM0ogKEICAgIC3hIuCHQ%7C%7C?hl=ru,2026-09-07T23:54:30.934153+00:00,4.3,1544
"Бар ""Club Liberty""","Славянская пл., 2/5/4 стр.3, Москва, Россия, 109074",0x46b54af6391ab319:0x7ab621136bac2665,ChZDSUhNMG9nS0VJQ0FnSUNYak9DN1pnEAE,5.0,2024-10-13T19:46:45Z,2024-10-13T19:46:45Z,год назад,,False,Google,https://www.google.com/maps/reviews/data=!4m8!14m7!1m6!2m5!1sChZDSUhNMG9nS0VJQ0FnSUNYak9DN1pnEAE!2m1!1s0x0:0x7ab621136bac2665!3m1!1s2@1:CIHM0ogKEICAgICXjOC7Zg%7C%7C?hl=ru,2026-09-07T23:54:30.934204+00:00,4.3,1544
"Бар ""Club Liberty""","Славянская пл., 2/5/4 стр.3, Москва, Россия, 109074",0x46b54af6391ab319:0x7ab621136bac2665,ChZDSUhNMG9nS0VJQ0FnSURycjYzM1FREAE,4.0,2024-07-21T12:47:24Z,2024-07-21T12:47:24Z,2 года назад,,False,Google,https://www.google.com/maps/reviews/data=!4m8!14m7!1m6!2m5!1sChZDSUhNMG9nS0VJQ0FnSURycjYzM1FREAE!2m1!1s0x0:0x7ab621136bac2665!3m1!1s2@1:CIHM0ogKEICAgIDrr633QQ%7C%7C?hl=ru,2026-09-07T23:54:30.934234+00:00,4.3,1544
"Бар ""Club Liberty""","Славянская пл., 2/5/4 стр.3, Москва, Россия, 109074",0x46b54af6391ab319:0x7ab621136bac2665,ChZDSUhNMG9nS0VJQ0FnSUNXeGZDWWJnEAE,1.0,2022-03-02T18:04:00Z,2024-06-12T19:15:39Z,Изменено 2 года назад,"Плохой сервис, очень плохой",True,Google,https://www.google.com/maps/reviews/data=!4m8!14m7!1m6!2m5!1sChZDSUhNMG9nS0VJQ0FnSUNXeGZDWWJnEAE!2m1!1s0x0:0x7ab621136bac2665!3m1!1s2@1:CIHM0ogKEICAgICWxfCYbg%7C%7C?hl=ru,2026-09-07T23:54:30.934264+00:00,4.3,1544
"Бар ""Club Liberty""","Славянская пл., 2/5/4 стр.3, Москва, Россия, 109074",0x46b54af6391ab319:0x7ab621136bac2665,ChdDSUhNMG9nS0VJQ0FnSURHaDdMOXBBRRAB,5.0,2021-12-11T05:20:58Z,2024-06-09T17:12:18Z,Изменено 2 года назад,"Самый лучший клуб либерти ,самый родной и любимый ,хожу как к себе домой ,самые красивые бармены и охранники приятно смотреть ,атмосфера супер ,вкусная еда и лонг айленд, всем советую приходить только в Либерти",True,Google,https://www.google.com/maps/reviews/data=!4m8!14m7!1m6!2m5!1sChdDSUhNMG9nS0VJQ0FnSURHaDdMOXBBRRAB!2m1!1s0x0:0x7ab621136bac2665!3m1!1s2@1:CIHM0ogKEICAgIDGh7L9pAE%7C%7C?hl=ru,2026-09-07T23:54:30.934294+00:00,4.3,1544
"Бар ""Club Liberty""","Славянская пл., 2/5/4 стр.3, Москва, Россия, 109074",0x46b54af6391ab319:0x7ab621136bac2665,ChdDSUhNMG9nS0VJQ0FnSUNUNFp2dF9nRRAB,5.0,2024-05-15T19:21:24Z,2024-05-15T19:21:24Z,2 года назад,"Отличное место. Были на игре типа Квиз. К заведению претензий никаких!
И очень близко от метро!",True,Google,https://www.google.com/maps/reviews/data=!4m8!14m7!1m6!2m5!1sChdDSUhNMG9nS0VJQ0FnSUNUNFp2dF9nRRAB!2m1!1s0x0:0x7ab621136bac2665!3m1!1s2@1:CIHM0ogKEICAgICT4Zvt_gE%7C%7C?hl=ru,2026-09-07T23:54:30.934330+00:00,4.3,1544
"Бар ""Club Liberty""","Славянская пл., 2/5/4 стр.3, Москва, Россия, 109074",0x46b54af6391ab319:0x7ab621136bac2665,ChZDSUhNMG9nS0VJQ0FnSURqMG8yQVNnEAE,5.0,2024-05-01T09:32:45Z,2024-05-01T09:32:45Z,2 года назад,"Отличное место . Попали первый раз . Хорошая музыка , кухня , персонал",True,Google,https://www.google.com/maps/reviews/data=!4m8!14m7!1m6!2m5!1sChZDSUhNMG9nS0VJQ0FnSURqMG8yQVNnEAE!2m1!1s0x0:0x7ab621136bac2665!3m1!1s2@1:CIHM0ogKEICAgIDj0o2ASg%7C%7C?hl=ru,2026-09-07T23:54:30.934360+00:00,4.3,1544
"Бар ""Club Liberty""","Славянская пл., 2/5/4 стр.3, Москва, Россия, 109074",0x46b54af6391ab319:0x7ab621136bac2665,ChZDSUhNMG9nS0VJQ0FnSUREdklTMkhREAE,1.0,2024-04-06T22:26:17Z,2024-04-06T22:26:17Z,2 года назад,Осин плохо !,True,Google,https://www.google.com/maps/reviews/data=!4m8!14m7!1m6!2m5!1sChZDSUhNMG9nS0VJQ0FnSUREdklTMkhREAE!2m1!1s0x0:0x7ab621136bac2665!3m1!1s2@1:CIHM0ogKEICAgIDDvIS2HQ%7C%7C?hl=ru,2026-09-07T23:54:30.934388+00:00,4.3,1544
"Бар ""Club Liberty""","Славянская пл., 2/5/4 стр.3, Москва, Россия, 109074",0x46b54af6391ab319:0x7ab621136bac2665,ChZDSUhNMG9nS0VJQ0FnSURkNzlyTUl3EAE,2.0,2024-02-28T18:21:51Z,2024-02-28T18:21:51Z,2 года назад,"Были семьёй на квизе. Ждали официанта почти час, и потом ещё примерно столько же ждали заказ (бургер, салат, чай и кесадилью). Бургер дождались под самый конец игры уже. Если не умеете работать с полной загрузкой зала, то не нажобраться за квизы!",True,Google,https://www.google.com/maps/reviews/data=!4m8!14m7!1m6!2m5!1sChZDSUhNMG9nS0VJQ0FnSURkNzlyTUl3EAE!2m1!1s0x0:0x7ab621136bac2665!3m1!1s2@1:CIHM0ogKEICAgIDd79rMIw%7C%7C?hl=ru,2026-09-07T23:54:30.934415+00:00,4.3,1544
"Бар ""Club Liberty""","Славянская пл., 2/5/4 стр.3, Москва, Россия, 109074",0x46b54af6391ab319:0x7ab621136bac2665,ChdDSUhNMG9nS0VJQ0FnSUNkcU1UcDl3RRAB,1.0,2024-02-10T21:24:23Z,2024-02-10T21:24:23Z,2 года назад,,False,Google,https://www.google.com/maps/reviews/data=!4m8!14m7!1m6!2m5!1sChdDSUhNMG9nS0VJQ0FnSUNkcU1UcDl3RRAB!2m1!1s0x0:0x7ab621136bac2665!3m1!1s2@1:CIHM0ogKEICAgICdqMTp9wE%7C%7C?hl=ru,2026-09-07T23:54:30.934448+00:00,4.3,1544
"Бар ""Club Liberty""","Славянская пл., 2/5/4 стр.3, Москва, Россия, 109074",0x46b54af6391ab319:0x7ab621136bac2665,ChZDSUhNMG9nS0VJQ0FnSUNkOEtfQ1lBEAE,1.0,2024-02-10T13:15:33Z,2024-02-10T13:15:33Z,2 года назад,"Бронировали столик для празднования дня рождения ещё в понедельник, (сегодня суббота), за 4 часа до сбора в баре позвонили и сказали, что разместить нас не смогут. На вопрос «а как так получилось?» ответили: «ну вот так». Клиентоориентированность на уровне, ребята! Так держать. Никому не рекомендую возлагать на данное заведение какие-либо надежды, чтобы потом не рвать волосы на голове с глазами по пять рублей и не искать, куда бы приткнуться в праздник.",True,Google,https://www.google.com/maps/reviews/data=!4m8!14m7!1m6!2m5!1sChZDSUhNMG9nS0VJQ0FnSUNkOEtfQ1lBEAE!2m1!1s0x0:0x7ab621136bac2665!3m1!1s2@1:CIHM0ogKEICAgICd8K_CYA%7C%7C?hl=ru,2026-09-07T23:54:30.934473+00:00,4.3,1544
"Бар ""Club Liberty""","Славянская пл., 2/5/4 стр.3, Москва, Россия, 109074",0x46b54af6391ab319:0x7ab621136bac2665,ChdDSUhNMG9nS0VJQ0FnSUNOOXBUQ2tnRRAB,3.0,2024-01-14T11:55:47Z,2024-01-14T11:58:57Z,2 года назад,,False,Google,https://www.google.com/maps/reviews/data=!4m8!14m7!1m6!2m5!1sChdDSUhNMG9nS0VJQ0FnSUNOOXBUQ2tnRRAB!2m1!1s0x0:0x7ab621136bac2665!3m1!1s2@1:CIHM0ogKEICAgICN9pTCkgE%7C%7C?hl=ru,2026-09-07T23:54:30.934510+00:00,4.3,1544
"Бар ""Club Liberty""","Славянская пл., 2/5/4 стр.3, Москва, Россия, 109074",0x46b54af6391ab319:0x7ab621136bac2665,ChZDSUhNMG9nS0VJQ0FnSURaOGVtZEJ3EAE,3.0,2023-10-03T11:12:20Z,2023-10-03T11:12:20Z,2 года назад,"Don’t come for food, it’s plain bad. Tex Mex burger I had was apparently just a regular burger with jalapeños added. The peppers didn’t save the dry burger though. Tomato soup was meh. Drinking there might not be a good idea either, as the place lacks fresh air and looks weary.",True,Google,https://www.google.com/maps/reviews/data=!4m8!14m7!1m6!2m5!1sChZDSUhNMG9nS0VJQ0FnSURaOGVtZEJ3EAE!2m1!1s0x0:0x7ab621136bac2665!3m1!1s2@1:CIHM0ogKEICAgIDZ8emdBw%7C%7C?hl=ru,2026-09-07T23:54:30.934536+00:00,4.3,1544
"Бар ""Club Liberty""","Славянская пл., 2/5/4 стр.3, Москва, Россия, 109074",0x46b54af6391ab319:0x7ab621136bac2665,ChdDSUhNMG9nS0VJQ0FnSURaOGQ3VnZBRRAB,5.0,2023-10-03T10:53:18Z,2023-10-03T10:53:18Z,2 года назад,"Arkaşımızın doğum günü için 29/09/2023 günü gittik. Mükemmel bir mekan. Yiyecekler , içeçecekler herşey çok güzeldi. Servis çok başarılı. Güvenlik ekibinden servis yapanlara kadar hepsi çok başarılı. Kesinlikle tavsiye ederim.",True,Google,https://www.google.com/maps/reviews/data=!4m8!14m7!1m6!2m5!1sChdDSUhNMG9nS0VJQ0FnSURaOGQ3VnZBRRAB!2m1!1s0x0:0x7ab621136bac2665!3m1!1s2@1:CIHM0ogKEICAgIDZ8d7VvAE%7C%7C?hl=ru,2026-09-07T23:54:30.934723+00:00,4.3,1544
"Бар ""Club Liberty""","Славянская пл., 2/5/4 стр.3, Москва, Россия, 109074",0x46b54af6391ab319:0x7ab621136bac2665,ChdDSUhNMG9nS0VJQ0FnSURwOGRLMjRRRRAB,5.0,2023-08-24T04:53:59Z,2023-08-24T04:53:59Z,3 года назад,"Атмосфера: Бар ""Club Liberty"" создает приятную и энергичную атмосферу. Он имеет стильный и современный интерьер с уютными столиками и пространством для танцев. Также, музыка, которая играет в баре, подходит для различных вкусов и создает отличную атмосферу для отдыха.

Качество напитков: Бар ""Club Liberty"" предлагает широкий выбор напитков, включая коктейли, вино и пиво. Я был очень доволен качеством и вкусом напитков, которые я заказывал. Бармены быстро и профессионально приготовляли напитки и предлагали интересные вариации.

Обслуживание: Обслуживание в баре ""Club Liberty"" было отличным. Сотрудники были вежливыми, дружелюбными и внимательными к потребностям клиентов. Они быстро принимали заказы и оперативно обслуживали нас. Все мои вопросы и запросы были решены с улыбкой и профессионализмом.

В целом, я очень доволен своим визитом в бар ""Club Liberty"". Это отличное место для проведения вечера в компании друзей или для танцев. Я рекомендую его всем, кто ищет хороший бар с отличной атмосферой и отличным обслуживанием.",True,Google,https://www.google.com/maps/reviews/data=!4m8!14m7!1m6!2m5!1sChdDSUhNMG9nS0VJQ0FnSURwOGRLMjRRRRAB!2m1!1s0x0:0x7ab621136bac2665!3m1!1s2@1:CIHM0ogKEICAgIDp8dK24QE%7C%7C?hl=ru,2026-09-07T23:54:30.934802+00:00,4.3,1544
"Бар ""Club Liberty""","Славянская пл., 2/5/4 стр.3, Москва, Россия, 109074",0x46b54af6391ab319:0x7ab621136bac2665,ChZDSUhNMG9nS0VJQ0FnSURKeTd5RklREAE,5.0,2023-07-22T19:33:50Z,2023-07-22T19:33:50Z,3 года назад,Очень вкусные коктели,True,Google,https://www.google.com/maps/reviews/data=!4m8!14m7!1m6!2m5!1sChZDSUhNMG9nS0VJQ0FnSURKeTd5RklREAE!2m1!1s0x0:0x7ab621136bac2665!3m1!1s2@1:CIHM0ogKEICAgIDJy7yFIQ%7C%7C?hl=ru,2026-09-07T23:54:30.934873+00:00,4.3,1544
"Бар ""Club Liberty""","Славянская пл., 2/5/4 стр.3, Москва, Россия, 109074",0x46b54af6391ab319:0x7ab621136bac2665,ChdDSUhNMG9nS0VJQ0FnSUN4d2VmanZRRRAB,5.0,2023-05-19T06:42:53Z,2023-05-19T06:42:53Z,3 года назад,"Атмосфера Кубы, глоток свободы в образе.",True,Google,https://www.google.com/maps/reviews/data=!4m8!14m7!1m6!2m5!1sChdDSUhNMG9nS0VJQ0FnSUN4d2VmanZRRRAB!2m1!1s0x0:0x7ab621136bac2665!3m1!1s2@1:CIHM0ogKEICAgICxwefjvQE%7C%7C?hl=ru,2026-09-07T23:54:31.881518+00:00,4.3,1544
"Бар ""Club Liberty""","Славянская пл., 2/5/4 стр.3, Москва, Россия, 109074",0x46b54af6391ab319:0x7ab621136bac2665,ChdDSUhNMG9nS0VJQ0FnSUNXb2FuZHBBRRAB,1.0,2022-02-28T22:00:36Z,2022-02-28T22:00:36Z,4 года назад,ОЧЕНЬ ВКУСНО СПАСИБО,True,Google,https://www.google.com/maps/reviews/data=!4m8!14m7!1m6!2m5!1sChdDSUhNMG9nS0VJQ0FnSUNXb2FuZHBBRRAB!2m1!1s0x0:0x7ab621136bac2665!3m1!1s2@1:CIHM0ogKEICAgICWoandpAE%7C%7C?hl=ru,2026-09-07T23:54:31.881723+00:00,4.3,1544
"Бар ""Club Liberty""","Славянская пл., 2/5/4 стр.3, Москва, Россия, 109074",0x46b54af6391ab319:0x7ab621136bac2665,ChdDSUhNMG9nS0VJQ0FnSUNXcW9URC1BRRAB,2.0,2022-02-23T15:57:32Z,2022-02-23T15:57:32Z,4 года назад,"Деревенская дискотека. Плейлист, видимо, рандомный из всех возможных стилей. Пиво, как моча.
Больше сюда ни ногой.",True,Google,https://www.google.com/maps/reviews/data=!4m8!14m7!1m6!2m5!1sChdDSUhNMG9nS0VJQ0FnSUNXcW9URC1BRRAB!2m1!1s0x0:0x7ab621136bac2665!3m1!1s2@1:CIHM0ogKEICAgICWqoTD-AE%7C%7C?hl=ru,2026-09-07T23:54:31.881783+00:00,4.3,1544
"Бар ""Club Liberty""","Славянская пл., 2/5/4 стр.3, Москва, Россия, 109074",0x46b54af6391ab319:0x7ab621136bac2665,ChZDSUhNMG9nS0VJQ0FnSUNXa3RXOWNBEAE,5.0,2022-02-22T11:58:15Z,2022-02-22T11:59:22Z,4 года назад,"Хорошее атмосферное заведение. Есть громкий/тихий зал, отдельный бар. Хорошее заведение для различного времяпровождения (выпить, поесть, потанцевать или все разом)",True,Google,https://www.google.com/maps/reviews/data=!4m8!14m7!1m6!2m5!1sChZDSUhNMG9nS0VJQ0FnSUNXa3RXOWNBEAE!2m1!1s0x0:0x7ab621136bac2665!3m1!1s2@1:CIHM0ogKEICAgICWktW9cA%7C%7C?hl=ru,2026-09-07T23:54:31.881836+00:00,4.3,1544
"Бар ""Club Liberty""","Славянская пл., 2/5/4 стр.3, Москва, Россия, 109074",0x46b54af6391ab319:0x7ab621136bac2665,ChZDSUhNMG9nS0VJQ0FnSUNBM19idVZ3EAE,5.0,2018-01-22T04:48:33Z,2022-02-20T03:40:11Z,Изменено 4 года назад,"Суперское место, классная музыка, обслуживание хорошее, познакомились с красивыми девушками",True,Google,https://www.google.com/maps/reviews/data=!4m8!14m7!1m6!2m5!1sChZDSUhNMG9nS0VJQ0FnSUNBM19idVZ3EAE!2m1!1s0x0:0x7ab621136bac2665!3m1!1s2@1:CIHM0ogKEICAgICA3_buVw%7C%7C?hl=ru,2026-09-07T23:54:31.881916+00:00,4.3,1544
"Бар ""Club Liberty""","Славянская пл., 2/5/4 стр.3, Москва, Россия, 109074",0x46b54af6391ab319:0x7ab621136bac2665,ChZDSUhNMG9nS0VJQ0FnSUNXcVBuN1Z3EAE,4.0,2022-02-16T16:59:30Z,2022-02-16T16:59:30Z,4 года назад,,False,Google,https://www.google.com/maps/reviews/data=!4m8!14m7!1m6!2m5!1sChZDSUhNMG9nS0VJQ0FnSUNXcVBuN1Z3EAE!2m1!1s0x0:0x7ab621136bac2665!3m1!1s2@1:CIHM0ogKEICAgICWqPn7Vw%7C%7C?hl=ru,2026-09-07T23:54:31.881962+00:00,4.3,1544
"Бар ""Club Liberty""","Славянская пл., 2/5/4 стр.3, Москва, Россия, 109074",0x46b54af6391ab319:0x7ab621136bac2665,ChZDSUhNMG9nS0VJQ0FnSURtai1DZUFREAE,5.0,2022-02-12T17:44:56Z,2022-02-12T17:44:56Z,4 года назад,,False,Google,https://www.google.com/maps/reviews/data=!4m8!14m7!1m6!2m5!1sChZDSUhNMG9nS0VJQ0FnSURtai1DZUFREAE!2m1!1s0x0:0x7ab621136bac2665!3m1!1s2@1:CIHM0ogKEICAgIDmj-CeAQ%7C%7C?hl=ru,2026-09-07T23:54:31.881995+00:00,4.3,1544
"Бар ""Club Liberty""","Славянская пл., 2/5/4 стр.3, Москва, Россия, 109074",0x46b54af6391ab319:0x7ab621136bac2665,ChZDSUhNMG9nS0VJQ0FnSURtOTR1T0NnEAE,5.0,2022-02-12T16:45:55Z,2022-02-12T16:46:23Z,4 года назад,"Прикольное место, очень атмосферное! Еда вкусная! Вино отличное)))",True,Google,https://www.google.com/maps/reviews/data=!4m8!14m7!1m6!2m5!1sChZDSUhNMG9nS0VJQ0FnSURtOTR1T0NnEAE!2m1!1s0x0:0x7ab621136bac2665!3m1!1s2@1:CIHM0ogKEICAgIDm94uOCg%7C%7C?hl=ru,2026-09-07T23:54:31.882070+00:00,4.3,1544
"Бар ""Club Liberty""","Славянская пл., 2/5/4 стр.3, Москва, Россия, 109074",0x46b54af6391ab319:0x7ab621136bac2665,ChZDSUhNMG9nS0VJQ0FnSURtLTR2M1dnEAE,3.0,2022-02-10T19:41:51Z,2022-02-11T08:01:57Z,4 года назад,Еда супер вкусная. Официанты приятные. Но нам попалась разбавленная выпивка. Брали текилу,True,Google,https://www.google.com/maps/reviews/data=!4m8!14m7!1m6!2m5!1sChZDSUhNMG9nS0VJQ0FnSURtLTR2M1dnEAE!2m1!1s0x0:0x7ab621136bac2665!3m1!1s2@1:CIHM0ogKEICAgIDm-4v3Wg%7C%7C?hl=ru,2026-09-07T23:54:31.882102+00:00,4.3,1544
"Бар ""Club Liberty""","Славянская пл., 2/5/4 стр.3, Москва, Россия, 109074",0x46b54af6391ab319:0x7ab621136bac2665,ChdDSUhNMG9nS0VJQ0FnSURtLTl2YjFBRRAB,4.0,2022-02-10T19:53:46Z,2022-02-10T19:53:46Z,4 года назад,Лучше чем ожидала после многочисленных негативных отзывов.,True,Google,https://www.google.com/maps/reviews/data=!4m8!14m7!1m6!2m5!1sChdDSUhNMG9nS0VJQ0FnSURtLTl2YjFBRRAB!2m1!1s0x0:0x7ab621136bac2665!3m1!1s2@1:CIHM0ogKEICAgIDm-9vb1AE%7C%7C?hl=ru,2026-09-07T23:54:31.882133+00:00,4.3,1544
"Бар ""Club Liberty""","Славянская пл., 2/5/4 стр.3, Москва, Россия, 109074",0x46b54af6391ab319:0x7ab621136bac2665,ChdDSUhNMG9nS0VJQ0FnSURtdTZiVjZRRRAB,4.0,2022-02-10T13:56:14Z,2022-02-10T13:56:14Z,4 года назад,Nice,True,Google,https://www.google.com/maps/reviews/data=!4m8!14m7!1m6!2m5!1sChdDSUhNMG9nS0VJQ0FnSURtdTZiVjZRRRAB!2m1!1s0x0:0x7ab621136bac2665!3m1!1s2@1:CIHM0ogKEICAgIDmu6bV6QE%7C%7C?hl=ru,2026-09-07T23:54:31.882261+00:00,4.3,1544
"Бар ""Club Liberty""","Славянская пл., 2/5/4 стр.3, Москва, Россия, 109074",0x46b54af6391ab319:0x7ab621136bac2665,ChdDSUhNMG9nS0VJQ0FnSURtbmMzNXNBRRAB,2.0,2022-02-06T12:09:48Z,2022-02-06T12:09:48Z,4 года назад,,False,Google,https://www.google.com/maps/reviews/data=!4m8!14m7!1m6!2m5!1sChdDSUhNMG9nS0VJQ0FnSURtbmMzNXNBRRAB!2m1!1s0x0:0x7ab621136bac2665!3m1!1s2@1:CIHM0ogKEICAgIDmnc35sAE%7C%7C?hl=ru,2026-09-07T23:54:31.882448+00:00,4.3,1544
"Бар ""Club Liberty""","Славянская пл., 2/5/4 стр.3, Москва, Россия, 109074",0x46b54af6391ab319:0x7ab621136bac2665,ChdDSUhNMG9nS0VJQ0FnSURtN2VlRmtnRRAB,5.0,2022-02-06T07:10:21Z,2022-02-06T07:10:21Z,4 года назад,Lo mejor para los domingos,True,Google,https://www.google.com/maps/reviews/data=!4m8!14m7!1m6!2m5!1sChdDSUhNMG9nS0VJQ0FnSURtN2VlRmtnRRAB!2m1!1s0x0:0x7ab621136bac2665!3m1!1s2@1:CIHM0ogKEICAgIDm7eeFkgE%7C%7C?hl=ru,2026-09-07T23:54:31.882491+00:00,4.3,1544
"Бар ""Club Liberty""","Славянская пл., 2/5/4 стр.3, Москва, Россия, 109074",0x46b54af6391ab319:0x7ab621136bac2665,ChZDSUhNMG9nS0VJQ0FnSURtcGRPQVB3EAE,5.0,2022-02-03T22:25:32Z,2022-02-03T22:25:32Z,4 года назад,,False,Google,https://www.google.com/maps/reviews/data=!4m8!14m7!1m6!2m5!1sChZDSUhNMG9nS0VJQ0FnSURtcGRPQVB3EAE!2m1!1s0x0:0x7ab621136bac2665!3m1!1s2@1:CIHM0ogKEICAgIDmpdOAPw%7C%7C?hl=ru,2026-09-07T23:54:31.882539+00:00,4.3,1544
"Бар ""Club Liberty""","Славянская пл., 2/5/4 стр.3, Москва, Россия, 109074",0x46b54af6391ab319:0x7ab621136bac2665,ChZDSUhNMG9nS0VJQ0FnSURtcFlybk9nEAE,5.0,2022-02-03T19:34:28Z,2022-02-03T19:34:28Z,4 года назад,,False,Google,https://www.google.com/maps/reviews/data=!4m8!14m7!1m6!2m5!1sChZDSUhNMG9nS0VJQ0FnSURtcFlybk9nEAE!2m1!1s0x0:0x7ab621136bac2665!3m1!1s2@1:CIHM0ogKEICAgIDmpYrnOg%7C%7C?hl=ru,2026-09-07T23:54:31.882576+00:00,4.3,1544
"Бар ""Club Liberty""","Славянская пл., 2/5/4 стр.3, Москва, Россия, 109074",0x46b54af6391ab319:0x7ab621136bac2665,ChdDSUhNMG9nS0VJQ0FnSURtNlpPSDVBRRAB,5.0,2022-02-02T06:32:28Z,2022-02-02T06:33:02Z,4 года назад,Super cool Club❤️And most important: The music is nice 😍,True,Google,https://www.google.com/maps/reviews/data=!4m8!14m7!1m6!2m5!1sChdDSUhNMG9nS0VJQ0FnSURtNlpPSDVBRRAB!2m1!1s0x0:0x7ab621136bac2665!3m1!1s2@1:CIHM0ogKEICAgIDm6ZOH5AE%7C%7C?hl=ru,2026-09-07T23:54:31.882605+00:00,4.3,1544
"Бар ""Club Liberty""","Славянская пл., 2/5/4 стр.3, Москва, Россия, 109074",0x46b54af6391ab319:0x7ab621136bac2665,ChZDSUhNMG9nS0VJQ0FnSURtcnB1aktREAE,5.0,2022-01-28T23:02:39Z,2022-01-28T23:02:59Z,4 года назад,Прекрасно!!  Весело!,True,Google,https://www.google.com/maps/reviews/data=!4m8!14m7!1m6!2m5!1sChZDSUhNMG9nS0VJQ0FnSURtcnB1aktREAE!2m1!1s0x0:0x7ab621136bac2665!3m1!1s2@1:CIHM0ogKEICAgIDmrpujKQ%7C%7C?hl=ru,2026-09-07T23:54:31.882641+00:00,4.3,1544
"Бар ""Club Liberty""","Славянская пл., 2/5/4 стр.3, Москва, Россия, 109074",0x46b54af6391ab319:0x7ab621136bac2665,ChdDSUhNMG9nS0VJQ0FnSURtcm9QUjBnRRAB,2.0,2022-01-28T22:21:52Z,2022-01-28T22:21:52Z,4 года назад,"Посетили на днях бар, до этого Были год назад и разница просто огромная, стало дороже, но при этом упало качество и сервис…
Хотели воспользоваться купоном на скидку, хотели забронировать стол, администратор по телефону сказала, что бронь не обязательна и приезжайте так, мечта есть. В итоге по приезду, сказали, что места только за барной стойкой, внятно объяснить, почему нельзя было забронировать заранее так никто и не смог. По итогу в купоне нам отказали, так как нет брони и надо было предупреждать официанта заранее.
Коктейли безвкусные…2 звёзды чисто за еду и музыку
Вряд ли вернёмся",True,Google,https://www.google.com/maps/reviews/data=!4m8!14m7!1m6!2m5!1sChdDSUhNMG9nS0VJQ0FnSURtcm9QUjBnRRAB!2m1!1s0x0:0x7ab621136bac2665!3m1!1s2@1:CIHM0ogKEICAgIDmroPR0gE%7C%7C?hl=ru,2026-09-07T23:54:31.882672+00:00,4.3,1544
"Бар ""Club Liberty""","Славянская пл., 2/5/4 стр.3, Москва, Россия, 109074",0x46b54af6391ab319:0x7ab621136bac2665,ChdDSUhNMG9nS0VJQ0FnSURtcXVUSHRBRRAB,5.0,2022-01-25T02:14:48Z,2022-01-25T02:14:48Z,4 года назад,,False,Google,https://www.google.com/maps/reviews/data=!4m8!14m7!1m6!2m5!1sChdDSUhNMG9nS0VJQ0FnSURtcXVUSHRBRRAB!2m1!1s0x0:0x7ab621136bac2665!3m1!1s2@1:CIHM0ogKEICAgIDmquTHtAE%7C%7C?hl=ru,2026-09-07T23:54:31.882719+00:00,4.3,1544
"Бар ""Club Liberty""","Славянская пл., 2/5/4 стр.3, Москва, Россия, 109074",0x46b54af6391ab319:0x7ab621136bac2665,ChZDSUhNMG9nS0VJQ0FnSURtZ3BEMVlnEAE,5.0,2022-01-22T14:24:53Z,2022-01-23T14:33:02Z,Изменено 4 года назад,"Находится в самом центре города, достаточно вместительный, стилизован под кубинский паб. Порции блюд большие, очень вкусно и подают оперативно. Мы обедали по купону, поэтому счёт порадовал. По полной стоимости, конечно, дороговато (((",True,Google,https://www.google.com/maps/reviews/data=!4m8!14m7!1m6!2m5!1sChZDSUhNMG9nS0VJQ0FnSURtZ3BEMVlnEAE!2m1!1s0x0:0x7ab621136bac2665!3m1!1s2@1:CIHM0ogKEICAgIDmgpD1Yg%7C%7C?hl=ru,2026-09-07T23:54:31.882748+00:00,4.3,1544
"Бар ""Club Liberty""","Славянская пл., 2/5/4 стр.3, Москва, Россия, 109074",0x46b54af6391ab319:0x7ab621136bac2665,ChdDSUhNMG9nS0VJQ0FnSURtN0tHSjhnRRAB,4.0,2022-01-21T13:06:17Z,2022-01-21T13:06:18Z,4 года назад,"Весело, по залу ходит девушка у которой каждая третья текила или ром бесплатно",True,Google,https://www.google.com/maps/reviews/data=!4m8!14m7!1m6!2m5!1sChdDSUhNMG9nS0VJQ0FnSURtN0tHSjhnRRAB!2m1!1s0x0:0x7ab621136bac2665!3m1!1s2@1:CIHM0ogKEICAgIDm7KGJ8gE%7C%7C?hl=ru,2026-09-07T23:54:33.088259+00:00,4.3,1544
"Бар ""Club Liberty""","Славянская пл., 2/5/4 стр.3, Москва, Россия, 109074",0x46b54af6391ab319:0x7ab621136bac2665,ChdDSUhNMG9nS0VJQ0FnSURtaElyc3R3RRAB,5.0,2022-01-18T19:01:56Z,2022-01-18T19:01:56Z,4 года назад,"Классное заведение, были в первый раз компанией. Без проблем заняли столик, очень приветливые официанты. Меню понравилось и блюда тоже. Ценник, как в Питере, особой разницы не увидела. Чисто, что круто. Заведение с антуражем, конечно) Расположение тоже удобным  оказалось. Музыка хорошая звучала, если при баре сидеть, то можно и пообщаться. В целом понравилось всё",True,Google,https://www.google.com/maps/reviews/data=!4m8!14m7!1m6!2m5!1sChdDSUhNMG9nS0VJQ0FnSURtaElyc3R3RRAB!2m1!1s0x0:0x7ab621136bac2665!3m1!1s2@1:CIHM0ogKEICAgIDmhIrstwE%7C%7C?hl=ru,2026-09-07T23:54:33.088496+00:00,4.3,1544
"Бар ""Club Liberty""","Славянская пл., 2/5/4 стр.3, Москва, Россия, 109074",0x46b54af6391ab319:0x7ab621136bac2665,ChdDSUhNMG9nS0VJQ0FnSURtLUpubWx3RRAB,5.0,2022-01-18T15:47:45Z,2022-01-18T15:47:45Z,4 года назад,,False,Google,https://www.google.com/maps/reviews/data=!4m8!14m7!1m6!2m5!1sChdDSUhNMG9nS0VJQ0FnSURtLUpubWx3RRAB!2m1!1s0x0:0x7ab621136bac2665!3m1!1s2@1:CIHM0ogKEICAgIDm-JnmlwE%7C%7C?hl=ru,2026-09-07T23:54:33.088573+00:00,4.3,1544
"Бар ""Club Liberty""","Славянская пл., 2/5/4 стр.3, Москва, Россия, 109074",0x46b54af6391ab319:0x7ab621136bac2665,ChdDSUhNMG9nS0VJQ0FnSUNtNC1MZGxBRRAB,4.0,2022-01-08T01:03:13Z,2022-01-16T00:10:34Z,Изменено 4 года назад,,False,Google,https://www.google.com/maps/reviews/data=!4m8!14m7!1m6!2m5!1sChdDSUhNMG9nS0VJQ0FnSUNtNC1MZGxBRRAB!2m1!1s0x0:0x7ab621136bac2665!3m1!1s2@1:CIHM0ogKEICAgICm4-LdlAE%7C%7C?hl=ru,2026-09-07T23:54:33.088616+00:00,4.3,1544
"Бар ""Club Liberty""","Славянская пл., 2/5/4 стр.3, Москва, Россия, 109074",0x46b54af6391ab319:0x7ab621136bac2665,ChdDSUhNMG9nS0VJQ0FnSURtZ0tTVWdnRRAB,5.0,2022-01-15T02:59:08Z,2022-01-15T02:59:08Z,4 года назад,,False,Google,https://www.google.com/maps/reviews/data=!4m8!14m7!1m6!2m5!1sChdDSUhNMG9nS0VJQ0FnSURtZ0tTVWdnRRAB!2m1!1s0x0:0x7ab621136bac2665!3m1!1s2@1:CIHM0ogKEICAgIDmgKSUggE%7C%7C?hl=ru,2026-09-07T23:54:33.088651+00:00,4.3,1544
"Бар ""Club Liberty""","Славянская пл., 2/5/4 стр.3, Москва, Россия, 109074",0x46b54af6391ab319:0x7ab621136bac2665,ChZDSUhNMG9nS0VJQ0FnSUNtMTRESk1REAE,3.0,2022-01-12T10:22:40Z,2022-01-12T10:22:40Z,4 года назад,"Коротко о ланче.
1. Официанта можно ждать 15 минут.
2. Еду можно ждать по 20 минут каждое блюдо.
3. Иногда нарушается порядок подачи.
4. Вкусная еда.
5. Недорого.
Несмотря на недостатки хорошее место для ланча.",True,Google,https://www.google.com/maps/reviews/data=!4m8!14m7!1m6!2m5!1sChZDSUhNMG9nS0VJQ0FnSUNtMTRESk1REAE!2m1!1s0x0:0x7ab621136bac2665!3m1!1s2@1:CIHM0ogKEICAgICm14DJMQ%7C%7C?hl=ru,2026-09-07T23:54:33.088684+00:00,4.3,1544
"Бар ""Club Liberty""","Славянская пл., 2/5/4 стр.3, Москва, Россия, 109074",0x46b54af6391ab319:0x7ab621136bac2665,ChZDSUhNMG9nS0VJQ0FnSUNtNTVyLVZ3EAE,5.0,2022-01-11T22:50:41Z,2022-01-11T22:50:42Z,4 года назад,Замечательная атмосфера на вторничной Сальса - вечеринке.,True,Google,https://www.google.com/maps/reviews/data=!4m8!14m7!1m6!2m5!1sChZDSUhNMG9nS0VJQ0FnSUNtNTVyLVZ3EAE!2m1!1s0x0:0x7ab621136bac2665!3m1!1s2@1:CIHM0ogKEICAgICm55r-Vw%7C%7C?hl=ru,2026-09-07T23:54:33.088738+00:00,4.3,1544
"Бар ""Club Liberty""","Славянская пл., 2/5/4 стр.3, Москва, Россия, 109074",0x46b54af6391ab319:0x7ab621136bac2665,ChZDSUhNMG9nS0VJQ0FnSUNtbTZ6Sk9nEAE,5.0,2022-01-10T09:13:48Z,2022-01-10T09:13:48Z,4 года назад,"Небольшой бар, с уклоном в социальные танцы. Можно как посидеть с друзьями, так и придти потанцевать. Танцпол небольшой, поэтому если много народу бывает тесновато.",True,Google,https://www.google.com/maps/reviews/data=!4m8!14m7!1m6!2m5!1sChZDSUhNMG9nS0VJQ0FnSUNtbTZ6Sk9nEAE!2m1!1s0x0:0x7ab621136bac2665!3m1!1s2@1:CIHM0ogKEICAgICmm6zJOg%7C%7C?hl=ru,2026-09-07T23:54:33.088770+00:00,4.3,1544
"Бар ""Club Liberty""","Славянская пл., 2/5/4 стр.3, Москва, Россия, 109074",0x46b54af6391ab319:0x7ab621136bac2665,ChdDSUhNMG9nS0VJQ0FnSUNtbTZUeXZBRRAB,5.0,2022-01-10T08:51:24Z,2022-01-10T08:51:24Z,4 года назад,,False,Google,https://www.google.com/maps/reviews/data=!4m8!14m7!1m6!2m5!1sChdDSUhNMG9nS0VJQ0FnSUNtbTZUeXZBRRAB!2m1!1s0x0:0x7ab621136bac2665!3m1!1s2@1:CIHM0ogKEICAgICmm6TyvAE%7C%7C?hl=ru,2026-09-07T23:54:33.088806+00:00,4.3,1544
"Бар ""Club Liberty""","Славянская пл., 2/5/4 стр.3, Москва, Россия, 109074",0x46b54af6391ab319:0x7ab621136bac2665,ChZDSUhNMG9nS0VJQ0FnSUNtNjkyVkR3EAE,1.0,2022-01-10T06:11:21Z,2022-01-10T06:11:21Z,4 года назад,Ужасно,True,Google,https://www.google.com/maps/reviews/data=!4m8!14m7!1m6!2m5!1sChZDSUhNMG9nS0VJQ0FnSUNtNjkyVkR3EAE!2m1!1s0x0:0x7ab621136bac2665!3m1!1s2@1:CIHM0ogKEICAgICm692VDw%7C%7C?hl=ru,2026-09-07T23:54:33.088836+00:00,4.3,1544
"Бар ""Club Liberty""","Славянская пл., 2/5/4 стр.3, Москва, Россия, 109074",0x46b54af6391ab319:0x7ab621136bac2665,ChZDSUhNMG9nS0VJQ0FnSUNteS1hZkxREAE,5.0,2022-01-09T14:58:05Z,2022-01-09T14:58:05Z,4 года назад,Отличная музыка ))),True,Google,https://www.google.com/maps/reviews/data=!4m8!14m7!1m6!2m5!1sChZDSUhNMG9nS0VJQ0FnSUNteS1hZkxREAE!2m1!1s0x0:0x7ab621136bac2665!3m1!1s2@1:CIHM0ogKEICAgICmy-afLQ%7C%7C?hl=ru,2026-09-07T23:54:33.088864+00:00,4.3,1544
"Бар ""Club Liberty""","Славянская пл., 2/5/4 стр.3, Москва, Россия, 109074",0x46b54af6391ab319:0x7ab621136bac2665,ChZDSUhNMG9nS0VJQ0FnSUNta19mRGRnEAE,5.0,2022-01-08T12:10:53Z,2022-01-08T12:11:06Z,4 года назад,"Хорошее место как просто отдохнуть, так и потанцевать социальные нанцы по средам и воскресеньям.",True,Google,https://www.google.com/maps/reviews/data=!4m8!14m7!1m6!2m5!1sChZDSUhNMG9nS0VJQ0FnSUNta19mRGRnEAE!2m1!1s0x0:0x7ab621136bac2665!3m1!1s2@1:CIHM0ogKEICAgICmk_fDdg%7C%7C?hl=ru,2026-09-07T23:54:33.088895+00:00,4.3,1544
"Бар ""Club Liberty""","Славянская пл., 2/5/4 стр.3, Москва, Россия, 109074",0x46b54af6391ab319:0x7ab621136bac2665,ChZDSUhNMG9nS0VJQ0FnSUNtdmJmcWNREAE,3.0,2022-01-06T23:49:27Z,2022-01-06T23:49:58Z,4 года назад,"Very strange music. Expensive bar, diluted cocktails",True,Google,https://www.google.com/maps/reviews/data=!4m8!14m7!1m6!2m5!1sChZDSUhNMG9nS0VJQ0FnSUNtdmJmcWNREAE!2m1!1s0x0:0x7ab621136bac2665!3m1!1s2@1:CIHM0ogKEICAgICmvbfqcQ%7C%7C?hl=ru,2026-09-07T23:54:33.089001+00:00,4.3,1544
"Бар ""Club Liberty""","Славянская пл., 2/5/4 стр.3, Москва, Россия, 109074",0x46b54af6391ab319:0x7ab621136bac2665,ChZDSUhNMG9nS0VJQ0FnSUNtemJydWJREAE,5.0,2022-01-05T16:51:44Z,2022-01-05T16:56:42Z,4 года назад,Всё отлично. Вечеринки душевные. Коктейли не дорогие. Потанцевать есть с кем😊,True,Google,https://www.google.com/maps/reviews/data=!4m8!14m7!1m6!2m5!1sChZDSUhNMG9nS0VJQ0FnSUNtemJydWJREAE!2m1!1s0x0:0x7ab621136bac2665!3m1!1s2@1:CIHM0ogKEICAgICmzbrubQ%7C%7C?hl=ru,2026-09-07T23:54:33.089064+00:00,4.3,1544
"Бар ""Club Liberty""","Славянская пл., 2/5/4 стр.3, Москва, Россия, 109074",0x46b54af6391ab319:0x7ab621136bac2665,ChdDSUhNMG9nS0VJQ0FnSUNtcFo2MHdBRRAB,5.0,2022-01-04T05:13:21Z,2022-01-04T05:13:21Z,4 года назад,,False,Google,https://www.google.com/maps/reviews/data=!4m8!14m7!1m6!2m5!1sChdDSUhNMG9nS0VJQ0FnSUNtcFo2MHdBRRAB!2m1!1s0x0:0x7ab621136bac2665!3m1!1s2@1:CIHM0ogKEICAgICmpZ60wAE%7C%7C?hl=ru,2026-09-07T23:54:33.089102+00:00,4.3,1544
"Бар ""Club Liberty""","Славянская пл., 2/5/4 стр.3, Москва, Россия, 109074",0x46b54af6391ab319:0x7ab621136bac2665,ChZDSUhNMG9nS0VJQ0FnSUNtMmZTb01nEAE,1.0,2022-01-02T22:29:58Z,2022-01-02T22:29:58Z,4 года назад,"Ужасно , притом вход 2тыс.руб того не стоит зашли и вышли интерьер 70х . Не для модных ну сорри.  Значит такие место до сих пор существует в Москве жаль . Не для молодёжи , не для приличных людей ну вообще-то нет слов (",True,Google,https://www.google.com/maps/reviews/data=!4m8!14m7!1m6!2m5!1sChZDSUhNMG9nS0VJQ0FnSUNtMmZTb01nEAE!2m1!1s0x0:0x7ab621136bac2665!3m1!1s2@1:CIHM0ogKEICAgICm2fSoMg%7C%7C?hl=ru,2026-09-07T23:54:33.089133+00:00,4.3,1544
"Бар ""Club Liberty""","Славянская пл., 2/5/4 стр.3, Москва, Россия, 109074",0x46b54af6391ab319:0x7ab621136bac2665,ChZDSUhNMG9nS0VJQ0FnSUNtbVktMUtBEAE,5.0,2022-01-02T20:51:10Z,2022-01-02T20:51:10Z,4 года назад,,False,Google,https://www.google.com/maps/reviews/data=!4m8!14m7!1m6!2m5!1sChZDSUhNMG9nS0VJQ0FnSUNtbVktMUtBEAE!2m1!1s0x0:0x7ab621136bac2665!3m1!1s2@1:CIHM0ogKEICAgICmmY-1KA%7C%7C?hl=ru,2026-09-07T23:54:33.089166+00:00,4.3,1544
"Бар ""Club Liberty""","Славянская пл., 2/5/4 стр.3, Москва, Россия, 109074",0x46b54af6391ab319:0x7ab621136bac2665,ChZDSUhNMG9nS0VJQ0FnSUNtbWVyTENBEAE,5.0,2022-01-02T17:24:47Z,2022-01-02T17:24:47Z,4 года назад,Очень понравилось,True,Google,https://www.google.com/maps/reviews/data=!4m8!14m7!1m6!2m5!1sChZDSUhNMG9nS0VJQ0FnSUNtbWVyTENBEAE!2m1!1s0x0:0x7ab621136bac2665!3m1!1s2@1:CIHM0ogKEICAgICmmerLCA%7C%7C?hl=ru,2026-09-07T23:54:33.089193+00:00,4.3,1544
"Бар ""Club Liberty""","Славянская пл., 2/5/4 стр.3, Москва, Россия, 109074",0x46b54af6391ab319:0x7ab621136bac2665,ChZDSUhNMG9nS0VJQ0FnSUNtc2J6VEpREAE,5.0,2021-12-31T22:47:22Z,2021-12-31T22:47:24Z,4 года назад,Súper animado,True,Google,https://www.google.com/maps/reviews/data=!4m8!14m7!1m6!2m5!1sChZDSUhNMG9nS0VJQ0FnSUNtc2J6VEpREAE!2m1!1s0x0:0x7ab621136bac2665!3m1!1s2@1:CIHM0ogKEICAgICmsbzTJQ%7C%7C?hl=ru,2026-09-07T23:54:33.089220+00:00,4.3,1544
"Бар ""Club Liberty""","Славянская пл., 2/5/4 стр.3, Москва, Россия, 109074",0x46b54af6391ab319:0x7ab621136bac2665,ChZDSUhNMG9nS0VJQ0FnSUNtbHNmWFlREAE,5.0,2021-12-27T19:34:15Z,2021-12-27T19:34:15Z,4 года назад,,False,Google,https://www.google.com/maps/reviews/data=!4m8!14m7!1m6!2m5!1sChZDSUhNMG9nS0VJQ0FnSUNtbHNmWFlREAE!2m1!1s0x0:0x7ab621136bac2665!3m1!1s2@1:CIHM0ogKEICAgICmlsfXYQ%7C%7C?hl=ru,2026-09-07T23:54:33.089246+00:00,4.3,1544
Бар 1929,"Славянская пл., 2, Москва, Россия, 109074",0x46b54af6392f65dd:0xa78c1220e0268d3a,Ci9DQUlRQUNvZENodHljRjlvT2xob1dXbHBUVjl1VkRaQ1VXWkJaMjFxU1RCR2FsRRAB,5.0,2026-07-05T00:44:02Z,2026-07-05T00:44:02Z,2 месяца назад,"Хорошее место, приятная музыка",True,Google,https://www.google.com/maps/reviews/data=!4m8!14m7!1m6!2m5!1sCi9DQUlRQUNvZENodHljRjlvT2xob1dXbHBUVjl1VkRaQ1VXWkJaMjFxU1RCR2FsRRAB!2m1!1s0x0:0xa78c1220e0268d3a!3m1!1s2@1:CAIQACodChtycF9oOlhoWWlpTV9uVDZCUWZBZ21qSTBGalE%7C%7C?hl=ru,2026-09-07T23:54:33.693598+00:00,4,1540
Бар 1929,"Славянская пл., 2, Москва, Россия, 109074",0x46b54af6392f65dd:0xa78c1220e0268d3a,Ci9DQUlRQUNvZENodHljRjlvT2xGdlIwZDFPVU5wTW1OMlFqWmhiM2R0VDJGTFlrRRAB,5.0,2026-07-03T12:23:55Z,2026-07-03T12:23:55Z,2 месяца назад,"Играет музыка и царит атмосфера начала выходных 💃 По еде мне всё понравилось, приготовили быстро. Здорово что выбор блюд разнообразный, да и музыка тоже, приходить сюда большой компанией комфортно 👍",True,Google,https://www.google.com/maps/reviews/data=!4m8!14m7!1m6!2m5!1sCi9DQUlRQUNvZENodHljRjlvT2xGdlIwZDFPVU5wTW1OMlFqWmhiM2R0VDJGTFlrRRAB!2m1!1s0x0:0xa78c1220e0268d3a!3m1!1s2@1:CAIQACodChtycF9oOlFvR0d1OUNpMmN2QjZhb3dtT2FLYkE%7C%7C?hl=ru,2026-09-07T23:54:33.693807+00:00,4,1540
Бар 1929,"Славянская пл., 2, Москва, Россия, 109074",0x46b54af6392f65dd:0xa78c1220e0268d3a,Ci9DQUlRQUNvZENodHljRjlvT2t0Zk5FZExaR0ZGZUhGVFlrTm5iVTlxVDFocFQzYxAB,5.0,2026-06-30T09:34:12Z,2026-06-30T09:34:12Z,2 месяца назад,"Отлично следят за столами, официанты быстро приносят напитки и еду, несколько раз отмечали тут др, всегда всё нравилось, спасибо за то что вы есть 🫶",True,Google,https://www.google.com/maps/reviews/data=!4m8!14m7!1m6!2m5!1sCi9DQUlRQUNvZENodHljRjlvT2t0Zk5FZExaR0ZGZUhGVFlrTm5iVTlxVDFocFQzYxAB!2m1!1s0x0:0xa78c1220e0268d3a!3m1!1s2@1:CAIQACodChtycF9oOktfNEdLZGFFeHFTYkNnbU9qT1hpT3c%7C%7C?hl=ru,2026-09-07T23:54:33.693885+00:00,4,1540
Бар 1929,"Славянская пл., 2, Москва, Россия, 109074",0x46b54af6392f65dd:0xa78c1220e0268d3a,Ci9DQUlRQUNvZENodHljRjlvT25KWFREaEpVakpyVTJOeE0wUnpUbU5FVm1aVGJHYxAB,5.0,2026-06-27T23:11:09Z,2026-06-27T23:11:09Z,2 месяца назад,"Надежда — самая лучшая в этом клубе, создающая атмосферу вечеров!!!!",True,Google,https://www.google.com/maps/reviews/data=!4m8!14m7!1m6!2m5!1sCi9DQUlRQUNvZENodHljRjlvT25KWFREaEpVakpyVTJOeE0wUnpUbU5FVm1aVGJHYxAB!2m1!1s0x0:0xa78c1220e0268d3a!3m1!1s2@1:CAIQACodChtycF9oOnJXTDhJUjJrU2NxM0RzTmNEVmZTbGc%7C%7C?hl=ru,2026-09-07T23:54:33.693939+00:00,4,1540
Бар 1929,"Славянская пл., 2, Москва, Россия, 109074",0x46b54af6392f65dd:0xa78c1220e0268d3a,Ci9DQUlRQUNvZENodHljRjlvT25aQ2FuaEtkV3A1T1VGbldFSnZUM1V6YkVoMlgwRRAB,5.0,2026-06-20T11:59:17Z,2026-06-20T11:59:17Z,2 месяца назад,"Без преувеличений хорошо прям всё, вкусная еда, приятные коктейли, замечательная музыка (как будто свой плейлист слушали), быстрое и качественное обслуживание.",True,Google,https://www.google.com/maps/reviews/data=!4m8!14m7!1m6!2m5!1sCi9DQUlRQUNvZENodHljRjlvT25aQ2FuaEtkV3A1T1VGbldFSnZUM1V6YkVoMlgwRRAB!2m1!1s0x0:0xa78c1220e0268d3a!3m1!1s2@1:CAIQACodChtycF9oOnZCanhKdWp5OUFnWEJvT3UzbEh2X0E%7C%7C?hl=ru,2026-09-07T23:54:33.693977+00:00,4,1540
Бар 1929,"Славянская пл., 2, Москва, Россия, 109074",0x46b54af6392f65dd:0xa78c1220e0268d3a,Ci9DQUlRQUNvZENodHljRjlvT25CdFMzWmtObFJEYWxadFVuRjJObFJ4YVRBeE5FRRAB,5.0,2026-05-18T21:10:39Z,2026-05-18T21:10:39Z,3 месяца назад,"Праздновала день рождения, бронировала стол на 6 человек. План был тусить всю ночь и отдыхать, и он полностью удался благодаря опытному и доброжелательному персоналу, крутому диджею и, конечно, моим подругам. )))

Порадовало, что не было никакого техно — играли песни, которым можно подпевать и кайфовать. Кухня очень вкусная, а скидка 25% на день рождения особенно порадовала!

Отдельное спасибо официантке Валерии!! Она всегда была рядом, консультировала, если что-то интересовало, и стол всегда был в чистоте. Очень отзывчивый персонал: когда договаривалась насчёт брони, шли мне навстречу и всё подробно объясняли.

Также кальян был просто бомба 💣 Жаль, я забыла имя кальянщика, но он реально постарался — мы были в восторге!!!

В час ночи меня поздравили с днём рождения, было очень приятно. Кусочек тортика оказался очень вкусным.

Благодаря всему этому все остались довольны, а ушли мы только к открытию метро. День рождения удался, спасибо бару 1929!!!!!!",True,Google,https://www.google.com/maps/reviews/data=!4m8!14m7!1m6!2m5!1sCi9DQUlRQUNvZENodHljRjlvT25CdFMzWmtObFJEYWxadFVuRjJObFJ4YVRBeE5FRRAB!2m1!1s0x0:0xa78c1220e0268d3a!3m1!1s2@1:CAIQACodChtycF9oOnBtS3ZkNlRDalZtUnF2NlRxaTAxNEE%7C%7C?hl=ru,2026-09-07T23:54:33.694017+00:00,4,1540
Бар 1929,"Славянская пл., 2, Москва, Россия, 109074",0x46b54af6392f65dd:0xa78c1220e0268d3a,Ci9DQUlRQUNvZENodHljRjlvT205SFVXcFlUSFZmTWtsRmFHcFhVekJ2ZFhjMU1YYxAB,5.0,2026-04-24T17:51:33Z,2026-04-24T17:51:33Z,4 месяца назад,"Супер бар, отличный ужин и просто обалденные настойки это будет, наш любимый бар, а официант Даша сверх всех похвал очень внимательная, предложила вкусные настойки)))",True,Google,https://www.google.com/maps/reviews/data=!4m8!14m7!1m6!2m5!1sCi9DQUlRQUNvZENodHljRjlvT205SFVXcFlUSFZmTWtsRmFHcFhVekJ2ZFhjMU1YYxAB!2m1!1s0x0:0xa78c1220e0268d3a!3m1!1s2@1:CAIQACodChtycF9oOm9HUWpYTHVfMklFaGpXUzBvdXc1MXc%7C%7C?hl=ru,2026-09-07T23:54:33.694078+00:00,4,1540
Бар 1929,"Славянская пл., 2, Москва, Россия, 109074",0x46b54af6392f65dd:0xa78c1220e0268d3a,Ci9DQUlRQUNvZENodHljRjlvT21OelNWZFRVMnRUZFhaUE1VRjRhVmx4ZHpJME5XYxAB,1.0,2026-02-01T01:21:19Z,2026-02-01T01:21:19Z,7 месяцев назад,"Охранники слишком наглые, не позволяют посетителям даже подождать такси внутри при температуре -30",True,Google,https://www.google.com/maps/reviews/data=!4m8!14m7!1m6!2m5!1sCi9DQUlRQUNvZENodHljRjlvT21OelNWZFRVMnRUZFhaUE1VRjRhVmx4ZHpJME5XYxAB!2m1!1s0x0:0xa78c1220e0268d3a!3m1!1s2@1:CAIQACodChtycF9oOmNzSVdTU2tTdXZPMUF4aVlxdzI0NWc%7C%7C?hl=ru,2026-09-07T23:54:33.694115+00:00,4,1540
Бар 1929,"Славянская пл., 2, Москва, Россия, 109074",0x46b54af6392f65dd:0xa78c1220e0268d3a,Ci9DQUlRQUNvZENodHljRjlvT21adWRHOVNSRWd6ZG14cldXdG5TekJmVEVRNFIyYxAB,5.0,2025-07-28T21:42:16Z,2025-07-28T21:42:16Z,год назад,"Бар для настоящих мужчин
Когда играл Егор Крид – я держался
Когда играло розовое вино – я тоже держался, но с трудом
Когда начала играть Дора – я был готов отдать им все свои деньги

диджею руки целовал",True,Google,https://www.google.com/maps/reviews/data=!4m8!14m7!1m6!2m5!1sCi9DQUlRQUNvZENodHljRjlvT21adWRHOVNSRWd6ZG14cldXdG5TekJmVEVRNFIyYxAB!2m1!1s0x0:0xa78c1220e0268d3a!3m1!1s2@1:CAIQACodChtycF9oOmZudG9SREgzdmxrWWtnSzBfTEQ4R2c%7C%7C?hl=ru,2026-09-07T23:54:33.857141+00:00,4,1540
Бар 1929,"Славянская пл., 2, Москва, Россия, 109074",0x46b54af6392f65dd:0xa78c1220e0268d3a,Ci9DQUlRQUNvZENodHljRjlvT2t4RWRHRjNXbm90VjFKVlEyVjJTVXhYT0VobU5tYxAB,5.0,2025-07-23T10:26:28Z,2025-07-23T10:26:28Z,год назад,,False,Google,https://www.google.com/maps/reviews/data=!4m8!14m7!1m6!2m5!1sCi9DQUlRQUNvZENodHljRjlvT2t4RWRHRjNXbm90VjFKVlEyVjJTVXhYT0VobU5tYxAB!2m1!1s0x0:0xa78c1220e0268d3a!3m1!1s2@1:CAIQACodChtycF9oOkxEdGF3WnotV1JVQ2V2SUxXOEhmNmc%7C%7C?hl=ru,2026-09-07T23:54:33.857354+00:00,4,1540
Бар 1929,"Славянская пл., 2, Москва, Россия, 109074",0x46b54af6392f65dd:0xa78c1220e0268d3a,ChZDSUhNMG9nS0VJQ0FnSUR0NEppTGJ3EAE,5.0,2024-02-02T00:09:31Z,2025-01-30T23:51:13Z,Изменено год назад,Konakladığım yere yakındı burası .Sokakta karşılaştığım iki kıza buranın nasıl bir yer olduğunu sordum ve onlarda oraya gitmemi önerdiler .Bende bundan dolayı geldim.Barmeniniz sıcak kanlı insanlardı kapıda ki çalışan arkadaşta öyleydi bana bir sıkıntı çıkarmadılar. Zaten benimde amacım sıkıntı çıkarmak değildi. Biraz otelden uzaklaşıp bir şeyler içmek istiyordum.Kendimi güvensiz hissetmedim işletmenizde .Tekrar şehrinize gelirsem uğrayıp yine birşeyler içmek isteyeceğim biryer .Türk arkadaşınızdan selamlar umarım yakında tekrar görüşürüz👋,True,Google,https://www.google.com/maps/reviews/data=!4m8!14m7!1m6!2m5!1sChZDSUhNMG9nS0VJQ0FnSUR0NEppTGJ3EAE!2m1!1s0x0:0xa78c1220e0268d3a!3m1!1s2@1:CIHM0ogKEICAgIDt4JiLbw%7C%7C?hl=ru,2026-09-07T23:54:33.857420+00:00,4,1540
Бар 1929,"Славянская пл., 2, Москва, Россия, 109074",0x46b54af6392f65dd:0xa78c1220e0268d3a,ChdDSUhNMG9nS0VJQ0FnSUN2NksyUzl3RRAB,5.0,2024-12-07T17:49:58Z,2024-12-07T17:49:58Z,год назад,"Отличный бар !!! Классная музыка, Персонал на высшем уровне! Место где можно круто провести выходные",True,Google,https://www.google.com/maps/reviews/data=!4m8!14m7!1m6!2m5!1sChdDSUhNMG9nS0VJQ0FnSUN2NksyUzl3RRAB!2m1!1s0x0:0xa78c1220e0268d3a!3m1!1s2@1:CIHM0ogKEICAgICv6K2S9wE%7C%7C?hl=ru,2026-09-07T23:54:33.857487+00:00,4,1540
Бар 1929,"Славянская пл., 2, Москва, Россия, 109074",0x46b54af6392f65dd:0xa78c1220e0268d3a,ChdDSUhNMG9nS0VJQ0FnSUNQdXFMU3hBRRAB,5.0,2024-11-23T14:04:00Z,2024-11-23T14:04:00Z,год назад,"Отличное место, очень атмосферное, часто играем в данном баре в квизы. Официанты всегда подходят, отвечают на все вопросы. Еда и напитки очень вкусные. Звук отличный.",True,Google,https://www.google.com/maps/reviews/data=!4m8!14m7!1m6!2m5!1sChdDSUhNMG9nS0VJQ0FnSUNQdXFMU3hBRRAB!2m1!1s0x0:0xa78c1220e0268d3a!3m1!1s2@1:CIHM0ogKEICAgICPuqLSxAE%7C%7C?hl=ru,2026-09-07T23:54:33.857534+00:00,4,1540
Бар 1929,"Славянская пл., 2, Москва, Россия, 109074",0x46b54af6392f65dd:0xa78c1220e0268d3a,ChZDSUhNMG9nS0VJQ0FnSURIM2Zhc013EAE,2.0,2024-09-19T03:18:31Z,2024-09-19T03:18:31Z,год назад,,False,Google,https://www.google.com/maps/reviews/data=!4m8!14m7!1m6!2m5!1sChZDSUhNMG9nS0VJQ0FnSURIM2Zhc013EAE!2m1!1s0x0:0xa78c1220e0268d3a!3m1!1s2@1:CIHM0ogKEICAgIDH3fasMw%7C%7C?hl=ru,2026-09-07T23:54:33.857575+00:00,4,1540
Бар 1929,"Славянская пл., 2, Москва, Россия, 109074",0x46b54af6392f65dd:0xa78c1220e0268d3a,ChZDSUhNMG9nS0VJQ0FnSUM3bE9HNWJREAE,1.0,2024-08-12T20:32:30Z,2024-08-12T20:32:30Z,2 года назад,"Обманули с депозитом, потратили больше лимита, не дали сесть за стол",True,Google,https://www.google.com/maps/reviews/data=!4m8!14m7!1m6!2m5!1sChZDSUhNMG9nS0VJQ0FnSUM3bE9HNWJREAE!2m1!1s0x0:0xa78c1220e0268d3a!3m1!1s2@1:CIHM0ogKEICAgIC7lOG5bQ%7C%7C?hl=ru,2026-09-07T23:54:33.857607+00:00,4,1540
Бар 1929,"Славянская пл., 2, Москва, Россия, 109074",0x46b54af6392f65dd:0xa78c1220e0268d3a,ChZDSUhNMG9nS0VJQ0FnSURyd183LVV3EAE,1.0,2024-07-19T17:34:06Z,2024-07-19T17:34:06Z,2 года назад,,False,Google,https://www.google.com/maps/reviews/data=!4m8!14m7!1m6!2m5!1sChZDSUhNMG9nS0VJQ0FnSURyd183LVV3EAE!2m1!1s0x0:0xa78c1220e0268d3a!3m1!1s2@1:CIHM0ogKEICAgIDrw_7-Uw%7C%7C?hl=ru,2026-09-07T23:54:33.857642+00:00,4,1540
Бар 1929,"Славянская пл., 2, Москва, Россия, 109074",0x46b54af6392f65dd:0xa78c1220e0268d3a,ChZDSUhNMG9nS0VJQ0FnSURqX3E2NkZnEAE,1.0,2024-05-03T20:33:43Z,2024-05-03T20:33:43Z,2 года назад,"Говорят, что депозита нет, а по факту охрана требует депозит. А ведь спецом писал в официальную группу ВК и спрашивал.",True,Google,https://www.google.com/maps/reviews/data=!4m8!14m7!1m6!2m5!1sChZDSUhNMG9nS0VJQ0FnSURqX3E2NkZnEAE!2m1!1s0x0:0xa78c1220e0268d3a!3m1!1s2@1:CIHM0ogKEICAgIDj_q66Fg%7C%7C?hl=ru,2026-09-07T23:54:33.857675+00:00,4,1540
Бар 1929,"Славянская пл., 2, Москва, Россия, 109074",0x46b54af6392f65dd:0xa78c1220e0268d3a,ChdDSUhNMG9nS0VJQ0FnSUR0aXVxUXBBRRAB,5.0,2024-02-03T17:19:18Z,2024-02-03T17:19:18Z,2 года назад,Отличное место! И что немаловажно - приятная охрана. Атмосферно. Можно и выпить и покушать и потанцевать. Дешевые кальяны и очень вкусные. Кальянщик вообще волшебник 🪄,True,Google,https://www.google.com/maps/reviews/data=!4m8!14m7!1m6!2m5!1sChdDSUhNMG9nS0VJQ0FnSUR0aXVxUXBBRRAB!2m1!1s0x0:0xa78c1220e0268d3a!3m1!1s2@1:CIHM0ogKEICAgIDtiuqQpAE%7C%7C?hl=ru,2026-09-07T23:54:33.857711+00:00,4,1540
Бар 1929,"Славянская пл., 2, Москва, Россия, 109074",0x46b54af6392f65dd:0xa78c1220e0268d3a,ChZDSUhNMG9nS0VJQ0FnSUMxa1BMT0ZnEAE,5.0,2023-12-20T16:14:17Z,2023-12-20T16:14:17Z,2 года назад,"Хорошее заведение. Но вчера небольшой казус произошел.
После работы хотел выпить пива. Пришел, сказали, что все пиво кончилось. Пришел какой-то Одиссей (t.me/doge) и все выпил, ссылаясь на подготовку какого-то пампа.
Заказал покушать, спасибо!",True,Google,https://www.google.com/maps/reviews/data=!4m8!14m7!1m6!2m5!1sChZDSUhNMG9nS0VJQ0FnSUMxa1BMT0ZnEAE!2m1!1s0x0:0xa78c1220e0268d3a!3m1!1s2@1:CIHM0ogKEICAgIC1kPLOFg%7C%7C?hl=ru,2026-09-07T23:54:33.857750+00:00,4,1540
Бар 1929,"Славянская пл., 2, Москва, Россия, 109074",0x46b54af6392f65dd:0xa78c1220e0268d3a,ChZDSUhNMG9nS0VJQ0FnSUNGX2Fydk1REAE,4.0,2023-10-31T22:09:21Z,2023-10-31T22:12:58Z,2 года назад,"Все понравилось кроме еды 🙃
Ходили на Хэлуин (депозит за випку 20тыс и если больше 6 человек то еще нужно платить 10% за сервис)
Музыка понравилась
Все было безопасно, охрана на уровне",True,Google,https://www.google.com/maps/reviews/data=!4m8!14m7!1m6!2m5!1sChZDSUhNMG9nS0VJQ0FnSUNGX2Fydk1REAE!2m1!1s0x0:0xa78c1220e0268d3a!3m1!1s2@1:CIHM0ogKEICAgICF_arvMQ%7C%7C?hl=ru,2026-09-07T23:54:33.857785+00:00,4,1540
Бар 1929,"Славянская пл., 2, Москва, Россия, 109074",0x46b54af6392f65dd:0xa78c1220e0268d3a,ChdDSUhNMG9nS0VJQ0FnSUMtM2Ryci1nRRAB,5.0,2022-11-11T05:57:24Z,2023-10-21T11:51:52Z,Изменено 2 года назад,,False,Google,https://www.google.com/maps/reviews/data=!4m8!14m7!1m6!2m5!1sChdDSUhNMG9nS0VJQ0FnSUMtM2Ryci1nRRAB!2m1!1s0x0:0xa78c1220e0268d3a!3m1!1s2@1:CIHM0ogKEICAgIC-3drr-gE%7C%7C?hl=ru,2026-09-07T23:54:33.857820+00:00,4,1540
Бар 1929,"Славянская пл., 2, Москва, Россия, 109074",0x46b54af6392f65dd:0xa78c1220e0268d3a,ChdDSUhNMG9nS0VJQ0FnSUNab09tYTBBRRAB,1.0,2023-09-02T02:16:36Z,2023-09-02T02:16:36Z,3 года назад,,False,Google,https://www.google.com/maps/reviews/data=!4m8!14m7!1m6!2m5!1sChdDSUhNMG9nS0VJQ0FnSUNab09tYTBBRRAB!2m1!1s0x0:0xa78c1220e0268d3a!3m1!1s2@1:CIHM0ogKEICAgICZoOma0AE%7C%7C?hl=ru,2026-09-07T23:54:33.857849+00:00,4,1540
Бар 1929,"Славянская пл., 2, Москва, Россия, 109074",0x46b54af6392f65dd:0xa78c1220e0268d3a,ChdDSUhNMG9nS0VJQ0FnSURwZ3RQc3dnRRAB,5.0,2023-08-18T13:26:27Z,2023-08-18T13:26:27Z,3 года назад,"Visited this place on a Monday evening, the place wasn't very crowded although i met some interesting people, the bartender was very friendly too.",True,Google,https://www.google.com/maps/reviews/data=!4m8!14m7!1m6!2m5!1sChdDSUhNMG9nS0VJQ0FnSURwZ3RQc3dnRRAB!2m1!1s0x0:0xa78c1220e0268d3a!3m1!1s2@1:CIHM0ogKEICAgIDpgtPswgE%7C%7C?hl=ru,2026-09-07T23:54:33.857878+00:00,4,1540
Бар 1929,"Славянская пл., 2, Москва, Россия, 109074",0x46b54af6392f65dd:0xa78c1220e0268d3a,ChZDSUhNMG9nS0VJQ0FnSUNKdnBxNVdREAE,5.0,2023-06-28T05:54:28Z,2023-06-28T05:54:28Z,3 года назад,,False,Google,https://www.google.com/maps/reviews/data=!4m8!14m7!1m6!2m5!1sChZDSUhNMG9nS0VJQ0FnSUNKdnBxNVdREAE!2m1!1s0x0:0xa78c1220e0268d3a!3m1!1s2@1:CIHM0ogKEICAgICJvpq5WQ%7C%7C?hl=ru,2026-09-07T23:54:33.857909+00:00,4,1540
Бар 1929,"Славянская пл., 2, Москва, Россия, 109074",0x46b54af6392f65dd:0xa78c1220e0268d3a,ChdDSUhNMG9nS0VJQ0FnSUR4aTdDcHd3RRAB,1.0,2023-06-14T19:49:59Z,2023-06-14T19:49:59Z,3 года назад,"Одно из самых ужасных заведений в Москве.Понятно почему нет свежих отзывов и при этом навязчивая реклама ,например,вконтакте.
Охрана на входе -самое классное ,что есть в этом клубе.Дальше-полный отстой!!
Людей мало 2.00 в субботу ,полно свободных столиков,но на каждом -резерв.Ладно,сели за барную стойку.Музыка для такого времени-отстой..Потанцевали немного только наша компания ,без нас танцпол в самый разгар -пустой.
Коктейли -такого нигде не встречали до этого.Рецепт прост:50% льда,29% воды,11% алкоголя и 10% красителя..
Вам самим от себя не противно?????А именно напыщенным и хамотивым барменам а также их руководителям!!
Вместо активной рекламы в соцсетях и ярких попыток заманивания людей,может лучше делать качественые и вкусные коктейли,танцевальную музыку и приветливый персонал??",True,Google,https://www.google.com/maps/reviews/data=!4m8!14m7!1m6!2m5!1sChdDSUhNMG9nS0VJQ0FnSUR4aTdDcHd3RRAB!2m1!1s0x0:0xa78c1220e0268d3a!3m1!1s2@1:CIHM0ogKEICAgIDxi7CpwwE%7C%7C?hl=ru,2026-09-07T23:54:33.857938+00:00,4,1540
Бар 1929,"Славянская пл., 2, Москва, Россия, 109074",0x46b54af6392f65dd:0xa78c1220e0268d3a,ChdDSUhNMG9nS0VJQ0FnSUN4MjV2ZzF3RRAB,1.0,2023-05-26T22:41:00Z,2023-05-26T22:41:00Z,3 года назад,"Самый мудацкий клуб!
А вот этот п*""""""о - его предводитель!!",True,Google,https://www.google.com/maps/reviews/data=!4m8!14m7!1m6!2m5!1sChdDSUhNMG9nS0VJQ0FnSUN4MjV2ZzF3RRAB!2m1!1s0x0:0xa78c1220e0268d3a!3m1!1s2@1:CIHM0ogKEICAgICx25vg1wE%7C%7C?hl=ru,2026-09-07T23:54:33.857986+00:00,4,1540
Бар 1929,"Славянская пл., 2, Москва, Россия, 109074",0x46b54af6392f65dd:0xa78c1220e0268d3a,ChZDSUhNMG9nS0VJQ0FnSURScGZLeFFBEAE,1.0,2023-04-29T21:01:44Z,2023-04-29T21:01:44Z,3 года назад,,False,Google,https://www.google.com/maps/reviews/data=!4m8!14m7!1m6!2m5!1sChZDSUhNMG9nS0VJQ0FnSURScGZLeFFBEAE!2m1!1s0x0:0xa78c1220e0268d3a!3m1!1s2@1:CIHM0ogKEICAgIDRpfKxQA%7C%7C?hl=ru,2026-09-07T23:54:33.858016+00:00,4,1540
Бар 1929,"Славянская пл., 2, Москва, Россия, 109074",0x46b54af6392f65dd:0xa78c1220e0268d3a,ChZDSUhNMG9nS0VJQ0FnSUNXb2VPUWJ3EAE,4.0,2022-02-28T22:29:35Z,2022-02-28T22:29:35Z,4 года назад,еда на вкус была довольно кровавой,True,Google,https://www.google.com/maps/reviews/data=!4m8!14m7!1m6!2m5!1sChZDSUhNMG9nS0VJQ0FnSUNXb2VPUWJ3EAE!2m1!1s0x0:0xa78c1220e0268d3a!3m1!1s2@1:CIHM0ogKEICAgICWoeOQbw%7C%7C?hl=ru,2026-09-07T23:54:33.858043+00:00,4,1540
Бар 1929,"Славянская пл., 2, Москва, Россия, 109074",0x46b54af6392f65dd:0xa78c1220e0268d3a,ChdDSUhNMG9nS0VJQ0FnSUNXOHJ5TnRBRRAB,1.0,2022-02-22T22:39:30Z,2022-02-22T22:42:19Z,4 года назад,"Охранники быдло. Впускают хрен пойми по какому принципу. Людей с луком на 100к не пустили. Просто смех. Были в трезвом состоянии. Паспорт был с собой, но охранника это не волновало. Если владельца хоть чуточку заботит его бизнес, гнать таких с работы",True,Google,https://www.google.com/maps/reviews/data=!4m8!14m7!1m6!2m5!1sChdDSUhNMG9nS0VJQ0FnSUNXOHJ5TnRBRRAB!2m1!1s0x0:0xa78c1220e0268d3a!3m1!1s2@1:CIHM0ogKEICAgICW8ryNtAE%7C%7C?hl=ru,2026-09-07T23:54:35.671149+00:00,4,1540
Бар 1929,"Славянская пл., 2, Москва, Россия, 109074",0x46b54af6392f65dd:0xa78c1220e0268d3a,ChdDSUhNMG9nS0VJQ0FnSUNXX0lfMS13RRAB,5.0,2022-02-21T11:12:53Z,2022-02-21T11:12:53Z,4 года назад,,False,Google,https://www.google.com/maps/reviews/data=!4m8!14m7!1m6!2m5!1sChdDSUhNMG9nS0VJQ0FnSUNXX0lfMS13RRAB!2m1!1s0x0:0xa78c1220e0268d3a!3m1!1s2@1:CIHM0ogKEICAgICW_I_1-wE%7C%7C?hl=ru,2026-09-07T23:54:35.671863+00:00,4,1540
Бар 1929,"Славянская пл., 2, Москва, Россия, 109074",0x46b54af6392f65dd:0xa78c1220e0268d3a,ChdDSUhNMG9nS0VJQ0FnSUNXeklmSXh3RRAB,1.0,2022-02-19T22:55:02Z,2022-02-19T22:55:02Z,4 года назад,Охраники не пускают без объяснения причины,True,Google,https://www.google.com/maps/reviews/data=!4m8!14m7!1m6!2m5!1sChdDSUhNMG9nS0VJQ0FnSUNXeklmSXh3RRAB!2m1!1s0x0:0xa78c1220e0268d3a!3m1!1s2@1:CIHM0ogKEICAgICWzIfIxwE%7C%7C?hl=ru,2026-09-07T23:54:35.671947+00:00,4,1540
Бар 1929,"Славянская пл., 2, Москва, Россия, 109074",0x46b54af6392f65dd:0xa78c1220e0268d3a,ChZDSUhNMG9nS0VJQ0FnSUNXNkl2LVdBEAE,5.0,2022-02-16T23:24:08Z,2022-02-16T23:24:08Z,4 года назад,"Приходили с подругой в ночь с 13 по 14 февраля. При входе стоял очень приятный молодой человек, уважительно проконсультировал нас по данному месту, рассказал что можем хорошо отдохнуть в данном заведение. После чего мы спустились к гардеробу, чтоб сдать вещи, когда повернулись нас уже ждал менеджер Данила чтобы уважить наши потребности, выбрал нам самый шикарный столик, и официант Рафаэль очень быстро, и грамотно сориентировал по меню. К сожалению мы чутка перебрали, и по нелепой ошибке потеряли телефон с ключами, охранник Александр к которому мы обратились за помощью, быстро отреагировал на нашу просьбу, и так же быстро решил нашу просьбу. Самое что удивляет нас в этом заведение, это очень вежливая охрана, ни в одном месте не видел таких адекватных ребят.",True,Google,https://www.google.com/maps/reviews/data=!4m8!14m7!1m6!2m5!1sChZDSUhNMG9nS0VJQ0FnSUNXNkl2LVdBEAE!2m1!1s0x0:0xa78c1220e0268d3a!3m1!1s2@1:CIHM0ogKEICAgICW6Iv-WA%7C%7C?hl=ru,2026-09-07T23:54:35.671990+00:00,4,1540
Бар 1929,"Славянская пл., 2, Москва, Россия, 109074",0x46b54af6392f65dd:0xa78c1220e0268d3a,ChdDSUhNMG9nS0VJQ0FnSUNXMEl2Yzl3RRAB,5.0,2022-02-15T16:10:50Z,2022-02-15T16:10:50Z,4 года назад,,False,Google,https://www.google.com/maps/reviews/data=!4m8!14m7!1m6!2m5!1sChdDSUhNMG9nS0VJQ0FnSUNXMEl2Yzl3RRAB!2m1!1s0x0:0xa78c1220e0268d3a!3m1!1s2@1:CIHM0ogKEICAgICW0Ivc9wE%7C%7C?hl=ru,2026-09-07T23:54:35.672049+00:00,4,1540
Бар 1929,"Славянская пл., 2, Москва, Россия, 109074",0x46b54af6392f65dd:0xa78c1220e0268d3a,ChZDSUhNMG9nS0VJQ0FnSURtei1XV0lnEAE,5.0,2022-02-13T03:02:32Z,2022-02-13T03:02:32Z,4 года назад,Спасибо бару загостеприимность. На входе встречает приятная охрана. В зале работают профессионалы своего дела! Сервис лучший в москве. Официанты обслуживают на 5+,True,Google,https://www.google.com/maps/reviews/data=!4m8!14m7!1m6!2m5!1sChZDSUhNMG9nS0VJQ0FnSURtei1XV0lnEAE!2m1!1s0x0:0xa78c1220e0268d3a!3m1!1s2@1:CIHM0ogKEICAgIDmz-WWIg%7C%7C?hl=ru,2026-09-07T23:54:35.672083+00:00,4,1540
Бар 1929,"Славянская пл., 2, Москва, Россия, 109074",0x46b54af6392f65dd:0xa78c1220e0268d3a,ChZDSUhNMG9nS0VJQ0FnSURtdDRTV0JREAE,4.0,2022-02-12T08:20:59Z,2022-02-12T08:20:59Z,4 года назад,,False,Google,https://www.google.com/maps/reviews/data=!4m8!14m7!1m6!2m5!1sChZDSUhNMG9nS0VJQ0FnSURtdDRTV0JREAE!2m1!1s0x0:0xa78c1220e0268d3a!3m1!1s2@1:CIHM0ogKEICAgIDmt4SWBQ%7C%7C?hl=ru,2026-09-07T23:54:35.672114+00:00,4,1540
Бар 1929,"Славянская пл., 2, Москва, Россия, 109074",0x46b54af6392f65dd:0xa78c1220e0268d3a,ChZDSUhNMG9nS0VJQ0FnSURteF82RUNREAE,5.0,2022-02-11T06:36:03Z,2022-02-11T06:36:03Z,4 года назад,,False,Google,https://www.google.com/maps/reviews/data=!4m8!14m7!1m6!2m5!1sChZDSUhNMG9nS0VJQ0FnSURteF82RUNREAE!2m1!1s0x0:0xa78c1220e0268d3a!3m1!1s2@1:CIHM0ogKEICAgIDmx_6ECQ%7C%7C?hl=ru,2026-09-07T23:54:35.672141+00:00,4,1540
Бар 1929,"Славянская пл., 2, Москва, Россия, 109074",0x46b54af6392f65dd:0xa78c1220e0268d3a,ChZDSUhNMG9nS0VJQ0FnSURtaDZMTVNnEAE,1.0,2022-02-10T22:06:15Z,2022-02-10T22:06:15Z,4 года назад,Не пустили. Бред. Место хлам.,True,Google,https://www.google.com/maps/reviews/data=!4m8!14m7!1m6!2m5!1sChZDSUhNMG9nS0VJQ0FnSURtaDZMTVNnEAE!2m1!1s0x0:0xa78c1220e0268d3a!3m1!1s2@1:CIHM0ogKEICAgIDmh6LMSg%7C%7C?hl=ru,2026-09-07T23:54:35.672169+00:00,4,1540
Бар 1929,"Славянская пл., 2, Москва, Россия, 109074",0x46b54af6392f65dd:0xa78c1220e0268d3a,ChdDSUhNMG9nS0VJQ0FnSURtZzRHbnhBRRAB,4.0,2022-02-07T11:02:58Z,2022-02-07T11:02:58Z,4 года назад,"Большое пространство для больших компаний, удобная мебель..немного дороговаты закуски",True,Google,https://www.google.com/maps/reviews/data=!4m8!14m7!1m6!2m5!1sChdDSUhNMG9nS0VJQ0FnSURtZzRHbnhBRRAB!2m1!1s0x0:0xa78c1220e0268d3a!3m1!1s2@1:CIHM0ogKEICAgIDmg4GnxAE%7C%7C?hl=ru,2026-09-07T23:54:35.672197+00:00,4,1540
Бар 1929,"Славянская пл., 2, Москва, Россия, 109074",0x46b54af6392f65dd:0xa78c1220e0268d3a,ChdDSUhNMG9nS0VJQ0FnSURtcmYzQXNRRRAB,5.0,2022-02-05T22:23:34Z,2022-02-05T22:23:34Z,4 года назад,"Приятные бармены, хорошая музыка.
Очень понравилась атмосфера",True,Google,https://www.google.com/maps/reviews/data=!4m8!14m7!1m6!2m5!1sChdDSUhNMG9nS0VJQ0FnSURtcmYzQXNRRRAB!2m1!1s0x0:0xa78c1220e0268d3a!3m1!1s2@1:CIHM0ogKEICAgIDmrf3AsQE%7C%7C?hl=ru,2026-09-07T23:54:35.672228+00:00,4,1540
Бар 1929,"Славянская пл., 2, Москва, Россия, 109074",0x46b54af6392f65dd:0xa78c1220e0268d3a,ChZDSUhNMG9nS0VJQ0FnSURtOWFHNEJ3EAE,1.0,2022-02-05T03:14:04Z,2022-02-05T03:14:04Z,4 года назад,"Ударили, охрана послала матом, защищают только постоянных гостей, если ты там в первые можешь не надеяться на помощь, запись с камер не смотрят, не важно если ты прав. Полный зал в подвальном помещении, в принципе как был быдло пати так и остался, хорошо уехали в другое достойное заведение. Больше туда не ногой!",True,Google,https://www.google.com/maps/reviews/data=!4m8!14m7!1m6!2m5!1sChZDSUhNMG9nS0VJQ0FnSURtOWFHNEJ3EAE!2m1!1s0x0:0xa78c1220e0268d3a!3m1!1s2@1:CIHM0ogKEICAgIDm9aG4Bw%7C%7C?hl=ru,2026-09-07T23:54:35.672259+00:00,4,1540
Бар 1929,"Славянская пл., 2, Москва, Россия, 109074",0x46b54af6392f65dd:0xa78c1220e0268d3a,ChZDSUhNMG9nS0VJQ0FnSURtOWZLNllBEAE,5.0,2022-02-05T01:33:09Z,2022-02-05T01:33:22Z,4 года назад,,False,Google,https://www.google.com/maps/reviews/data=!4m8!14m7!1m6!2m5!1sChZDSUhNMG9nS0VJQ0FnSURtOWZLNllBEAE!2m1!1s0x0:0xa78c1220e0268d3a!3m1!1s2@1:CIHM0ogKEICAgIDm9fK6YA%7C%7C?hl=ru,2026-09-07T23:54:35.672294+00:00,4,1540
Бар 1929,"Славянская пл., 2, Москва, Россия, 109074",0x46b54af6392f65dd:0xa78c1220e0268d3a,ChdDSUhNMG9nS0VJQ0FnSURtM3Etb2hBRRAB,5.0,2022-01-29T18:28:18Z,2022-01-29T20:51:15Z,4 года назад,"Вадим-самый лучший бармен!!
Очень приятное обслуживание и вкусные коктейли",True,Google,https://www.google.com/maps/reviews/data=!4m8!14m7!1m6!2m5!1sChdDSUhNMG9nS0VJQ0FnSURtM3Etb2hBRRAB!2m1!1s0x0:0xa78c1220e0268d3a!3m1!1s2@1:CIHM0ogKEICAgIDm3q-ohAE%7C%7C?hl=ru,2026-09-07T23:54:35.672323+00:00,4,1540
Бар 1929,"Славянская пл., 2, Москва, Россия, 109074",0x46b54af6392f65dd:0xa78c1220e0268d3a,ChZDSUhNMG9nS0VJQ0FnSURtdnFxWUFREAE,5.0,2022-01-29T19:52:07Z,2022-01-29T19:52:07Z,4 года назад,"Если хотите потрясающие обслуживание и наивкуснейшие коктейли, вам к Вадиму…он ещё и разговор поддержит)))",True,Google,https://www.google.com/maps/reviews/data=!4m8!14m7!1m6!2m5!1sChZDSUhNMG9nS0VJQ0FnSURtdnFxWUFREAE!2m1!1s0x0:0xa78c1220e0268d3a!3m1!1s2@1:CIHM0ogKEICAgIDmvqqYAQ%7C%7C?hl=ru,2026-09-07T23:54:35.672352+00:00,4,1540
Бар 1929,"Славянская пл., 2, Москва, Россия, 109074",0x46b54af6392f65dd:0xa78c1220e0268d3a,ChdDSUhNMG9nS0VJQ0FnSURtaXZtd2t3RRAB,5.0,2022-01-24T17:52:35Z,2022-01-24T17:52:53Z,4 года назад,Рекомендую!!!,True,Google,https://www.google.com/maps/reviews/data=!4m8!14m7!1m6!2m5!1sChdDSUhNMG9nS0VJQ0FnSURtaXZtd2t3RRAB!2m1!1s0x0:0xa78c1220e0268d3a!3m1!1s2@1:CIHM0ogKEICAgIDmivmwkwE%7C%7C?hl=ru,2026-09-07T23:54:35.672382+00:00,4,1540
Бар 1929,"Славянская пл., 2, Москва, Россия, 109074",0x46b54af6392f65dd:0xa78c1220e0268d3a,ChdDSUhNMG9nS0VJQ0FnSURtckxTdDJnRRAB,5.0,2022-01-21T04:59:48Z,2022-01-21T04:59:48Z,4 года назад,,False,Google,https://www.google.com/maps/reviews/data=!4m8!14m7!1m6!2m5!1sChdDSUhNMG9nS0VJQ0FnSURtckxTdDJnRRAB!2m1!1s0x0:0xa78c1220e0268d3a!3m1!1s2@1:CIHM0ogKEICAgIDmrLSt2gE%7C%7C?hl=ru,2026-09-07T23:54:35.672408+00:00,4,1540
Бар 1929,"Славянская пл., 2, Москва, Россия, 109074",0x46b54af6392f65dd:0xa78c1220e0268d3a,ChdDSUhNMG9nS0VJQ0FnSURtbE5pRzVRRRAB,4.0,2022-01-19T16:59:51Z,2022-01-20T09:20:35Z,4 года назад,"Ну что вам сказать...
Дорого, коктейли плохие, алкоголь в них явно не доливают :(
Казалось бы, уже за это стоило снять звезды так 4, но если вы любите бл*дки-колядки так же, как и я, то вы будете возвращаться сюда снова и снова
Супер популярная музыка из 00-х и 10-х в совокупности с работой диджея заслуживает отдельного лайка

UPD: увидел ответ владельца: ""Ясно.""
Меня очень порадовало, что на мой отзыв обратили внимание
Хочу его дополнить комментарием. Говоря о ""бл*дках-колядках"" я не имею ввиду ничего пошлого и вульгарного, в моём случае это танцы с друзьями и наблюдение за разнообразием в поведении гостей сего  заведения. Я всё таки социолог😅

Надеюсь, что Вам, уважаемый владелец, ясно, что персонал по своей воле или по вашему указанию не доливает алкоголь.",True,Google,https://www.google.com/maps/reviews/data=!4m8!14m7!1m6!2m5!1sChdDSUhNMG9nS0VJQ0FnSURtbE5pRzVRRRAB!2m1!1s0x0:0xa78c1220e0268d3a!3m1!1s2@1:CIHM0ogKEICAgIDmlNiG5QE%7C%7C?hl=ru,2026-09-07T23:54:35.672436+00:00,4,1540
Бар 1929,"Славянская пл., 2, Москва, Россия, 109074",0x46b54af6392f65dd:0xa78c1220e0268d3a,ChdDSUhNMG9nS0VJQ0FnSURtNEx6XzRnRRAB,5.0,2022-01-15T18:55:17Z,2022-01-15T18:55:17Z,4 года назад,"Восхитительный бармен, очень приятный молодой человек, сделал настолько вкусные коктейли!!! Всем советую😍",True,Google,https://www.google.com/maps/reviews/data=!4m8!14m7!1m6!2m5!1sChdDSUhNMG9nS0VJQ0FnSURtNEx6XzRnRRAB!2m1!1s0x0:0xa78c1220e0268d3a!3m1!1s2@1:CIHM0ogKEICAgIDm4Lz_4gE%7C%7C?hl=ru,2026-09-07T23:54:35.672482+00:00,4,1540
Бар 1929,"Славянская пл., 2, Москва, Россия, 109074",0x46b54af6392f65dd:0xa78c1220e0268d3a,ChZDSUhNMG9nS0VJQ0FnSUNtOWQzN1VBEAE,5.0,2022-01-05T09:27:26Z,2022-01-05T09:27:26Z,4 года назад,,False,Google,https://www.google.com/maps/reviews/data=!4m8!14m7!1m6!2m5!1sChZDSUhNMG9nS0VJQ0FnSUNtOWQzN1VBEAE!2m1!1s0x0:0xa78c1220e0268d3a!3m1!1s2@1:CIHM0ogKEICAgICm9d37UA%7C%7C?hl=ru,2026-09-07T23:54:35.672513+00:00,4,1540
Бар 1929,"Славянская пл., 2, Москва, Россия, 109074",0x46b54af6392f65dd:0xa78c1220e0268d3a,ChZDSUhNMG9nS0VJQ0FnSUNtbVltVEFREAE,1.0,2022-01-02T18:38:25Z,2022-01-02T18:38:45Z,4 года назад,"Мое любимое место, но охранник очень грубый, я и мои друзья были в субботу, и он не впустил нас, и он очень грубо с нами разговаривал",True,Google,https://www.google.com/maps/reviews/data=!4m8!14m7!1m6!2m5!1sChZDSUhNMG9nS0VJQ0FnSUNtbVltVEFREAE!2m1!1s0x0:0xa78c1220e0268d3a!3m1!1s2@1:CIHM0ogKEICAgICmmYmTAQ%7C%7C?hl=ru,2026-09-07T23:54:36.653115+00:00,4,1540
Бар 1929,"Славянская пл., 2, Москва, Россия, 109074",0x46b54af6392f65dd:0xa78c1220e0268d3a,ChdDSUhNMG9nS0VJQ0FnSUNteWJMc3ZRRRAB,5.0,2022-01-01T20:58:12Z,2022-01-01T20:58:14Z,4 года назад,"Был впервые. Всё понравилось.
Охрана великолепная, бар превосходный,  музыка отличная.",True,Google,https://www.google.com/maps/reviews/data=!4m8!14m7!1m6!2m5!1sChdDSUhNMG9nS0VJQ0FnSUNteWJMc3ZRRRAB!2m1!1s0x0:0xa78c1220e0268d3a!3m1!1s2@1:CIHM0ogKEICAgICmybLsvQE%7C%7C?hl=ru,2026-09-07T23:54:36.653431+00:00,4,1540
Бар 1929,"Славянская пл., 2, Москва, Россия, 109074",0x46b54af6392f65dd:0xa78c1220e0268d3a,ChZDSUhNMG9nS0VJQ0FnSUNtc1l1M0hREAE,1.0,2022-01-01T03:33:06Z,2022-01-01T03:33:06Z,4 года назад,,False,Google,https://www.google.com/maps/reviews/data=!4m8!14m7!1m6!2m5!1sChZDSUhNMG9nS0VJQ0FnSUNtc1l1M0hREAE!2m1!1s0x0:0xa78c1220e0268d3a!3m1!1s2@1:CIHM0ogKEICAgICmsYu3HQ%7C%7C?hl=ru,2026-09-07T23:54:36.653528+00:00,4,1540
Бар 1929,"Славянская пл., 2, Москва, Россия, 109074",0x46b54af6392f65dd:0xa78c1220e0268d3a,ChZDSUhNMG9nS0VJQ0FnSUNtdnFDc1dBEAE,5.0,2021-12-29T20:55:20Z,2021-12-29T20:55:20Z,4 года назад,,False,Google,https://www.google.com/maps/reviews/data=!4m8!14m7!1m6!2m5!1sChZDSUhNMG9nS0VJQ0FnSUNtdnFDc1dBEAE!2m1!1s0x0:0xa78c1220e0268d3a!3m1!1s2@1:CIHM0ogKEICAgICmvqCsWA%7C%7C?hl=ru,2026-09-07T23:54:36.653577+00:00,4,1540
Бар 1929,"Славянская пл., 2, Москва, Россия, 109074",0x46b54af6392f65dd:0xa78c1220e0268d3a,ChdDSUhNMG9nS0VJQ0FnSUNtcnN5TDFBRRAB,3.0,2021-12-29T00:12:01Z,2021-12-29T00:12:01Z,4 года назад,,False,Google,https://www.google.com/maps/reviews/data=!4m8!14m7!1m6!2m5!1sChdDSUhNMG9nS0VJQ0FnSUNtcnN5TDFBRRAB!2m1!1s0x0:0xa78c1220e0268d3a!3m1!1s2@1:CIHM0ogKEICAgICmrsyL1AE%7C%7C?hl=ru,2026-09-07T23:54:36.653616+00:00,4,1540
Бар 1929,"Славянская пл., 2, Москва, Россия, 109074",0x46b54af6392f65dd:0xa78c1220e0268d3a,ChdDSUhNMG9nS0VJQ0FnSUNtenVQbXV3RRAB,2.0,2021-12-28T21:26:47Z,2021-12-28T21:26:47Z,4 года назад,,False,Google,https://www.google.com/maps/reviews/data=!4m8!14m7!1m6!2m5!1sChdDSUhNMG9nS0VJQ0FnSUNtenVQbXV3RRAB!2m1!1s0x0:0xa78c1220e0268d3a!3m1!1s2@1:CIHM0ogKEICAgICmzuPmuwE%7C%7C?hl=ru,2026-09-07T23:54:36.653650+00:00,4,1540
Бар 1929,"Славянская пл., 2, Москва, Россия, 109074",0x46b54af6392f65dd:0xa78c1220e0268d3a,ChZDSUhNMG9nS0VJQ0FnSUNtLXEtd1dBEAE,4.0,2021-12-26T14:43:04Z,2021-12-26T14:43:04Z,4 года назад,,False,Google,https://www.google.com/maps/reviews/data=!4m8!14m7!1m6!2m5!1sChZDSUhNMG9nS0VJQ0FnSUNtLXEtd1dBEAE!2m1!1s0x0:0xa78c1220e0268d3a!3m1!1s2@1:CIHM0ogKEICAgICm-q-wWA%7C%7C?hl=ru,2026-09-07T23:54:36.653680+00:00,4,1540
Бар 1929,"Славянская пл., 2, Москва, Россия, 109074",0x46b54af6392f65dd:0xa78c1220e0268d3a,ChZDSUhNMG9nS0VJQ0FnSUNtd0lMWUpBEAE,1.0,2021-12-14T22:37:32Z,2021-12-14T22:37:32Z,4 года назад,"Не смогла даже попасть в это бар чтобы оценить , на входе попались быдло охранники , без объяснения причинены не пропустили . Я прилично выглядела и была трезвой , адекватно общалась , но меня почему то не впустили . Больше сюда ни ногой!",True,Google,https://www.google.com/maps/reviews/data=!4m8!14m7!1m6!2m5!1sChZDSUhNMG9nS0VJQ0FnSUNtd0lMWUpBEAE!2m1!1s0x0:0xa78c1220e0268d3a!3m1!1s2@1:CIHM0ogKEICAgICmwILYJA%7C%7C?hl=ru,2026-09-07T23:54:36.653730+00:00,4,1540
Бар 1929,"Славянская пл., 2, Москва, Россия, 109074",0x46b54af6392f65dd:0xa78c1220e0268d3a,ChZDSUhNMG9nS0VJQ0FnSURHamVlSmFnEAE,5.0,2021-12-05T22:42:37Z,2021-12-05T22:42:37Z,4 года назад,,False,Google,https://www.google.com/maps/reviews/data=!4m8!14m7!1m6!2m5!1sChZDSUhNMG9nS0VJQ0FnSURHamVlSmFnEAE!2m1!1s0x0:0xa78c1220e0268d3a!3m1!1s2@1:CIHM0ogKEICAgIDGjeeJag%7C%7C?hl=ru,2026-09-07T23:54:36.653832+00:00,4,1540
Бар 1929,"Славянская пл., 2, Москва, Россия, 109074",0x46b54af6392f65dd:0xa78c1220e0268d3a,ChdDSUhNMG9nS0VJQ0FnSURHamFUdTh3RRAB,3.0,2021-12-05T18:17:13Z,2021-12-05T18:17:13Z,4 года назад,,False,Google,https://www.google.com/maps/reviews/data=!4m8!14m7!1m6!2m5!1sChdDSUhNMG9nS0VJQ0FnSURHamFUdTh3RRAB!2m1!1s0x0:0xa78c1220e0268d3a!3m1!1s2@1:CIHM0ogKEICAgIDGjaTu8wE%7C%7C?hl=ru,2026-09-07T23:54:36.653876+00:00,4,1540
Бар 1929,"Славянская пл., 2, Москва, Россия, 109074",0x46b54af6392f65dd:0xa78c1220e0268d3a,ChdDSUhNMG9nS0VJQ0FnSURHMVp5ZXF3RRAB,1.0,2021-12-05T00:47:25Z,2021-12-05T00:47:34Z,4 года назад,"Рад, что на отзывы отвечает руководство. Интересно, как ответят на сей раз. Система проста как мартовский день. Гость забывает какую-либо ценную вещь в куртке при сдаче в гардеробе, данная вещь оказывается у двух взрослых мужчин кавказской национальности, которые требуют выкуп за данную вещь, как в комментарии про перцовые балоны и их выкуп, в случае какого-то несогласия, всё переходит в руки трудоусроенных лиц, тобишь секьюрити или охраны. Тебя выводят без права на вход, дай бог дадут забрать вещи в виде куртки. Причастность к данному отрицают, неправомерно применяют физ.силу. В общем, дополнительный заработок в виде продажи тебе твоих же вещей имеется, ответ руководства, мол ты можешь оставить это дома-детский лепет, в виде попытки прикрыть данное нарушение.",True,Google,https://www.google.com/maps/reviews/data=!4m8!14m7!1m6!2m5!1sChdDSUhNMG9nS0VJQ0FnSURHMVp5ZXF3RRAB!2m1!1s0x0:0xa78c1220e0268d3a!3m1!1s2@1:CIHM0ogKEICAgIDG1ZyeqwE%7C%7C?hl=ru,2026-09-07T23:54:36.653913+00:00,4,1540
Бар 1929,"Славянская пл., 2, Москва, Россия, 109074",0x46b54af6392f65dd:0xa78c1220e0268d3a,ChdDSUhNMG9nS0VJQ0FnSURHeGRTRXZRRRAB,2.0,2021-12-03T23:45:56Z,2021-12-03T23:45:56Z,4 года назад,,False,Google,https://www.google.com/maps/reviews/data=!4m8!14m7!1m6!2m5!1sChdDSUhNMG9nS0VJQ0FnSURHeGRTRXZRRRAB!2m1!1s0x0:0xa78c1220e0268d3a!3m1!1s2@1:CIHM0ogKEICAgIDGxdSEvQE%7C%7C?hl=ru,2026-09-07T23:54:36.653983+00:00,4,1540
Бар 1929,"Славянская пл., 2, Москва, Россия, 109074",0x46b54af6392f65dd:0xa78c1220e0268d3a,ChZDSUhNMG9nS0VJQ0FnSURHaVktMlF3EAE,1.0,2021-12-02T00:14:19Z,2021-12-02T00:14:19Z,4 года назад,"I went to this bar with some friends and the lady at the door tried to scam us. It's a shame, we were happy and willing to pay, but they treat us very bad. Terrible experience, never come back again.",True,Google,https://www.google.com/maps/reviews/data=!4m8!14m7!1m6!2m5!1sChZDSUhNMG9nS0VJQ0FnSURHaVktMlF3EAE!2m1!1s0x0:0xa78c1220e0268d3a!3m1!1s2@1:CIHM0ogKEICAgIDGiY-2Qw%7C%7C?hl=ru,2026-09-07T23:54:36.654016+00:00,4,1540
Бар 1929,"Славянская пл., 2, Москва, Россия, 109074",0x46b54af6392f65dd:0xa78c1220e0268d3a,ChdDSUhNMG9nS0VJQ0FnSURHNFpuMmp3RRAB,3.0,2021-11-30T17:55:31Z,2021-11-30T17:55:32Z,4 года назад,"Так себе... И еда... Хочешь просто выпить, наверное сюда.",True,Google,https://www.google.com/maps/reviews/data=!4m8!14m7!1m6!2m5!1sChdDSUhNMG9nS0VJQ0FnSURHNFpuMmp3RRAB!2m1!1s0x0:0xa78c1220e0268d3a!3m1!1s2@1:CIHM0ogKEICAgIDG4Zn2jwE%7C%7C?hl=ru,2026-09-07T23:54:36.654052+00:00,4,1540
Бар 1929,"Славянская пл., 2, Москва, Россия, 109074",0x46b54af6392f65dd:0xa78c1220e0268d3a,ChdDSUhNMG9nS0VJQ0FnSURHcm9mWG1BRRAB,5.0,2021-11-28T17:24:38Z,2021-11-28T17:24:38Z,4 года назад,"Крутейший бар/клуб, одни позитивные эмоции",True,Google,https://www.google.com/maps/reviews/data=!4m8!14m7!1m6!2m5!1sChdDSUhNMG9nS0VJQ0FnSURHcm9mWG1BRRAB!2m1!1s0x0:0xa78c1220e0268d3a!3m1!1s2@1:CIHM0ogKEICAgIDGrofXmAE%7C%7C?hl=ru,2026-09-07T23:54:36.654084+00:00,4,1540
Бар 1929,"Славянская пл., 2, Москва, Россия, 109074",0x46b54af6392f65dd:0xa78c1220e0268d3a,ChZDSUhNMG9nS0VJQ0FnSURHdHJlOERREAE,5.0,2021-11-27T16:33:38Z,2021-11-27T16:33:38Z,4 года назад,,False,Google,https://www.google.com/maps/reviews/data=!4m8!14m7!1m6!2m5!1sChZDSUhNMG9nS0VJQ0FnSURHdHJlOERREAE!2m1!1s0x0:0xa78c1220e0268d3a!3m1!1s2@1:CIHM0ogKEICAgIDGtre8DQ%7C%7C?hl=ru,2026-09-07T23:54:36.654114+00:00,4,1540
Бар 1929,"Славянская пл., 2, Москва, Россия, 109074",0x46b54af6392f65dd:0xa78c1220e0268d3a,ChdDSUhNMG9nS0VJQ0FnSURHb3ZudHJ3RRAB,5.0,2021-11-22T16:55:59Z,2021-11-22T16:55:59Z,4 года назад,"Отличное место, очень вкусная еда, персонал очень вежлив, все отдаётся быстро
Остались хорошие впечатления, обязательно придём ещё !",True,Google,https://www.google.com/maps/reviews/data=!4m8!14m7!1m6!2m5!1sChdDSUhNMG9nS0VJQ0FnSURHb3ZudHJ3RRAB!2m1!1s0x0:0xa78c1220e0268d3a!3m1!1s2@1:CIHM0ogKEICAgIDGovntrwE%7C%7C?hl=ru,2026-09-07T23:54:36.654172+00:00,4,1540
Бар 1929,"Славянская пл., 2, Москва, Россия, 109074",0x46b54af6392f65dd:0xa78c1220e0268d3a,ChdDSUhNMG9nS0VJQ0FnSURHdk5xbm5RRRAB,5.0,2021-11-21T16:26:17Z,2021-11-21T16:26:17Z,4 года назад,,False,Google,https://www.google.com/maps/reviews/data=!4m8!14m7!1m6!2m5!1sChdDSUhNMG9nS0VJQ0FnSURHdk5xbm5RRRAB!2m1!1s0x0:0xa78c1220e0268d3a!3m1!1s2@1:CIHM0ogKEICAgIDGvNqnnQE%7C%7C?hl=ru,2026-09-07T23:54:36.654202+00:00,4,1540
Бар 1929,"Славянская пл., 2, Москва, Россия, 109074",0x46b54af6392f65dd:0xa78c1220e0268d3a,ChdDSUhNMG9nS0VJQ0FnSURHckx2eWdRRRAB,5.0,2021-11-20T19:14:22Z,2021-11-20T19:14:22Z,4 года назад,,False,Google,https://www.google.com/maps/reviews/data=!4m8!14m7!1m6!2m5!1sChdDSUhNMG9nS0VJQ0FnSURHckx2eWdRRRAB!2m1!1s0x0:0xa78c1220e0268d3a!3m1!1s2@1:CIHM0ogKEICAgIDGrLvygQE%7C%7C?hl=ru,2026-09-07T23:54:36.654228+00:00,4,1540
Бар 1929,"Славянская пл., 2, Москва, Россия, 109074",0x46b54af6392f65dd:0xa78c1220e0268d3a,ChZDSUhNMG9nS0VJQ0FnSURHaU5xOEZ3EAE,5.0,2021-11-16T12:32:26Z,2021-11-16T12:32:26Z,4 года назад,Музыка топ,True,Google,https://www.google.com/maps/reviews/data=!4m8!14m7!1m6!2m5!1sChZDSUhNMG9nS0VJQ0FnSURHaU5xOEZ3EAE!2m1!1s0x0:0xa78c1220e0268d3a!3m1!1s2@1:CIHM0ogKEICAgIDGiNq8Fw%7C%7C?hl=ru,2026-09-07T23:54:36.654254+00:00,4,1540
DeFAQto,"ул. Большая Лубянка, 30/2, Москва, Россия, 107045",0x46b54a67b57e292d:0x52dd3e2c7b133997,Ci9DQUlRQUNvZENodHljRjlvT2prNWJGWnZWVmxPYTNFd2JXRk9Va04xWW1Nd1dYYxAB,5.0,2026-01-08T18:46:12Z,2026-01-08T18:46:12Z,7 месяцев назад,,False,Google,https://www.google.com/maps/reviews/data=!4m8!14m7!1m6!2m5!1sCi9DQUlRQUNvZENodHljRjlvT2prNWJGWnZWVmxPYTNFd2JXRk9Va04xWW1Nd1dYYxAB!2m1!1s0x0:0x52dd3e2c7b133997!3m1!1s2@1:CAIQACodChtycF9oOjk5bFZvVVlOa3EwbWFOUkN1YmMwWXc%7C%7C?hl=ru,2026-09-07T23:54:37.086884+00:00,4.6,1058
DeFAQto,"ул. Большая Лубянка, 30/2, Москва, Россия, 107045",0x46b54a67b57e292d:0x52dd3e2c7b133997,Ci9DQUlRQUNvZENodHljRjlvT21SaFRqVTRXV1JOV1dRNU1qVk9jRlV4ZEdWemVIYxAB,5.0,2025-11-16T17:58:49Z,2025-11-16T17:58:49Z,9 месяцев назад,Бармен делает очень хорошую маргариту! Рекомендую!,True,Google,https://www.google.com/maps/reviews/data=!4m8!14m7!1m6!2m5!1sCi9DQUlRQUNvZENodHljRjlvT21SaFRqVTRXV1JOV1dRNU1qVk9jRlV4ZEdWemVIYxAB!2m1!1s0x0:0x52dd3e2c7b133997!3m1!1s2@1:CAIQACodChtycF9oOmRhTjU4WWRNWWQ5MjVOcFUxdGVzeHc%7C%7C?hl=ru,2026-09-07T23:54:37.087096+00:00,4.6,1058
DeFAQto,"ул. Большая Лубянка, 30/2, Москва, Россия, 107045",0x46b54a67b57e292d:0x52dd3e2c7b133997,Ci9DQUlRQUNvZENodHljRjlvT2pFMVUyNUpNbGMxZEZoQlMyOHpWVUY1UzBsSmJrRRAB,4.0,2025-10-03T11:58:59Z,2025-10-03T11:58:59Z,11 месяцев назад,"fun place, music’s good, drinks a bit pricey but expected. atmosphere is lively, lots of people on weekends.
sometimes hard to get a table, but overall had a great night.",True,Google,https://www.google.com/maps/reviews/data=!4m8!14m7!1m6!2m5!1sCi9DQUlRQUNvZENodHljRjlvT2pFMVUyNUpNbGMxZEZoQlMyOHpWVUY1UzBsSmJrRRAB!2m1!1s0x0:0x52dd3e2c7b133997!3m1!1s2@1:CAIQACodChtycF9oOjE1U25JMlc1dFhBS28zVUF5S0lJbkE%7C%7C?hl=ru,2026-09-07T23:54:37.087157+00:00,4.6,1058
DeFAQto,"ул. Большая Лубянка, 30/2, Москва, Россия, 107045",0x46b54a67b57e292d:0x52dd3e2c7b133997,Ci9DQUlRQUNvZENodHljRjlvT21kZldrOVpUMmx0Ym1GUFJWcDRkSFowUjBSbVkyYxAB,5.0,2025-09-22T10:45:59Z,2025-09-22T10:45:59Z,11 месяцев назад,Любимое место!,True,Google,https://www.google.com/maps/reviews/data=!4m8!14m7!1m6!2m5!1sCi9DQUlRQUNvZENodHljRjlvT21kZldrOVpUMmx0Ym1GUFJWcDRkSFowUjBSbVkyYxAB!2m1!1s0x0:0x52dd3e2c7b133997!3m1!1s2@1:CAIQACodChtycF9oOmdfWk9ZT2ltbmFPRVp4dHZ0R0RmY2c%7C%7C?hl=ru,2026-09-07T23:54:37.087197+00:00,4.6,1058
DeFAQto,"ул. Большая Лубянка, 30/2, Москва, Россия, 107045",0x46b54a67b57e292d:0x52dd3e2c7b133997,Ci9DQUlRQUNvZENodHljRjlvT2xkZlZsTTRWRlJ5WVZCQ2RHbFpiRU5JWVhjd1pXYxAB,5.0,2025-08-11T13:25:07Z,2025-08-11T13:25:07Z,год назад,Лучший ночной клуб в Москве в котором я бывал,True,Google,https://www.google.com/maps/reviews/data=!4m8!14m7!1m6!2m5!1sCi9DQUlRQUNvZENodHljRjlvT2xkZlZsTTRWRlJ5WVZCQ2RHbFpiRU5JWVhjd1pXYxAB!2m1!1s0x0:0x52dd3e2c7b133997!3m1!1s2@1:CAIQACodChtycF9oOldfVlM4VFRyYVBCdGlZbENIYXcwZWc%7C%7C?hl=ru,2026-09-07T23:54:37.087230+00:00,4.6,1058
DeFAQto,"ул. Большая Лубянка, 30/2, Москва, Россия, 107045",0x46b54a67b57e292d:0x52dd3e2c7b133997,Ci9DQUlRQUNvZENodHljRjlvT25RMU5tVTFWa3A0U0VGak5uUnlMWHAyV1RoTldIYxAB,5.0,2025-08-11T10:12:59Z,2025-08-11T10:12:59Z,год назад,Всë на высшем уровне нам понравилось советую,True,Google,https://www.google.com/maps/reviews/data=!4m8!14m7!1m6!2m5!1sCi9DQUlRQUNvZENodHljRjlvT25RMU5tVTFWa3A0U0VGak5uUnlMWHAyV1RoTldIYxAB!2m1!1s0x0:0x52dd3e2c7b133997!3m1!1s2@1:CAIQACodChtycF9oOnQ1NmU1Vkp4SEFjNnRyLXp2WThNWHc%7C%7C?hl=ru,2026-09-07T23:54:37.087262+00:00,4.6,1058
DeFAQto,"ул. Большая Лубянка, 30/2, Москва, Россия, 107045",0x46b54a67b57e292d:0x52dd3e2c7b133997,Ci9DQUlRQUNvZENodHljRjlvT2xneVZITTBXbFpsYXpaWlJrTjNVbTF3Y2tGQ2QxRRAB,5.0,2025-07-15T12:59:33Z,2025-07-15T12:59:33Z,год назад,хороший,True,Google,https://www.google.com/maps/reviews/data=!4m8!14m7!1m6!2m5!1sCi9DQUlRQUNvZENodHljRjlvT2xneVZITTBXbFpsYXpaWlJrTjNVbTF3Y2tGQ2QxRRAB!2m1!1s0x0:0x52dd3e2c7b133997!3m1!1s2@1:CAIQACodChtycF9oOlgyVHM0WlZlazZZRkN3Um1wckFCd1E%7C%7C?hl=ru,2026-09-07T23:54:37.087290+00:00,4.6,1058
DeFAQto,"ул. Большая Лубянка, 30/2, Москва, Россия, 107045",0x46b54a67b57e292d:0x52dd3e2c7b133997,Ci9DQUlRQUNvZENodHljRjlvT2s1bU5XaE1NRTFvV0hVeE5WWjRWM0JuUTB0VE1GRRAB,5.0,2025-07-02T10:24:22Z,2025-07-02T10:24:22Z,год назад,Отличное атмосферное заведение,True,Google,https://www.google.com/maps/reviews/data=!4m8!14m7!1m6!2m5!1sCi9DQUlRQUNvZENodHljRjlvT2s1bU5XaE1NRTFvV0hVeE5WWjRWM0JuUTB0VE1GRRAB!2m1!1s0x0:0x52dd3e2c7b133997!3m1!1s2@1:CAIQACodChtycF9oOk5mNWhMME1oWHUxNVZ4V3BnQ0tTMFE%7C%7C?hl=ru,2026-09-07T23:54:37.087318+00:00,4.6,1058
DeFAQto,"ул. Большая Лубянка, 30/2, Москва, Россия, 107045",0x46b54a67b57e292d:0x52dd3e2c7b133997,Ci9DQUlRQUNvZENodHljRjlvT2tWaFdEVnpWVXhwTTBZeWRFRkJiR05sTjBwRVEzYxAB,5.0,2025-06-30T13:10:56Z,2025-06-30T13:10:56Z,год назад,"Хороший ночной клуб,все хорошо,еда вкусная,персонал добрый!",True,Google,https://www.google.com/maps/reviews/data=!4m8!14m7!1m6!2m5!1sCi9DQUlRQUNvZENodHljRjlvT2tWaFdEVnpWVXhwTTBZeWRFRkJiR05sTjBwRVEzYxAB!2m1!1s0x0:0x52dd3e2c7b133997!3m1!1s2@1:CAIQACodChtycF9oOkVhWDVzVUxpM0YydEFBbGNlN0pEQ3c%7C%7C?hl=ru,2026-09-07T23:54:37.310989+00:00,4.6,1058
DeFAQto,"ул. Большая Лубянка, 30/2, Москва, Россия, 107045",0x46b54a67b57e292d:0x52dd3e2c7b133997,Ci9DQUlRQUNvZENodHljRjlvT201WU9YaHZkbWhCU3pCNVZVbGhZM0ZmVjFVd1gzYxAB,5.0,2025-06-28T16:42:58Z,2025-06-28T16:42:58Z,год назад,"Прекрасный ночной клуб, музыка, сервис на высшем уровне, буду рекомендовать близким и друзьям",True,Google,https://www.google.com/maps/reviews/data=!4m8!14m7!1m6!2m5!1sCi9DQUlRQUNvZENodHljRjlvT201WU9YaHZkbWhCU3pCNVZVbGhZM0ZmVjFVd1gzYxAB!2m1!1s0x0:0x52dd3e2c7b133997!3m1!1s2@1:CAIQACodChtycF9oOm5YOXhvdmhBSzB5VUlhY3FfV1UwX3c%7C%7C?hl=ru,2026-09-07T23:54:37.311209+00:00,4.6,1058
DeFAQto,"ул. Большая Лубянка, 30/2, Москва, Россия, 107045",0x46b54a67b57e292d:0x52dd3e2c7b133997,Ci9DQUlRQUNvZENodHljRjlvT2xwS1VWWkJNelZYU1ZwbGQwaEZjVXh0ZVhOSlUwRRAB,5.0,2025-06-23T10:47:29Z,2025-06-23T10:47:29Z,год назад,"После посещения этого клуба остались хорошие и только положительные впечатления. Атмосфера - яркая и весёлая, зажигательная и подвижная музыка. Официанты - доброжелательные, быстро реагирует на заказы и недлительное время ожидания. Еда и напитки были не только вкусными, но и красиво украшенными. Мне всё понравилось и я осталась довольна, обязательно порекомендую этот клуб своим друзьям.",True,Google,https://www.google.com/maps/reviews/data=!4m8!14m7!1m6!2m5!1sCi9DQUlRQUNvZENodHljRjlvT2xwS1VWWkJNelZYU1ZwbGQwaEZjVXh0ZVhOSlUwRRAB!2m1!1s0x0:0x52dd3e2c7b133997!3m1!1s2@1:CAIQACodChtycF9oOlpKUVZBMzVXSVpld0hFcUxteXNJU0E%7C%7C?hl=ru,2026-09-07T23:54:37.311271+00:00,4.6,1058
DeFAQto,"ул. Большая Лубянка, 30/2, Москва, Россия, 107045",0x46b54a67b57e292d:0x52dd3e2c7b133997,Ci9DQUlRQUNvZENodHljRjlvT2xGdmFqTmZVelJuWlZaQ01FSTFWSFpLYTNWMWMzYxAB,5.0,2025-06-18T10:20:04Z,2025-06-18T10:20:04Z,год назад,"Очень хороший бар, можно посидеть с девушкой выпить коктели, потанцевать, рекомендую.",True,Google,https://www.google.com/maps/reviews/data=!4m8!14m7!1m6!2m5!1sCi9DQUlRQUNvZENodHljRjlvT2xGdmFqTmZVelJuWlZaQ01FSTFWSFpLYTNWMWMzYxAB!2m1!1s0x0:0x52dd3e2c7b133997!3m1!1s2@1:CAIQACodChtycF9oOlFvajNfUzRnZVZCMEI1VHZKa3V1c3c%7C%7C?hl=ru,2026-09-07T23:54:37.311325+00:00,4.6,1058
DeFAQto,"ул. Большая Лубянка, 30/2, Москва, Россия, 107045",0x46b54a67b57e292d:0x52dd3e2c7b133997,Ci9DQUlRQUNvZENodHljRjlvT2psVFdEZElVMEk0TW5aSlVGSjZZVkZaYlV0c1luYxAB,5.0,2025-06-13T10:00:27Z,2025-06-13T10:00:27Z,год назад,"Мне кажется, клуб Супер чтобы посидеть с друзьями и повеселиться!",True,Google,https://www.google.com/maps/reviews/data=!4m8!14m7!1m6!2m5!1sCi9DQUlRQUNvZENodHljRjlvT2psVFdEZElVMEk0TW5aSlVGSjZZVkZaYlV0c1luYxAB!2m1!1s0x0:0x52dd3e2c7b133997!3m1!1s2@1:CAIQACodChtycF9oOjlTWDdIU0I4MnZJUFJ6YVFZbUtsYnc%7C%7C?hl=ru,2026-09-07T23:54:37.311362+00:00,4.6,1058
DeFAQto,"ул. Большая Лубянка, 30/2, Москва, Россия, 107045",0x46b54a67b57e292d:0x52dd3e2c7b133997,ChZDSUhNMG9nS0VNTEpvNmVhcmJ5QUpnEAE,5.0,2025-06-07T14:43:39Z,2025-06-07T14:43:39Z,год назад,Мне все понравилось,True,Google,https://www.google.com/maps/reviews/data=!4m8!14m7!1m6!2m5!1sChZDSUhNMG9nS0VNTEpvNmVhcmJ5QUpnEAE!2m1!1s0x0:0x52dd3e2c7b133997!3m1!1s2@1:CIHM0ogKEMLJo6earbyAJg%7C%7C?hl=ru,2026-09-07T23:54:37.311396+00:00,4.6,1058
DeFAQto,"ул. Большая Лубянка, 30/2, Москва, Россия, 107045",0x46b54a67b57e292d:0x52dd3e2c7b133997,ChZDSUhNMG9nS0VQaU90NVdtZ1lPb1l3EAE,5.0,2025-05-22T12:27:10Z,2025-05-22T12:27:10Z,год назад,,False,Google,https://www.google.com/maps/reviews/data=!4m8!14m7!1m6!2m5!1sChZDSUhNMG9nS0VQaU90NVdtZ1lPb1l3EAE!2m1!1s0x0:0x52dd3e2c7b133997!3m1!1s2@1:CIHM0ogKEPiOt5WmgYOoYw%7C%7C?hl=ru,2026-09-07T23:54:37.311426+00:00,4.6,1058
DeFAQto,"ул. Большая Лубянка, 30/2, Москва, Россия, 107045",0x46b54a67b57e292d:0x52dd3e2c7b133997,ChdDSUhNMG9nS0VJQ0FnTUNZNXJiX193RRAB,4.0,2025-05-04T01:44:09Z,2025-05-04T01:44:09Z,год назад,"Сегодня поселили с товарищем бар DeFAQto на Чистых прудах в Москве .Вход бесплатный .До 0:30 выступала группа .Пела известные песни.Потом началась дискотека.Места для танцев совсем мало .Женщин и мужчин было примерно поровну.Возраст публики разный .Музыкальные треки меняли каждые 30 секунд .Временами публика двигалась достаточно энергично и эмоционально.Танцевали в основном женщины.Я немножко подвигался у входа ,чем привлек внимание некоторых женщин .Одна из них направила телефон как бы на свою подругу за столом ,но самом деле решила меня поснимать )После дискотеки ,на улице у клуба подошел к трем посетительницам данного заведения и начал читать стихотворение в немного измененном формате :»Скажите дамы ,ведь недаром ,
Москва ,спаленная пожаром ,
Французам отдана была ?»

К моему удивлению,они знали продолжение стихотворения и начали мне его зачитывать )
Правда номер телефона или координаты в соцсетях не оставили )",True,Google,https://www.google.com/maps/reviews/data=!4m8!14m7!1m6!2m5!1sChdDSUhNMG9nS0VJQ0FnTUNZNXJiX193RRAB!2m1!1s0x0:0x52dd3e2c7b133997!3m1!1s2@1:CIHM0ogKEICAgMCY5rb__wE%7C%7C?hl=ru,2026-09-07T23:54:37.311454+00:00,4.6,1058
DeFAQto,"ул. Большая Лубянка, 30/2, Москва, Россия, 107045",0x46b54a67b57e292d:0x52dd3e2c7b133997,ChdDSUhNMG9nS0VJQ0FnTUR3MUk3SWtnRRAB,5.0,2025-03-23T21:35:26Z,2025-03-23T21:35:26Z,год назад,,False,Google,https://www.google.com/maps/reviews/data=!4m8!14m7!1m6!2m5!1sChdDSUhNMG9nS0VJQ0FnTUR3MUk3SWtnRRAB!2m1!1s0x0:0x52dd3e2c7b133997!3m1!1s2@1:CIHM0ogKEICAgMDw1I7IkgE%7C%7C?hl=ru,2026-09-07T23:54:37.311526+00:00,4.6,1058
DeFAQto,"ул. Большая Лубянка, 30/2, Москва, Россия, 107045",0x46b54a67b57e292d:0x52dd3e2c7b133997,ChdDSUhNMG9nS0VJQ0FnTURBaHVLcXFnRRAB,5.0,2025-02-08T13:03:03Z,2025-02-08T13:03:03Z,год назад,Amazing place with nice and warm people,True,Google,https://www.google.com/maps/reviews/data=!4m8!14m7!1m6!2m5!1sChdDSUhNMG9nS0VJQ0FnTURBaHVLcXFnRRAB!2m1!1s0x0:0x52dd3e2c7b133997!3m1!1s2@1:CIHM0ogKEICAgMDAhuKqqgE%7C%7C?hl=ru,2026-09-07T23:54:37.311557+00:00,4.6,1058
DeFAQto,"ул. Большая Лубянка, 30/2, Москва, Россия, 107045",0x46b54a67b57e292d:0x52dd3e2c7b133997,ChdDSUhNMG9nS0VJQ0FnSURIdXBLTzNBRRAB,2.0,2024-09-15T01:58:55Z,2024-09-15T01:58:55Z,год назад,"Смешно , что посредственный “фейс контроль”  решил вдруг не впускать людей, имеющих лишь аксессуары на годовую их зарплату. Отдыхаем в других местах просто и легко для всех, решили зайти по температуре отдыха в это заведение - имеем только негатив полностью , еще и поставить личную машину с проблемой, с таким сервисом вам долго ждать высокие чеки",True,Google,https://www.google.com/maps/reviews/data=!4m8!14m7!1m6!2m5!1sChdDSUhNMG9nS0VJQ0FnSURIdXBLTzNBRRAB!2m1!1s0x0:0x52dd3e2c7b133997!3m1!1s2@1:CIHM0ogKEICAgIDHupKO3AE%7C%7C?hl=ru,2026-09-07T23:54:37.311589+00:00,4.6,1058
DeFAQto,"ул. Большая Лубянка, 30/2, Москва, Россия, 107045",0x46b54a67b57e292d:0x52dd3e2c7b133997,ChdDSUhNMG9nS0VJQ0FnSUM5azlEUmh3RRAB,1.0,2024-03-09T08:25:26Z,2024-03-09T08:25:26Z,2 года назад,Еда и музыка отличные! Одна звезда за хамское поведение охраны. В заведении в центре Москвы считаю такое поведение охраны неприемлемым.,True,Google,https://www.google.com/maps/reviews/data=!4m8!14m7!1m6!2m5!1sChdDSUhNMG9nS0VJQ0FnSUM5azlEUmh3RRAB!2m1!1s0x0:0x52dd3e2c7b133997!3m1!1s2@1:CIHM0ogKEICAgIC9k9DRhwE%7C%7C?hl=ru,2026-09-07T23:54:37.311625+00:00,4.6,1058
DeFAQto,"ул. Большая Лубянка, 30/2, Москва, Россия, 107045",0x46b54a67b57e292d:0x52dd3e2c7b133997,ChZDSUhNMG9nS0VJQ0FnSUM5dzdUcVJnEAE,1.0,2024-03-09T01:21:03Z,2024-03-09T01:21:03Z,2 года назад,"Место в целом не плохое, но охрана быдлятина полнейшее. Если вы хотите по танцевать, то это не сюда. Настоятельно не рекомендуем данное заведение.
Персонал 5+
Охрана 1

Спасибо за испорченый праздник👍",True,Google,https://www.google.com/maps/reviews/data=!4m8!14m7!1m6!2m5!1sChZDSUhNMG9nS0VJQ0FnSUM5dzdUcVJnEAE!2m1!1s0x0:0x52dd3e2c7b133997!3m1!1s2@1:CIHM0ogKEICAgIC9w7TqRg%7C%7C?hl=ru,2026-09-07T23:54:37.311655+00:00,4.6,1058
DeFAQto,"ул. Большая Лубянка, 30/2, Москва, Россия, 107045",0x46b54a67b57e292d:0x52dd3e2c7b133997,ChdDSUhNMG9nS0VJQ0FnSUM5Z19fSmlBRRAB,1.0,2024-03-09T00:53:18Z,2024-03-09T00:53:22Z,2 года назад,"Отвратительное место, охрана ни за что не отвечает, нет ни камер хранения, ни адекватного поведение персонала охраны. Украли подарочную бутылку, заставили оставить её на входе вместо того чтобы убрать в сохранное место. Охрана хамит и повышает голос. Места в клубе мало, невозможно танцевать, все натыканы как селёдки в бочке. Самое худшее место в Москве. Никому не рекомендую",True,Google,https://www.google.com/maps/reviews/data=!4m8!14m7!1m6!2m5!1sChdDSUhNMG9nS0VJQ0FnSUM5Z19fSmlBRRAB!2m1!1s0x0:0x52dd3e2c7b133997!3m1!1s2@1:CIHM0ogKEICAgIC9g__JiAE%7C%7C?hl=ru,2026-09-07T23:54:37.311690+00:00,4.6,1058
DeFAQto,"ул. Большая Лубянка, 30/2, Москва, Россия, 107045",0x46b54a67b57e292d:0x52dd3e2c7b133997,ChdDSUhNMG9nS0VJQ0FnSUM5aE0tanVRRRAB,5.0,2024-03-02T03:31:27Z,2024-03-02T03:31:27Z,2 года назад,"Охрана супер!  Очень бдительны!
Молодцы!",True,Google,https://www.google.com/maps/reviews/data=!4m8!14m7!1m6!2m5!1sChdDSUhNMG9nS0VJQ0FnSUM5aE0tanVRRRAB!2m1!1s0x0:0x52dd3e2c7b133997!3m1!1s2@1:CIHM0ogKEICAgIC9hM-juQE%7C%7C?hl=ru,2026-09-07T23:54:37.311726+00:00,4.6,1058
DeFAQto,"ул. Большая Лубянка, 30/2, Москва, Россия, 107045",0x46b54a67b57e292d:0x52dd3e2c7b133997,ChZDSUhNMG9nS0VJQ0FnSURWbGE2SE53EAE,4.0,2023-12-14T12:18:44Z,2023-12-14T12:18:57Z,2 года назад,"Достаточно хорошие бизнес ланчи. В соотношении цена-качество, бизнес ланч очень хорош. Вкусный немецкий суп. Помещение уставшее и рошарпанное, наверное это в стилистике данного заведения.",True,Google,https://www.google.com/maps/reviews/data=!4m8!14m7!1m6!2m5!1sChZDSUhNMG9nS0VJQ0FnSURWbGE2SE53EAE!2m1!1s0x0:0x52dd3e2c7b133997!3m1!1s2@1:CIHM0ogKEICAgIDVla6HNw%7C%7C?hl=ru,2026-09-07T23:54:37.311754+00:00,4.6,1058
DeFAQto,"ул. Большая Лубянка, 30/2, Москва, Россия, 107045",0x46b54a67b57e292d:0x52dd3e2c7b133997,ChZDSUhNMG9nS0VJQ0FnSUNGLWFibFh3EAE,5.0,2023-10-29T15:07:22Z,2023-10-29T15:07:22Z,2 года назад,,False,Google,https://www.google.com/maps/reviews/data=!4m8!14m7!1m6!2m5!1sChZDSUhNMG9nS0VJQ0FnSUNGLWFibFh3EAE!2m1!1s0x0:0x52dd3e2c7b133997!3m1!1s2@1:CIHM0ogKEICAgICF-ablXw%7C%7C?hl=ru,2026-09-07T23:54:37.311785+00:00,4.6,1058
DeFAQto,"ул. Большая Лубянка, 30/2, Москва, Россия, 107045",0x46b54a67b57e292d:0x52dd3e2c7b133997,ChdDSUhNMG9nS0VJQ0FnSURwNHRxcjNRRRAB,5.0,2023-08-18T20:38:03Z,2023-08-18T20:38:03Z,3 года назад,"Потрясающая атмосфера. Заводные бармены. Отличный звук и атмосфера.
Рекомендую всем и каждому! 😜",True,Google,https://www.google.com/maps/reviews/data=!4m8!14m7!1m6!2m5!1sChdDSUhNMG9nS0VJQ0FnSURwNHRxcjNRRRAB!2m1!1s0x0:0x52dd3e2c7b133997!3m1!1s2@1:CIHM0ogKEICAgIDp4tqr3QE%7C%7C?hl=ru,2026-09-07T23:54:37.311811+00:00,4.6,1058
DeFAQto,"ул. Большая Лубянка, 30/2, Москва, Россия, 107045",0x46b54a67b57e292d:0x52dd3e2c7b133997,ChdDSUhNMG9nS0VJQ0FnSUN4NGJ1Z21BRRAB,5.0,2023-05-19T13:57:29Z,2023-05-19T13:57:29Z,3 года назад,"Дефакто one love! Супер место, живая музыка, цены",True,Google,https://www.google.com/maps/reviews/data=!4m8!14m7!1m6!2m5!1sChdDSUhNMG9nS0VJQ0FnSUN4NGJ1Z21BRRAB!2m1!1s0x0:0x52dd3e2c7b133997!3m1!1s2@1:CIHM0ogKEICAgICx4bugmAE%7C%7C?hl=ru,2026-09-07T23:54:37.311841+00:00,4.6,1058
DeFAQto,"ул. Большая Лубянка, 30/2, Москва, Россия, 107045",0x46b54a67b57e292d:0x52dd3e2c7b133997,ChdDSUhNMG9nS0VJQ0FnSUN5NWZLTXhnRRAB,5.0,2021-02-07T00:53:47Z,2022-02-26T13:07:11Z,Изменено 4 года назад,Моё любимое место... всегда озорно и задорно😅 Когда приезжаю в Москву обязательно сюда захожу💜,True,Google,https://www.google.com/maps/reviews/data=!4m8!14m7!1m6!2m5!1sChdDSUhNMG9nS0VJQ0FnSUN5NWZLTXhnRRAB!2m1!1s0x0:0x52dd3e2c7b133997!3m1!1s2@1:CIHM0ogKEICAgICy5fKMxgE%7C%7C?hl=ru,2026-09-07T23:54:37.311868+00:00,4.6,1058
DeFAQto,"ул. Большая Лубянка, 30/2, Москва, Россия, 107045",0x46b54a67b57e292d:0x52dd3e2c7b133997,ChZDSUhNMG9nS0VJQ0FnSUNXbEwyb0pnEAE,5.0,2022-02-18T22:27:08Z,2022-02-18T22:27:08Z,4 года назад,Вкусно и весело,True,Google,https://www.google.com/maps/reviews/data=!4m8!14m7!1m6!2m5!1sChZDSUhNMG9nS0VJQ0FnSUNXbEwyb0pnEAE!2m1!1s0x0:0x52dd3e2c7b133997!3m1!1s2@1:CIHM0ogKEICAgICWlL2oJg%7C%7C?hl=ru,2026-09-07T23:54:38.099194+00:00,4.6,1058
DeFAQto,"ул. Большая Лубянка, 30/2, Москва, Россия, 107045",0x46b54a67b57e292d:0x52dd3e2c7b133997,ChdDSUhNMG9nS0VJQ0FnSUNRaGZ1Z3NnRRAB,5.0,2018-05-15T21:40:13Z,2022-02-16T19:41:56Z,Изменено 4 года назад,"Отлично сказать это место отличное, ничего не значит ,это лучшее место в Москве ,хотя бы потому ,что там всегда музыка всегда весёло и всегда интересно если для кого-то это ничего не значит то это просто люди дураки",True,Google,https://www.google.com/maps/reviews/data=!4m8!14m7!1m6!2m5!1sChdDSUhNMG9nS0VJQ0FnSUNRaGZ1Z3NnRRAB!2m1!1s0x0:0x52dd3e2c7b133997!3m1!1s2@1:CIHM0ogKEICAgICQhfugsgE%7C%7C?hl=ru,2026-09-07T23:54:38.099406+00:00,4.6,1058
DeFAQto,"ул. Большая Лубянка, 30/2, Москва, Россия, 107045",0x46b54a67b57e292d:0x52dd3e2c7b133997,ChZDSUhNMG9nS0VJQ0FnSURtZzlLNERREAE,5.0,2022-02-07T09:51:21Z,2022-02-07T09:51:21Z,4 года назад,Отличный бар. Веселое местечко.,True,Google,https://www.google.com/maps/reviews/data=!4m8!14m7!1m6!2m5!1sChZDSUhNMG9nS0VJQ0FnSURtZzlLNERREAE!2m1!1s0x0:0x52dd3e2c7b133997!3m1!1s2@1:CIHM0ogKEICAgIDmg9K4DQ%7C%7C?hl=ru,2026-09-07T23:54:38.099487+00:00,4.6,1058
DeFAQto,"ул. Большая Лубянка, 30/2, Москва, Россия, 107045",0x46b54a67b57e292d:0x52dd3e2c7b133997,ChZDSUhNMG9nS0VJQ0FnSURtdGZTdWNnEAE,5.0,2022-02-04T18:05:55Z,2022-02-04T18:05:55Z,4 года назад,"Это уникальное заведение в своем роде! В бар можно заглянуть в одиночку, и при этом будешь чувствовать в кругу старых друзей! Очень дружелюбная публика и удобное место для потанцевать) Когда выступают группы - звук прекрасный. Обстановка безопасная, много ответственных смотрителей бара))) Официанты приветливые, даже к 4 утра)) Теперь этот бар в моем сердце навсегда))",True,Google,https://www.google.com/maps/reviews/data=!4m8!14m7!1m6!2m5!1sChZDSUhNMG9nS0VJQ0FnSURtdGZTdWNnEAE!2m1!1s0x0:0x52dd3e2c7b133997!3m1!1s2@1:CIHM0ogKEICAgIDmtfSucg%7C%7C?hl=ru,2026-09-07T23:54:38.099525+00:00,4.6,1058
DeFAQto,"ул. Большая Лубянка, 30/2, Москва, Россия, 107045",0x46b54a67b57e292d:0x52dd3e2c7b133997,ChdDSUhNMG9nS0VJQ0FnSURteG9idHVBRRAB,5.0,2022-01-26T17:08:36Z,2022-01-26T17:08:36Z,4 года назад,,False,Google,https://www.google.com/maps/reviews/data=!4m8!14m7!1m6!2m5!1sChdDSUhNMG9nS0VJQ0FnSURteG9idHVBRRAB!2m1!1s0x0:0x52dd3e2c7b133997!3m1!1s2@1:CIHM0ogKEICAgIDmxobtuAE%7C%7C?hl=ru,2026-09-07T23:54:38.099564+00:00,4.6,1058
DeFAQto,"ул. Большая Лубянка, 30/2, Москва, Россия, 107045",0x46b54a67b57e292d:0x52dd3e2c7b133997,ChdDSUhNMG9nS0VJQ0FnSURtaW8ybGlRRRAB,5.0,2022-01-24T18:14:30Z,2022-01-24T18:14:30Z,4 года назад,Обожаю это место,True,Google,https://www.google.com/maps/reviews/data=!4m8!14m7!1m6!2m5!1sChdDSUhNMG9nS0VJQ0FnSURtaW8ybGlRRRAB!2m1!1s0x0:0x52dd3e2c7b133997!3m1!1s2@1:CIHM0ogKEICAgIDmio2liQE%7C%7C?hl=ru,2026-09-07T23:54:38.099592+00:00,4.6,1058
DeFAQto,"ул. Большая Лубянка, 30/2, Москва, Россия, 107045",0x46b54a67b57e292d:0x52dd3e2c7b133997,ChZDSUhNMG9nS0VJQ0FnSURtc291Rlp3EAE,5.0,2022-01-24T09:29:05Z,2022-01-24T09:29:06Z,4 года назад,,False,Google,https://www.google.com/maps/reviews/data=!4m8!14m7!1m6!2m5!1sChZDSUhNMG9nS0VJQ0FnSURtc291Rlp3EAE!2m1!1s0x0:0x52dd3e2c7b133997!3m1!1s2@1:CIHM0ogKEICAgIDmsouFZw%7C%7C?hl=ru,2026-09-07T23:54:38.099618+00:00,4.6,1058
DeFAQto,"ул. Большая Лубянка, 30/2, Москва, Россия, 107045",0x46b54a67b57e292d:0x52dd3e2c7b133997,ChdDSUhNMG9nS0VJQ0FnSURtcU5DR25BRRAB,5.0,2022-01-17T11:02:24Z,2022-01-17T11:02:24Z,4 года назад,,False,Google,https://www.google.com/maps/reviews/data=!4m8!14m7!1m6!2m5!1sChdDSUhNMG9nS0VJQ0FnSURtcU5DR25BRRAB!2m1!1s0x0:0x52dd3e2c7b133997!3m1!1s2@1:CIHM0ogKEICAgIDmqNCGnAE%7C%7C?hl=ru,2026-09-07T23:54:38.099652+00:00,4.6,1058
DeFAQto,"ул. Большая Лубянка, 30/2, Москва, Россия, 107045",0x46b54a67b57e292d:0x52dd3e2c7b133997,ChZDSUhNMG9nS0VJQ0FnSURtaU5EWVFnEAE,5.0,2022-01-16T21:42:55Z,2022-01-16T21:42:55Z,4 года назад,"Если интересует шумная и веселая атмосфера, то вам сюда) реально здоровский настрой получаешь находясь тут. Место очень популярное, так что лучше своё посещение планировать заранее, а то может оказаться так, что предложат место у бара, и то не факт.",True,Google,https://www.google.com/maps/reviews/data=!4m8!14m7!1m6!2m5!1sChZDSUhNMG9nS0VJQ0FnSURtaU5EWVFnEAE!2m1!1s0x0:0x52dd3e2c7b133997!3m1!1s2@1:CIHM0ogKEICAgIDmiNDYQg%7C%7C?hl=ru,2026-09-07T23:54:38.099676+00:00,4.6,1058
DeFAQto,"ул. Большая Лубянка, 30/2, Москва, Россия, 107045",0x46b54a67b57e292d:0x52dd3e2c7b133997,ChZDSUhNMG9nS0VJQ0FnSURtOEtHQUd3EAE,5.0,2022-01-16T18:43:55Z,2022-01-16T18:43:56Z,4 года назад,Чудесное место!,True,Google,https://www.google.com/maps/reviews/data=!4m8!14m7!1m6!2m5!1sChZDSUhNMG9nS0VJQ0FnSURtOEtHQUd3EAE!2m1!1s0x0:0x52dd3e2c7b133997!3m1!1s2@1:CIHM0ogKEICAgIDm8KGAGw%7C%7C?hl=ru,2026-09-07T23:54:38.099712+00:00,4.6,1058
DeFAQto,"ул. Большая Лубянка, 30/2, Москва, Россия, 107045",0x46b54a67b57e292d:0x52dd3e2c7b133997,ChZDSUhNMG9nS0VJQ0FnSURtc0l1S1VREAE,5.0,2022-01-16T15:17:48Z,2022-01-16T15:17:48Z,4 года назад,,False,Google,https://www.google.com/maps/reviews/data=!4m8!14m7!1m6!2m5!1sChZDSUhNMG9nS0VJQ0FnSURtc0l1S1VREAE!2m1!1s0x0:0x52dd3e2c7b133997!3m1!1s2@1:CIHM0ogKEICAgIDmsIuKUQ%7C%7C?hl=ru,2026-09-07T23:54:38.099752+00:00,4.6,1058
DeFAQto,"ул. Большая Лубянка, 30/2, Москва, Россия, 107045",0x46b54a67b57e292d:0x52dd3e2c7b133997,ChZDSUhNMG9nS0VJQ0FnSURta0xDRlJREAE,5.0,2022-01-15T22:37:34Z,2022-01-15T22:37:34Z,4 года назад,Замечательное заведение,True,Google,https://www.google.com/maps/reviews/data=!4m8!14m7!1m6!2m5!1sChZDSUhNMG9nS0VJQ0FnSURta0xDRlJREAE!2m1!1s0x0:0x52dd3e2c7b133997!3m1!1s2@1:CIHM0ogKEICAgIDmkLCFRQ%7C%7C?hl=ru,2026-09-07T23:54:38.099777+00:00,4.6,1058
DeFAQto,"ул. Большая Лубянка, 30/2, Москва, Россия, 107045",0x46b54a67b57e292d:0x52dd3e2c7b133997,ChZDSUhNMG9nS0VJQ0FnSURtNEsyaVBnEAE,5.0,2022-01-15T20:48:35Z,2022-01-15T20:52:17Z,4 года назад,"Нам очень понравилось, вкусные коктейли, замечательный общительный бармен. Крепкое спиртное вообще не жалеют в коктейли, интересное выступление было импровизации и стендап. Очень рекомендую!!!",True,Google,https://www.google.com/maps/reviews/data=!4m8!14m7!1m6!2m5!1sChZDSUhNMG9nS0VJQ0FnSURtNEsyaVBnEAE!2m1!1s0x0:0x52dd3e2c7b133997!3m1!1s2@1:CIHM0ogKEICAgIDm4K2iPg%7C%7C?hl=ru,2026-09-07T23:54:38.099802+00:00,4.6,1058
DeFAQto,"ул. Большая Лубянка, 30/2, Москва, Россия, 107045",0x46b54a67b57e292d:0x52dd3e2c7b133997,ChdDSUhNMG9nS0VJQ0FnSUNtejlYcnpRRRAB,4.0,2022-01-13T13:13:12Z,2022-01-13T13:13:12Z,4 года назад,,False,Google,https://www.google.com/maps/reviews/data=!4m8!14m7!1m6!2m5!1sChdDSUhNMG9nS0VJQ0FnSUNtejlYcnpRRRAB!2m1!1s0x0:0x52dd3e2c7b133997!3m1!1s2@1:CIHM0ogKEICAgICmz9XrzQE%7C%7C?hl=ru,2026-09-07T23:54:38.099831+00:00,4.6,1058
DeFAQto,"ул. Большая Лубянка, 30/2, Москва, Россия, 107045",0x46b54a67b57e292d:0x52dd3e2c7b133997,ChZDSUhNMG9nS0VJQ0FnSUNtcDVHSUNnEAE,1.0,2022-01-11T18:17:03Z,2022-01-11T18:18:41Z,4 года назад,"Коктейли делаются из водички с лимонной кислотой, а не лимонного фреша, качество льда отвратительное, посуда грязная, места мало",True,Google,https://www.google.com/maps/reviews/data=!4m8!14m7!1m6!2m5!1sChZDSUhNMG9nS0VJQ0FnSUNtcDVHSUNnEAE!2m1!1s0x0:0x52dd3e2c7b133997!3m1!1s2@1:CIHM0ogKEICAgICmp5GICg%7C%7C?hl=ru,2026-09-07T23:54:38.099855+00:00,4.6,1058
DeFAQto,"ул. Большая Лубянка, 30/2, Москва, Россия, 107045",0x46b54a67b57e292d:0x52dd3e2c7b133997,ChdDSUhNMG9nS0VJQ0FnSUNtZzdTcnZ3RRAB,3.0,2022-01-07T08:52:24Z,2022-01-07T08:52:25Z,4 года назад,"Маленький зал. столы слишком близко и столы очень маленькие,есть не удобно.",True,Google,https://www.google.com/maps/reviews/data=!4m8!14m7!1m6!2m5!1sChdDSUhNMG9nS0VJQ0FnSUNtZzdTcnZ3RRAB!2m1!1s0x0:0x52dd3e2c7b133997!3m1!1s2@1:CIHM0ogKEICAgICmg7SrvwE%7C%7C?hl=ru,2026-09-07T23:54:38.099882+00:00,4.6,1058
DeFAQto,"ул. Большая Лубянка, 30/2, Москва, Россия, 107045",0x46b54a67b57e292d:0x52dd3e2c7b133997,ChZDSUhNMG9nS0VJQ0FnSUNtdmRtc2JnEAE,5.0,2022-01-06T21:39:15Z,2022-01-06T21:39:15Z,4 года назад,,False,Google,https://www.google.com/maps/reviews/data=!4m8!14m7!1m6!2m5!1sChZDSUhNMG9nS0VJQ0FnSUNtdmRtc2JnEAE!2m1!1s0x0:0x52dd3e2c7b133997!3m1!1s2@1:CIHM0ogKEICAgICmvdmsbg%7C%7C?hl=ru,2026-09-07T23:54:38.099918+00:00,4.6,1058
DeFAQto,"ул. Большая Лубянка, 30/2, Москва, Россия, 107045",0x46b54a67b57e292d:0x52dd3e2c7b133997,ChZDSUhNMG9nS0VJQ0FnSUNtclpqbFJ3EAE,5.0,2022-01-05T20:19:16Z,2022-01-05T20:19:16Z,4 года назад,"Очень понравилось здесь! Протанцевала весь вечер. Столы все были заняты, поэтому не ела. Только бар. Один бармен очень строгий))) Второй милый) Я пью безалкогольное. Поэтому про алкоголь не знаю. В следующий раз поём здесь!",True,Google,https://www.google.com/maps/reviews/data=!4m8!14m7!1m6!2m5!1sChZDSUhNMG9nS0VJQ0FnSUNtclpqbFJ3EAE!2m1!1s0x0:0x52dd3e2c7b133997!3m1!1s2@1:CIHM0ogKEICAgICmrZjlRw%7C%7C?hl=ru,2026-09-07T23:54:38.099942+00:00,4.6,1058
DeFAQto,"ул. Большая Лубянка, 30/2, Москва, Россия, 107045",0x46b54a67b57e292d:0x52dd3e2c7b133997,ChdDSUhNMG9nS0VJQ0FnSUNtcmZEVTBRRRAB,5.0,2022-01-05T20:05:42Z,2022-01-05T20:05:42Z,4 года назад,,False,Google,https://www.google.com/maps/reviews/data=!4m8!14m7!1m6!2m5!1sChdDSUhNMG9nS0VJQ0FnSUNtcmZEVTBRRRAB!2m1!1s0x0:0x52dd3e2c7b133997!3m1!1s2@1:CIHM0ogKEICAgICmrfDU0QE%7C%7C?hl=ru,2026-09-07T23:54:38.099972+00:00,4.6,1058
DeFAQto,"ул. Большая Лубянка, 30/2, Москва, Россия, 107045",0x46b54a67b57e292d:0x52dd3e2c7b133997,ChdDSUhNMG9nS0VJQ0FnSUNtdGVDd25BRRAB,5.0,2022-01-04T21:55:29Z,2022-01-04T21:55:29Z,4 года назад,,False,Google,https://www.google.com/maps/reviews/data=!4m8!14m7!1m6!2m5!1sChdDSUhNMG9nS0VJQ0FnSUNtdGVDd25BRRAB!2m1!1s0x0:0x52dd3e2c7b133997!3m1!1s2@1:CIHM0ogKEICAgICmteCwnAE%7C%7C?hl=ru,2026-09-07T23:54:38.099998+00:00,4.6,1058
DeFAQto,"ул. Большая Лубянка, 30/2, Москва, Россия, 107045",0x46b54a67b57e292d:0x52dd3e2c7b133997,ChZDSUhNMG9nS0VJQ0FnSUNteFl5Q1VREAE,5.0,2022-01-03T20:44:20Z,2022-01-03T20:44:22Z,4 года назад,Замечательное камерное место с живой музыкой и вкусными коктейлями.,True,Google,https://www.google.com/maps/reviews/data=!4m8!14m7!1m6!2m5!1sChZDSUhNMG9nS0VJQ0FnSUNteFl5Q1VREAE!2m1!1s0x0:0x52dd3e2c7b133997!3m1!1s2@1:CIHM0ogKEICAgICmxYyCUQ%7C%7C?hl=ru,2026-09-07T23:54:38.886366+00:00,4.6,1058
DeFAQto,"ул. Большая Лубянка, 30/2, Москва, Россия, 107045",0x46b54a67b57e292d:0x52dd3e2c7b133997,ChdDSUhNMG9nS0VJQ0FnSUNtaWV1SHBRRRAB,5.0,2022-01-01T17:53:58Z,2022-01-01T17:53:58Z,4 года назад,,False,Google,https://www.google.com/maps/reviews/data=!4m8!14m7!1m6!2m5!1sChdDSUhNMG9nS0VJQ0FnSUNtaWV1SHBRRRAB!2m1!1s0x0:0x52dd3e2c7b133997!3m1!1s2@1:CIHM0ogKEICAgICmieuHpQE%7C%7C?hl=ru,2026-09-07T23:54:38.886587+00:00,4.6,1058
DeFAQto,"ул. Большая Лубянка, 30/2, Москва, Россия, 107045",0x46b54a67b57e292d:0x52dd3e2c7b133997,ChdDSUhNMG9nS0VJQ0FnSUNtNGVfNXpRRRAB,3.0,2021-12-31T08:54:43Z,2021-12-31T08:54:43Z,4 года назад,Мало места,True,Google,https://www.google.com/maps/reviews/data=!4m8!14m7!1m6!2m5!1sChdDSUhNMG9nS0VJQ0FnSUNtNGVfNXpRRRAB!2m1!1s0x0:0x52dd3e2c7b133997!3m1!1s2@1:CIHM0ogKEICAgICm4e_5zQE%7C%7C?hl=ru,2026-09-07T23:54:38.886648+00:00,4.6,1058
DeFAQto,"ул. Большая Лубянка, 30/2, Москва, Россия, 107045",0x46b54a67b57e292d:0x52dd3e2c7b133997,ChZDSUhNMG9nS0VJQ0FnSUNtdnItQ0JREAE,5.0,2021-12-30T03:29:47Z,2021-12-30T03:29:47Z,4 года назад,"Были на концерте, очень уютно! Вкусный борщ подаётся очень красиво-рекомендую 💕",True,Google,https://www.google.com/maps/reviews/data=!4m8!14m7!1m6!2m5!1sChZDSUhNMG9nS0VJQ0FnSUNtdnItQ0JREAE!2m1!1s0x0:0x52dd3e2c7b133997!3m1!1s2@1:CIHM0ogKEICAgICmvr-CBQ%7C%7C?hl=ru,2026-09-07T23:54:38.886684+00:00,4.6,1058
DeFAQto,"ул. Большая Лубянка, 30/2, Москва, Россия, 107045",0x46b54a67b57e292d:0x52dd3e2c7b133997,ChZDSUhNMG9nS0VJQ0FnSUNtOXE3dGF3EAE,5.0,2021-12-28T10:54:36Z,2021-12-28T10:54:36Z,4 года назад,Очень классный бар,True,Google,https://www.google.com/maps/reviews/data=!4m8!14m7!1m6!2m5!1sChZDSUhNMG9nS0VJQ0FnSUNtOXE3dGF3EAE!2m1!1s0x0:0x52dd3e2c7b133997!3m1!1s2@1:CIHM0ogKEICAgICm9q7taw%7C%7C?hl=ru,2026-09-07T23:54:38.886721+00:00,4.6,1058
DeFAQto,"ул. Большая Лубянка, 30/2, Москва, Россия, 107045",0x46b54a67b57e292d:0x52dd3e2c7b133997,ChZDSUhNMG9nS0VJQ0FnSUNtaHJtVkxnEAE,1.0,2021-12-26T18:31:04Z,2021-12-26T18:31:04Z,4 года назад,"Отвратительное заведение. Украли куртку, т.к гардероба там нет, все куртки висят у бара на вешалках, берите что больше нравится ))) охрана с Вами не общается, говорит им неприятно )))) Администратор делала жалкие попытки поиска куртки,  а потом предложила вызвать полицию, что и было сделано. Так же если хотите попить коктейли, запаситесь наличкой, другого вида оплаты у них нет. Если нет наличных, то Вам любезно расскажут о банкомате за углом. Вообщем подумайте 250 раз, очень ли Вы хотите быть в этом заведении и получать сомнительное удовольствие ))",True,Google,https://www.google.com/maps/reviews/data=!4m8!14m7!1m6!2m5!1sChZDSUhNMG9nS0VJQ0FnSUNtaHJtVkxnEAE!2m1!1s0x0:0x52dd3e2c7b133997!3m1!1s2@1:CIHM0ogKEICAgICmhrmVLg%7C%7C?hl=ru,2026-09-07T23:54:38.886756+00:00,4.6,1058
DeFAQto,"ул. Большая Лубянка, 30/2, Москва, Россия, 107045",0x46b54a67b57e292d:0x52dd3e2c7b133997,ChdDSUhNMG9nS0VJQ0FnSUNtaHBudzFBRRAB,1.0,2021-12-26T18:23:11Z,2021-12-26T18:23:11Z,4 года назад,,False,Google,https://www.google.com/maps/reviews/data=!4m8!14m7!1m6!2m5!1sChdDSUhNMG9nS0VJQ0FnSUNtaHBudzFBRRAB!2m1!1s0x0:0x52dd3e2c7b133997!3m1!1s2@1:CIHM0ogKEICAgICmhpnw1AE%7C%7C?hl=ru,2026-09-07T23:54:38.886802+00:00,4.6,1058
DeFAQto,"ул. Большая Лубянка, 30/2, Москва, Россия, 107045",0x46b54a67b57e292d:0x52dd3e2c7b133997,ChZDSUhNMG9nS0VJQ0FnSUNtdXRYWUVnEAE,4.0,2021-12-26T06:06:19Z,2021-12-26T06:06:32Z,4 года назад,,False,Google,https://www.google.com/maps/reviews/data=!4m8!14m7!1m6!2m5!1sChZDSUhNMG9nS0VJQ0FnSUNtdXRYWUVnEAE!2m1!1s0x0:0x52dd3e2c7b133997!3m1!1s2@1:CIHM0ogKEICAgICmutXYEg%7C%7C?hl=ru,2026-09-07T23:54:38.886829+00:00,4.6,1058
DeFAQto,"ул. Большая Лубянка, 30/2, Москва, Россия, 107045",0x46b54a67b57e292d:0x52dd3e2c7b133997,ChdDSUhNMG9nS0VJQ0FnSUNtclBEZDBBRRAB,4.0,2021-12-20T19:53:14Z,2021-12-20T19:53:14Z,4 года назад,,False,Google,https://www.google.com/maps/reviews/data=!4m8!14m7!1m6!2m5!1sChdDSUhNMG9nS0VJQ0FnSUNtclBEZDBBRRAB!2m1!1s0x0:0x52dd3e2c7b133997!3m1!1s2@1:CIHM0ogKEICAgICmrPDd0AE%7C%7C?hl=ru,2026-09-07T23:54:38.886854+00:00,4.6,1058
DeFAQto,"ул. Большая Лубянка, 30/2, Москва, Россия, 107045",0x46b54a67b57e292d:0x52dd3e2c7b133997,ChdDSUhNMG9nS0VJQ0FnSUNtOUtyZHJ3RRAB,5.0,2021-12-20T06:27:16Z,2021-12-20T06:27:16Z,4 года назад,"Уютно, удобно и очень вкусно.",True,Google,https://www.google.com/maps/reviews/data=!4m8!14m7!1m6!2m5!1sChdDSUhNMG9nS0VJQ0FnSUNtOUtyZHJ3RRAB!2m1!1s0x0:0x52dd3e2c7b133997!3m1!1s2@1:CIHM0ogKEICAgICm9KrdrwE%7C%7C?hl=ru,2026-09-07T23:54:38.886880+00:00,4.6,1058
DeFAQto,"ул. Большая Лубянка, 30/2, Москва, Россия, 107045",0x46b54a67b57e292d:0x52dd3e2c7b133997,ChZDSUhNMG9nS0VJQ0FnSUNtdUtTZkhBEAE,3.0,2021-12-17T21:36:33Z,2021-12-17T21:36:33Z,4 года назад,,False,Google,https://www.google.com/maps/reviews/data=!4m8!14m7!1m6!2m5!1sChZDSUhNMG9nS0VJQ0FnSUNtdUtTZkhBEAE!2m1!1s0x0:0x52dd3e2c7b133997!3m1!1s2@1:CIHM0ogKEICAgICmuKSfHA%7C%7C?hl=ru,2026-09-07T23:54:38.886906+00:00,4.6,1058
DeFAQto,"ул. Большая Лубянка, 30/2, Москва, Россия, 107045",0x46b54a67b57e292d:0x52dd3e2c7b133997,ChZDSUhNMG9nS0VJQ0FnSUNteU1uT1lREAE,5.0,2021-12-16T19:48:11Z,2021-12-16T19:48:11Z,4 года назад,,False,Google,https://www.google.com/maps/reviews/data=!4m8!14m7!1m6!2m5!1sChZDSUhNMG9nS0VJQ0FnSUNteU1uT1lREAE!2m1!1s0x0:0x52dd3e2c7b133997!3m1!1s2@1:CIHM0ogKEICAgICmyMnOYQ%7C%7C?hl=ru,2026-09-07T23:54:38.886931+00:00,4.6,1058
DeFAQto,"ул. Большая Лубянка, 30/2, Москва, Россия, 107045",0x46b54a67b57e292d:0x52dd3e2c7b133997,ChZDSUhNMG9nS0VJQ0FnSUNtc1B2T1N3EAE,5.0,2021-12-16T06:25:22Z,2021-12-16T06:25:22Z,4 года назад,,False,Google,https://www.google.com/maps/reviews/data=!4m8!14m7!1m6!2m5!1sChZDSUhNMG9nS0VJQ0FnSUNtc1B2T1N3EAE!2m1!1s0x0:0x52dd3e2c7b133997!3m1!1s2@1:CIHM0ogKEICAgICmsPvOSw%7C%7C?hl=ru,2026-09-07T23:54:38.886957+00:00,4.6,1058
DeFAQto,"ул. Большая Лубянка, 30/2, Москва, Россия, 107045",0x46b54a67b57e292d:0x52dd3e2c7b133997,ChdDSUhNMG9nS0VJQ0FnSURHNTliZm5nRRAB,5.0,2021-12-11T21:37:04Z,2021-12-11T21:37:04Z,4 года назад,,False,Google,https://www.google.com/maps/reviews/data=!4m8!14m7!1m6!2m5!1sChdDSUhNMG9nS0VJQ0FnSURHNTliZm5nRRAB!2m1!1s0x0:0x52dd3e2c7b133997!3m1!1s2@1:CIHM0ogKEICAgIDG59bfngE%7C%7C?hl=ru,2026-09-07T23:54:38.886985+00:00,4.6,1058
DeFAQto,"ул. Большая Лубянка, 30/2, Москва, Россия, 107045",0x46b54a67b57e292d:0x52dd3e2c7b133997,ChdDSUhNMG9nS0VJQ0FnSURHX2JuS3lnRRAB,5.0,2021-12-07T11:46:30Z,2021-12-07T11:46:30Z,4 года назад,,False,Google,https://www.google.com/maps/reviews/data=!4m8!14m7!1m6!2m5!1sChdDSUhNMG9nS0VJQ0FnSURHX2JuS3lnRRAB!2m1!1s0x0:0x52dd3e2c7b133997!3m1!1s2@1:CIHM0ogKEICAgIDG_bnKygE%7C%7C?hl=ru,2026-09-07T23:54:38.887010+00:00,4.6,1058
DeFAQto,"ул. Большая Лубянка, 30/2, Москва, Россия, 107045",0x46b54a67b57e292d:0x52dd3e2c7b133997,ChdDSUhNMG9nS0VJQ0FnSURHell1OHJ3RRAB,5.0,2021-12-06T05:16:30Z,2021-12-06T05:16:30Z,4 года назад,,False,Google,https://www.google.com/maps/reviews/data=!4m8!14m7!1m6!2m5!1sChdDSUhNMG9nS0VJQ0FnSURHell1OHJ3RRAB!2m1!1s0x0:0x52dd3e2c7b133997!3m1!1s2@1:CIHM0ogKEICAgIDGzYu8rwE%7C%7C?hl=ru,2026-09-07T23:54:38.887038+00:00,4.6,1058
DeFAQto,"ул. Большая Лубянка, 30/2, Москва, Россия, 107045",0x46b54a67b57e292d:0x52dd3e2c7b133997,ChZDSUhNMG9nS0VJQ0FnSURHMWNUQ1NnEAE,5.0,2021-12-05T00:08:14Z,2021-12-05T00:08:14Z,4 года назад,,False,Google,https://www.google.com/maps/reviews/data=!4m8!14m7!1m6!2m5!1sChZDSUhNMG9nS0VJQ0FnSURHMWNUQ1NnEAE!2m1!1s0x0:0x52dd3e2c7b133997!3m1!1s2@1:CIHM0ogKEICAgIDG1cTCSg%7C%7C?hl=ru,2026-09-07T23:54:38.887065+00:00,4.6,1058
DeFAQto,"ул. Большая Лубянка, 30/2, Москва, Россия, 107045",0x46b54a67b57e292d:0x52dd3e2c7b133997,ChdDSUhNMG9nS0VJQ0FnSURHOXEzbHd3RRAB,2.0,2021-11-27T20:56:57Z,2021-11-27T20:56:57Z,4 года назад,"Мы готовы были купить у вас много-много коктейлей, но вы принимаете только наличку.",True,Google,https://www.google.com/maps/reviews/data=!4m8!14m7!1m6!2m5!1sChdDSUhNMG9nS0VJQ0FnSURHOXEzbHd3RRAB!2m1!1s0x0:0x52dd3e2c7b133997!3m1!1s2@1:CIHM0ogKEICAgIDG9q3lwwE%7C%7C?hl=ru,2026-09-07T23:54:38.887090+00:00,4.6,1058
DeFAQto,"ул. Большая Лубянка, 30/2, Москва, Россия, 107045",0x46b54a67b57e292d:0x52dd3e2c7b133997,ChdDSUhNMG9nS0VJQ0FnSURHcHN2UzdBRRAB,5.0,2021-11-26T15:04:59Z,2021-11-26T15:04:59Z,4 года назад,"Крутая атмосфера. Каждый день, различные мереприятия",True,Google,https://www.google.com/maps/reviews/data=!4m8!14m7!1m6!2m5!1sChdDSUhNMG9nS0VJQ0FnSURHcHN2UzdBRRAB!2m1!1s0x0:0x52dd3e2c7b133997!3m1!1s2@1:CIHM0ogKEICAgIDGpsvS7AE%7C%7C?hl=ru,2026-09-07T23:54:38.887121+00:00,4.6,1058
DeFAQto,"ул. Большая Лубянка, 30/2, Москва, Россия, 107045",0x46b54a67b57e292d:0x52dd3e2c7b133997,ChdDSUhNMG9nS0VJQ0FnSURHMHF5eDlBRRAB,4.0,2021-11-23T07:21:57Z,2021-11-23T07:21:57Z,4 года назад,,False,Google,https://www.google.com/maps/reviews/data=!4m8!14m7!1m6!2m5!1sChdDSUhNMG9nS0VJQ0FnSURHMHF5eDlBRRAB!2m1!1s0x0:0x52dd3e2c7b133997!3m1!1s2@1:CIHM0ogKEICAgIDG0qyx9AE%7C%7C?hl=ru,2026-09-07T23:54:38.887152+00:00,4.6,1058
Live Stars,"Москва, Берсеневский пер., 5 ст2, Красный Октябрь, Москва, Россия, 119072",0x46b54baa60cf381b:0x76d7a230aa48faad,Ci9DQUlRQUNvZENodHljRjlvT2xSQ1gyUkxaV2RvUVVSbk9FTmtiVTVEVlVScExXYxAB,5.0,2026-05-25T13:01:21Z,2026-05-25T13:01:21Z,3 месяца назад,"Все понравилось, персонал хорош и поздравлял меня с днем рождения.",True,Google,https://www.google.com/maps/reviews/data=!4m8!14m7!1m6!2m5!1sCi9DQUlRQUNvZENodHljRjlvT2xSQ1gyUkxaV2RvUVVSbk9FTmtiVTVEVlVScExXYxAB!2m1!1s0x0:0x76d7a230aa48faad!3m1!1s2@1:CAIQACodChtycF9oOlRCX2RLZWdoQURnOENkbU5DVURpLWc%7C%7C?hl=ru,2026-09-07T23:54:39.326891+00:00,4.2,1283
Live Stars,"Москва, Берсеневский пер., 5 ст2, Красный Октябрь, Москва, Россия, 119072",0x46b54baa60cf381b:0x76d7a230aa48faad,Ci9DQUlRQUNvZENodHljRjlvT2pKeVpFRm5jazlpWmtOUmFFRnRTRmRIT1VkMmFXYxAB,3.0,2025-12-21T07:18:10Z,2025-12-21T07:18:10Z,8 месяцев назад,,False,Google,https://www.google.com/maps/reviews/data=!4m8!14m7!1m6!2m5!1sCi9DQUlRQUNvZENodHljRjlvT2pKeVpFRm5jazlpWmtOUmFFRnRTRmRIT1VkMmFXYxAB!2m1!1s0x0:0x76d7a230aa48faad!3m1!1s2@1:CAIQACodChtycF9oOjJyZEFnck9iZkNRaEFtSFdHOUd2aWc%7C%7C?hl=ru,2026-09-07T23:54:39.327092+00:00,4.2,1283
Live Stars,"Москва, Берсеневский пер., 5 ст2, Красный Октябрь, Москва, Россия, 119072",0x46b54baa60cf381b:0x76d7a230aa48faad,Ci9DQUlRQUNvZENodHljRjlvT2kxTlgwTXdVRmxsVlc1TVNrOHRNRXRzY0VkeFdrRRAB,5.0,2025-11-30T19:25:39Z,2025-11-30T19:25:39Z,9 месяцев назад,Межгалактический концерт был просто огонь!!,True,Google,https://www.google.com/maps/reviews/data=!4m8!14m7!1m6!2m5!1sCi9DQUlRQUNvZENodHljRjlvT2kxTlgwTXdVRmxsVlc1TVNrOHRNRXRzY0VkeFdrRRAB!2m1!1s0x0:0x76d7a230aa48faad!3m1!1s2@1:CAIQACodChtycF9oOi1NX0MwUFllVW5MSk8tMEtscEdxWkE%7C%7C?hl=ru,2026-09-07T23:54:39.327153+00:00,4.2,1283
Live Stars,"Москва, Берсеневский пер., 5 ст2, Красный Октябрь, Москва, Россия, 119072",0x46b54baa60cf381b:0x76d7a230aa48faad,Ci9DQUlRQUNvZENodHljRjlvT2xGSE5tWXhTMWt6TkhOa1VYVjFUMGRPZG5ocWRGRRAB,1.0,2025-08-07T18:15:50Z,2025-08-07T18:15:50Z,год назад,"7 августа посетили заведение. Кроме как отвратительно сказать не чего. В 19 часов приняли заказ на пасту карбонара. В 21 час ее так и не принесли. Потом оказалось, что ее вообще нет.
Сообщить об этом нам не торопились. Книги жалоб и предложений так и не дали. Сказали, что они перевели ее в электронный формат. Основания для этого не нашлось. Видимо, законы РФ им не указ.
Кроме того в заведении жуткая антисанитария. Везде грязь и разбросаны тряпки.
Если цените свое время  - не рекомендую посещать заведение.",True,Google,https://www.google.com/maps/reviews/data=!4m8!14m7!1m6!2m5!1sCi9DQUlRQUNvZENodHljRjlvT2xGSE5tWXhTMWt6TkhOa1VYVjFUMGRPZG5ocWRGRRAB!2m1!1s0x0:0x76d7a230aa48faad!3m1!1s2@1:CAIQACodChtycF9oOlFHNmYxS1kzNHNkUXV1T0dOdnhqdFE%7C%7C?hl=ru,2026-09-07T23:54:39.327200+00:00,4.2,1283
Live Stars,"Москва, Берсеневский пер., 5 ст2, Красный Октябрь, Москва, Россия, 119072",0x46b54baa60cf381b:0x76d7a230aa48faad,ChdDSUhNMG9nS0VJQ0FnTUNvNllqWjd3RRAB,5.0,2025-04-18T06:07:31Z,2025-04-18T06:07:31Z,год назад,"классный и уютный клуб, с интересными программами, неформальное место, вполне может стать культовым и легендарным.",True,Google,https://www.google.com/maps/reviews/data=!4m8!14m7!1m6!2m5!1sChdDSUhNMG9nS0VJQ0FnTUNvNllqWjd3RRAB!2m1!1s0x0:0x76d7a230aa48faad!3m1!1s2@1:CIHM0ogKEICAgMCo6YjZ7wE%7C%7C?hl=ru,2026-09-07T23:54:39.327251+00:00,4.2,1283
Live Stars,"Москва, Берсеневский пер., 5 ст2, Красный Октябрь, Москва, Россия, 119072",0x46b54baa60cf381b:0x76d7a230aa48faad,ChdDSUhNMG9nS0VJQ0FnSUNYNVliMHlRRRAB,5.0,2024-10-18T20:04:58Z,2024-10-18T20:04:58Z,год назад,"Я люблю это заведение , тут самая ламповая атмосфера.  Отличные мероприятия. Самый лучший бар) на самый притязательный вкус😊",True,Google,https://www.google.com/maps/reviews/data=!4m8!14m7!1m6!2m5!1sChdDSUhNMG9nS0VJQ0FnSUNYNVliMHlRRRAB!2m1!1s0x0:0x76d7a230aa48faad!3m1!1s2@1:CIHM0ogKEICAgICX5Yb0yQE%7C%7C?hl=ru,2026-09-07T23:54:39.327283+00:00,4.2,1283
Live Stars,"Москва, Берсеневский пер., 5 ст2, Красный Октябрь, Москва, Россия, 119072",0x46b54baa60cf381b:0x76d7a230aa48faad,ChZDSUhNMG9nS0VJQ0FnSUMxOE9iUmNnEAE,5.0,2023-12-21T06:52:09Z,2023-12-21T06:52:09Z,2 года назад,"Не самый пафосный подвал.

Копия ночного клуба ""21 век"" в Саратовской области.

Не нашёл полотенце в туалете, а в остальном норм.

Хороший кофе.",True,Google,https://www.google.com/maps/reviews/data=!4m8!14m7!1m6!2m5!1sChZDSUhNMG9nS0VJQ0FnSUMxOE9iUmNnEAE!2m1!1s0x0:0x76d7a230aa48faad!3m1!1s2@1:CIHM0ogKEICAgIC18ObRcg%7C%7C?hl=ru,2026-09-07T23:54:39.327318+00:00,4.2,1283
Live Stars,"Москва, Берсеневский пер., 5 ст2, Красный Октябрь, Москва, Россия, 119072",0x46b54baa60cf381b:0x76d7a230aa48faad,ChZDSUhNMG9nS0VJQ0FnSUNwd3UycllBEAE,1.0,2023-07-31T11:17:48Z,2023-07-31T11:17:48Z,3 года назад,,False,Google,https://www.google.com/maps/reviews/data=!4m8!14m7!1m6!2m5!1sChZDSUhNMG9nS0VJQ0FnSUNwd3UycllBEAE!2m1!1s0x0:0x76d7a230aa48faad!3m1!1s2@1:CIHM0ogKEICAgICpwu2rYA%7C%7C?hl=ru,2026-09-07T23:54:39.327350+00:00,4.2,1283
Live Stars,"Москва, Берсеневский пер., 5 ст2, Красный Октябрь, Москва, Россия, 119072",0x46b54baa60cf381b:0x76d7a230aa48faad,ChZDSUhNMG9nS0VJQ0FnSUNKZzRMdktnEAE,5.0,2023-07-03T16:23:30Z,2023-07-03T16:23:30Z,3 года назад,"Это не еда! Это здание бывшей кондитерской фабрики Красный октябрь. Она же, Эйнем, ещë в дореволюционное время.",True,Google,https://www.google.com/maps/reviews/data=!4m8!14m7!1m6!2m5!1sChZDSUhNMG9nS0VJQ0FnSUNKZzRMdktnEAE!2m1!1s0x0:0x76d7a230aa48faad!3m1!1s2@1:CIHM0ogKEICAgICJg4LvKg%7C%7C?hl=ru,2026-09-07T23:54:39.495343+00:00,4.2,1283
Live Stars,"Москва, Берсеневский пер., 5 ст2, Красный Октябрь, Москва, Россия, 119072",0x46b54baa60cf381b:0x76d7a230aa48faad,ChZDSUhNMG9nS0VJQ0FnSUNKZ01UeEF3EAE,2.0,2023-06-18T10:35:56Z,2023-06-18T10:35:56Z,3 года назад,"Я в ужасе с охраны. В этом клубе проводятся аниме вечеринки и все бы ничего если бы не охрана, которая ведёт себя просто хуже настоящего скота. Они обзывают посетителей, кидают непонятные претензии без причины. Самое наверное ужасное что в помещении нет кондиционера работающего, очень жарко и душно, невозможно находится на месте.
Еда вот очень вкусная, особенно фри и пиццы которые там подают, очень все понравилось, но вот бар дай бог на 2 потянет, алкоголь очень дешёвый, а ученик бармена не умеет смешивать «Коктейль от бармена» абсолютное отсутствие вкуса.",True,Google,https://www.google.com/maps/reviews/data=!4m8!14m7!1m6!2m5!1sChZDSUhNMG9nS0VJQ0FnSUNKZ01UeEF3EAE!2m1!1s0x0:0x76d7a230aa48faad!3m1!1s2@1:CIHM0ogKEICAgICJgMTxAw%7C%7C?hl=ru,2026-09-07T23:54:39.495554+00:00,4.2,1283
Live Stars,"Москва, Берсеневский пер., 5 ст2, Красный Октябрь, Москва, Россия, 119072",0x46b54baa60cf381b:0x76d7a230aa48faad,ChZDSUhNMG9nS0VJQ0FnSUNXd28tQWRnEAE,5.0,2022-02-21T19:37:39Z,2022-02-21T19:37:39Z,4 года назад,,False,Google,https://www.google.com/maps/reviews/data=!4m8!14m7!1m6!2m5!1sChZDSUhNMG9nS0VJQ0FnSUNXd28tQWRnEAE!2m1!1s0x0:0x76d7a230aa48faad!3m1!1s2@1:CIHM0ogKEICAgICWwo-Adg%7C%7C?hl=ru,2026-09-07T23:54:39.495626+00:00,4.2,1283
Live Stars,"Москва, Берсеневский пер., 5 ст2, Красный Октябрь, Москва, Россия, 119072",0x46b54baa60cf381b:0x76d7a230aa48faad,ChZDSUhNMG9nS0VJQ0FnSUNXd3NQLU1REAE,5.0,2022-02-21T18:43:45Z,2022-02-21T18:43:45Z,4 года назад,,False,Google,https://www.google.com/maps/reviews/data=!4m8!14m7!1m6!2m5!1sChZDSUhNMG9nS0VJQ0FnSUNXd3NQLU1REAE!2m1!1s0x0:0x76d7a230aa48faad!3m1!1s2@1:CIHM0ogKEICAgICWwsP-MQ%7C%7C?hl=ru,2026-09-07T23:54:39.495665+00:00,4.2,1283
Live Stars,"Москва, Берсеневский пер., 5 ст2, Красный Октябрь, Москва, Россия, 119072",0x46b54baa60cf381b:0x76d7a230aa48faad,ChdDSUhNMG9nS0VJQ0FnSUNXOUo3VTBRRRAB,5.0,2022-02-19T11:20:13Z,2022-02-19T11:20:14Z,4 года назад,,False,Google,https://www.google.com/maps/reviews/data=!4m8!14m7!1m6!2m5!1sChdDSUhNMG9nS0VJQ0FnSUNXOUo3VTBRRRAB!2m1!1s0x0:0x76d7a230aa48faad!3m1!1s2@1:CIHM0ogKEICAgICW9J7U0QE%7C%7C?hl=ru,2026-09-07T23:54:39.495700+00:00,4.2,1283
Live Stars,"Москва, Берсеневский пер., 5 ст2, Красный Октябрь, Москва, Россия, 119072",0x46b54baa60cf381b:0x76d7a230aa48faad,ChdDSUhNMG9nS0VJQ0FnSUNXaE9TaTVRRRAB,5.0,2022-02-17T23:03:26Z,2022-02-17T23:03:26Z,4 года назад,,False,Google,https://www.google.com/maps/reviews/data=!4m8!14m7!1m6!2m5!1sChdDSUhNMG9nS0VJQ0FnSUNXaE9TaTVRRRAB!2m1!1s0x0:0x76d7a230aa48faad!3m1!1s2@1:CIHM0ogKEICAgICWhOSi5QE%7C%7C?hl=ru,2026-09-07T23:54:39.495731+00:00,4.2,1283
Live Stars,"Москва, Берсеневский пер., 5 ст2, Красный Октябрь, Москва, Россия, 119072",0x46b54baa60cf381b:0x76d7a230aa48faad,ChZDSUhNMG9nS0VJQ0FnSUNXa09yd0ZREAE,4.0,2022-02-15T10:05:52Z,2022-02-15T10:05:52Z,4 года назад,,False,Google,https://www.google.com/maps/reviews/data=!4m8!14m7!1m6!2m5!1sChZDSUhNMG9nS0VJQ0FnSUNXa09yd0ZREAE!2m1!1s0x0:0x76d7a230aa48faad!3m1!1s2@1:CIHM0ogKEICAgICWkOrwFQ%7C%7C?hl=ru,2026-09-07T23:54:39.495762+00:00,4.2,1283
Live Stars,"Москва, Берсеневский пер., 5 ст2, Красный Октябрь, Москва, Россия, 119072",0x46b54baa60cf381b:0x76d7a230aa48faad,ChZDSUhNMG9nS0VJQ0FnSURtOTRiLWZREAE,5.0,2022-02-12T14:54:18Z,2022-02-12T14:55:23Z,4 года назад,,False,Google,https://www.google.com/maps/reviews/data=!4m8!14m7!1m6!2m5!1sChZDSUhNMG9nS0VJQ0FnSURtOTRiLWZREAE!2m1!1s0x0:0x76d7a230aa48faad!3m1!1s2@1:CIHM0ogKEICAgIDm94b-fQ%7C%7C?hl=ru,2026-09-07T23:54:39.495817+00:00,4.2,1283
Live Stars,"Москва, Берсеневский пер., 5 ст2, Красный Октябрь, Москва, Россия, 119072",0x46b54baa60cf381b:0x76d7a230aa48faad,ChdDSUhNMG9nS0VJQ0FnSURtMjh2cjFnRRAB,5.0,2022-02-10T11:11:58Z,2022-02-10T11:12:00Z,4 года назад,Отличное заведение!!!,True,Google,https://www.google.com/maps/reviews/data=!4m8!14m7!1m6!2m5!1sChdDSUhNMG9nS0VJQ0FnSURtMjh2cjFnRRAB!2m1!1s0x0:0x76d7a230aa48faad!3m1!1s2@1:CIHM0ogKEICAgIDm28vr1gE%7C%7C?hl=ru,2026-09-07T23:54:39.495874+00:00,4.2,1283
Live Stars,"Москва, Берсеневский пер., 5 ст2, Красный Октябрь, Москва, Россия, 119072",0x46b54baa60cf381b:0x76d7a230aa48faad,ChZDSUhNMG9nS0VJQ0FnSURtcmN6Q1FnEAE,2.0,2022-02-05T19:01:33Z,2022-02-05T19:01:33Z,4 года назад,,False,Google,https://www.google.com/maps/reviews/data=!4m8!14m7!1m6!2m5!1sChZDSUhNMG9nS0VJQ0FnSURtcmN6Q1FnEAE!2m1!1s0x0:0x76d7a230aa48faad!3m1!1s2@1:CIHM0ogKEICAgIDmrczCQg%7C%7C?hl=ru,2026-09-07T23:54:39.495913+00:00,4.2,1283
Live Stars,"Москва, Берсеневский пер., 5 ст2, Красный Октябрь, Москва, Россия, 119072",0x46b54baa60cf381b:0x76d7a230aa48faad,ChdDSUhNMG9nS0VJQ0FnSURtOGUtd19nRRAB,4.0,2022-02-01T08:10:38Z,2022-02-01T08:10:38Z,4 года назад,,False,Google,https://www.google.com/maps/reviews/data=!4m8!14m7!1m6!2m5!1sChdDSUhNMG9nS0VJQ0FnSURtOGUtd19nRRAB!2m1!1s0x0:0x76d7a230aa48faad!3m1!1s2@1:CIHM0ogKEICAgIDm8e-w_gE%7C%7C?hl=ru,2026-09-07T23:54:39.495946+00:00,4.2,1283
Live Stars,"Москва, Берсеневский пер., 5 ст2, Красный Октябрь, Москва, Россия, 119072",0x46b54baa60cf381b:0x76d7a230aa48faad,ChdDSUhNMG9nS0VJQ0FnSURtcnRxTnVRRRAB,5.0,2022-01-28T20:03:29Z,2022-01-28T20:03:29Z,4 года назад,,False,Google,https://www.google.com/maps/reviews/data=!4m8!14m7!1m6!2m5!1sChdDSUhNMG9nS0VJQ0FnSURtcnRxTnVRRRAB!2m1!1s0x0:0x76d7a230aa48faad!3m1!1s2@1:CIHM0ogKEICAgIDmrtqNuQE%7C%7C?hl=ru,2026-09-07T23:54:39.495974+00:00,4.2,1283
Live Stars,"Москва, Берсеневский пер., 5 ст2, Красный Октябрь, Москва, Россия, 119072",0x46b54baa60cf381b:0x76d7a230aa48faad,ChdDSUhNMG9nS0VJQ0FnSURtaXAzY3ZRRRAB,5.0,2022-01-24T18:22:59Z,2022-01-24T18:22:59Z,4 года назад,,False,Google,https://www.google.com/maps/reviews/data=!4m8!14m7!1m6!2m5!1sChdDSUhNMG9nS0VJQ0FnSURtaXAzY3ZRRRAB!2m1!1s0x0:0x76d7a230aa48faad!3m1!1s2@1:CIHM0ogKEICAgIDmip3cvQE%7C%7C?hl=ru,2026-09-07T23:54:39.496001+00:00,4.2,1283
Live Stars,"Москва, Берсеневский пер., 5 ст2, Красный Октябрь, Москва, Россия, 119072",0x46b54baa60cf381b:0x76d7a230aa48faad,ChdDSUhNMG9nS0VJQ0FnSURtMHREMDV3RRAB,5.0,2022-01-23T21:07:24Z,2022-01-23T21:07:43Z,4 года назад,Гут!,True,Google,https://www.google.com/maps/reviews/data=!4m8!14m7!1m6!2m5!1sChdDSUhNMG9nS0VJQ0FnSURtMHREMDV3RRAB!2m1!1s0x0:0x76d7a230aa48faad!3m1!1s2@1:CIHM0ogKEICAgIDm0tD05wE%7C%7C?hl=ru,2026-09-07T23:54:39.496032+00:00,4.2,1283
Live Stars,"Москва, Берсеневский пер., 5 ст2, Красный Октябрь, Москва, Россия, 119072",0x46b54baa60cf381b:0x76d7a230aa48faad,ChdDSUhNMG9nS0VJQ0FnSURtd3FMcmd3RRAB,5.0,2022-01-22T20:59:44Z,2022-01-22T20:59:44Z,4 года назад,,False,Google,https://www.google.com/maps/reviews/data=!4m8!14m7!1m6!2m5!1sChdDSUhNMG9nS0VJQ0FnSURtd3FMcmd3RRAB!2m1!1s0x0:0x76d7a230aa48faad!3m1!1s2@1:CIHM0ogKEICAgIDmwqLrgwE%7C%7C?hl=ru,2026-09-07T23:54:39.496059+00:00,4.2,1283
Live Stars,"Москва, Берсеневский пер., 5 ст2, Красный Октябрь, Москва, Россия, 119072",0x46b54baa60cf381b:0x76d7a230aa48faad,ChZDSUhNMG9nS0VJQ0FnSURDN3VQWUJ3EAE,5.0,2020-09-28T02:04:49Z,2022-01-20T10:39:07Z,Изменено 4 года назад,"Очень уютный небольшой клуб
Вишневое пиво - отдельное❤️",True,Google,https://www.google.com/maps/reviews/data=!4m8!14m7!1m6!2m5!1sChZDSUhNMG9nS0VJQ0FnSURDN3VQWUJ3EAE!2m1!1s0x0:0x76d7a230aa48faad!3m1!1s2@1:CIHM0ogKEICAgIDC7uPYBw%7C%7C?hl=ru,2026-09-07T23:54:39.496086+00:00,4.2,1283
Live Stars,"Москва, Берсеневский пер., 5 ст2, Красный Октябрь, Москва, Россия, 119072",0x46b54baa60cf381b:0x76d7a230aa48faad,ChZDSUhNMG9nS0VJQ0FnSURtMU5DUUlREAE,5.0,2022-01-19T21:28:42Z,2022-01-19T21:28:42Z,4 года назад,,False,Google,https://www.google.com/maps/reviews/data=!4m8!14m7!1m6!2m5!1sChZDSUhNMG9nS0VJQ0FnSURtMU5DUUlREAE!2m1!1s0x0:0x76d7a230aa48faad!3m1!1s2@1:CIHM0ogKEICAgIDm1NCQIQ%7C%7C?hl=ru,2026-09-07T23:54:39.496117+00:00,4.2,1283
Live Stars,"Москва, Берсеневский пер., 5 ст2, Красный Октябрь, Москва, Россия, 119072",0x46b54baa60cf381b:0x76d7a230aa48faad,ChdDSUhNMG9nS0VJQ0FnSURtb1BpbC13RRAB,5.0,2022-01-15T15:20:42Z,2022-01-15T15:20:42Z,4 года назад,,False,Google,https://www.google.com/maps/reviews/data=!4m8!14m7!1m6!2m5!1sChdDSUhNMG9nS0VJQ0FnSURtb1BpbC13RRAB!2m1!1s0x0:0x76d7a230aa48faad!3m1!1s2@1:CIHM0ogKEICAgIDmoPil-wE%7C%7C?hl=ru,2026-09-07T23:54:39.496153+00:00,4.2,1283
Live Stars,"Москва, Берсеневский пер., 5 ст2, Красный Октябрь, Москва, Россия, 119072",0x46b54baa60cf381b:0x76d7a230aa48faad,ChZDSUhNMG9nS0VJQ0FnSUNtXzk3Z013EAE,5.0,2022-01-14T21:59:42Z,2022-01-14T21:59:43Z,4 года назад,,False,Google,https://www.google.com/maps/reviews/data=!4m8!14m7!1m6!2m5!1sChZDSUhNMG9nS0VJQ0FnSUNtXzk3Z013EAE!2m1!1s0x0:0x76d7a230aa48faad!3m1!1s2@1:CIHM0ogKEICAgICm_97gMw%7C%7C?hl=ru,2026-09-07T23:54:39.496180+00:00,4.2,1283
Live Stars,"Москва, Берсеневский пер., 5 ст2, Красный Октябрь, Москва, Россия, 119072",0x46b54baa60cf381b:0x76d7a230aa48faad,ChZDSUhNMG9nS0VJQ0FnSUNtdmZlR0lBEAE,5.0,2022-01-06T23:53:08Z,2022-01-06T23:53:10Z,4 года назад,Замечательно,True,Google,https://www.google.com/maps/reviews/data=!4m8!14m7!1m6!2m5!1sChZDSUhNMG9nS0VJQ0FnSUNtdmZlR0lBEAE!2m1!1s0x0:0x76d7a230aa48faad!3m1!1s2@1:CIHM0ogKEICAgICmvfeGIA%7C%7C?hl=ru,2026-09-07T23:54:39.496206+00:00,4.2,1283
Live Stars,"Москва, Берсеневский пер., 5 ст2, Красный Октябрь, Москва, Россия, 119072",0x46b54baa60cf381b:0x76d7a230aa48faad,ChZDSUhNMG9nS0VJQ0FnSUNtMWQ3bk13EAE,5.0,2022-01-04T19:02:10Z,2022-01-04T19:02:10Z,4 года назад,,False,Google,https://www.google.com/maps/reviews/data=!4m8!14m7!1m6!2m5!1sChZDSUhNMG9nS0VJQ0FnSUNtMWQ3bk13EAE!2m1!1s0x0:0x76d7a230aa48faad!3m1!1s2@1:CIHM0ogKEICAgICm1d7nMw%7C%7C?hl=ru,2026-09-07T23:54:41.151557+00:00,4.2,1283
Live Stars,"Москва, Берсеневский пер., 5 ст2, Красный Октябрь, Москва, Россия, 119072",0x46b54baa60cf381b:0x76d7a230aa48faad,ChZDSUhNMG9nS0VJQ0FnSUNtMmJESGNnEAE,4.0,2022-01-02T21:35:43Z,2022-01-02T21:35:43Z,4 года назад,"Неплохой клуб. Был на фесте ""Всё идёт по панку"" 11.12.2021. Звук был хороший, бар тоже ничего, цены относительно демократичный. Внутри была тату-студия - не знаю, разовая ли это акция от ребят из группы ""Чёртово колесо инженера Ферриса"", которые бьют татухи помимо музыкальной деятельности, но идея крутая. На входе ставили печать ""пожалуйста, носите маски"" - прикольный ход. 4 за то, что, очевидно, владельцы продешевили на персонале, вследствие чего все - и девушки за барной стойкой, и охрана - были завалены работой, постоянно нервничали. Охрана была хамоватая. В целом - клуб прекрасный, если бы у них было бы буквально на пару больше человек персонала - цены бы не было.",True,Google,https://www.google.com/maps/reviews/data=!4m8!14m7!1m6!2m5!1sChZDSUhNMG9nS0VJQ0FnSUNtMmJESGNnEAE!2m1!1s0x0:0x76d7a230aa48faad!3m1!1s2@1:CIHM0ogKEICAgICm2bDHcg%7C%7C?hl=ru,2026-09-07T23:54:41.151763+00:00,4.2,1283
Live Stars,"Москва, Берсеневский пер., 5 ст2, Красный Октябрь, Москва, Россия, 119072",0x46b54baa60cf381b:0x76d7a230aa48faad,ChdDSUhNMG9nS0VJQ0FnSUNtMnF1UjRBRRAB,5.0,2021-12-25T22:01:22Z,2021-12-25T22:01:22Z,4 года назад,,False,Google,https://www.google.com/maps/reviews/data=!4m8!14m7!1m6!2m5!1sChdDSUhNMG9nS0VJQ0FnSUNtMnF1UjRBRRAB!2m1!1s0x0:0x76d7a230aa48faad!3m1!1s2@1:CIHM0ogKEICAgICm2quR4AE%7C%7C?hl=ru,2026-09-07T23:54:41.151836+00:00,4.2,1283
Live Stars,"Москва, Берсеневский пер., 5 ст2, Красный Октябрь, Москва, Россия, 119072",0x46b54baa60cf381b:0x76d7a230aa48faad,ChdDSUhNMG9nS0VJQ0FnSUNtMnVPbnVBRRAB,4.0,2021-12-25T21:29:42Z,2021-12-25T21:29:42Z,4 года назад,,False,Google,https://www.google.com/maps/reviews/data=!4m8!14m7!1m6!2m5!1sChdDSUhNMG9nS0VJQ0FnSUNtMnVPbnVBRRAB!2m1!1s0x0:0x76d7a230aa48faad!3m1!1s2@1:CIHM0ogKEICAgICm2uOnuAE%7C%7C?hl=ru,2026-09-07T23:54:41.151919+00:00,4.2,1283
Live Stars,"Москва, Берсеневский пер., 5 ст2, Красный Октябрь, Москва, Россия, 119072",0x46b54baa60cf381b:0x76d7a230aa48faad,ChdDSUhNMG9nS0VJQ0FnSUNtNnZ1ZnFnRRAB,4.0,2021-12-25T07:59:16Z,2021-12-25T07:59:16Z,4 года назад,Прибежище рокеров,True,Google,https://www.google.com/maps/reviews/data=!4m8!14m7!1m6!2m5!1sChdDSUhNMG9nS0VJQ0FnSUNtNnZ1ZnFnRRAB!2m1!1s0x0:0x76d7a230aa48faad!3m1!1s2@1:CIHM0ogKEICAgICm6vufqgE%7C%7C?hl=ru,2026-09-07T23:54:41.151952+00:00,4.2,1283
Live Stars,"Москва, Берсеневский пер., 5 ст2, Красный Октябрь, Москва, Россия, 119072",0x46b54baa60cf381b:0x76d7a230aa48faad,ChdDSUhNMG9nS0VJQ0FnSUNtc3FfQnVRRRAB,5.0,2021-12-23T20:16:56Z,2021-12-23T20:16:56Z,4 года назад,,False,Google,https://www.google.com/maps/reviews/data=!4m8!14m7!1m6!2m5!1sChdDSUhNMG9nS0VJQ0FnSUNtc3FfQnVRRRAB!2m1!1s0x0:0x76d7a230aa48faad!3m1!1s2@1:CIHM0ogKEICAgICmsq_BuQE%7C%7C?hl=ru,2026-09-07T23:54:41.151980+00:00,4.2,1283
Live Stars,"Москва, Берсеневский пер., 5 ст2, Красный Октябрь, Москва, Россия, 119072",0x46b54baa60cf381b:0x76d7a230aa48faad,ChdDSUhNMG9nS0VJQ0FnSUNtc3ZlRnp3RRAB,4.0,2021-12-23T20:08:38Z,2021-12-23T20:08:38Z,4 года назад,,False,Google,https://www.google.com/maps/reviews/data=!4m8!14m7!1m6!2m5!1sChdDSUhNMG9nS0VJQ0FnSUNtc3ZlRnp3RRAB!2m1!1s0x0:0x76d7a230aa48faad!3m1!1s2@1:CIHM0ogKEICAgICmsveFzwE%7C%7C?hl=ru,2026-09-07T23:54:41.152007+00:00,4.2,1283
Live Stars,"Москва, Берсеневский пер., 5 ст2, Красный Октябрь, Москва, Россия, 119072",0x46b54baa60cf381b:0x76d7a230aa48faad,ChdDSUhNMG9nS0VJQ0FnSUNtc3M3YXRnRRAB,5.0,2021-12-23T17:33:48Z,2021-12-23T17:33:50Z,4 года назад,"Самый лучший клуб Москвы. Концерты, вечеринки все на высшем уровне. Спасибо за супер атмосферу!",True,Google,https://www.google.com/maps/reviews/data=!4m8!14m7!1m6!2m5!1sChdDSUhNMG9nS0VJQ0FnSUNtc3M3YXRnRRAB!2m1!1s0x0:0x76d7a230aa48faad!3m1!1s2@1:CIHM0ogKEICAgICmss7atgE%7C%7C?hl=ru,2026-09-07T23:54:41.152032+00:00,4.2,1283
Live Stars,"Москва, Берсеневский пер., 5 ст2, Красный Октябрь, Москва, Россия, 119072",0x46b54baa60cf381b:0x76d7a230aa48faad,ChZDSUhNMG9nS0VJQ0FnSUNtNHJuVFBnEAE,1.0,2021-12-23T01:29:48Z,2021-12-23T01:29:48Z,4 года назад,"Худший клуб из всех, где я была. На входе на руку поставили печать..какую-то офисную печать для бумаг, но точно не для рук. Пятый день я пытаюсь её смыть.
А ещё в клубе воняет, даже представить не могу, чем. Туалет на уровне худшего туалета в Шотландии из фильма ""на Игле""
В гардеробе места хватит не на всех, можно сдать сумку туда за 100 рублей. Номерка не дадут, а выдадут сумку обратно по вашему описанию 🤨🤨",True,Google,https://www.google.com/maps/reviews/data=!4m8!14m7!1m6!2m5!1sChZDSUhNMG9nS0VJQ0FnSUNtNHJuVFBnEAE!2m1!1s0x0:0x76d7a230aa48faad!3m1!1s2@1:CIHM0ogKEICAgICm4rnTPg%7C%7C?hl=ru,2026-09-07T23:54:41.152060+00:00,4.2,1283
Live Stars,"Москва, Берсеневский пер., 5 ст2, Красный Октябрь, Москва, Россия, 119072",0x46b54baa60cf381b:0x76d7a230aa48faad,ChdDSUhNMG9nS0VJQ0FnSUNtb3VYZXZnRRAB,5.0,2021-12-22T19:19:20Z,2021-12-22T19:19:20Z,4 года назад,Полина Мухамедеева даёт джазу!!!!!!! СУПЕР!!!! Выступление на высоте !!,True,Google,https://www.google.com/maps/reviews/data=!4m8!14m7!1m6!2m5!1sChdDSUhNMG9nS0VJQ0FnSUNtb3VYZXZnRRAB!2m1!1s0x0:0x76d7a230aa48faad!3m1!1s2@1:CIHM0ogKEICAgICmouXevgE%7C%7C?hl=ru,2026-09-07T23:54:41.152098+00:00,4.2,1283
Live Stars,"Москва, Берсеневский пер., 5 ст2, Красный Октябрь, Москва, Россия, 119072",0x46b54baa60cf381b:0x76d7a230aa48faad,ChdDSUhNMG9nS0VJQ0FnSUNtdkxHUHZnRRAB,5.0,2021-12-21T20:05:45Z,2021-12-21T20:05:45Z,4 года назад,,False,Google,https://www.google.com/maps/reviews/data=!4m8!14m7!1m6!2m5!1sChdDSUhNMG9nS0VJQ0FnSUNtdkxHUHZnRRAB!2m1!1s0x0:0x76d7a230aa48faad!3m1!1s2@1:CIHM0ogKEICAgICmvLGPvgE%7C%7C?hl=ru,2026-09-07T23:54:41.152124+00:00,4.2,1283
Live Stars,"Москва, Берсеневский пер., 5 ст2, Красный Октябрь, Москва, Россия, 119072",0x46b54baa60cf381b:0x76d7a230aa48faad,ChdDSUhNMG9nS0VJQ0FnSUNtMU0tZTZBRRAB,5.0,2021-12-19T20:39:15Z,2021-12-19T20:39:15Z,4 года назад,,False,Google,https://www.google.com/maps/reviews/data=!4m8!14m7!1m6!2m5!1sChdDSUhNMG9nS0VJQ0FnSUNtMU0tZTZBRRAB!2m1!1s0x0:0x76d7a230aa48faad!3m1!1s2@1:CIHM0ogKEICAgICm1M-e6AE%7C%7C?hl=ru,2026-09-07T23:54:41.152148+00:00,4.2,1283
Live Stars,"Москва, Берсеневский пер., 5 ст2, Красный Октябрь, Москва, Россия, 119072",0x46b54baa60cf381b:0x76d7a230aa48faad,ChdDSUhNMG9nS0VJQ0FnSUNteFBuLXZBRRAB,5.0,2021-12-18T18:25:15Z,2021-12-18T18:25:26Z,4 года назад,"Душно, но прикольно",True,Google,https://www.google.com/maps/reviews/data=!4m8!14m7!1m6!2m5!1sChdDSUhNMG9nS0VJQ0FnSUNteFBuLXZBRRAB!2m1!1s0x0:0x76d7a230aa48faad!3m1!1s2@1:CIHM0ogKEICAgICmxPn-vAE%7C%7C?hl=ru,2026-09-07T23:54:41.152172+00:00,4.2,1283
Live Stars,"Москва, Берсеневский пер., 5 ст2, Красный Октябрь, Москва, Россия, 119072",0x46b54baa60cf381b:0x76d7a230aa48faad,ChZDSUhNMG9nS0VJQ0FnSUNteE9McGN3EAE,5.0,2021-12-18T16:44:04Z,2021-12-18T16:44:14Z,4 года назад,Лучший бар!,True,Google,https://www.google.com/maps/reviews/data=!4m8!14m7!1m6!2m5!1sChZDSUhNMG9nS0VJQ0FnSUNteE9McGN3EAE!2m1!1s0x0:0x76d7a230aa48faad!3m1!1s2@1:CIHM0ogKEICAgICmxOLpcw%7C%7C?hl=ru,2026-09-07T23:54:41.152197+00:00,4.2,1283
Live Stars,"Москва, Берсеневский пер., 5 ст2, Красный Октябрь, Москва, Россия, 119072",0x46b54baa60cf381b:0x76d7a230aa48faad,ChdDSUhNMG9nS0VJQ0FnSURHdi1pNXlnRRAB,5.0,2021-12-14T08:13:18Z,2021-12-14T08:13:38Z,4 года назад,Хорошее место для концертов!!,True,Google,https://www.google.com/maps/reviews/data=!4m8!14m7!1m6!2m5!1sChdDSUhNMG9nS0VJQ0FnSURHdi1pNXlnRRAB!2m1!1s0x0:0x76d7a230aa48faad!3m1!1s2@1:CIHM0ogKEICAgIDGv-i5ygE%7C%7C?hl=ru,2026-09-07T23:54:41.152222+00:00,4.2,1283
Live Stars,"Москва, Берсеневский пер., 5 ст2, Красный Октябрь, Москва, Россия, 119072",0x46b54baa60cf381b:0x76d7a230aa48faad,ChZDSUhNMG9nS0VJQ0FnSURHMzl2a1VBEAE,4.0,2021-12-14T07:02:27Z,2021-12-14T07:02:27Z,4 года назад,,False,Google,https://www.google.com/maps/reviews/data=!4m8!14m7!1m6!2m5!1sChZDSUhNMG9nS0VJQ0FnSURHMzl2a1VBEAE!2m1!1s0x0:0x76d7a230aa48faad!3m1!1s2@1:CIHM0ogKEICAgIDG39vkUA%7C%7C?hl=ru,2026-09-07T23:54:41.152249+00:00,4.2,1283
Live Stars,"Москва, Берсеневский пер., 5 ст2, Красный Октябрь, Москва, Россия, 119072",0x46b54baa60cf381b:0x76d7a230aa48faad,ChdDSUhNMG9nS0VJQ0FnSURHbjZMd3dnRRAB,5.0,2021-12-13T21:09:28Z,2021-12-13T21:09:28Z,4 года назад,,False,Google,https://www.google.com/maps/reviews/data=!4m8!14m7!1m6!2m5!1sChdDSUhNMG9nS0VJQ0FnSURHbjZMd3dnRRAB!2m1!1s0x0:0x76d7a230aa48faad!3m1!1s2@1:CIHM0ogKEICAgIDGn6LwwgE%7C%7C?hl=ru,2026-09-07T23:54:41.152273+00:00,4.2,1283
Live Stars,"Москва, Берсеневский пер., 5 ст2, Красный Октябрь, Москва, Россия, 119072",0x46b54baa60cf381b:0x76d7a230aa48faad,ChdDSUhNMG9nS0VJQ0FnSURHbDlqUmlnRRAB,5.0,2021-12-12T01:58:08Z,2021-12-12T01:58:08Z,4 года назад,,False,Google,https://www.google.com/maps/reviews/data=!4m8!14m7!1m6!2m5!1sChdDSUhNMG9nS0VJQ0FnSURHbDlqUmlnRRAB!2m1!1s0x0:0x76d7a230aa48faad!3m1!1s2@1:CIHM0ogKEICAgIDGl9jRigE%7C%7C?hl=ru,2026-09-07T23:54:41.152298+00:00,4.2,1283
Live Stars,"Москва, Берсеневский пер., 5 ст2, Красный Октябрь, Москва, Россия, 119072",0x46b54baa60cf381b:0x76d7a230aa48faad,ChdDSUhNMG9nS0VJQ0FnSURHbzZuNW13RRAB,5.0,2021-12-08T02:49:17Z,2021-12-08T02:49:18Z,4 года назад,,False,Google,https://www.google.com/maps/reviews/data=!4m8!14m7!1m6!2m5!1sChdDSUhNMG9nS0VJQ0FnSURHbzZuNW13RRAB!2m1!1s0x0:0x76d7a230aa48faad!3m1!1s2@1:CIHM0ogKEICAgIDGo6n5mwE%7C%7C?hl=ru,2026-09-07T23:54:41.152323+00:00,4.2,1283
Live Stars,"Москва, Берсеневский пер., 5 ст2, Красный Октябрь, Москва, Россия, 119072",0x46b54baa60cf381b:0x76d7a230aa48faad,ChZDSUhNMG9nS0VJQ0FnSURHamMtOUVREAE,4.0,2021-12-05T23:02:19Z,2021-12-05T23:02:19Z,4 года назад,,False,Google,https://www.google.com/maps/reviews/data=!4m8!14m7!1m6!2m5!1sChZDSUhNMG9nS0VJQ0FnSURHamMtOUVREAE!2m1!1s0x0:0x76d7a230aa48faad!3m1!1s2@1:CIHM0ogKEICAgIDGjc-9EQ%7C%7C?hl=ru,2026-09-07T23:54:41.152354+00:00,4.2,1283
Live Stars,"Москва, Берсеневский пер., 5 ст2, Красный Октябрь, Москва, Россия, 119072",0x46b54baa60cf381b:0x76d7a230aa48faad,ChZDSUhNMG9nS0VJQ0FnSURHcGU3bEZREAE,5.0,2021-12-04T09:21:05Z,2021-12-04T09:21:05Z,4 года назад,Niceee,True,Google,https://www.google.com/maps/reviews/data=!4m8!14m7!1m6!2m5!1sChZDSUhNMG9nS0VJQ0FnSURHcGU3bEZREAE!2m1!1s0x0:0x76d7a230aa48faad!3m1!1s2@1:CIHM0ogKEICAgIDGpe7lFQ%7C%7C?hl=ru,2026-09-07T23:54:41.968331+00:00,4.2,1283
Live Stars,"Москва, Берсеневский пер., 5 ст2, Красный Октябрь, Москва, Россия, 119072",0x46b54baa60cf381b:0x76d7a230aa48faad,ChZDSUhNMG9nS0VJQ0FnSURHaGJuaVp3EAE,5.0,2021-12-03T20:11:20Z,2021-12-03T20:11:20Z,4 года назад,,False,Google,https://www.google.com/maps/reviews/data=!4m8!14m7!1m6!2m5!1sChZDSUhNMG9nS0VJQ0FnSURHaGJuaVp3EAE!2m1!1s0x0:0x76d7a230aa48faad!3m1!1s2@1:CIHM0ogKEICAgIDGhbniZw%7C%7C?hl=ru,2026-09-07T23:54:41.969102+00:00,4.2,1283
Live Stars,"Москва, Берсеневский пер., 5 ст2, Красный Октябрь, Москва, Россия, 119072",0x46b54baa60cf381b:0x76d7a230aa48faad,ChZDSUhNMG9nS0VJQ0FnSURHdWJqbVJREAE,4.0,2021-12-03T07:17:43Z,2021-12-03T07:17:43Z,4 года назад,"Видимо хорошее место для рокеров, но кухня слабая, нет половины ассортимента меню",True,Google,https://www.google.com/maps/reviews/data=!4m8!14m7!1m6!2m5!1sChZDSUhNMG9nS0VJQ0FnSURHdWJqbVJREAE!2m1!1s0x0:0x76d7a230aa48faad!3m1!1s2@1:CIHM0ogKEICAgIDGubjmRQ%7C%7C?hl=ru,2026-09-07T23:54:41.969185+00:00,4.2,1283
Live Stars,"Москва, Берсеневский пер., 5 ст2, Красный Октябрь, Москва, Россия, 119072",0x46b54baa60cf381b:0x76d7a230aa48faad,ChdDSUhNMG9nS0VJQ0FnSURHbWJiVDRRRRAB,5.0,2021-12-02T19:35:44Z,2021-12-02T19:35:44Z,4 года назад,,False,Google,https://www.google.com/maps/reviews/data=!4m8!14m7!1m6!2m5!1sChdDSUhNMG9nS0VJQ0FnSURHbWJiVDRRRRAB!2m1!1s0x0:0x76d7a230aa48faad!3m1!1s2@1:CIHM0ogKEICAgIDGmbbT4QE%7C%7C?hl=ru,2026-09-07T23:54:41.969232+00:00,4.2,1283
Live Stars,"Москва, Берсеневский пер., 5 ст2, Красный Октябрь, Москва, Россия, 119072",0x46b54baa60cf381b:0x76d7a230aa48faad,ChZDSUhNMG9nS0VJQ0FnSURHbWF5UFhnEAE,5.0,2021-12-02T18:27:43Z,2021-12-02T18:27:43Z,4 года назад,,False,Google,https://www.google.com/maps/reviews/data=!4m8!14m7!1m6!2m5!1sChZDSUhNMG9nS0VJQ0FnSURHbWF5UFhnEAE!2m1!1s0x0:0x76d7a230aa48faad!3m1!1s2@1:CIHM0ogKEICAgIDGmayPXg%7C%7C?hl=ru,2026-09-07T23:54:41.969279+00:00,4.2,1283
Live Stars,"Москва, Берсеневский пер., 5 ст2, Красный Октябрь, Москва, Россия, 119072",0x46b54baa60cf381b:0x76d7a230aa48faad,ChZDSUhNMG9nS0VJQ0FnSURHbWRDbWF3EAE,2.0,2021-12-02T17:36:57Z,2021-12-02T17:36:57Z,4 года назад,,False,Google,https://www.google.com/maps/reviews/data=!4m8!14m7!1m6!2m5!1sChZDSUhNMG9nS0VJQ0FnSURHbWRDbWF3EAE!2m1!1s0x0:0x76d7a230aa48faad!3m1!1s2@1:CIHM0ogKEICAgIDGmdCmaw%7C%7C?hl=ru,2026-09-07T23:54:41.969310+00:00,4.2,1283
Live Stars,"Москва, Берсеневский пер., 5 ст2, Красный Октябрь, Москва, Россия, 119072",0x46b54baa60cf381b:0x76d7a230aa48faad,ChdDSUhNMG9nS0VJQ0FnSURHLXBQMXJ3RRAB,5.0,2021-11-25T17:52:46Z,2021-11-25T17:52:46Z,4 года назад,,False,Google,https://www.google.com/maps/reviews/data=!4m8!14m7!1m6!2m5!1sChdDSUhNMG9nS0VJQ0FnSURHLXBQMXJ3RRAB!2m1!1s0x0:0x76d7a230aa48faad!3m1!1s2@1:CIHM0ogKEICAgIDG-pP1rwE%7C%7C?hl=ru,2026-09-07T23:54:41.969355+00:00,4.2,1283
Live Stars,"Москва, Берсеневский пер., 5 ст2, Красный Октябрь, Москва, Россия, 119072",0x46b54baa60cf381b:0x76d7a230aa48faad,ChdDSUhNMG9nS0VJQ0FnSURHbXVqeHNRRRAB,1.0,2021-11-24T19:33:15Z,2021-11-24T19:33:15Z,4 года назад,,False,Google,https://www.google.com/maps/reviews/data=!4m8!14m7!1m6!2m5!1sChdDSUhNMG9nS0VJQ0FnSURHbXVqeHNRRRAB!2m1!1s0x0:0x76d7a230aa48faad!3m1!1s2@1:CIHM0ogKEICAgIDGmujxsQE%7C%7C?hl=ru,2026-09-07T23:54:41.969383+00:00,4.2,1283
Live Stars,"Москва, Берсеневский пер., 5 ст2, Красный Октябрь, Москва, Россия, 119072",0x46b54baa60cf381b:0x76d7a230aa48faad,ChdDSUhNMG9nS0VJQ0FnSURHaXBLd2xnRRAB,5.0,2021-11-23T21:27:27Z,2021-11-23T21:27:27Z,4 года назад,,False,Google,https://www.google.com/maps/reviews/data=!4m8!14m7!1m6!2m5!1sChdDSUhNMG9nS0VJQ0FnSURHaXBLd2xnRRAB!2m1!1s0x0:0x76d7a230aa48faad!3m1!1s2@1:CIHM0ogKEICAgIDGipKwlgE%7C%7C?hl=ru,2026-09-07T23:54:41.969412+00:00,4.2,1283
Live Stars,"Москва, Берсеневский пер., 5 ст2, Красный Октябрь, Москва, Россия, 119072",0x46b54baa60cf381b:0x76d7a230aa48faad,ChdDSUhNMG9nS0VJQ0FnSURHNHR6dmhBRRAB,5.0,2021-11-22T19:52:34Z,2021-11-22T20:01:26Z,4 года назад,"Очень приятное заведение) вкусная еда, отличные напитки, рекомендую!!",True,Google,https://www.google.com/maps/reviews/data=!4m8!14m7!1m6!2m5!1sChdDSUhNMG9nS0VJQ0FnSURHNHR6dmhBRRAB!2m1!1s0x0:0x76d7a230aa48faad!3m1!1s2@1:CIHM0ogKEICAgIDG4tzvhAE%7C%7C?hl=ru,2026-09-07T23:54:41.969441+00:00,4.2,1283
Live Stars,"Москва, Берсеневский пер., 5 ст2, Красный Октябрь, Москва, Россия, 119072",0x46b54baa60cf381b:0x76d7a230aa48faad,ChdDSUhNMG9nS0VJQ0FnSURHX0xDOTBBRRAB,5.0,2021-11-21T20:02:44Z,2021-11-21T20:02:44Z,4 года назад,,False,Google,https://www.google.com/maps/reviews/data=!4m8!14m7!1m6!2m5!1sChdDSUhNMG9nS0VJQ0FnSURHX0xDOTBBRRAB!2m1!1s0x0:0x76d7a230aa48faad!3m1!1s2@1:CIHM0ogKEICAgIDG_LC90AE%7C%7C?hl=ru,2026-09-07T23:54:41.969473+00:00,4.2,1283
Live Stars,"Москва, Берсеневский пер., 5 ст2, Красный Октябрь, Москва, Россия, 119072",0x46b54baa60cf381b:0x76d7a230aa48faad,ChdDSUhNMG9nS0VJQ0FnSURHaEt5Snl3RRAB,4.0,2021-11-18T08:01:36Z,2021-11-18T08:01:38Z,4 года назад,"До клуба живописная дорога от Кропоткинской - бывший бассейн застроенный храмом, кремль, зловещие вышки 5г, мост и Красный Октябрь. Сам клуб вместительный, норм звук, бар, принимают карточки и есть гардероб. Цены на баре от 250р за пивко, что норм. А вот 100р за рюкзак в гардеробе это нулевыми повеяло - ребята, исправляйтесь, это прям плохо для 2021го. Зато на баре обложкой AC/DC Highway to Hell оформлена стойка, за это респект (а за Кисс нет, конечно)",True,Google,https://www.google.com/maps/reviews/data=!4m8!14m7!1m6!2m5!1sChdDSUhNMG9nS0VJQ0FnSURHaEt5Snl3RRAB!2m1!1s0x0:0x76d7a230aa48faad!3m1!1s2@1:CIHM0ogKEICAgIDGhKyJywE%7C%7C?hl=ru,2026-09-07T23:54:41.969501+00:00,4.2,1283
Live Stars,"Москва, Берсеневский пер., 5 ст2, Красный Октябрь, Москва, Россия, 119072",0x46b54baa60cf381b:0x76d7a230aa48faad,ChdDSUhNMG9nS0VJQ0FnSURHMkxHVy1nRRAB,5.0,2021-11-17T16:01:56Z,2021-11-17T16:03:07Z,4 года назад,Очень всё понравилось. Диджеи шикарные официанты весь коллектив шикарный так держать!!!! Приду ещё)))),True,Google,https://www.google.com/maps/reviews/data=!4m8!14m7!1m6!2m5!1sChdDSUhNMG9nS0VJQ0FnSURHMkxHVy1nRRAB!2m1!1s0x0:0x76d7a230aa48faad!3m1!1s2@1:CIHM0ogKEICAgIDG2LGW-gE%7C%7C?hl=ru,2026-09-07T23:54:41.969564+00:00,4.2,1283
Live Stars,"Москва, Берсеневский пер., 5 ст2, Красный Октябрь, Москва, Россия, 119072",0x46b54baa60cf381b:0x76d7a230aa48faad,ChdDSUhNMG9nS0VJQ0FnSURHcU55UHRnRRAB,5.0,2021-11-16T20:44:31Z,2021-11-16T20:44:31Z,4 года назад,Большой. Звук отличный. Пиво норм и еедорого. И в центре. Что ещё надо?,True,Google,https://www.google.com/maps/reviews/data=!4m8!14m7!1m6!2m5!1sChdDSUhNMG9nS0VJQ0FnSURHcU55UHRnRRAB!2m1!1s0x0:0x76d7a230aa48faad!3m1!1s2@1:CIHM0ogKEICAgIDGqNyPtgE%7C%7C?hl=ru,2026-09-07T23:54:41.969598+00:00,4.2,1283
Live Stars,"Москва, Берсеневский пер., 5 ст2, Красный Октябрь, Москва, Россия, 119072",0x46b54baa60cf381b:0x76d7a230aa48faad,ChZDSUhNMG9nS0VJQ0FnSURHb09hc1ZBEAE,5.0,2021-11-15T06:06:18Z,2021-11-15T06:06:21Z,4 года назад,"Прикольное место в самом центре Москвы, прямо, можно сказать, посреди Москвы-реки. Вид зала, атмосфера, еда - всё клёво :) Сцена и звук тоже вполне себе. Был на концерте коллектива Fellowship в рамках мирового фестиваля Musical Theater International. Особенно порадовали туалеты как в старых добрых замызганных рок-клубах (в самом лучшем смысле).",True,Google,https://www.google.com/maps/reviews/data=!4m8!14m7!1m6!2m5!1sChZDSUhNMG9nS0VJQ0FnSURHb09hc1ZBEAE!2m1!1s0x0:0x76d7a230aa48faad!3m1!1s2@1:CIHM0ogKEICAgIDGoOasVA%7C%7C?hl=ru,2026-09-07T23:54:41.969628+00:00,4.2,1283
Live Stars,"Москва, Берсеневский пер., 5 ст2, Красный Октябрь, Москва, Россия, 119072",0x46b54baa60cf381b:0x76d7a230aa48faad,ChdDSUhNMG9nS0VJQ0FnSUNHcTgtSXNnRRAB,5.0,2021-11-09T19:08:26Z,2021-11-09T19:08:27Z,4 года назад,Место супер,True,Google,https://www.google.com/maps/reviews/data=!4m8!14m7!1m6!2m5!1sChdDSUhNMG9nS0VJQ0FnSUNHcTgtSXNnRRAB!2m1!1s0x0:0x76d7a230aa48faad!3m1!1s2@1:CIHM0ogKEICAgICGq8-IsgE%7C%7C?hl=ru,2026-09-07T23:54:41.969672+00:00,4.2,1283
Live Stars,"Москва, Берсеневский пер., 5 ст2, Красный Октябрь, Москва, Россия, 119072",0x46b54baa60cf381b:0x76d7a230aa48faad,ChdDSUhNMG9nS0VJQ0FnSUNHMDdLQW9nRRAB,5.0,2021-11-08T19:26:11Z,2021-11-08T19:26:11Z,4 года назад,,False,Google,https://www.google.com/maps/reviews/data=!4m8!14m7!1m6!2m5!1sChdDSUhNMG9nS0VJQ0FnSUNHMDdLQW9nRRAB!2m1!1s0x0:0x76d7a230aa48faad!3m1!1s2@1:CIHM0ogKEICAgICG07KAogE%7C%7C?hl=ru,2026-09-07T23:54:41.969702+00:00,4.2,1283
Live Stars,"Москва, Берсеневский пер., 5 ст2, Красный Октябрь, Москва, Россия, 119072",0x46b54baa60cf381b:0x76d7a230aa48faad,ChZDSUhNMG9nS0VJQ0FnSUNHbXFIWkhBEAE,4.0,2021-10-26T15:14:34Z,2021-10-26T15:14:34Z,4 года назад,"Вроде все не плохо, но видно что нужно обновление, все опшарпано, на диванах видимо еще дедушки хозяев сидели.",True,Google,https://www.google.com/maps/reviews/data=!4m8!14m7!1m6!2m5!1sChZDSUhNMG9nS0VJQ0FnSUNHbXFIWkhBEAE!2m1!1s0x0:0x76d7a230aa48faad!3m1!1s2@1:CIHM0ogKEICAgICGmqHZHA%7C%7C?hl=ru,2026-09-07T23:54:41.969736+00:00,4.2,1283
Live Stars,"Москва, Берсеневский пер., 5 ст2, Красный Октябрь, Москва, Россия, 119072",0x46b54baa60cf381b:0x76d7a230aa48faad,ChdDSUhNMG9nS0VJQ0FnSUNHcXRfTW13RRAB,1.0,2021-10-26T09:45:26Z,2021-10-26T09:45:26Z,4 года назад,"отвратительное место с быдло-охранниками, которые позволяют себе хамить, оскорблять людей и вымогать деньги. пускают обдолбанных чем-то людей, адекватных не пускают «без объяснения причин». в чем прикол? посамоутверждаться за чужой счет?",True,Google,https://www.google.com/maps/reviews/data=!4m8!14m7!1m6!2m5!1sChdDSUhNMG9nS0VJQ0FnSUNHcXRfTW13RRAB!2m1!1s0x0:0x76d7a230aa48faad!3m1!1s2@1:CIHM0ogKEICAgICGqt_MmwE%7C%7C?hl=ru,2026-09-07T23:54:41.969792+00:00,4.2,1283
Live Stars,"Москва, Берсеневский пер., 5 ст2, Красный Октябрь, Москва, Россия, 119072",0x46b54baa60cf381b:0x76d7a230aa48faad,ChdDSUhNMG9nS0VJQ0FnSUNHNHB1TWdnRRAB,4.0,2021-10-24T17:34:30Z,2021-10-24T17:34:30Z,4 года назад,,False,Google,https://www.google.com/maps/reviews/data=!4m8!14m7!1m6!2m5!1sChdDSUhNMG9nS0VJQ0FnSUNHNHB1TWdnRRAB!2m1!1s0x0:0x76d7a230aa48faad!3m1!1s2@1:CIHM0ogKEICAgICG4puMggE%7C%7C?hl=ru,2026-09-07T23:54:41.969825+00:00,4.2,1283
Fantomas Rooftop,"Болотная наб., 3 строение 2, Москва, Россия, 121352",0x46b54ea48032a8d7:0x69df2cac3edfd627,ChdDSUhNMG9nS0VJQ0FnSUNXcmN6TDlBRRAB,5.0,2022-03-04T07:32:46Z,2026-04-22T16:15:35Z,Изменено 4 месяца назад,Ukraine,True,Google,https://www.google.com/maps/reviews/data=!4m8!14m7!1m6!2m5!1sChdDSUhNMG9nS0VJQ0FnSUNXcmN6TDlBRRAB!2m1!1s0x0:0x69df2cac3edfd627!3m1!1s2@1:CIHM0ogKEICAgICWrczL9AE%7C%7C?hl=ru,2026-09-07T23:54:42.294136+00:00,4,48
Fantomas Rooftop,"Болотная наб., 3 строение 2, Москва, Россия, 121352",0x46b54ea48032a8d7:0x69df2cac3edfd627,Ci9DQUlRQUNvZENodHljRjlvT2tkd2JXVnVTekpFTjFwbE9FVkxNMFYwWlVvNVpHYxAB,1.0,2025-09-23T20:32:35Z,2025-09-23T20:32:35Z,11 месяцев назад,,False,Google,https://www.google.com/maps/reviews/data=!4m8!14m7!1m6!2m5!1sCi9DQUlRQUNvZENodHljRjlvT2tkd2JXVnVTekpFTjFwbE9FVkxNMFYwWlVvNVpHYxAB!2m1!1s0x0:0x69df2cac3edfd627!3m1!1s2@1:CAIQACodChtycF9oOkdwbWVuSzJEN1plOEVLM0V0ZUo5ZGc%7C%7C?hl=ru,2026-09-07T23:54:42.294254+00:00,4,48
Fantomas Rooftop,"Болотная наб., 3 строение 2, Москва, Россия, 121352",0x46b54ea48032a8d7:0x69df2cac3edfd627,ChdDSUhNMG9nS0VJQ0FnSUNaNXFqT3pBRRAB,1.0,2023-09-09T17:48:14Z,2023-09-09T17:48:14Z,2 года назад,"Разочарована.

Неприятное место. Раньше 20.00 в зал не пускают, хотя уже начало указано в 20.00. У нас была еще какая-то ""техническая заминка"", и томительное ожидание входа продлилось ещё  дольше. Создается очередь на входе, на лестнице. Дамы на каблуках - будьте осторожны!  При мне женщина подскользнулась неудачно. Концерт начался через 45 минут после заявленного начала. Люди в танц.зоне стоят в плащах и пальто. Нет не то что стула - даже вешалки, чтобы повесить верхнюю одежду. Или организаторы предполагают, что это нормально - танцевать в пальто? Или мы должны были сложить пальто и куртки в центре круга, как в пионерском детстве? Непонятно. Это вопрос к организаторам.
Выглядит все это неэстетично.
Туалеты есть, хорошо.   Охранники невежливые.. За каждым шагом следят, не дай бог ты сделал шаг не в ту зону, за которую заплатил.
Ощущение не на вечере отдыха за немалые деньги, а ... не знаю... на зоне так?

Место не выглядит как дорогое, увы.
Пока были эти 45 минут, успела написать этот печальный отзыв.
Еду не стала брать, не могу сказать о качестве,  только бокал вина (все как обычно).
Разочарована.",True,Google,https://www.google.com/maps/reviews/data=!4m8!14m7!1m6!2m5!1sChdDSUhNMG9nS0VJQ0FnSUNaNXFqT3pBRRAB!2m1!1s0x0:0x69df2cac3edfd627!3m1!1s2@1:CIHM0ogKEICAgICZ5qjOzAE%7C%7C?hl=ru,2026-09-07T23:54:42.294308+00:00,4,48
Fantomas Rooftop,"Болотная наб., 3 строение 2, Москва, Россия, 121352",0x46b54ea48032a8d7:0x69df2cac3edfd627,ChZDSUhNMG9nS0VJQ0FnSUNwcWRpMGVnEAE,5.0,2023-08-06T07:10:34Z,2023-08-06T07:10:48Z,3 года назад,"Best night in Moscow, good vibes nice and friendly people",True,Google,https://www.google.com/maps/reviews/data=!4m8!14m7!1m6!2m5!1sChZDSUhNMG9nS0VJQ0FnSUNwcWRpMGVnEAE!2m1!1s0x0:0x69df2cac3edfd627!3m1!1s2@1:CIHM0ogKEICAgICpqdi0eg%7C%7C?hl=ru,2026-09-07T23:54:42.294373+00:00,4,48
Fantomas Rooftop,"Болотная наб., 3 строение 2, Москва, Россия, 121352",0x46b54ea48032a8d7:0x69df2cac3edfd627,ChdDSUhNMG9nS0VJQ0FnSUNwanFEOHJ3RRAB,1.0,2023-08-03T16:28:07Z,2023-08-03T16:28:07Z,3 года назад,"Это отвратительное место, хуже в Мск просто нет. Начиная от организации мероприятий до оплаты только наличными или переводом.",True,Google,https://www.google.com/maps/reviews/data=!4m8!14m7!1m6!2m5!1sChdDSUhNMG9nS0VJQ0FnSUNwanFEOHJ3RRAB!2m1!1s0x0:0x69df2cac3edfd627!3m1!1s2@1:CIHM0ogKEICAgICpjqD8rwE%7C%7C?hl=ru,2026-09-07T23:54:42.294407+00:00,4,48
Fantomas Rooftop,"Болотная наб., 3 строение 2, Москва, Россия, 121352",0x46b54ea48032a8d7:0x69df2cac3edfd627,ChZDSUhNMG9nS0VJQ0FnSURKODRYUGJREAE,1.0,2023-07-22T14:40:34Z,2023-07-22T14:40:34Z,3 года назад,"Ни ногой сюда, не ходите! Просто какая то жесть, как это место до сих пор живо - не понятно, еда невкусная, порции маленькие, но самое ужасное - сервис, хамят по-верному просто 🫠 Везде все грязное, меню ужасно грязное. Фото главного хамло заведения прикрепляются",True,Google,https://www.google.com/maps/reviews/data=!4m8!14m7!1m6!2m5!1sChZDSUhNMG9nS0VJQ0FnSURKODRYUGJREAE!2m1!1s0x0:0x69df2cac3edfd627!3m1!1s2@1:CIHM0ogKEICAgIDJ84XPbQ%7C%7C?hl=ru,2026-09-07T23:54:42.294441+00:00,4,48
Fantomas Rooftop,"Болотная наб., 3 строение 2, Москва, Россия, 121352",0x46b54ea48032a8d7:0x69df2cac3edfd627,ChZDSUhNMG9nS0VJQ0FnSUNKOWJ1ZUNBEAE,5.0,2023-07-02T08:47:17Z,2023-07-02T08:47:17Z,3 года назад,,False,Google,https://www.google.com/maps/reviews/data=!4m8!14m7!1m6!2m5!1sChZDSUhNMG9nS0VJQ0FnSUNKOWJ1ZUNBEAE!2m1!1s0x0:0x69df2cac3edfd627!3m1!1s2@1:CIHM0ogKEICAgICJ9bueCA%7C%7C?hl=ru,2026-09-07T23:54:42.294484+00:00,4,48
Fantomas Rooftop,"Болотная наб., 3 строение 2, Москва, Россия, 121352",0x46b54ea48032a8d7:0x69df2cac3edfd627,ChZDSUhNMG9nS0VJQ0FnSUR4dnFPUkNnEAE,5.0,2023-06-09T06:09:41Z,2023-06-09T06:09:41Z,3 года назад,𝐓𝐡𝐞 𝐛𝐞𝐬𝐭 𝐜𝐥𝐮𝐛 𝐢𝐧 𝐌𝐨𝐬𝐜𝐨𝐰 𝐚𝐧𝐝 𝐝𝐣𝐬),True,Google,https://www.google.com/maps/reviews/data=!4m8!14m7!1m6!2m5!1sChZDSUhNMG9nS0VJQ0FnSUR4dnFPUkNnEAE!2m1!1s0x0:0x69df2cac3edfd627!3m1!1s2@1:CIHM0ogKEICAgIDxvqORCg%7C%7C?hl=ru,2026-09-07T23:54:42.294515+00:00,4,48
Fantomas Rooftop,"Болотная наб., 3 строение 2, Москва, Россия, 121352",0x46b54ea48032a8d7:0x69df2cac3edfd627,ChdDSUhNMG9nS0VJQ0FnSUNHN1l1d3JnRRAB,2.0,2021-11-06T14:56:17Z,2021-11-06T14:56:38Z,4 года назад,"Сомнительное место, много сильно бухих и неадекватных.",True,Google,https://www.google.com/maps/reviews/data=!4m8!14m7!1m6!2m5!1sChdDSUhNMG9nS0VJQ0FnSUNHN1l1d3JnRRAB!2m1!1s0x0:0x69df2cac3edfd627!3m1!1s2@1:CIHM0ogKEICAgICG7YuwrgE%7C%7C?hl=ru,2026-09-07T23:54:42.458309+00:00,4,48
Fantomas Rooftop,"Болотная наб., 3 строение 2, Москва, Россия, 121352",0x46b54ea48032a8d7:0x69df2cac3edfd627,ChdDSUhNMG9nS0VJQ0FnSUM2cjlEendRRRAB,5.0,2021-09-16T06:48:59Z,2021-09-16T06:48:59Z,4 года назад,Круто,True,Google,https://www.google.com/maps/reviews/data=!4m8!14m7!1m6!2m5!1sChdDSUhNMG9nS0VJQ0FnSUM2cjlEendRRRAB!2m1!1s0x0:0x69df2cac3edfd627!3m1!1s2@1:CIHM0ogKEICAgIC6r9DzwQE%7C%7C?hl=ru,2026-09-07T23:54:42.458510+00:00,4,48
Fantomas Rooftop,"Болотная наб., 3 строение 2, Москва, Россия, 121352",0x46b54ea48032a8d7:0x69df2cac3edfd627,ChZDSUhNMG9nS0VJQ0FnSUM2bU9EYUNREAE,5.0,2021-08-29T20:18:52Z,2021-08-29T20:18:52Z,5 лет назад,,False,Google,https://www.google.com/maps/reviews/data=!4m8!14m7!1m6!2m5!1sChZDSUhNMG9nS0VJQ0FnSUM2bU9EYUNREAE!2m1!1s0x0:0x69df2cac3edfd627!3m1!1s2@1:CIHM0ogKEICAgIC6mODaCQ%7C%7C?hl=ru,2026-09-07T23:54:42.458625+00:00,4,48
Fantomas Rooftop,"Болотная наб., 3 строение 2, Москва, Россия, 121352",0x46b54ea48032a8d7:0x69df2cac3edfd627,ChdDSUhNMG9nS0VJQ0FnSURxbS1qWHRRRRAB,4.0,2021-07-16T01:38:28Z,2021-07-16T01:38:28Z,5 лет назад,"Очень тесно, не ограничивают наполнение. Есть бар и закуски. Есть вип зона со столиками",True,Google,https://www.google.com/maps/reviews/data=!4m8!14m7!1m6!2m5!1sChdDSUhNMG9nS0VJQ0FnSURxbS1qWHRRRRAB!2m1!1s0x0:0x69df2cac3edfd627!3m1!1s2@1:CIHM0ogKEICAgIDqm-jXtQE%7C%7C?hl=ru,2026-09-07T23:54:42.458664+00:00,4,48
Fantomas Rooftop,"Болотная наб., 3 строение 2, Москва, Россия, 121352",0x46b54ea48032a8d7:0x69df2cac3edfd627,ChdDSUhNMG9nS0VJQ0FnSURxOGZXcXpnRRAB,1.0,2021-07-12T07:01:56Z,2021-07-12T07:17:10Z,5 лет назад,"Ходили 11.07.21 на концерт, который организовали Крыши и выше, которым нужно переименоваться в Дно и ниже. Такую отвратительную организацию настолько простого мероприятия не встречала ну очень давно.
Гостей мероприятия на 20 минут оставили на душной лестнице и не пускали наверх. Как же нужно ненавидеть своих гостей, которые приносят доход. Организаторы списывали все на охрану заведения, но было видно, что охрана ни причем, а все запороли именно они. Охранники на входе отбирали воду и рассуждали, кого пускать, а кого нет, с грубыми оценочными комментариями. При этом потом людей еще минут 15 не пускали на площадку и была огромная очередь в баре. То есть людей пытались оставить без воды минут на 40, не меньше, в жару 30 градусов после того, как мы простояли 20 минут на той лестнице. Мы пришли не в клуб, а на концерт и в 2021 году воду отбирать никто не имеет права, мы не в аэропорту в конце концов. Концерт был заявлен с 19.30, в итоге мы вышли на воздух только ближе к 20.00, затем увидели, как девочки-админисраторы в мыле и хаосе сажают на место каждого гостя. Билеты покупались через Timepad, там есть опции продажи билетов по местам, но ей организаторы не воспользовались. Организаторы не отвечали ни на один вопрос, не информировали гостей о задержках, о том, во сколько все начнётся и закончится. Трубку не брали, на сообщения не отвечали. Банально не извинились за ситуацию. Концерт начался в 20.15 в итоге.
После концерта у кого-то из организаторов таки дошли руки ответить на сообщения: что это все специфика площадки, с которой они не первый год работают. И есть гости, которые площадку любят, а есть комментарии, как ваши.
То есть свою вину так и не признали, не извинились, менять явно ничего не будут. Им нужны гости, которые будут платить деньги и не задавать никаких вопросов, не зависимо от того, как с ними обращаются.",True,Google,https://www.google.com/maps/reviews/data=!4m8!14m7!1m6!2m5!1sChdDSUhNMG9nS0VJQ0FnSURxOGZXcXpnRRAB!2m1!1s0x0:0x69df2cac3edfd627!3m1!1s2@1:CIHM0ogKEICAgIDq8fWqzgE%7C%7C?hl=ru,2026-09-07T23:54:42.458699+00:00,4,48
Fantomas Rooftop,"Болотная наб., 3 строение 2, Москва, Россия, 121352",0x46b54ea48032a8d7:0x69df2cac3edfd627,ChZDSUhNMG9nS0VJQ0FnSURxNHVxUkJnEAE,1.0,2021-07-03T08:58:05Z,2021-07-03T08:58:14Z,5 лет назад,Пусто,True,Google,https://www.google.com/maps/reviews/data=!4m8!14m7!1m6!2m5!1sChZDSUhNMG9nS0VJQ0FnSURxNHVxUkJnEAE!2m1!1s0x0:0x69df2cac3edfd627!3m1!1s2@1:CIHM0ogKEICAgIDq4uqRBg%7C%7C?hl=ru,2026-09-07T23:54:42.458775+00:00,4,48
Fantomas Rooftop,"Болотная наб., 3 строение 2, Москва, Россия, 121352",0x46b54ea48032a8d7:0x69df2cac3edfd627,ChZDSUhNMG9nS0VJQ0FnSURxcEpldkl3EAE,5.0,2021-06-29T11:24:28Z,2021-06-29T11:24:36Z,5 лет назад,"Замечательная крыша"" Фантомас"" Организация  концертов всегда на высшем уровне 👍👍👍 Коктейли тоже хороши: особенно Луи де Фюнес 😍🤩",True,Google,https://www.google.com/maps/reviews/data=!4m8!14m7!1m6!2m5!1sChZDSUhNMG9nS0VJQ0FnSURxcEpldkl3EAE!2m1!1s0x0:0x69df2cac3edfd627!3m1!1s2@1:CIHM0ogKEICAgIDqpJevIw%7C%7C?hl=ru,2026-09-07T23:54:42.458807+00:00,4,48
Fantomas Rooftop,"Болотная наб., 3 строение 2, Москва, Россия, 121352",0x46b54ea48032a8d7:0x69df2cac3edfd627,ChZDSUhNMG9nS0VJQ0FnSUNxbHNiRUdBEAE,5.0,2021-06-05T15:07:53Z,2021-06-05T15:09:47Z,5 лет назад,Была здесь несколько раз на Рейв-медитации от Space Time. Огонь 🔥,True,Google,https://www.google.com/maps/reviews/data=!4m8!14m7!1m6!2m5!1sChZDSUhNMG9nS0VJQ0FnSUNxbHNiRUdBEAE!2m1!1s0x0:0x69df2cac3edfd627!3m1!1s2@1:CIHM0ogKEICAgICqlsbEGA%7C%7C?hl=ru,2026-09-07T23:54:42.458843+00:00,4,48
Fantomas Rooftop,"Болотная наб., 3 строение 2, Москва, Россия, 121352",0x46b54ea48032a8d7:0x69df2cac3edfd627,ChdDSUhNMG9nS0VJQ0FnSUNxcHN6Wm9BRRAB,5.0,2021-06-04T23:43:59Z,2021-06-04T23:43:59Z,5 лет назад,супер место,True,Google,https://www.google.com/maps/reviews/data=!4m8!14m7!1m6!2m5!1sChdDSUhNMG9nS0VJQ0FnSUNxcHN6Wm9BRRAB!2m1!1s0x0:0x69df2cac3edfd627!3m1!1s2@1:CIHM0ogKEICAgICqpszZoAE%7C%7C?hl=ru,2026-09-07T23:54:42.458875+00:00,4,48
Fantomas Rooftop,"Болотная наб., 3 строение 2, Москва, Россия, 121352",0x46b54ea48032a8d7:0x69df2cac3edfd627,ChZDSUhNMG9nS0VJQ0FnSUNxNm9qekNnEAE,5.0,2021-06-03T04:10:57Z,2021-06-03T04:10:57Z,5 лет назад,Отличная площадка. Проводили мероприятие Bankiros.ru party и всем место очень понравилось. Шикарные виды. Рассчитано на 150+ человек.,True,Google,https://www.google.com/maps/reviews/data=!4m8!14m7!1m6!2m5!1sChZDSUhNMG9nS0VJQ0FnSUNxNm9qekNnEAE!2m1!1s0x0:0x69df2cac3edfd627!3m1!1s2@1:CIHM0ogKEICAgICq6ojzCg%7C%7C?hl=ru,2026-09-07T23:54:42.458904+00:00,4,48
Fantomas Rooftop,"Болотная наб., 3 строение 2, Москва, Россия, 121352",0x46b54ea48032a8d7:0x69df2cac3edfd627,ChdDSUhNMG9nS0VJQ0FnSURTdmJ1RHdnRRAB,5.0,2021-01-06T05:54:17Z,2021-01-06T05:54:17Z,5 лет назад,,False,Google,https://www.google.com/maps/reviews/data=!4m8!14m7!1m6!2m5!1sChdDSUhNMG9nS0VJQ0FnSURTdmJ1RHdnRRAB!2m1!1s0x0:0x69df2cac3edfd627!3m1!1s2@1:CIHM0ogKEICAgIDSvbuDwgE%7C%7C?hl=ru,2026-09-07T23:54:42.458938+00:00,4,48
Fantomas Rooftop,"Болотная наб., 3 строение 2, Москва, Россия, 121352",0x46b54ea48032a8d7:0x69df2cac3edfd627,ChZDSUhNMG9nS0VJQ0FnSUNpNXYyVUNREAE,4.0,2020-10-31T21:02:01Z,2020-10-31T21:02:01Z,5 лет назад,Нет вывески. Или незаметная. Оформление на высоте. Локация и виду - очень гут.,True,Google,https://www.google.com/maps/reviews/data=!4m8!14m7!1m6!2m5!1sChZDSUhNMG9nS0VJQ0FnSUNpNXYyVUNREAE!2m1!1s0x0:0x69df2cac3edfd627!3m1!1s2@1:CIHM0ogKEICAgICi5v2UCQ%7C%7C?hl=ru,2026-09-07T23:54:42.458967+00:00,4,48
Fantomas Rooftop,"Болотная наб., 3 строение 2, Москва, Россия, 121352",0x46b54ea48032a8d7:0x69df2cac3edfd627,ChZDSUhNMG9nS0VJQ0FnSURDcHB1aUhREAE,5.0,2020-09-25T04:00:11Z,2020-09-25T04:02:28Z,5 лет назад,Очень красивый вид на ночную Москву. Вкусная еда.,True,Google,https://www.google.com/maps/reviews/data=!4m8!14m7!1m6!2m5!1sChZDSUhNMG9nS0VJQ0FnSURDcHB1aUhREAE!2m1!1s0x0:0x69df2cac3edfd627!3m1!1s2@1:CIHM0ogKEICAgIDCppuiHQ%7C%7C?hl=ru,2026-09-07T23:54:42.458998+00:00,4,48
Fantomas Rooftop,"Болотная наб., 3 строение 2, Москва, Россия, 121352",0x46b54ea48032a8d7:0x69df2cac3edfd627,ChZDSUhNMG9nS0VJQ0FnSURDdk9QcURREAE,5.0,2020-09-18T22:11:57Z,2020-09-18T22:14:00Z,5 лет назад,Норм место 👍,True,Google,https://www.google.com/maps/reviews/data=!4m8!14m7!1m6!2m5!1sChZDSUhNMG9nS0VJQ0FnSURDdk9QcURREAE!2m1!1s0x0:0x69df2cac3edfd627!3m1!1s2@1:CIHM0ogKEICAgIDCvOPqDQ%7C%7C?hl=ru,2026-09-07T23:54:42.459028+00:00,4,48
Fantomas Rooftop,"Болотная наб., 3 строение 2, Москва, Россия, 121352",0x46b54ea48032a8d7:0x69df2cac3edfd627,ChdDSUhNMG9nS0VJQ0FnSURDa083ZnhnRRAB,4.0,2020-09-11T11:12:00Z,2020-09-11T11:22:00Z,5 лет назад,"Были здесь на концерте RochCellos, 1 сентября. Вид классный. Звук хороший. Цены кусаются. Нет никакой вывески. Если бы не зазывала внизу с матюгальником, протопали бы мимо😂. По обслуживанию ничего сказать не могу, т. к. весь концерт простояли возле сцены. Туалеты чистые, и в начале и в конце.",True,Google,https://www.google.com/maps/reviews/data=!4m8!14m7!1m6!2m5!1sChdDSUhNMG9nS0VJQ0FnSURDa083ZnhnRRAB!2m1!1s0x0:0x69df2cac3edfd627!3m1!1s2@1:CIHM0ogKEICAgIDCkO7fxgE%7C%7C?hl=ru,2026-09-07T23:54:42.459057+00:00,4,48
Fantomas Rooftop,"Болотная наб., 3 строение 2, Москва, Россия, 121352",0x46b54ea48032a8d7:0x69df2cac3edfd627,ChdDSUhNMG9nS0VJQ0FnSUQ4bnRPYnRBRRAB,5.0,2020-07-18T16:34:43Z,2020-07-18T16:38:28Z,6 лет назад,,False,Google,https://www.google.com/maps/reviews/data=!4m8!14m7!1m6!2m5!1sChdDSUhNMG9nS0VJQ0FnSUQ4bnRPYnRBRRAB!2m1!1s0x0:0x69df2cac3edfd627!3m1!1s2@1:CIHM0ogKEICAgID8ntObtAE%7C%7C?hl=ru,2026-09-07T23:54:42.459094+00:00,4,48
Fantomas Rooftop,"Болотная наб., 3 строение 2, Москва, Россия, 121352",0x46b54ea48032a8d7:0x69df2cac3edfd627,ChdDSUhNMG9nS0VJQ0FnSUNjdmQ3dnhBRRAB,5.0,2020-03-24T12:22:56Z,2020-03-24T12:22:56Z,6 лет назад,,False,Google,https://www.google.com/maps/reviews/data=!4m8!14m7!1m6!2m5!1sChdDSUhNMG9nS0VJQ0FnSUNjdmQ3dnhBRRAB!2m1!1s0x0:0x69df2cac3edfd627!3m1!1s2@1:CIHM0ogKEICAgICcvd7vxAE%7C%7C?hl=ru,2026-09-07T23:54:42.459123+00:00,4,48
Fantomas Rooftop,"Болотная наб., 3 строение 2, Москва, Россия, 121352",0x46b54ea48032a8d7:0x69df2cac3edfd627,ChdDSUhNMG9nS0VJQ0FnSUNzanJPVjB3RRAB,5.0,2020-02-01T21:50:11Z,2020-02-01T21:50:11Z,6 лет назад,,False,Google,https://www.google.com/maps/reviews/data=!4m8!14m7!1m6!2m5!1sChdDSUhNMG9nS0VJQ0FnSUNzanJPVjB3RRAB!2m1!1s0x0:0x69df2cac3edfd627!3m1!1s2@1:CIHM0ogKEICAgICsjrOV0wE%7C%7C?hl=ru,2026-09-07T23:54:42.459151+00:00,4,48
Fantomas Rooftop,"Болотная наб., 3 строение 2, Москва, Россия, 121352",0x46b54ea48032a8d7:0x69df2cac3edfd627,ChZDSUhNMG9nS0VJQ0FnSUMwNnZUdVV3EAE,5.0,2019-09-22T12:42:29Z,2019-09-22T12:42:29Z,6 лет назад,,False,Google,https://www.google.com/maps/reviews/data=!4m8!14m7!1m6!2m5!1sChZDSUhNMG9nS0VJQ0FnSUMwNnZUdVV3EAE!2m1!1s0x0:0x69df2cac3edfd627!3m1!1s2@1:CIHM0ogKEICAgIC06vTuUw%7C%7C?hl=ru,2026-09-07T23:54:42.459178+00:00,4,48
Fantomas Rooftop,"Болотная наб., 3 строение 2, Москва, Россия, 121352",0x46b54ea48032a8d7:0x69df2cac3edfd627,ChZDSUhNMG9nS0VJQ0FnSUMwc3FESlRREAE,5.0,2019-09-21T05:29:42Z,2019-09-21T05:29:42Z,6 лет назад,"Отличное место, с шикарной панорамой",True,Google,https://www.google.com/maps/reviews/data=!4m8!14m7!1m6!2m5!1sChZDSUhNMG9nS0VJQ0FnSUMwc3FESlRREAE!2m1!1s0x0:0x69df2cac3edfd627!3m1!1s2@1:CIHM0ogKEICAgIC0sqDJTQ%7C%7C?hl=ru,2026-09-07T23:54:42.459206+00:00,4,48
Fantomas Rooftop,"Болотная наб., 3 строение 2, Москва, Россия, 121352",0x46b54ea48032a8d7:0x69df2cac3edfd627,ChZDSUhNMG9nS0VJQ0FnSUNVbnVIbkNBEAE,1.0,2019-07-24T18:16:10Z,2019-07-24T18:16:10Z,7 лет назад,"Мы с мужем приобрели 2 билета на коцерт Ах Астаховой на 24 июля 2019г.
Очень ждали концерт, потому как очень любим поэтессу и являемся ее страстными поклонниками. Были год назад на концерте Астаховой в Зеленом театре ВДНХ, (сцена на воде), остались очень довольными как исполнением, так и организацией самого концерта, несмотря на то, что концерт в связи с непогодой перенесли больше, чем на месяц.
Сегодня мы были разочарованы. Очень. Очередь на крышу растянулась почти на километр, охранники при входе с нездоровым интересом изучали содержимое сумок-рюкзаков-карманов, заставляли вылить воду из бутылок, выбросить еду...
Но самое большое разочарование нас настигло наверху, когда мы наконец поднялись на крышу. Толпа, очень много людей, очень-очень много, я почувствовала себя, как в метро в час пик. И вроде фиг бы с охранниками, и скученность народа можно пережить, но нет: на баре официанты так громко наливали напитки, гремели бутылками, льдом, шейкерами и еще неизвестно чем, что поэтессу было плохо слышно. И как-то все это уже неромантично: поэтессу плохо видно и слышно, толпа окружает, гремит бутылками бар... нездорово это все.
В общем, мероприятие нам не понравилось. Дизлайк вам, ребята, за организацию. А винишко-коктейльчики я и дома попью и музыку включу, даже стихи на ютуб послушаю, и знаете, это будет КОМФОРТНО.
Удачи вам и ума в организации мероприятий.",True,Google,https://www.google.com/maps/reviews/data=!4m8!14m7!1m6!2m5!1sChZDSUhNMG9nS0VJQ0FnSUNVbnVIbkNBEAE!2m1!1s0x0:0x69df2cac3edfd627!3m1!1s2@1:CIHM0ogKEICAgICUnuHnCA%7C%7C?hl=ru,2026-09-07T23:54:43.811326+00:00,4,48
Fantomas Rooftop,"Болотная наб., 3 строение 2, Москва, Россия, 121352",0x46b54ea48032a8d7:0x69df2cac3edfd627,ChdDSUhNMG9nS0VJQ0FnSURrNlltcjBnRRAB,5.0,2019-06-30T10:05:43Z,2019-06-30T10:05:43Z,7 лет назад,,False,Google,https://www.google.com/maps/reviews/data=!4m8!14m7!1m6!2m5!1sChdDSUhNMG9nS0VJQ0FnSURrNlltcjBnRRAB!2m1!1s0x0:0x69df2cac3edfd627!3m1!1s2@1:CIHM0ogKEICAgIDk6Ymr0gE%7C%7C?hl=ru,2026-09-07T23:54:43.811530+00:00,4,48
Fantomas Rooftop,"Болотная наб., 3 строение 2, Москва, Россия, 121352",0x46b54ea48032a8d7:0x69df2cac3edfd627,ChZDSUhNMG9nS0VJQ0FnSUQ0OWFpM0NnEAE,3.0,2019-06-14T20:58:30Z,2019-06-14T20:58:30Z,7 лет назад,"Ходили на концерт RockCellos. Звук, еда и вид отличный, но организация хромает. Обслуживание никакое, одна девочка весь вечер носилась на весь зал. Салфетки так и не принесли за 2 часа😀. Мы брали более дорогие билеты и раньше пришли - успели сесть на хорошие диваны, а кто пришёл позже по vip билетам сидели на лестнице. Бар понравился. И ещё - внизу нет никакой вывески. И ещё - дорого очень всё.",True,Google,https://www.google.com/maps/reviews/data=!4m8!14m7!1m6!2m5!1sChZDSUhNMG9nS0VJQ0FnSUQ0OWFpM0NnEAE!2m1!1s0x0:0x69df2cac3edfd627!3m1!1s2@1:CIHM0ogKEICAgID49ai3Cg%7C%7C?hl=ru,2026-09-07T23:54:43.811591+00:00,4,48
Fantomas Rooftop,"Болотная наб., 3 строение 2, Москва, Россия, 121352",0x46b54ea48032a8d7:0x69df2cac3edfd627,ChdDSUhNMG9nS0VJQ0FnSUQ0cFpuN3BRRRAB,1.0,2019-06-14T16:39:30Z,2019-06-14T16:39:30Z,7 лет назад,"Вход найти невозможно - ни одной вывески ни с этим корпусом, ни с названием клуба.",True,Google,https://www.google.com/maps/reviews/data=!4m8!14m7!1m6!2m5!1sChdDSUhNMG9nS0VJQ0FnSUQ0cFpuN3BRRRAB!2m1!1s0x0:0x69df2cac3edfd627!3m1!1s2@1:CIHM0ogKEICAgID4pZn7pQE%7C%7C?hl=ru,2026-09-07T23:54:43.811649+00:00,4,48
Fantomas Rooftop,"Болотная наб., 3 строение 2, Москва, Россия, 121352",0x46b54ea48032a8d7:0x69df2cac3edfd627,ChdDSUhNMG9nS0VJQ0FnSUQ0MXAzbXhnRRAB,2.0,2019-06-13T17:26:36Z,2019-06-13T17:27:20Z,7 лет назад,"Красивый вид. Обслуживания нет, даже если берешь стол. За маленький столик, на самый максимум 4-х, сажают 6-х, места мало, тарелки не поставишь.",True,Google,https://www.google.com/maps/reviews/data=!4m8!14m7!1m6!2m5!1sChdDSUhNMG9nS0VJQ0FnSUQ0MXAzbXhnRRAB!2m1!1s0x0:0x69df2cac3edfd627!3m1!1s2@1:CIHM0ogKEICAgID41p3mxgE%7C%7C?hl=ru,2026-09-07T23:54:43.811687+00:00,4,48
Fantomas Rooftop,"Болотная наб., 3 строение 2, Москва, Россия, 121352",0x46b54ea48032a8d7:0x69df2cac3edfd627,ChZDSUhNMG9nS0VJQ0FnSUM0eHB5cGFREAE,2.0,2019-06-05T17:09:19Z,2019-06-05T17:10:41Z,7 лет назад,"1) ужасный бар
2) маленькая сцена
3) высокий ценник",True,Google,https://www.google.com/maps/reviews/data=!4m8!14m7!1m6!2m5!1sChZDSUhNMG9nS0VJQ0FnSUM0eHB5cGFREAE!2m1!1s0x0:0x69df2cac3edfd627!3m1!1s2@1:CIHM0ogKEICAgIC4xpypaQ%7C%7C?hl=ru,2026-09-07T23:54:43.811724+00:00,4,48
Fantomas Rooftop,"Болотная наб., 3 строение 2, Москва, Россия, 121352",0x46b54ea48032a8d7:0x69df2cac3edfd627,ChdDSUhNMG9nS0VJQ0FnSUM0LXNyMzF3RRAB,5.0,2019-06-05T15:46:15Z,2019-06-05T15:46:15Z,7 лет назад,,False,Google,https://www.google.com/maps/reviews/data=!4m8!14m7!1m6!2m5!1sChdDSUhNMG9nS0VJQ0FnSUM0LXNyMzF3RRAB!2m1!1s0x0:0x69df2cac3edfd627!3m1!1s2@1:CIHM0ogKEICAgIC4-sr31wE%7C%7C?hl=ru,2026-09-07T23:54:43.811759+00:00,4,48
Fantomas Rooftop,"Болотная наб., 3 строение 2, Москва, Россия, 121352",0x46b54ea48032a8d7:0x69df2cac3edfd627,ChdDSUhNMG9nS0VJQ0FnSUM0aE9QczdBRRAB,4.0,2019-06-02T13:14:12Z,2019-06-02T13:14:12Z,7 лет назад,Прикольное место. Интересная атмосфера и красивый вид. Был там на концерте Therr Maitz.,True,Google,https://www.google.com/maps/reviews/data=!4m8!14m7!1m6!2m5!1sChdDSUhNMG9nS0VJQ0FnSUM0aE9QczdBRRAB!2m1!1s0x0:0x69df2cac3edfd627!3m1!1s2@1:CIHM0ogKEICAgIC4hOPs7AE%7C%7C?hl=ru,2026-09-07T23:54:43.811791+00:00,4,48
Fantomas Rooftop,"Болотная наб., 3 строение 2, Москва, Россия, 121352",0x46b54ea48032a8d7:0x69df2cac3edfd627,ChZDSUhNMG9nS0VJQ0FnSURvNVB1QUtREAE,5.0,2019-03-13T12:22:34Z,2019-03-13T12:22:34Z,7 лет назад,"Очень приятно место, посещала там ханг фестиваль. Прекрасный вид на реку и на закат, несколько уровней, что позволяет разместить довольно большое количество гостей, приятный деревянный настил, на котором можно сидеть просто так. Есть закрытое пространство для камерных мероприятий. Впечатления самые положительные.",True,Google,https://www.google.com/maps/reviews/data=!4m8!14m7!1m6!2m5!1sChZDSUhNMG9nS0VJQ0FnSURvNVB1QUtREAE!2m1!1s0x0:0x69df2cac3edfd627!3m1!1s2@1:CIHM0ogKEICAgIDo5PuAKQ%7C%7C?hl=ru,2026-09-07T23:54:43.811825+00:00,4,48
Fantomas Rooftop,"Болотная наб., 3 строение 2, Москва, Россия, 121352",0x46b54ea48032a8d7:0x69df2cac3edfd627,ChdDSUhNMG9nS0VJQ0FnSUNJOXZlWjZRRRAB,5.0,2018-11-14T16:35:31Z,2018-11-14T16:35:45Z,7 лет назад,Отличное место!,True,Google,https://www.google.com/maps/reviews/data=!4m8!14m7!1m6!2m5!1sChdDSUhNMG9nS0VJQ0FnSUNJOXZlWjZRRRAB!2m1!1s0x0:0x69df2cac3edfd627!3m1!1s2@1:CIHM0ogKEICAgICI9veZ6QE%7C%7C?hl=ru,2026-09-07T23:54:43.811864+00:00,4,48
Fantomas Rooftop,"Болотная наб., 3 строение 2, Москва, Россия, 121352",0x46b54ea48032a8d7:0x69df2cac3edfd627,ChZDSUhNMG9nS0VJQ0FnSURRNXRxZ0tnEAE,2.0,2018-09-10T16:46:57Z,2018-09-10T16:46:57Z,7 лет назад,"Клубная площадка в центре Москвы, были на дне города Маджик Бездей, плюсы: открытое небо, возможность смотреть на танцующих со второго этажа, хорошая музыка.
Минусы: страдает организация, хотя ценник был за вход выше среднего. Первое: очередь на вход в обшарпанном подъезде - если вы настроены на высокую посещаемость наймите ещё пару человек. Второе: туалет в ужасном состоянии. Третье: очень сильно не хватает количества звука, это неприемлемо экономить на звуке при формате мероприятия ориентированном на хорошую музыку. Итого: два бала.",True,Google,https://www.google.com/maps/reviews/data=!4m8!14m7!1m6!2m5!1sChZDSUhNMG9nS0VJQ0FnSURRNXRxZ0tnEAE!2m1!1s0x0:0x69df2cac3edfd627!3m1!1s2@1:CIHM0ogKEICAgIDQ5tqgKg%7C%7C?hl=ru,2026-09-07T23:54:43.811896+00:00,4,48
Fantomas Rooftop,"Болотная наб., 3 строение 2, Москва, Россия, 121352",0x46b54ea48032a8d7:0x69df2cac3edfd627,ChZDSUhNMG9nS0VJQ0FnSUNneHBlckJnEAE,5.0,2018-09-04T05:37:04Z,2018-09-04T05:37:04Z,8 лет назад,"шикарное место для муз.концертов под открытым небом. вид завораживает, музыка дополняет)",True,Google,https://www.google.com/maps/reviews/data=!4m8!14m7!1m6!2m5!1sChZDSUhNMG9nS0VJQ0FnSUNneHBlckJnEAE!2m1!1s0x0:0x69df2cac3edfd627!3m1!1s2@1:CIHM0ogKEICAgICgxperBg%7C%7C?hl=ru,2026-09-07T23:54:43.811941+00:00,4,48
Fantomas Rooftop,"Болотная наб., 3 строение 2, Москва, Россия, 121352",0x46b54ea48032a8d7:0x69df2cac3edfd627,ChZDSUhNMG9nS0VJQ0FnSUNnNTdtQ1pREAE,5.0,2018-08-30T05:42:32Z,2018-08-30T05:43:18Z,8 лет назад,Прекрасные дискотеки на свежем воздухе! Но дорого(,True,Google,https://www.google.com/maps/reviews/data=!4m8!14m7!1m6!2m5!1sChZDSUhNMG9nS0VJQ0FnSUNnNTdtQ1pREAE!2m1!1s0x0:0x69df2cac3edfd627!3m1!1s2@1:CIHM0ogKEICAgICg57mCZQ%7C%7C?hl=ru,2026-09-07T23:54:43.811973+00:00,4,48
Fantomas Rooftop,"Болотная наб., 3 строение 2, Москва, Россия, 121352",0x46b54ea48032a8d7:0x69df2cac3edfd627,ChZDSUhNMG9nS0VJQ0FnSURRMTVmOVNBEAE,5.0,2018-08-19T18:32:27Z,2018-08-19T18:32:27Z,8 лет назад,,False,Google,https://www.google.com/maps/reviews/data=!4m8!14m7!1m6!2m5!1sChZDSUhNMG9nS0VJQ0FnSURRMTVmOVNBEAE!2m1!1s0x0:0x69df2cac3edfd627!3m1!1s2@1:CIHM0ogKEICAgIDQ15f9SA%7C%7C?hl=ru,2026-09-07T23:54:43.812005+00:00,4,48
Fantomas Rooftop,"Болотная наб., 3 строение 2, Москва, Россия, 121352",0x46b54ea48032a8d7:0x69df2cac3edfd627,ChdDSUhNMG9nS0VJQ0FnSUN3cU9UeG93RRAB,5.0,2018-06-28T13:41:34Z,2018-06-28T13:41:34Z,8 лет назад,,False,Google,https://www.google.com/maps/reviews/data=!4m8!14m7!1m6!2m5!1sChdDSUhNMG9nS0VJQ0FnSUN3cU9UeG93RRAB!2m1!1s0x0:0x69df2cac3edfd627!3m1!1s2@1:CIHM0ogKEICAgICwqOTxowE%7C%7C?hl=ru,2026-09-07T23:54:43.812048+00:00,4,48
Fantomas Rooftop,"Болотная наб., 3 строение 2, Москва, Россия, 121352",0x46b54ea48032a8d7:0x69df2cac3edfd627,ChZDSUhNMG9nS0VJQ0FnSUNBanRUVEtREAE,5.0,2018-04-17T06:28:11Z,2018-04-17T06:29:49Z,8 лет назад,,False,Google,https://www.google.com/maps/reviews/data=!4m8!14m7!1m6!2m5!1sChZDSUhNMG9nS0VJQ0FnSUNBanRUVEtREAE!2m1!1s0x0:0x69df2cac3edfd627!3m1!1s2@1:CIHM0ogKEICAgICAjtTTKQ%7C%7C?hl=ru,2026-09-07T23:54:43.812079+00:00,4,48
Fantomas Rooftop,"Болотная наб., 3 строение 2, Москва, Россия, 121352",0x46b54ea48032a8d7:0x69df2cac3edfd627,ChdDSUhNMG9nS0VJQ0FnSUNnMk9DV2dBRRAB,5.0,2018-03-07T17:27:06Z,2018-03-07T17:27:29Z,8 лет назад,Отличная атмосфера,True,Google,https://www.google.com/maps/reviews/data=!4m8!14m7!1m6!2m5!1sChdDSUhNMG9nS0VJQ0FnSUNnMk9DV2dBRRAB!2m1!1s0x0:0x69df2cac3edfd627!3m1!1s2@1:CIHM0ogKEICAgICg2OCWgAE%7C%7C?hl=ru,2026-09-07T23:54:43.812113+00:00,4,48
Fantomas Rooftop,"Болотная наб., 3 строение 2, Москва, Россия, 121352",0x46b54ea48032a8d7:0x69df2cac3edfd627,ChdDSUhNMG9nS0VJQ0FnSUNRMjUzQnR3RRAB,5.0,2017-08-22T23:47:08Z,2017-08-30T08:14:20Z,Изменено 9 лет назад,"Очень интересный клуб, большая открытая площадка, звук суперский, соседних клубов не слышно",True,Google,https://www.google.com/maps/reviews/data=!4m8!14m7!1m6!2m5!1sChdDSUhNMG9nS0VJQ0FnSUNRMjUzQnR3RRAB!2m1!1s0x0:0x69df2cac3edfd627!3m1!1s2@1:CIHM0ogKEICAgICQ253BtwE%7C%7C?hl=ru,2026-09-07T23:54:43.812148+00:00,4,48
Fantomas Rooftop,"Болотная наб., 3 строение 2, Москва, Россия, 121352",0x46b54ea48032a8d7:0x69df2cac3edfd627,ChdDSUhNMG9nS0VJQ0FnSUNBdFl5VS1RRRAB,5.0,2017-07-17T18:05:55Z,2017-07-17T18:06:56Z,9 лет назад,"Отличная двухъярусная веранда. Хороший звук, модные диджеи.",True,Google,https://www.google.com/maps/reviews/data=!4m8!14m7!1m6!2m5!1sChdDSUhNMG9nS0VJQ0FnSUNBdFl5VS1RRRAB!2m1!1s0x0:0x69df2cac3edfd627!3m1!1s2@1:CIHM0ogKEICAgICAtYyU-QE%7C%7C?hl=ru,2026-09-07T23:54:43.812186+00:00,4,48
Fantomas Rooftop,"Болотная наб., 3 строение 2, Москва, Россия, 121352",0x46b54ea48032a8d7:0x69df2cac3edfd627,ChZDSUhNMG9nS0VJQ0FnSURBMjhTM05nEAE,5.0,2017-07-08T17:56:37Z,2017-07-08T17:56:37Z,9 лет назад,,False,Google,https://www.google.com/maps/reviews/data=!4m8!14m7!1m6!2m5!1sChZDSUhNMG9nS0VJQ0FnSURBMjhTM05nEAE!2m1!1s0x0:0x69df2cac3edfd627!3m1!1s2@1:CIHM0ogKEICAgIDA28S3Ng%7C%7C?hl=ru,2026-09-07T23:54:43.812223+00:00,4,48
Молодёжь,"Сущевская ул., 21с8, Москва, Россия, 127055",0x46b54a1a10c61f75:0x43bfdca058fe564e,Ci9DQUlRQUNvZENodHljRjlvT25CNVIyRnBiRGg0Y0RaS1NIZGhURGhGVWtkc00wRRAB,1.0,2026-09-07T19:17:14Z,2026-09-07T19:17:14Z,4 часа назад,This is the worst place. The guard makes racist mochi joke and sexual gestures. Tells me it’s all full even it’s not full you still can’t get in. Why would such a place still runs regularly?,True,Google,https://www.google.com/maps/reviews/data=!4m8!14m7!1m6!2m5!1sCi9DQUlRQUNvZENodHljRjlvT25CNVIyRnBiRGg0Y0RaS1NIZGhURGhGVWtkc00wRRAB!2m1!1s0x0:0x43bfdca058fe564e!3m1!1s2@1:CAIQACodChtycF9oOnB5R2FpbDh4cDZKSHdhTDhFUkdsM0E%7C%7C?hl=ru,2026-09-07T23:54:44.129107+00:00,4.7,7511
Молодёжь,"Сущевская ул., 21с8, Москва, Россия, 127055",0x46b54a1a10c61f75:0x43bfdca058fe564e,Ci9DQUlRQUNvZENodHljRjlvT2tOeldVSXphRXBPVDI1UWJXdFRhVTlKUWxKMVNrRRAB,5.0,2026-09-05T06:40:21Z,2026-09-05T06:40:21Z,2 дня назад,Самое лучшее заведение где мне удалось побывать в Москве,True,Google,https://www.google.com/maps/reviews/data=!4m8!14m7!1m6!2m5!1sCi9DQUlRQUNvZENodHljRjlvT2tOeldVSXphRXBPVDI1UWJXdFRhVTlKUWxKMVNrRRAB!2m1!1s0x0:0x43bfdca058fe564e!3m1!1s2@1:CAIQACodChtycF9oOkNzWUIzaEpOT25QbWtTaU9JQlJ1SkE%7C%7C?hl=ru,2026-09-07T23:54:44.129295+00:00,4.7,7511
Молодёжь,"Сущевская ул., 21с8, Москва, Россия, 127055",0x46b54a1a10c61f75:0x43bfdca058fe564e,Ci9DQUlRQUNvZENodHljRjlvT2kwM2JFOUxWMjFLZFc5dkxVRm1RMDFCWmtadlluYxAB,5.0,2026-09-04T23:34:55Z,2026-09-04T23:34:55Z,3 дня назад,Классное заведение !! Вкусная еда и прекрасная кухня!обязательно вернусь,True,Google,https://www.google.com/maps/reviews/data=!4m8!14m7!1m6!2m5!1sCi9DQUlRQUNvZENodHljRjlvT2kwM2JFOUxWMjFLZFc5dkxVRm1RMDFCWmtadlluYxAB!2m1!1s0x0:0x43bfdca058fe564e!3m1!1s2@1:CAIQACodChtycF9oOi03bE9LV21KdW9vLUFmQ01BZkZvYnc%7C%7C?hl=ru,2026-09-07T23:54:44.129408+00:00,4.7,7511
Молодёжь,"Сущевская ул., 21с8, Москва, Россия, 127055",0x46b54a1a10c61f75:0x43bfdca058fe564e,Ci9DQUlRQUNvZENodHljRjlvT2tWalVEQjBUbXRDVUZGT05IcFpSME41U0ZZeFMwRRAB,5.0,2026-09-04T23:30:44Z,2026-09-04T23:30:44Z,3 дня назад,"Низкие цены, приятная атмосфера заведения, приятный и отзывчивый персонал, вкусная еда и коктейли🔥🔥🔥",True,Google,https://www.google.com/maps/reviews/data=!4m8!14m7!1m6!2m5!1sCi9DQUlRQUNvZENodHljRjlvT2tWalVEQjBUbXRDVUZGT05IcFpSME41U0ZZeFMwRRAB!2m1!1s0x0:0x43bfdca058fe564e!3m1!1s2@1:CAIQACodChtycF9oOkVjUDB0TmtCUFFONHpZR0N5SFYxS0E%7C%7C?hl=ru,2026-09-07T23:54:44.129569+00:00,4.7,7511
Молодёжь,"Сущевская ул., 21с8, Москва, Россия, 127055",0x46b54a1a10c61f75:0x43bfdca058fe564e,ChdDSUhNMG9nS0VJQ0FnSUNMaTVMN2tRRRAB,5.0,2024-06-23T02:50:16Z,2026-09-04T07:17:53Z,Изменено 3 дня назад,"Хорошее место, чтобы отдохнуть и потанцевать. Хорошие коктейли!!!! ❤️❤️❤️",True,Google,https://www.google.com/maps/reviews/data=!4m8!14m7!1m6!2m5!1sChdDSUhNMG9nS0VJQ0FnSUNMaTVMN2tRRRAB!2m1!1s0x0:0x43bfdca058fe564e!3m1!1s2@1:CIHM0ogKEICAgICLi5L7kQE%7C%7C?hl=ru,2026-09-07T23:54:44.129627+00:00,4.7,7511
Молодёжь,"Сущевская ул., 21с8, Москва, Россия, 127055",0x46b54a1a10c61f75:0x43bfdca058fe564e,Ci9DQUlRQUNvZENodHljRjlvT210T2VraHhaVkpCTkRaSFYydEZRV2RrV1hKWlpYYxAB,5.0,2026-09-03T14:12:30Z,2026-09-03T14:12:30Z,4 дня назад,"Самое лучшее место куда мы ходили с друзьями в последнее время . Очень клевая музыка , персонал на высоте . Кухня отдельная история , все очень вкусно",True,Google,https://www.google.com/maps/reviews/data=!4m8!14m7!1m6!2m5!1sCi9DQUlRQUNvZENodHljRjlvT210T2VraHhaVkpCTkRaSFYydEZRV2RrV1hKWlpYYxAB!2m1!1s0x0:0x43bfdca058fe564e!3m1!1s2@1:CAIQACodChtycF9oOmtOekhxZVJBNDZHV2tFQWdkWXJZZXc%7C%7C?hl=ru,2026-09-07T23:54:44.129677+00:00,4.7,7511
Молодёжь,"Сущевская ул., 21с8, Москва, Россия, 127055",0x46b54a1a10c61f75:0x43bfdca058fe564e,Ci9DQUlRQUNvZENodHljRjlvT2pJMGIxRkdielI1WmxsUk1WTlVWMFEzVUdvMlRrRRAB,5.0,2026-09-03T14:11:01Z,2026-09-03T14:11:01Z,4 дня назад,Очень крутое место хочется приходить сюда снова и снова. Я в восторге от данного заведения,True,Google,https://www.google.com/maps/reviews/data=!4m8!14m7!1m6!2m5!1sCi9DQUlRQUNvZENodHljRjlvT2pJMGIxRkdielI1WmxsUk1WTlVWMFEzVUdvMlRrRRAB!2m1!1s0x0:0x43bfdca058fe564e!3m1!1s2@1:CAIQACodChtycF9oOjI0b1FGbzR5ZllRMVNUV0Q3UGo2TkE%7C%7C?hl=ru,2026-09-07T23:54:44.129723+00:00,4.7,7511
Молодёжь,"Сущевская ул., 21с8, Москва, Россия, 127055",0x46b54a1a10c61f75:0x43bfdca058fe564e,Ci9DQUlRQUNvZENodHljRjlvT2xnelFscFhPRUpGVVVGcE1HWjBORkpaYlhsNFpYYxAB,5.0,2026-09-02T23:41:15Z,2026-09-02T23:41:15Z,5 дней назад,"Хорошее заведение, добрый обслуживающий персонал",True,Google,https://www.google.com/maps/reviews/data=!4m8!14m7!1m6!2m5!1sCi9DQUlRQUNvZENodHljRjlvT2xnelFscFhPRUpGVVVGcE1HWjBORkpaYlhsNFpYYxAB!2m1!1s0x0:0x43bfdca058fe564e!3m1!1s2@1:CAIQACodChtycF9oOlgzQlpXOEJFUUFpMGZ0NFJZbXl4ZXc%7C%7C?hl=ru,2026-09-07T23:54:44.129772+00:00,4.7,7511
Молодёжь,"Сущевская ул., 21с8, Москва, Россия, 127055",0x46b54a1a10c61f75:0x43bfdca058fe564e,Ci9DQUlRQUNvZENodHljRjlvT21oc2VHVlJRbWh6TnpSdFZ6UmtiRmhKVm5wQ2RtYxAB,5.0,2026-09-02T23:40:46Z,2026-09-02T23:40:46Z,5 дней назад,Я выпил текилу и мне очень стало хорошо советую заведение и музыка хорошая,True,Google,https://www.google.com/maps/reviews/data=!4m8!14m7!1m6!2m5!1sCi9DQUlRQUNvZENodHljRjlvT21oc2VHVlJRbWh6TnpSdFZ6UmtiRmhKVm5wQ2RtYxAB!2m1!1s0x0:0x43bfdca058fe564e!3m1!1s2@1:CAIQACodChtycF9oOmhseGVRQmhzNzRtVzRkbFhJVnpCdmc%7C%7C?hl=ru,2026-09-07T23:54:44.297137+00:00,4.7,7511
Молодёжь,"Сущевская ул., 21с8, Москва, Россия, 127055",0x46b54a1a10c61f75:0x43bfdca058fe564e,Ci9DQUlRQUNvZENodHljRjlvT21kbVFUQlhWVU5FUVdGdFQyeHdMVkpsYTFKSGQzYxAB,5.0,2026-08-29T04:45:18Z,2026-08-29T04:45:18Z,неделю назад,,False,Google,https://www.google.com/maps/reviews/data=!4m8!14m7!1m6!2m5!1sCi9DQUlRQUNvZENodHljRjlvT21kbVFUQlhWVU5FUVdGdFQyeHdMVkpsYTFKSGQzYxAB!2m1!1s0x0:0x43bfdca058fe564e!3m1!1s2@1:CAIQACodChtycF9oOmdmQTBXVUNEQWFtT2xwLVJla1JHd3c%7C%7C?hl=ru,2026-09-07T23:54:44.297388+00:00,4.7,7511
Молодёжь,"Сущевская ул., 21с8, Москва, Россия, 127055",0x46b54a1a10c61f75:0x43bfdca058fe564e,Ci9DQUlRQUNvZENodHljRjlvT2tSSmVUVkRObGMxU0dSMmVUWXhlVzV3VjBSUllXYxAB,5.0,2026-08-22T03:42:14Z,2026-08-22T03:42:14Z,2 недели назад,"Интересное заведение с ярким контингентом, Ярослав тащил этот вечер своими настойками и настроением! Повеселились на ура!",True,Google,https://www.google.com/maps/reviews/data=!4m8!14m7!1m6!2m5!1sCi9DQUlRQUNvZENodHljRjlvT2tSSmVUVkRObGMxU0dSMmVUWXhlVzV3VjBSUllXYxAB!2m1!1s0x0:0x43bfdca058fe564e!3m1!1s2@1:CAIQACodChtycF9oOkRJeTVDNlc1SGR2eTYxeW5wV0RRYWc%7C%7C?hl=ru,2026-09-07T23:54:44.297455+00:00,4.7,7511
Молодёжь,"Сущевская ул., 21с8, Москва, Россия, 127055",0x46b54a1a10c61f75:0x43bfdca058fe564e,Ci9DQUlRQUNvZENodHljRjlvT2tWalJYUTRYMTlRWmw4MFEyTkhYMlJHWldsUGJHYxAB,5.0,2026-08-21T18:30:30Z,2026-08-21T18:30:30Z,2 недели назад,Хорошее заведение!вкусные напитки и прекрасный персонал,True,Google,https://www.google.com/maps/reviews/data=!4m8!14m7!1m6!2m5!1sCi9DQUlRQUNvZENodHljRjlvT2tWalJYUTRYMTlRWmw4MFEyTkhYMlJHWldsUGJHYxAB!2m1!1s0x0:0x43bfdca058fe564e!3m1!1s2@1:CAIQACodChtycF9oOkVjRXQ4X19QZl80Q2NHX2RGZWlPbGc%7C%7C?hl=ru,2026-09-07T23:54:44.297501+00:00,4.7,7511
Молодёжь,"Сущевская ул., 21с8, Москва, Россия, 127055",0x46b54a1a10c61f75:0x43bfdca058fe564e,Ci9DQUlRQUNvZENodHljRjlvT21OUWRIQlVWbnA2ZDNZMGJEUnlZbmxZT1dGbGVWRRAB,5.0,2026-07-08T06:35:08Z,2026-08-21T11:00:53Z,Изменено 2 недели назад,"Самый лучший бар в Москве! Если ты хочешь с удовольствием провести время, классно потусить, вкусно выпить, познакомиться с разными людьми, — обязательно приходи . Атмосфера 100/100. Много постоянных гостей. Все честно и дружелюбно) танцы, караоке, тематические вечеринки; все под рукой)",True,Google,https://www.google.com/maps/reviews/data=!4m8!14m7!1m6!2m5!1sCi9DQUlRQUNvZENodHljRjlvT21OUWRIQlVWbnA2ZDNZMGJEUnlZbmxZT1dGbGVWRRAB!2m1!1s0x0:0x43bfdca058fe564e!3m1!1s2@1:CAIQACodChtycF9oOmNQdHBUVnp6d3Y0bDRyYnlYOWFleVE%7C%7C?hl=ru,2026-09-07T23:54:44.297541+00:00,4.7,7511
Молодёжь,"Сущевская ул., 21с8, Москва, Россия, 127055",0x46b54a1a10c61f75:0x43bfdca058fe564e,Ci9DQUlRQUNvZENodHljRjlvT25OaVJHcG5SM0pGUjFCYVRYbE9VMFpQVEdnemNVRRAB,5.0,2026-08-21T02:18:33Z,2026-08-21T02:18:33Z,2 недели назад,"Хорошая музыка, много людей 🔥❤️",True,Google,https://www.google.com/maps/reviews/data=!4m8!14m7!1m6!2m5!1sCi9DQUlRQUNvZENodHljRjlvT25OaVJHcG5SM0pGUjFCYVRYbE9VMFpQVEdnemNVRRAB!2m1!1s0x0:0x43bfdca058fe564e!3m1!1s2@1:CAIQACodChtycF9oOnNiRGpnR3JFR1BaTXlOU0ZPTGgzcUE%7C%7C?hl=ru,2026-09-07T23:54:44.297590+00:00,4.7,7511
Молодёжь,"Сущевская ул., 21с8, Москва, Россия, 127055",0x46b54a1a10c61f75:0x43bfdca058fe564e,Ci9DQUlRQUNvZENodHljRjlvT2kxRU1tVk9PSE5ZYlVwcU1GZEtTMkZyWW1vMlgxRRAB,5.0,2026-08-16T01:23:11Z,2026-08-16T01:23:11Z,3 недели назад,"Приятный бар, хороший персонал, богатый выбор алкоголя!",True,Google,https://www.google.com/maps/reviews/data=!4m8!14m7!1m6!2m5!1sCi9DQUlRQUNvZENodHljRjlvT2kxRU1tVk9PSE5ZYlVwcU1GZEtTMkZyWW1vMlgxRRAB!2m1!1s0x0:0x43bfdca058fe564e!3m1!1s2@1:CAIQACodChtycF9oOi1EMmVOOHNYbUpqMFdKS2FrYmo2X1E%7C%7C?hl=ru,2026-09-07T23:54:44.297641+00:00,4.7,7511
Молодёжь,"Сущевская ул., 21с8, Москва, Россия, 127055",0x46b54a1a10c61f75:0x43bfdca058fe564e,Ci9DQUlRQUNvZENodHljRjlvT25aYVZEZHdPSGR3ZEU5S2JIUlpkblJDZEZsalpIYxAB,5.0,2025-09-28T03:01:42Z,2026-08-16T01:12:45Z,Изменено 3 недели назад,"Отличное место, всем советую посетить! Все очень позитивно,персонал супер!!!!!!!!!",True,Google,https://www.google.com/maps/reviews/data=!4m8!14m7!1m6!2m5!1sCi9DQUlRQUNvZENodHljRjlvT25aYVZEZHdPSGR3ZEU5S2JIUlpkblJDZEZsalpIYxAB!2m1!1s0x0:0x43bfdca058fe564e!3m1!1s2@1:CAIQACodChtycF9oOnZaVDdwOHdwdE9KbHRZdnRCdFljZHc%7C%7C?hl=ru,2026-09-07T23:54:44.297682+00:00,4.7,7511
Молодёжь,"Сущевская ул., 21с8, Москва, Россия, 127055",0x46b54a1a10c61f75:0x43bfdca058fe564e,Ci9DQUlRQUNvZENodHljRjlvT21vNFNuaFphVGxRVm5wNWVHOXFRVzh6Wm5KcFVIYxAB,5.0,2026-08-14T23:09:23Z,2026-08-14T23:09:23Z,3 недели назад,"Отличное место для того чтобы провести вечер в компании друзей!
Приятная атмосфера, хорошая музыка/сервис!
Отдельно стоит отметить напитки, невероятно вкусные:)
рекомендую посетить данное заведение",True,Google,https://www.google.com/maps/reviews/data=!4m8!14m7!1m6!2m5!1sCi9DQUlRQUNvZENodHljRjlvT21vNFNuaFphVGxRVm5wNWVHOXFRVzh6Wm5KcFVIYxAB!2m1!1s0x0:0x43bfdca058fe564e!3m1!1s2@1:CAIQACodChtycF9oOmo4SnhZaTlQVnp5eG9qQW8zZnJpUHc%7C%7C?hl=ru,2026-09-07T23:54:44.297717+00:00,4.7,7511
Молодёжь,"Сущевская ул., 21с8, Москва, Россия, 127055",0x46b54a1a10c61f75:0x43bfdca058fe564e,Ci9DQUlRQUNvZENodHljRjlvT2xkWWFEWjFhM056VnpOWGIzVnVPRkZTYTFoVmIwRRAB,5.0,2026-08-14T22:19:48Z,2026-08-14T22:19:48Z,3 недели назад,"Если ищите место , чтобы классно провести вечер пятницы , то вам сюда! Вежливый персонал и потрясающие эмоции залог успеха вашего вечера !",True,Google,https://www.google.com/maps/reviews/data=!4m8!14m7!1m6!2m5!1sCi9DQUlRQUNvZENodHljRjlvT2xkWWFEWjFhM056VnpOWGIzVnVPRkZTYTFoVmIwRRAB!2m1!1s0x0:0x43bfdca058fe564e!3m1!1s2@1:CAIQACodChtycF9oOldYaDZ1a3NzVzNXb3VuOFFSa1hVb0E%7C%7C?hl=ru,2026-09-07T23:54:44.297754+00:00,4.7,7511
Молодёжь,"Сущевская ул., 21с8, Москва, Россия, 127055",0x46b54a1a10c61f75:0x43bfdca058fe564e,Ci9DQUlRQUNvZENodHljRjlvT21SVk5IVTFUa1pQY0ZKaE5WSTRRbVZMYjFkWlpXYxAB,5.0,2026-08-14T00:21:07Z,2026-08-14T00:21:07Z,3 недели назад,bester club in moskau!!,True,Google,https://www.google.com/maps/reviews/data=!4m8!14m7!1m6!2m5!1sCi9DQUlRQUNvZENodHljRjlvT21SVk5IVTFUa1pQY0ZKaE5WSTRRbVZMYjFkWlpXYxAB!2m1!1s0x0:0x43bfdca058fe564e!3m1!1s2@1:CAIQACodChtycF9oOmRVNHU1TkZPcFJhNVI4QmVLb1dZZWc%7C%7C?hl=ru,2026-09-07T23:54:44.297790+00:00,4.7,7511
Молодёжь,"Сущевская ул., 21с8, Москва, Россия, 127055",0x46b54a1a10c61f75:0x43bfdca058fe564e,Ci9DQUlRQUNvZENodHljRjlvT2pSS2NEbDJOVFZQUzNkVWFTMVVWakJMU2xoNlVFRRAB,5.0,2026-08-12T20:03:52Z,2026-08-12T20:03:52Z,3 недели назад,"Сегодня посетила клуб «Молодежь». Прекрасное место для хорошего вечера с девочками, всем советую. Персонал очень отзывчивый, обслуживание быстрое, еда и напитки вкусные.",True,Google,https://www.google.com/maps/reviews/data=!4m8!14m7!1m6!2m5!1sCi9DQUlRQUNvZENodHljRjlvT2pSS2NEbDJOVFZQUzNkVWFTMVVWakJMU2xoNlVFRRAB!2m1!1s0x0:0x43bfdca058fe564e!3m1!1s2@1:CAIQACodChtycF9oOjRKcDl2NTVPS3dUaS1UVjBLSlh6UEE%7C%7C?hl=ru,2026-09-07T23:54:44.297822+00:00,4.7,7511
Молодёжь,"Сущевская ул., 21с8, Москва, Россия, 127055",0x46b54a1a10c61f75:0x43bfdca058fe564e,Ci9DQUlRQUNvZENodHljRjlvT21kNWNtOUNkVXBFUWt4MGNVSjBkM040VW5jeU5WRRAB,5.0,2026-08-09T22:15:53Z,2026-08-09T22:15:53Z,4 недели назад,Все отлично!,True,Google,https://www.google.com/maps/reviews/data=!4m8!14m7!1m6!2m5!1sCi9DQUlRQUNvZENodHljRjlvT21kNWNtOUNkVXBFUWt4MGNVSjBkM040VW5jeU5WRRAB!2m1!1s0x0:0x43bfdca058fe564e!3m1!1s2@1:CAIQACodChtycF9oOmd5cm9CdUpEQkx0cUJ0d3N4UncyNVE%7C%7C?hl=ru,2026-09-07T23:54:44.297858+00:00,4.7,7511
Молодёжь,"Сущевская ул., 21с8, Москва, Россия, 127055",0x46b54a1a10c61f75:0x43bfdca058fe564e,Ci9DQUlRQUNvZENodHljRjlvT2xRNVJqazRRbE0xUkVJMlVFVnZWVWhVVEdaSGMyYxAB,5.0,2026-08-08T03:04:34Z,2026-08-08T03:04:34Z,4 недели назад,"Спасибо большое за хороший вечер, напитки и еда были просто на высшем классе, и официанты были очень хорошими, отзывами и порядочными.",True,Google,https://www.google.com/maps/reviews/data=!4m8!14m7!1m6!2m5!1sCi9DQUlRQUNvZENodHljRjlvT2xRNVJqazRRbE0xUkVJMlVFVnZWVWhVVEdaSGMyYxAB!2m1!1s0x0:0x43bfdca058fe564e!3m1!1s2@1:CAIQACodChtycF9oOlQ5Rjk4QlM1REI2UEVvVUhUTGZHc2c%7C%7C?hl=ru,2026-09-07T23:54:44.297889+00:00,4.7,7511
Молодёжь,"Сущевская ул., 21с8, Москва, Россия, 127055",0x46b54a1a10c61f75:0x43bfdca058fe564e,Ci9DQUlRQUNvZENodHljRjlvT201MVYwNTJTREJJYTAxUlJVcHdPRGhUTFMweFlWRRAB,5.0,2026-08-05T21:52:26Z,2026-08-05T21:52:26Z,месяц назад,"Как же здесь атмосферно, я не могу",True,Google,https://www.google.com/maps/reviews/data=!4m8!14m7!1m6!2m5!1sCi9DQUlRQUNvZENodHljRjlvT201MVYwNTJTREJJYTAxUlJVcHdPRGhUTFMweFlWRRAB!2m1!1s0x0:0x43bfdca058fe564e!3m1!1s2@1:CAIQACodChtycF9oOm51V052SDBIa01RRUpwODhTLS0xYVE%7C%7C?hl=ru,2026-09-07T23:54:44.297923+00:00,4.7,7511
Молодёжь,"Сущевская ул., 21с8, Москва, Россия, 127055",0x46b54a1a10c61f75:0x43bfdca058fe564e,Ci9DQUlRQUNvZENodHljRjlvT25vdGFWUjRiWHAwUm5OcllVZzFSbnBXY1dSRU5uYxAB,5.0,2026-06-21T10:53:56Z,2026-08-02T01:27:04Z,Изменено месяц назад,"Будем приходить еще, отличное место :)",True,Google,https://www.google.com/maps/reviews/data=!4m8!14m7!1m6!2m5!1sCi9DQUlRQUNvZENodHljRjlvT25vdGFWUjRiWHAwUm5OcllVZzFSbnBXY1dSRU5uYxAB!2m1!1s0x0:0x43bfdca058fe564e!3m1!1s2@1:CAIQACodChtycF9oOnotaVR4bXp0RnNrYUg1RnpWcWRENnc%7C%7C?hl=ru,2026-09-07T23:54:44.297955+00:00,4.7,7511
Молодёжь,"Сущевская ул., 21с8, Москва, Россия, 127055",0x46b54a1a10c61f75:0x43bfdca058fe564e,Ci9DQUlRQUNvZENodHljRjlvT2xWaU5IWTJYM05GZHpoWlMwMXpXSFJzU0ZCRldrRRAB,5.0,2026-08-01T01:28:39Z,2026-08-01T01:28:39Z,месяц назад,Отличное заведение. Обязательно внрнемся. Персонал и охрана очень приветлиые,True,Google,https://www.google.com/maps/reviews/data=!4m8!14m7!1m6!2m5!1sCi9DQUlRQUNvZENodHljRjlvT2xWaU5IWTJYM05GZHpoWlMwMXpXSFJzU0ZCRldrRRAB!2m1!1s0x0:0x43bfdca058fe564e!3m1!1s2@1:CAIQACodChtycF9oOlViNHY2X3NFdzhZS01zWHRsSFBFWkE%7C%7C?hl=ru,2026-09-07T23:54:44.297987+00:00,4.7,7511
Молодёжь,"Сущевская ул., 21с8, Москва, Россия, 127055",0x46b54a1a10c61f75:0x43bfdca058fe564e,Ci9DQUlRQUNvZENodHljRjlvT21SMWRVOUlWREJsWWxoMU1FZFpTakpEVkZsNFVrRRAB,5.0,2026-07-25T03:42:43Z,2026-07-25T03:42:43Z,месяц назад,Место топ!,True,Google,https://www.google.com/maps/reviews/data=!4m8!14m7!1m6!2m5!1sCi9DQUlRQUNvZENodHljRjlvT21SMWRVOUlWREJsWWxoMU1FZFpTakpEVkZsNFVrRRAB!2m1!1s0x0:0x43bfdca058fe564e!3m1!1s2@1:CAIQACodChtycF9oOmR1dU9IVDBlYlh1MEdZSjJDVFl4UkE%7C%7C?hl=ru,2026-09-07T23:54:44.298019+00:00,4.7,7511
Молодёжь,"Сущевская ул., 21с8, Москва, Россия, 127055",0x46b54a1a10c61f75:0x43bfdca058fe564e,Ci9DQUlRQUNvZENodHljRjlvT2pCdWJ6Sm9UVXBETlRSTFFWcFplbk10VFhwUlJXYxAB,5.0,2026-07-24T22:40:30Z,2026-07-24T22:40:30Z,месяц назад,"Супер, все молодцы
Лиза респект",True,Google,https://www.google.com/maps/reviews/data=!4m8!14m7!1m6!2m5!1sCi9DQUlRQUNvZENodHljRjlvT2pCdWJ6Sm9UVXBETlRSTFFWcFplbk10VFhwUlJXYxAB!2m1!1s0x0:0x43bfdca058fe564e!3m1!1s2@1:CAIQACodChtycF9oOjBubzJoTUpDNTRLQVpZenMtTXpRRWc%7C%7C?hl=ru,2026-09-07T23:54:44.298061+00:00,4.7,7511
Молодёжь,"Сущевская ул., 21с8, Москва, Россия, 127055",0x46b54a1a10c61f75:0x43bfdca058fe564e,Ci9DQUlRQUNvZENodHljRjlvT2pSNVVrRkZNREJXYm5kRmJtNVZhSFZUTm5aUmRuYxAB,5.0,2026-07-19T18:59:05Z,2026-07-19T18:59:05Z,месяц назад,"Место довольно миленькое , вроде бы все удобно , чисто. Работники милые , будем приходить ещё",True,Google,https://www.google.com/maps/reviews/data=!4m8!14m7!1m6!2m5!1sCi9DQUlRQUNvZENodHljRjlvT2pSNVVrRkZNREJXYm5kRmJtNVZhSFZUTm5aUmRuYxAB!2m1!1s0x0:0x43bfdca058fe564e!3m1!1s2@1:CAIQACodChtycF9oOjR5UkFFMDBWbndFbm5VaHVTNnZRdnc%7C%7C?hl=ru,2026-09-07T23:54:44.298094+00:00,4.7,7511
Молодёжь,"Сущевская ул., 21с8, Москва, Россия, 127055",0x46b54a1a10c61f75:0x43bfdca058fe564e,Ci9DQUlRQUNvZENodHljRjlvT2w4M2MyRXdlVGxmYmt0b2VISXdNaTFpZHpjdFpIYxAB,5.0,2026-07-19T18:53:48Z,2026-07-19T18:53:48Z,месяц назад,"Хорошая вкусная еда, не первый раз в этом месте. Выпивка тоже на хорошем уровне",True,Google,https://www.google.com/maps/reviews/data=!4m8!14m7!1m6!2m5!1sCi9DQUlRQUNvZENodHljRjlvT2w4M2MyRXdlVGxmYmt0b2VISXdNaTFpZHpjdFpIYxAB!2m1!1s0x0:0x43bfdca058fe564e!3m1!1s2@1:CAIQACodChtycF9oOl83c2EweTlfbktoeHIwMi1idzctZHc%7C%7C?hl=ru,2026-09-07T23:54:44.909243+00:00,4.7,7511
Молодёжь,"Сущевская ул., 21с8, Москва, Россия, 127055",0x46b54a1a10c61f75:0x43bfdca058fe564e,Ci9DQUlRQUNvZENodHljRjlvT2pWWVJVdGljRlZXUms5UVVqbE1YMVZyU0hVd1FsRRAB,5.0,2026-07-17T22:48:15Z,2026-07-17T22:48:15Z,месяц назад,"Отличное заведение, приятный персонал и кайфовая атмосфера. Отдельный лайк за музыку и весёлые конкурсы!",True,Google,https://www.google.com/maps/reviews/data=!4m8!14m7!1m6!2m5!1sCi9DQUlRQUNvZENodHljRjlvT2pWWVJVdGljRlZXUms5UVVqbE1YMVZyU0hVd1FsRRAB!2m1!1s0x0:0x43bfdca058fe564e!3m1!1s2@1:CAIQACodChtycF9oOjVYRUticFVWRk9QUjlMX1VrSHUwQlE%7C%7C?hl=ru,2026-09-07T23:54:44.909489+00:00,4.7,7511
Молодёжь,"Сущевская ул., 21с8, Москва, Россия, 127055",0x46b54a1a10c61f75:0x43bfdca058fe564e,Ci9DQUlRQUNvZENodHljRjlvT2t0SWExQlBZbWd0YW1VeFRGbG5MVXhLYTIxRWNVRRAB,5.0,2026-07-17T22:42:41Z,2026-07-17T22:42:41Z,месяц назад,"Веселое, классное место! С качественной музыкой! Хотелось бы, чтобы танцпол был больше)",True,Google,https://www.google.com/maps/reviews/data=!4m8!14m7!1m6!2m5!1sCi9DQUlRQUNvZENodHljRjlvT2t0SWExQlBZbWd0YW1VeFRGbG5MVXhLYTIxRWNVRRAB!2m1!1s0x0:0x43bfdca058fe564e!3m1!1s2@1:CAIQACodChtycF9oOktIa1BPYmgtamUxTFlnLUxKa21EcUE%7C%7C?hl=ru,2026-09-07T23:54:44.909568+00:00,4.7,7511
Молодёжь,"Сущевская ул., 21с8, Москва, Россия, 127055",0x46b54a1a10c61f75:0x43bfdca058fe564e,Ci9DQUlRQUNvZENodHljRjlvT2pOVUxXbHlVVFU1VlVac2IwOVFWbmRsYjBSNVFuYxAB,5.0,2026-07-15T21:11:37Z,2026-07-15T21:11:37Z,месяц назад,"Классный бар, вернусь сюда ещё",True,Google,https://www.google.com/maps/reviews/data=!4m8!14m7!1m6!2m5!1sCi9DQUlRQUNvZENodHljRjlvT2pOVUxXbHlVVFU1VlVac2IwOVFWbmRsYjBSNVFuYxAB!2m1!1s0x0:0x43bfdca058fe564e!3m1!1s2@1:CAIQACodChtycF9oOjNULWlyUTU5VUZsb09QVndlb0R5Qnc%7C%7C?hl=ru,2026-09-07T23:54:44.909637+00:00,4.7,7511
Молодёжь,"Сущевская ул., 21с8, Москва, Россия, 127055",0x46b54a1a10c61f75:0x43bfdca058fe564e,Ci9DQUlRQUNvZENodHljRjlvT214aWFuZHVUbXB4UVhsMVdGaG9YMEZJZEhsSFdFRRAB,3.0,2026-07-15T20:05:09Z,2026-07-15T20:07:28Z,месяц назад,"Бар супер налили, правда предложи пкекас, 1337р было дорого для пару лоток с цицек :(",True,Google,https://www.google.com/maps/reviews/data=!4m8!14m7!1m6!2m5!1sCi9DQUlRQUNvZENodHljRjlvT214aWFuZHVUbXB4UVhsMVdGaG9YMEZJZEhsSFdFRRAB!2m1!1s0x0:0x43bfdca058fe564e!3m1!1s2@1:CAIQACodChtycF9oOmxianduTmpxQXl1WFhoX0FIdHlHWEE%7C%7C?hl=ru,2026-09-07T23:54:44.909703+00:00,4.7,7511
Молодёжь,"Сущевская ул., 21с8, Москва, Россия, 127055",0x46b54a1a10c61f75:0x43bfdca058fe564e,Ci9DQUlRQUNvZENodHljRjlvT21NelVHdE1iMFZVY3padFNERTRNRnAxTTBVMWExRRAB,1.0,2026-07-15T03:40:47Z,2026-07-15T03:41:01Z,месяц назад,,False,Google,https://www.google.com/maps/reviews/data=!4m8!14m7!1m6!2m5!1sCi9DQUlRQUNvZENodHljRjlvT21NelVHdE1iMFZVY3padFNERTRNRnAxTTBVMWExRRAB!2m1!1s0x0:0x43bfdca058fe564e!3m1!1s2@1:CAIQACodChtycF9oOmMzUGtMb0VUczZtSDE4MFp1M0U1a1E%7C%7C?hl=ru,2026-09-07T23:54:44.909745+00:00,4.7,7511
Молодёжь,"Сущевская ул., 21с8, Москва, Россия, 127055",0x46b54a1a10c61f75:0x43bfdca058fe564e,Ci9DQUlRQUNvZENodHljRjlvT2pGVWFHZEpha2hHTjJoRmJYQmlVR2hKTmxnNVJXYxAB,1.0,2026-07-10T19:33:43Z,2026-07-10T19:34:24Z,месяц назад,"ОБХОДИТЕ СТОРОНОЙ!!!!
Если хотите сохранить свои нервы и голосовые связки — ОБХОДИТЕ ЭТО МЕСТО СТОРОНОЙ!

Пришли праздновать День Рождения, а попали в кошмар. Караоке-зал — это просто ужас: звук настолько плохой, что петь невозможно, только орать.

Но особенно хочется отметить диджея. Видимо, он думал, что его наняли не работать, а сидеть в телефоне за наш счет. Гости сами носятся по залу с микрофонами, как курьеры. Попросишь помочь — получишь агрессию и хамство. Создается впечатление, что он делает нам одолжение своим присутствием. Никогда не видела такого неуважения к клиентам.

Отмечали праздник, но кроме дежурного коктейля (и то без поздравления!) никто и не вспомнил, что у нас событие. Официантов нет, бегай сам за ними по всему залу. Песни найти невозможно, нормальных песен нет.

В общем, мы быстро поняли, что попали не туда, и уехали догуливать в другое место. Деньги на ветер и испорченный вечер. Больше ни ногой!",True,Google,https://www.google.com/maps/reviews/data=!4m8!14m7!1m6!2m5!1sCi9DQUlRQUNvZENodHljRjlvT2pGVWFHZEpha2hHTjJoRmJYQmlVR2hKTmxnNVJXYxAB!2m1!1s0x0:0x43bfdca058fe564e!3m1!1s2@1:CAIQACodChtycF9oOjFUaGdJakhGN2hFbXBiUGhJNlg5RWc%7C%7C?hl=ru,2026-09-07T23:54:44.909837+00:00,4.7,7511
Молодёжь,"Сущевская ул., 21с8, Москва, Россия, 127055",0x46b54a1a10c61f75:0x43bfdca058fe564e,Ci9DQUlRQUNvZENodHljRjlvT25adFdsOHdiMGt0WW5BNVRscG5XV0Z4ZWt0MFZuYxAB,5.0,2026-07-08T23:15:59Z,2026-07-08T23:15:59Z,месяц назад,,False,Google,https://www.google.com/maps/reviews/data=!4m8!14m7!1m6!2m5!1sCi9DQUlRQUNvZENodHljRjlvT25adFdsOHdiMGt0WW5BNVRscG5XV0Z4ZWt0MFZuYxAB!2m1!1s0x0:0x43bfdca058fe564e!3m1!1s2@1:CAIQACodChtycF9oOnZtWl8wb0ktYnA5TlpnWWFxekt0Vnc%7C%7C?hl=ru,2026-09-07T23:54:44.909900+00:00,4.7,7511
Молодёжь,"Сущевская ул., 21с8, Москва, Россия, 127055",0x46b54a1a10c61f75:0x43bfdca058fe564e,Ci9DQUlRQUNvZENodHljRjlvT210Qk5UQk1RbU5QVDNGTVdFSkJWMEZIUVVKNldWRRAB,5.0,2026-07-08T20:33:20Z,2026-07-08T20:33:20Z,месяц назад,Кайфовое заведение! Весело! Вау!,True,Google,https://www.google.com/maps/reviews/data=!4m8!14m7!1m6!2m5!1sCi9DQUlRQUNvZENodHljRjlvT210Qk5UQk1RbU5QVDNGTVdFSkJWMEZIUVVKNldWRRAB!2m1!1s0x0:0x43bfdca058fe564e!3m1!1s2@1:CAIQACodChtycF9oOmtBNTBMQmNPT3FMWEJBV0FHQUJ6WVE%7C%7C?hl=ru,2026-09-07T23:54:44.909948+00:00,4.7,7511
Молодёжь,"Сущевская ул., 21с8, Москва, Россия, 127055",0x46b54a1a10c61f75:0x43bfdca058fe564e,Ci9DQUlRQUNvZENodHljRjlvT25OcGQzcFRibVU0YlhrMVFtUm9YMmxFWWt4V1RVRRAB,5.0,2026-07-08T19:49:28Z,2026-07-08T19:49:28Z,месяц назад,"Атмосферный бар, хорошо посидели с подругами за вкусными коктейлями.
Ангелина профессионально отжигает на сцене и заряжает своей энергетикой на весь вечер 🥰
Однозначно рекомендую к посещению)",True,Google,https://www.google.com/maps/reviews/data=!4m8!14m7!1m6!2m5!1sCi9DQUlRQUNvZENodHljRjlvT25OcGQzcFRibVU0YlhrMVFtUm9YMmxFWWt4V1RVRRAB!2m1!1s0x0:0x43bfdca058fe564e!3m1!1s2@1:CAIQACodChtycF9oOnNpd3pTbmU4bXk1QmRoX2lEYkxWTUE%7C%7C?hl=ru,2026-09-07T23:54:44.909983+00:00,4.7,7511
Молодёжь,"Сущевская ул., 21с8, Москва, Россия, 127055",0x46b54a1a10c61f75:0x43bfdca058fe564e,Ci9DQUlRQUNvZENodHljRjlvT25BelgyeFpZVTUyU2tWb1NIcFVjbXg0TVdac1EzYxAB,5.0,2026-07-08T17:45:14Z,2026-07-08T17:45:14Z,месяц назад,"Отличный бар! Хороший сет диджея , с удовольствием отдохнули. Коктейли супер 👍",True,Google,https://www.google.com/maps/reviews/data=!4m8!14m7!1m6!2m5!1sCi9DQUlRQUNvZENodHljRjlvT25BelgyeFpZVTUyU2tWb1NIcFVjbXg0TVdac1EzYxAB!2m1!1s0x0:0x43bfdca058fe564e!3m1!1s2@1:CAIQACodChtycF9oOnAzX2xZYU52SkVoSHpUcmx4MWZsQ3c%7C%7C?hl=ru,2026-09-07T23:54:44.910024+00:00,4.7,7511
Молодёжь,"Сущевская ул., 21с8, Москва, Россия, 127055",0x46b54a1a10c61f75:0x43bfdca058fe564e,Ci9DQUlRQUNvZENodHljRjlvT21KUVQxcDJlbWt5T0c1aVZVZzJVMVJPTVhOQlRHYxAB,5.0,2026-07-08T06:39:56Z,2026-07-08T06:39:56Z,месяц назад,"Прекрасное место для отдыха, очень вкусная еда. Были сегодня с друзьями, отмечали др. Персонал - лучшие!!!!",True,Google,https://www.google.com/maps/reviews/data=!4m8!14m7!1m6!2m5!1sCi9DQUlRQUNvZENodHljRjlvT21KUVQxcDJlbWt5T0c1aVZVZzJVMVJPTVhOQlRHYxAB!2m1!1s0x0:0x43bfdca058fe564e!3m1!1s2@1:CAIQACodChtycF9oOmJQT1p2emkyOG5iVUg2U1ROMXNBTGc%7C%7C?hl=ru,2026-09-07T23:54:44.910061+00:00,4.7,7511
Молодёжь,"Сущевская ул., 21с8, Москва, Россия, 127055",0x46b54a1a10c61f75:0x43bfdca058fe564e,Ci9DQUlRQUNvZENodHljRjlvT2pOZmFrbGFkeTFHVkZaVWEwNVNTMDV5WkZKcFNXYxAB,5.0,2026-07-07T19:48:17Z,2026-07-07T19:48:17Z,2 месяца назад,"Отличное место! Хорошая цена за коктейли, вкусные. Приятная атмосфера, обслуживание на уровне❤️",True,Google,https://www.google.com/maps/reviews/data=!4m8!14m7!1m6!2m5!1sCi9DQUlRQUNvZENodHljRjlvT2pOZmFrbGFkeTFHVkZaVWEwNVNTMDV5WkZKcFNXYxAB!2m1!1s0x0:0x43bfdca058fe564e!3m1!1s2@1:CAIQACodChtycF9oOjNfaklady1GVFZUa05SS05yZFJpSWc%7C%7C?hl=ru,2026-09-07T23:54:44.910098+00:00,4.7,7511
Молодёжь,"Сущевская ул., 21с8, Москва, Россия, 127055",0x46b54a1a10c61f75:0x43bfdca058fe564e,Ci9DQUlRQUNvZENodHljRjlvT25kaFdHRnVZVWd3UjJWa1ExQlFkME5RTWtGemFuYxAB,5.0,2026-07-07T01:35:53Z,2026-07-07T01:35:53Z,2 месяца назад,"Хороший клуб, хороший персонал и охрана, музыка огонь",True,Google,https://www.google.com/maps/reviews/data=!4m8!14m7!1m6!2m5!1sCi9DQUlRQUNvZENodHljRjlvT25kaFdHRnVZVWd3UjJWa1ExQlFkME5RTWtGemFuYxAB!2m1!1s0x0:0x43bfdca058fe564e!3m1!1s2@1:CAIQACodChtycF9oOndhWGFuYUgwR2VkQ1BQd0NQMkFzanc%7C%7C?hl=ru,2026-09-07T23:54:44.910133+00:00,4.7,7511
Молодёжь,"Сущевская ул., 21с8, Москва, Россия, 127055",0x46b54a1a10c61f75:0x43bfdca058fe564e,Ci9DQUlRQUNvZENodHljRjlvT201c1JFWmpSMGwwYlZKa2QyNVJOMHB4UW13eWQyYxAB,5.0,2026-07-05T02:42:29Z,2026-07-05T02:42:29Z,2 месяца назад,,False,Google,https://www.google.com/maps/reviews/data=!4m8!14m7!1m6!2m5!1sCi9DQUlRQUNvZENodHljRjlvT201c1JFWmpSMGwwYlZKa2QyNVJOMHB4UW13eWQyYxAB!2m1!1s0x0:0x43bfdca058fe564e!3m1!1s2@1:CAIQACodChtycF9oOm5sREZjR0l0bVJkd25RN0pxQmwyd2c%7C%7C?hl=ru,2026-09-07T23:54:44.910166+00:00,4.7,7511
Молодёжь,"Сущевская ул., 21с8, Москва, Россия, 127055",0x46b54a1a10c61f75:0x43bfdca058fe564e,Ci9DQUlRQUNvZENodHljRjlvT2sxaFVUbElXa1ZqUnpKNE1tSjNia05EY0ZSelJXYxAB,5.0,2026-07-05T02:42:06Z,2026-07-05T02:42:06Z,2 месяца назад,,False,Google,https://www.google.com/maps/reviews/data=!4m8!14m7!1m6!2m5!1sCi9DQUlRQUNvZENodHljRjlvT2sxaFVUbElXa1ZqUnpKNE1tSjNia05EY0ZSelJXYxAB!2m1!1s0x0:0x43bfdca058fe564e!3m1!1s2@1:CAIQACodChtycF9oOk1hUTlIWkVjRzJ4MmJ3bkNDcFRzRWc%7C%7C?hl=ru,2026-09-07T23:54:44.910197+00:00,4.7,7511
Молодёжь,"Сущевская ул., 21с8, Москва, Россия, 127055",0x46b54a1a10c61f75:0x43bfdca058fe564e,Ci9DQUlRQUNvZENodHljRjlvT25kUldtcGFjMXAxZFdoUlVVTkpkV3BXYjNKSlRYYxAB,5.0,2026-07-01T00:39:35Z,2026-07-01T00:39:35Z,2 месяца назад,супер место!!! приду еще,True,Google,https://www.google.com/maps/reviews/data=!4m8!14m7!1m6!2m5!1sCi9DQUlRQUNvZENodHljRjlvT25kUldtcGFjMXAxZFdoUlVVTkpkV3BXYjNKSlRYYxAB!2m1!1s0x0:0x43bfdca058fe564e!3m1!1s2@1:CAIQACodChtycF9oOndRWmpac1p1dWhRUUNJdWpWb3JJTXc%7C%7C?hl=ru,2026-09-07T23:54:44.910230+00:00,4.7,7511
Молодёжь,"Сущевская ул., 21с8, Москва, Россия, 127055",0x46b54a1a10c61f75:0x43bfdca058fe564e,Ci9DQUlRQUNvZENodHljRjlvT2t0V1dHVklkV0U1T1hCbVMxVjNTamg2YVV0Q1VWRRAB,1.0,2026-06-28T21:33:16Z,2026-06-28T21:33:16Z,2 месяца назад,Трезвым тут делать нечего. Музыка не качает,True,Google,https://www.google.com/maps/reviews/data=!4m8!14m7!1m6!2m5!1sCi9DQUlRQUNvZENodHljRjlvT2t0V1dHVklkV0U1T1hCbVMxVjNTamg2YVV0Q1VWRRAB!2m1!1s0x0:0x43bfdca058fe564e!3m1!1s2@1:CAIQACodChtycF9oOktWWGVIdWE5OXBmS1V3Sjh6aUtCUVE%7C%7C?hl=ru,2026-09-07T23:54:44.910263+00:00,4.7,7511
Молодёжь,"Сущевская ул., 21с8, Москва, Россия, 127055",0x46b54a1a10c61f75:0x43bfdca058fe564e,Ci9DQUlRQUNvZENodHljRjlvT25SNE56UllTekJSUlVGcFMxWk5NR05ZVGtGaE1VRRAB,5.0,2026-01-09T19:49:27Z,2026-06-27T05:13:35Z,Изменено 2 месяца назад,,False,Google,https://www.google.com/maps/reviews/data=!4m8!14m7!1m6!2m5!1sCi9DQUlRQUNvZENodHljRjlvT25SNE56UllTekJSUlVGcFMxWk5NR05ZVGtGaE1VRRAB!2m1!1s0x0:0x43bfdca058fe564e!3m1!1s2@1:CAIQACodChtycF9oOnR4NzRYSzBRRUFpS1ZNMGNYTkFhMUE%7C%7C?hl=ru,2026-09-07T23:54:44.910297+00:00,4.7,7511
Молодёжь,"Сущевская ул., 21с8, Москва, Россия, 127055",0x46b54a1a10c61f75:0x43bfdca058fe564e,Ci9DQUlRQUNvZENodHljRjlvT21WSU5rUXpkMnR4Y1ZSSmRISktNM3AyVUdsWVZsRRAB,5.0,2026-06-27T02:10:28Z,2026-06-27T02:10:28Z,2 месяца назад,,False,Google,https://www.google.com/maps/reviews/data=!4m8!14m7!1m6!2m5!1sCi9DQUlRQUNvZENodHljRjlvT21WSU5rUXpkMnR4Y1ZSSmRISktNM3AyVUdsWVZsRRAB!2m1!1s0x0:0x43bfdca058fe564e!3m1!1s2@1:CAIQACodChtycF9oOmVINkQzd2txcVRJdHJKM3p2UGlYVlE%7C%7C?hl=ru,2026-09-07T23:54:44.910334+00:00,4.7,7511
Молодёжь,"Сущевская ул., 21с8, Москва, Россия, 127055",0x46b54a1a10c61f75:0x43bfdca058fe564e,Ci9DQUlRQUNvZENodHljRjlvT21nNVkxODFaMDVQUWtabFZuVlZTRFEyWjBobWRVRRAB,5.0,2026-06-27T02:08:21Z,2026-06-27T02:08:21Z,2 месяца назад,,False,Google,https://www.google.com/maps/reviews/data=!4m8!14m7!1m6!2m5!1sCi9DQUlRQUNvZENodHljRjlvT21nNVkxODFaMDVQUWtabFZuVlZTRFEyWjBobWRVRRAB!2m1!1s0x0:0x43bfdca058fe564e!3m1!1s2@1:CAIQACodChtycF9oOmg5Y181Z05PQkZlVnVVSDQ2Z0hmdUE%7C%7C?hl=ru,2026-09-07T23:54:45.961039+00:00,4.7,7511
Молодёжь,"Сущевская ул., 21с8, Москва, Россия, 127055",0x46b54a1a10c61f75:0x43bfdca058fe564e,Ci9DQUlRQUNvZENodHljRjlvT2xaUVdFazRNMFpvVGtrd01tdGpUR3BmVjFOSVNIYxAB,5.0,2026-06-25T12:39:49Z,2026-06-25T20:10:42Z,2 месяца назад,"The evening shift employee mockingly asked me for 5,000 to enter, along with his friends.",True,Google,https://www.google.com/maps/reviews/data=!4m8!14m7!1m6!2m5!1sCi9DQUlRQUNvZENodHljRjlvT2xaUVdFazRNMFpvVGtrd01tdGpUR3BmVjFOSVNIYxAB!2m1!1s0x0:0x43bfdca058fe564e!3m1!1s2@1:CAIQACodChtycF9oOlZQWEk4M0ZoTkkwMmtjTGpfV1NISHc%7C%7C?hl=ru,2026-09-07T23:54:45.961241+00:00,4.7,7511
Молодёжь,"Сущевская ул., 21с8, Москва, Россия, 127055",0x46b54a1a10c61f75:0x43bfdca058fe564e,Ci9DQUlRQUNvZENodHljRjlvT21GNlpHTjZka1JGZFZFemNEZFhPVXRKWWxjMmJGRRAB,5.0,2026-06-21T19:32:50Z,2026-06-21T19:32:50Z,2 месяца назад,Отличное место,True,Google,https://www.google.com/maps/reviews/data=!4m8!14m7!1m6!2m5!1sCi9DQUlRQUNvZENodHljRjlvT21GNlpHTjZka1JGZFZFemNEZFhPVXRKWWxjMmJGRRAB!2m1!1s0x0:0x43bfdca058fe564e!3m1!1s2@1:CAIQACodChtycF9oOmF6ZGN6dkRFdVEzcDdXOUtJYlc2bFE%7C%7C?hl=ru,2026-09-07T23:54:45.961376+00:00,4.7,7511
Молодёжь,"Сущевская ул., 21с8, Москва, Россия, 127055",0x46b54a1a10c61f75:0x43bfdca058fe564e,Ci9DQUlRQUNvZENodHljRjlvT2sxWmRucGFTVFZRUVhOeWRtaG9hVjlhVm5aS1kyYxAB,5.0,2026-06-21T04:11:42Z,2026-06-21T04:11:42Z,2 месяца назад,крутое место,True,Google,https://www.google.com/maps/reviews/data=!4m8!14m7!1m6!2m5!1sCi9DQUlRQUNvZENodHljRjlvT2sxWmRucGFTVFZRUVhOeWRtaG9hVjlhVm5aS1kyYxAB!2m1!1s0x0:0x43bfdca058fe564e!3m1!1s2@1:CAIQACodChtycF9oOk1ZdnpaSTVQQXNydmhoaV9aVnZKY2c%7C%7C?hl=ru,2026-09-07T23:54:45.961433+00:00,4.7,7511
Молодёжь,"Сущевская ул., 21с8, Москва, Россия, 127055",0x46b54a1a10c61f75:0x43bfdca058fe564e,Ci9DQUlRQUNvZENodHljRjlvT25GV1IxSm9NRXB2YzFwQ2VscHZTWGR4YW14NlNXYxAB,5.0,2026-06-21T03:26:19Z,2026-06-21T03:26:19Z,2 месяца назад,,False,Google,https://www.google.com/maps/reviews/data=!4m8!14m7!1m6!2m5!1sCi9DQUlRQUNvZENodHljRjlvT25GV1IxSm9NRXB2YzFwQ2VscHZTWGR4YW14NlNXYxAB!2m1!1s0x0:0x43bfdca058fe564e!3m1!1s2@1:CAIQACodChtycF9oOnFWR1JoMEpvc1pCelpvSXdxamx6SWc%7C%7C?hl=ru,2026-09-07T23:54:45.961481+00:00,4.7,7511
Молодёжь,"Сущевская ул., 21с8, Москва, Россия, 127055",0x46b54a1a10c61f75:0x43bfdca058fe564e,Ci9DQUlRQUNvZENodHljRjlvT20xRVZXZDRNbDlUWTFabWQzUkZUM1ZQVVd4eWNFRRAB,5.0,2026-06-21T02:30:07Z,2026-06-21T02:30:07Z,2 месяца назад,,False,Google,https://www.google.com/maps/reviews/data=!4m8!14m7!1m6!2m5!1sCi9DQUlRQUNvZENodHljRjlvT20xRVZXZDRNbDlUWTFabWQzUkZUM1ZQVVd4eWNFRRAB!2m1!1s0x0:0x43bfdca058fe564e!3m1!1s2@1:CAIQACodChtycF9oOm1EVWd4Ml9TY1Zmd3RFT3VPUWxycEE%7C%7C?hl=ru,2026-09-07T23:54:45.961520+00:00,4.7,7511
Молодёжь,"Сущевская ул., 21с8, Москва, Россия, 127055",0x46b54a1a10c61f75:0x43bfdca058fe564e,Ci9DQUlRQUNvZENodHljRjlvT2xaa2VWaDJNbkpZY1daTlMySnBVbWhaVTBKdk5HYxAB,5.0,2026-06-18T23:18:53Z,2026-06-18T23:18:53Z,2 месяца назад,,False,Google,https://www.google.com/maps/reviews/data=!4m8!14m7!1m6!2m5!1sCi9DQUlRQUNvZENodHljRjlvT2xaa2VWaDJNbkpZY1daTlMySnBVbWhaVTBKdk5HYxAB!2m1!1s0x0:0x43bfdca058fe564e!3m1!1s2@1:CAIQACodChtycF9oOlZkeVh2MnJYcWZNS2JpUmhZU0JvNGc%7C%7C?hl=ru,2026-09-07T23:54:45.961553+00:00,4.7,7511
Молодёжь,"Сущевская ул., 21с8, Москва, Россия, 127055",0x46b54a1a10c61f75:0x43bfdca058fe564e,Ci9DQUlRQUNvZENodHljRjlvT214S1JuUkpWVmhPY1ZGSVRVdFRVMmxEVkdaQ1UxRRAB,5.0,2025-11-14T04:02:49Z,2026-06-14T07:13:42Z,Изменено 2 месяца назад,"очень понравилось в заведении, атмосфера тусовки, музыка отличная, вкусная еда и очень отзывчивый персонал, обязательно приду еще не раз!",True,Google,https://www.google.com/maps/reviews/data=!4m8!14m7!1m6!2m5!1sCi9DQUlRQUNvZENodHljRjlvT214S1JuUkpWVmhPY1ZGSVRVdFRVMmxEVkdaQ1UxRRAB!2m1!1s0x0:0x43bfdca058fe564e!3m1!1s2@1:CAIQACodChtycF9oOmxKRnRJVVhOcVFITUtTU2lDVGZCU1E%7C%7C?hl=ru,2026-09-07T23:54:45.961610+00:00,4.7,7511
Молодёжь,"Сущевская ул., 21с8, Москва, Россия, 127055",0x46b54a1a10c61f75:0x43bfdca058fe564e,Ci9DQUlRQUNvZENodHljRjlvT21odGVVTlpNVTlUUVc5NVNtUjFNMncyWTJNd2NIYxAB,5.0,2026-06-12T02:57:11Z,2026-06-12T02:57:11Z,2 месяца назад,,False,Google,https://www.google.com/maps/reviews/data=!4m8!14m7!1m6!2m5!1sCi9DQUlRQUNvZENodHljRjlvT21odGVVTlpNVTlUUVc5NVNtUjFNMncyWTJNd2NIYxAB!2m1!1s0x0:0x43bfdca058fe564e!3m1!1s2@1:CAIQACodChtycF9oOmhteUNZMU9TQW95SmR1M2w2Y2MwcHc%7C%7C?hl=ru,2026-09-07T23:54:45.961646+00:00,4.7,7511
Молодёжь,"Сущевская ул., 21с8, Москва, Россия, 127055",0x46b54a1a10c61f75:0x43bfdca058fe564e,Ci9DQUlRQUNvZENodHljRjlvT21kMmVqbE9hbWhXTWxOUVdHcHpTekJCYWxsVFgzYxAB,5.0,2026-06-06T03:57:10Z,2026-06-06T03:57:10Z,3 месяца назад,,False,Google,https://www.google.com/maps/reviews/data=!4m8!14m7!1m6!2m5!1sCi9DQUlRQUNvZENodHljRjlvT21kMmVqbE9hbWhXTWxOUVdHcHpTekJCYWxsVFgzYxAB!2m1!1s0x0:0x43bfdca058fe564e!3m1!1s2@1:CAIQACodChtycF9oOmd2ejlOamhWMlNQWGpzSzBBallTX3c%7C%7C?hl=ru,2026-09-07T23:54:45.961676+00:00,4.7,7511
Молодёжь,"Сущевская ул., 21с8, Москва, Россия, 127055",0x46b54a1a10c61f75:0x43bfdca058fe564e,Ci9DQUlRQUNvZENodHljRjlvT2xWd1N6WkZXRlJIV1U5T056SjJSa1pVTVdkbFQwRRAB,5.0,2026-06-02T20:57:57Z,2026-06-02T20:57:57Z,3 месяца назад,"Хорошее место, рекомендую, хорошие сотрудники)",True,Google,https://www.google.com/maps/reviews/data=!4m8!14m7!1m6!2m5!1sCi9DQUlRQUNvZENodHljRjlvT2xWd1N6WkZXRlJIV1U5T056SjJSa1pVTVdkbFQwRRAB!2m1!1s0x0:0x43bfdca058fe564e!3m1!1s2@1:CAIQACodChtycF9oOlVwSzZFWFRHWU9ONzJ2RkZUMWdlT0E%7C%7C?hl=ru,2026-09-07T23:54:45.961706+00:00,4.7,7511
Молодёжь,"Сущевская ул., 21с8, Москва, Россия, 127055",0x46b54a1a10c61f75:0x43bfdca058fe564e,Ci9DQUlRQUNvZENodHljRjlvT2s1NFlsOWZVa1YwYlRFd2RITkpPRk5wYW1aRmNuYxAB,5.0,2026-06-02T20:43:54Z,2026-06-02T20:43:54Z,3 месяца назад,"Очень классное место, пришли отмечать с подругами день рождения, подарили много бонусов!!! Всем советую молодежь!",True,Google,https://www.google.com/maps/reviews/data=!4m8!14m7!1m6!2m5!1sCi9DQUlRQUNvZENodHljRjlvT2s1NFlsOWZVa1YwYlRFd2RITkpPRk5wYW1aRmNuYxAB!2m1!1s0x0:0x43bfdca058fe564e!3m1!1s2@1:CAIQACodChtycF9oOk54Yl9fUkV0bTEwdHNJOFNpamZFcnc%7C%7C?hl=ru,2026-09-07T23:54:45.961738+00:00,4.7,7511
Молодёжь,"Сущевская ул., 21с8, Москва, Россия, 127055",0x46b54a1a10c61f75:0x43bfdca058fe564e,Ci9DQUlRQUNvZENodHljRjlvT2tOQ1QzSlpjME5SY3pWU2FIVjJaRGt0ZDI1blZVRRAB,5.0,2025-09-28T05:09:55Z,2026-05-31T05:40:36Z,Изменено 3 месяца назад,"Супер персонал ,и бар , всем советую не пожалеете! Самое крутое место в Мск, Саша и Настюшка тут лучшие !!!!!",True,Google,https://www.google.com/maps/reviews/data=!4m8!14m7!1m6!2m5!1sCi9DQUlRQUNvZENodHljRjlvT2tOQ1QzSlpjME5SY3pWU2FIVjJaRGt0ZDI1blZVRRAB!2m1!1s0x0:0x43bfdca058fe564e!3m1!1s2@1:CAIQACodChtycF9oOkNCT3JZc0NRczVSaHV2ZDktd25nVUE%7C%7C?hl=ru,2026-09-07T23:54:45.961771+00:00,4.7,7511
Молодёжь,"Сущевская ул., 21с8, Москва, Россия, 127055",0x46b54a1a10c61f75:0x43bfdca058fe564e,Ci9DQUlRQUNvZENodHljRjlvT21oWFdtZENRMGhMVTB0aldHOVhaSEk0UzBsa1dIYxAB,5.0,2026-05-31T03:30:38Z,2026-05-31T03:30:38Z,3 месяца назад,,False,Google,https://www.google.com/maps/reviews/data=!4m8!14m7!1m6!2m5!1sCi9DQUlRQUNvZENodHljRjlvT21oWFdtZENRMGhMVTB0aldHOVhaSEk0UzBsa1dIYxAB!2m1!1s0x0:0x43bfdca058fe564e!3m1!1s2@1:CAIQACodChtycF9oOmhXWmdCQ0hLU0tjWG9XZHI4S0lkWHc%7C%7C?hl=ru,2026-09-07T23:54:45.961806+00:00,4.7,7511
Молодёжь,"Сущевская ул., 21с8, Москва, Россия, 127055",0x46b54a1a10c61f75:0x43bfdca058fe564e,Ci9DQUlRQUNvZENodHljRjlvT25waWJETXRkazVUV1VsSlVHUndWVFZqTkVzMVpWRRAB,5.0,2026-05-31T03:26:07Z,2026-05-31T03:26:07Z,3 месяца назад,,False,Google,https://www.google.com/maps/reviews/data=!4m8!14m7!1m6!2m5!1sCi9DQUlRQUNvZENodHljRjlvT25waWJETXRkazVUV1VsSlVHUndWVFZqTkVzMVpWRRAB!2m1!1s0x0:0x43bfdca058fe564e!3m1!1s2@1:CAIQACodChtycF9oOnpibDMtdk5TWUlJUGRwVTVjNEs1ZVE%7C%7C?hl=ru,2026-09-07T23:54:45.961836+00:00,4.7,7511
Молодёжь,"Сущевская ул., 21с8, Москва, Россия, 127055",0x46b54a1a10c61f75:0x43bfdca058fe564e,Ci9DQUlRQUNvZENodHljRjlvT21nd09GaHJlR3BtV2tSd1dXOTZaVUZwYnpOb1ptYxAB,5.0,2026-05-30T03:37:04Z,2026-05-30T03:37:04Z,3 месяца назад,,False,Google,https://www.google.com/maps/reviews/data=!4m8!14m7!1m6!2m5!1sCi9DQUlRQUNvZENodHljRjlvT21nd09GaHJlR3BtV2tSd1dXOTZaVUZwYnpOb1ptYxAB!2m1!1s0x0:0x43bfdca058fe564e!3m1!1s2@1:CAIQACodChtycF9oOmgwOFhreGpmWkRwWW96ZUFpbzNoZmc%7C%7C?hl=ru,2026-09-07T23:54:45.961865+00:00,4.7,7511
Молодёжь,"Сущевская ул., 21с8, Москва, Россия, 127055",0x46b54a1a10c61f75:0x43bfdca058fe564e,Ci9DQUlRQUNvZENodHljRjlvT2w5dE1VdFNjbkZIUVVsbWRIWm5UREE1TWxBMlgwRRAB,5.0,2026-02-11T18:17:51Z,2026-05-26T01:46:15Z,Изменено 3 месяца назад,"Прекрасное место чтобы повеселится с друзьями, отличная атмосфера, классная музыка, безумно вкусная еда, рекомендую!",True,Google,https://www.google.com/maps/reviews/data=!4m8!14m7!1m6!2m5!1sCi9DQUlRQUNvZENodHljRjlvT2w5dE1VdFNjbkZIUVVsbWRIWm5UREE1TWxBMlgwRRAB!2m1!1s0x0:0x43bfdca058fe564e!3m1!1s2@1:CAIQACodChtycF9oOl9tMUtScnFHQUlmdHZnTDA5MlA2X0E%7C%7C?hl=ru,2026-09-07T23:54:45.961894+00:00,4.7,7511
Молодёжь,"Сущевская ул., 21с8, Москва, Россия, 127055",0x46b54a1a10c61f75:0x43bfdca058fe564e,Ci9DQUlRQUNvZENodHljRjlvT2pGdWNteEdRM2hsZVZOVlZtUlRXazQyTlV4WU4wRRAB,5.0,2026-05-26T01:41:25Z,2026-05-26T01:41:25Z,3 месяца назад,"Лучший бар, часто захожу с друзьями, вкусная кухня и коктейли",True,Google,https://www.google.com/maps/reviews/data=!4m8!14m7!1m6!2m5!1sCi9DQUlRQUNvZENodHljRjlvT2pGdWNteEdRM2hsZVZOVlZtUlRXazQyTlV4WU4wRRAB!2m1!1s0x0:0x43bfdca058fe564e!3m1!1s2@1:CAIQACodChtycF9oOjFucmxGQ3hleVNVVmRTWk42NUxYN0E%7C%7C?hl=ru,2026-09-07T23:54:45.961926+00:00,4.7,7511
Молодёжь,"Сущевская ул., 21с8, Москва, Россия, 127055",0x46b54a1a10c61f75:0x43bfdca058fe564e,Ci9DQUlRQUNvZENodHljRjlvT2pjeVRsOUZSa1ZyYmxsTGJqZHFha2Q0YVRaWVRsRRAB,5.0,2026-05-24T02:52:36Z,2026-05-24T02:52:36Z,3 месяца назад,,False,Google,https://www.google.com/maps/reviews/data=!4m8!14m7!1m6!2m5!1sCi9DQUlRQUNvZENodHljRjlvT2pjeVRsOUZSa1ZyYmxsTGJqZHFha2Q0YVRaWVRsRRAB!2m1!1s0x0:0x43bfdca058fe564e!3m1!1s2@1:CAIQACodChtycF9oOjcyTl9FRkVrbllLbjdqakd4aTZYTlE%7C%7C?hl=ru,2026-09-07T23:54:45.961957+00:00,4.7,7511
Молодёжь,"Сущевская ул., 21с8, Москва, Россия, 127055",0x46b54a1a10c61f75:0x43bfdca058fe564e,Ci9DQUlRQUNvZENodHljRjlvT2xGTk1IcGthakJhYTNsbVZtNDFUVTVoV0d3dFUxRRAB,5.0,2026-05-24T02:44:06Z,2026-05-24T02:44:06Z,3 месяца назад,,False,Google,https://www.google.com/maps/reviews/data=!4m8!14m7!1m6!2m5!1sCi9DQUlRQUNvZENodHljRjlvT2xGTk1IcGthakJhYTNsbVZtNDFUVTVoV0d3dFUxRRAB!2m1!1s0x0:0x43bfdca058fe564e!3m1!1s2@1:CAIQACodChtycF9oOlFNMHpkajBaa3lmVm41TU5hWGwtU1E%7C%7C?hl=ru,2026-09-07T23:54:45.961986+00:00,4.7,7511
МТ music bar,"Новый Арбат ул., 15, Москва, Россия, 119019",0x46b54a45133e5b27:0x2b30b3d2e0a00281,Ci9DQUlRQUNvZENodHljRjlvT21oWWNtSXlUbXRIVTNveGJGWlZMWFJxWnpOeGFYYxAB,1.0,2026-08-01T21:55:31Z,2026-08-01T21:55:31Z,месяц назад,бар фигня потому что называется как моя школа а в меня ее не приняли так что 1 звезда👎👎👎,True,Google,https://www.google.com/maps/reviews/data=!4m8!14m7!1m6!2m5!1sCi9DQUlRQUNvZENodHljRjlvT21oWWNtSXlUbXRIVTNveGJGWlZMWFJxWnpOeGFYYxAB!2m1!1s0x0:0x2b30b3d2e0a00281!3m1!1s2@1:CAIQACodChtycF9oOmhYcmIyTmtHU3oxbFZVLXRqZzNxaXc%7C%7C?hl=ru,2026-09-07T23:54:46.292521+00:00,4.4,3754
МТ music bar,"Новый Арбат ул., 15, Москва, Россия, 119019",0x46b54a45133e5b27:0x2b30b3d2e0a00281,Ci9DQUlRQUNvZENodHljRjlvT25WQlFYRlpNMDQ1UzBWd1NVRXRZVFphV2pkM2JYYxAB,1.0,2026-07-03T17:42:15Z,2026-07-03T17:57:23Z,2 месяца назад,"Самое отвратительное заведение из всех посещаемых. Суши заветреные, хоть бы не отравиться вообще.
При небольшой загрузке залов - бесконечная мышиная возня и путаница.
Перепутали заказ, бургер несли 40 минут, в итоге про него просто забыли  вообще и не принесли. Времени и настроения ждать нового  уже не было.",True,Google,https://www.google.com/maps/reviews/data=!4m8!14m7!1m6!2m5!1sCi9DQUlRQUNvZENodHljRjlvT25WQlFYRlpNMDQ1UzBWd1NVRXRZVFphV2pkM2JYYxAB!2m1!1s0x0:0x2b30b3d2e0a00281!3m1!1s2@1:CAIQACodChtycF9oOnVBQXFZM045S0VwSUEtYTZaWjd3bXc%7C%7C?hl=ru,2026-09-07T23:54:46.292647+00:00,4.4,3754
МТ music bar,"Новый Арбат ул., 15, Москва, Россия, 119019",0x46b54a45133e5b27:0x2b30b3d2e0a00281,Ci9DQUlRQUNvZENodHljRjlvT2w5TGRWUkJOMFpQYkdWbVpFSjJNSEp4VG0xbFVWRRAB,1.0,2026-06-13T12:06:32Z,2026-06-13T12:06:32Z,2 месяца назад,"Приехали специально на концерт в бар в разгар 30 градусной жары. Совершенно не работали кондиционеры, дышать было невозможно, в прямом смысле слова со всех текло, как в бане. Жалко было видеть выступающих музыкантов, которые не могли в полную силу выложиться на сцене, по причине ужасной духоты.",True,Google,https://www.google.com/maps/reviews/data=!4m8!14m7!1m6!2m5!1sCi9DQUlRQUNvZENodHljRjlvT2w5TGRWUkJOMFpQYkdWbVpFSjJNSEp4VG0xbFVWRRAB!2m1!1s0x0:0x2b30b3d2e0a00281!3m1!1s2@1:CAIQACodChtycF9oOl9LdVRBN0ZPbGVmZEJ2MHJxTm1lUVE%7C%7C?hl=ru,2026-09-07T23:54:46.292707+00:00,4.4,3754
МТ music bar,"Новый Арбат ул., 15, Москва, Россия, 119019",0x46b54a45133e5b27:0x2b30b3d2e0a00281,Ci9DQUlRQUNvZENodHljRjlvT21ZMFF6a3RhalpYU1hORlVXcFFOVWMzVW1Sak1tYxAB,1.0,2026-06-12T15:27:53Z,2026-06-12T15:27:53Z,2 месяца назад,"Ценр города, а сервис ужасный. Проходят много концертов, выступают арстисты людей приходим достаточно много, а как в сауне, кондиционеры не работают, можно брать веники и париться. Вентиляторы прикрепленные к потолку покрыты вековой пылью на голову скоро упадет, кухня так себе даже закусить нечем. В туалете замки в дверях сломаны.",True,Google,https://www.google.com/maps/reviews/data=!4m8!14m7!1m6!2m5!1sCi9DQUlRQUNvZENodHljRjlvT21ZMFF6a3RhalpYU1hORlVXcFFOVWMzVW1Sak1tYxAB!2m1!1s0x0:0x2b30b3d2e0a00281!3m1!1s2@1:CAIQACodChtycF9oOmY0QzktajZXSXNFUWpQNUc3UmRjMmc%7C%7C?hl=ru,2026-09-07T23:54:46.292754+00:00,4.4,3754
МТ music bar,"Новый Арбат ул., 15, Москва, Россия, 119019",0x46b54a45133e5b27:0x2b30b3d2e0a00281,Ci9DQUlRQUNvZENodHljRjlvT25wWVpHdERjbmt0WDB4WGVEVldhVjh0ZEhWdFFVRRAB,4.0,2026-06-04T06:09:40Z,2026-06-04T06:09:40Z,3 месяца назад,,False,Google,https://www.google.com/maps/reviews/data=!4m8!14m7!1m6!2m5!1sCi9DQUlRQUNvZENodHljRjlvT25wWVpHdERjbmt0WDB4WGVEVldhVjh0ZEhWdFFVRRAB!2m1!1s0x0:0x2b30b3d2e0a00281!3m1!1s2@1:CAIQACodChtycF9oOnpYZGtDcnktX0xXeDVWaV8tdHVtQUE%7C%7C?hl=ru,2026-09-07T23:54:46.292799+00:00,4.4,3754
МТ music bar,"Новый Арбат ул., 15, Москва, Россия, 119019",0x46b54a45133e5b27:0x2b30b3d2e0a00281,Ci9DQUlRQUNvZENodHljRjlvT25WVWVFZDRRbXB2YVZSUVVuWnlYMGhaUWtOaFpGRRAB,1.0,2026-05-16T23:35:29Z,2026-05-16T23:35:29Z,3 месяца назад,,False,Google,https://www.google.com/maps/reviews/data=!4m8!14m7!1m6!2m5!1sCi9DQUlRQUNvZENodHljRjlvT25WVWVFZDRRbXB2YVZSUVVuWnlYMGhaUWtOaFpGRRAB!2m1!1s0x0:0x2b30b3d2e0a00281!3m1!1s2@1:CAIQACodChtycF9oOnVUeEd4QmpvaVRQUnZyX0hZQkNhZFE%7C%7C?hl=ru,2026-09-07T23:54:46.292841+00:00,4.4,3754
МТ music bar,"Новый Арбат ул., 15, Москва, Россия, 119019",0x46b54a45133e5b27:0x2b30b3d2e0a00281,Ci9DQUlRQUNvZENodHljRjlvT2tGR00xUTBUbkpqVUZSTVgzbDBPSFpLYUZRMVoxRRAB,5.0,2026-05-09T01:38:30Z,2026-05-09T01:38:30Z,3 месяца назад,Хорошая атмосфера.,True,Google,https://www.google.com/maps/reviews/data=!4m8!14m7!1m6!2m5!1sCi9DQUlRQUNvZENodHljRjlvT2tGR00xUTBUbkpqVUZSTVgzbDBPSFpLYUZRMVoxRRAB!2m1!1s0x0:0x2b30b3d2e0a00281!3m1!1s2@1:CAIQACodChtycF9oOkFGM1Q0TnJjUFRMX3l0OHZKaFQ1Z1E%7C%7C?hl=ru,2026-09-07T23:54:46.292873+00:00,4.4,3754
МТ music bar,"Новый Арбат ул., 15, Москва, Россия, 119019",0x46b54a45133e5b27:0x2b30b3d2e0a00281,Ci9DQUlRQUNvZENodHljRjlvT2sxM2R6Vk1jazB6YkZGSmMyZzNla05oYjFkYVgyYxAB,1.0,2026-05-08T20:06:59Z,2026-05-08T20:06:59Z,3 месяца назад,"Какой кошмар по коктейлям! Какое днище пенициллин, он не пахнет ни грибами, ни моим виски! Бар из названия можно вычеркнуть! В бокале лежит апельсиновая цедра! Что вы ещё хотели",True,Google,https://www.google.com/maps/reviews/data=!4m8!14m7!1m6!2m5!1sCi9DQUlRQUNvZENodHljRjlvT2sxM2R6Vk1jazB6YkZGSmMyZzNla05oYjFkYVgyYxAB!2m1!1s0x0:0x2b30b3d2e0a00281!3m1!1s2@1:CAIQACodChtycF9oOk13dzVMck0zbFFJc2g3ekNhb1daX2c%7C%7C?hl=ru,2026-09-07T23:54:46.292905+00:00,4.4,3754
МТ music bar,"Новый Арбат ул., 15, Москва, Россия, 119019",0x46b54a45133e5b27:0x2b30b3d2e0a00281,Ci9DQUlRQUNvZENodHljRjlvT2t4MVNqY3hXVEI0UkdoaGRrRklUV3BmVFdsVGFXYxAB,2.0,2026-04-17T22:06:23Z,2026-04-17T22:06:23Z,4 месяца назад,"Взяли на входе 5000т. рублей. Дороговато, даже напитк не входил в этот ценник. Пела там какая-то группа...      Внутри тесновато. Не рекомендую,  если только вы не фанат группу которая будет выступать.",True,Google,https://www.google.com/maps/reviews/data=!4m8!14m7!1m6!2m5!1sCi9DQUlRQUNvZENodHljRjlvT2t4MVNqY3hXVEI0UkdoaGRrRklUV3BmVFdsVGFXYxAB!2m1!1s0x0:0x2b30b3d2e0a00281!3m1!1s2@1:CAIQACodChtycF9oOkx1SjcxWTB4RGhhdkFITWpfTWlTaWc%7C%7C?hl=ru,2026-09-07T23:54:46.452071+00:00,4.4,3754
МТ music bar,"Новый Арбат ул., 15, Москва, Россия, 119019",0x46b54a45133e5b27:0x2b30b3d2e0a00281,Ci9DQUlRQUNvZENodHljRjlvT2tOd1ZGaEtNbVZvTFVrdFJGWnFWVFJsZEdWVGFXYxAB,1.0,2026-03-13T22:53:26Z,2026-03-13T22:53:26Z,5 месяцев назад,,False,Google,https://www.google.com/maps/reviews/data=!4m8!14m7!1m6!2m5!1sCi9DQUlRQUNvZENodHljRjlvT2tOd1ZGaEtNbVZvTFVrdFJGWnFWVFJsZEdWVGFXYxAB!2m1!1s0x0:0x2b30b3d2e0a00281!3m1!1s2@1:CAIQACodChtycF9oOkNwVFhKMmVoLUktRFZqVTRldGVTaWc%7C%7C?hl=ru,2026-09-07T23:54:46.452181+00:00,4.4,3754
МТ music bar,"Новый Арбат ул., 15, Москва, Россия, 119019",0x46b54a45133e5b27:0x2b30b3d2e0a00281,Ci9DQUlRQUNvZENodHljRjlvT2toa2VWUlVWSGgwTVdOeWEycHNPSE5oZDAxWk1tYxAB,4.0,2026-02-02T16:14:35Z,2026-02-02T16:14:35Z,7 месяцев назад,"Хороший бар, ходила на концерты.Но есть один большой минус - это гардероб.. стояли 30 минут в толпе чтобы сдать одежду и минут 40 чтобы забрать..",True,Google,https://www.google.com/maps/reviews/data=!4m8!14m7!1m6!2m5!1sCi9DQUlRQUNvZENodHljRjlvT2toa2VWUlVWSGgwTVdOeWEycHNPSE5oZDAxWk1tYxAB!2m1!1s0x0:0x2b30b3d2e0a00281!3m1!1s2@1:CAIQACodChtycF9oOkhkeVRUVHh0MWNya2psOHNhd01ZMmc%7C%7C?hl=ru,2026-09-07T23:54:46.452233+00:00,4.4,3754
МТ music bar,"Новый Арбат ул., 15, Москва, Россия, 119019",0x46b54a45133e5b27:0x2b30b3d2e0a00281,Ci9DQUlRQUNvZENodHljRjlvT2xWcWNHeDRYMjU1Wkd4cVVrNWlUSGxWZVROelIyYxAB,1.0,2026-01-17T14:29:11Z,2026-01-17T14:29:11Z,7 месяцев назад,,False,Google,https://www.google.com/maps/reviews/data=!4m8!14m7!1m6!2m5!1sCi9DQUlRQUNvZENodHljRjlvT2xWcWNHeDRYMjU1Wkd4cVVrNWlUSGxWZVROelIyYxAB!2m1!1s0x0:0x2b30b3d2e0a00281!3m1!1s2@1:CAIQACodChtycF9oOlVqcGx4X255ZGxqUk5iTHlVeTNzR2c%7C%7C?hl=ru,2026-09-07T23:54:46.452273+00:00,4.4,3754
МТ music bar,"Новый Арбат ул., 15, Москва, Россия, 119019",0x46b54a45133e5b27:0x2b30b3d2e0a00281,Ci9DQUlRQUNvZENodHljRjlvT210RVFVcFRUbGhGUnpka1ZtMUJaazVYVkZFeFQwRRAB,1.0,2026-01-04T20:32:01Z,2026-01-04T20:32:01Z,8 месяцев назад,,False,Google,https://www.google.com/maps/reviews/data=!4m8!14m7!1m6!2m5!1sCi9DQUlRQUNvZENodHljRjlvT210RVFVcFRUbGhGUnpka1ZtMUJaazVYVkZFeFQwRRAB!2m1!1s0x0:0x2b30b3d2e0a00281!3m1!1s2@1:CAIQACodChtycF9oOmtEQUpTTlhFRzdkVm1BZk5XVFExT0E%7C%7C?hl=ru,2026-09-07T23:54:46.452307+00:00,4.4,3754
МТ music bar,"Новый Арбат ул., 15, Москва, Россия, 119019",0x46b54a45133e5b27:0x2b30b3d2e0a00281,Ci9DQUlRQUNvZENodHljRjlvT25oS1VqSjFkVVJuY1VsU2FEZHplbmxTYnkxcU5WRRAB,3.0,2026-01-03T07:43:33Z,2026-01-03T07:43:33Z,8 месяцев назад,"Во время выступления Good Orquesta не было стульев в баре, якобы билеты пробовались на танцпол. Но оркестр не играл даже танцевальной музыки. Менеджер по залу отказался вынести стулья, хотя они есть в наличии, как нам потом подтвердил другой персонал зала. Очень неприятное впечатление от такого сервиса, да ещё и за такую цену.
Ещё было очень странно слышать что оркестр и музыка в перерыве играли одну и туже музыку, к сожалению совсем не зажигающую, как описывали в концерте. В общем, огромное разочарование.",True,Google,https://www.google.com/maps/reviews/data=!4m8!14m7!1m6!2m5!1sCi9DQUlRQUNvZENodHljRjlvT25oS1VqSjFkVVJuY1VsU2FEZHplbmxTYnkxcU5WRRAB!2m1!1s0x0:0x2b30b3d2e0a00281!3m1!1s2@1:CAIQACodChtycF9oOnhKUjJ1dURncUlSaDdzenlSby1qNVE%7C%7C?hl=ru,2026-09-07T23:54:46.452339+00:00,4.4,3754
МТ music bar,"Новый Арбат ул., 15, Москва, Россия, 119019",0x46b54a45133e5b27:0x2b30b3d2e0a00281,Ci9DQUlRQUNvZENodHljRjlvT21ZelFWRTRSa3RDUmtWU05XeDNielJVU2pKcVZGRRAB,5.0,2025-12-07T07:34:47Z,2025-12-07T07:34:47Z,9 месяцев назад,Очень понравилось советую всем посетить этот ресторан,True,Google,https://www.google.com/maps/reviews/data=!4m8!14m7!1m6!2m5!1sCi9DQUlRQUNvZENodHljRjlvT21ZelFWRTRSa3RDUmtWU05XeDNielJVU2pKcVZGRRAB!2m1!1s0x0:0x2b30b3d2e0a00281!3m1!1s2@1:CAIQACodChtycF9oOmYzQVE4RktCRkVSNWx3bzRUSjJqVFE%7C%7C?hl=ru,2026-09-07T23:54:46.452390+00:00,4.4,3754
МТ music bar,"Новый Арбат ул., 15, Москва, Россия, 119019",0x46b54a45133e5b27:0x2b30b3d2e0a00281,Ci9DQUlRQUNvZENodHljRjlvT2pGd05XaE5Xa3BzWTFWSU1UVklkRzlDTmxSdlMwRRAB,3.0,2025-12-06T00:25:31Z,2025-12-06T00:25:31Z,9 месяцев назад,"В целом все было бы хорошо, если бы официанты не требовали оставить 10% чаевых по каждому чеку и не предъявляли счет за случайно разбитый бокал в размере 2 тыс. Дружелюбность и клиентоориентированность оставляет желать лучшего.",True,Google,https://www.google.com/maps/reviews/data=!4m8!14m7!1m6!2m5!1sCi9DQUlRQUNvZENodHljRjlvT2pGd05XaE5Xa3BzWTFWSU1UVklkRzlDTmxSdlMwRRAB!2m1!1s0x0:0x2b30b3d2e0a00281!3m1!1s2@1:CAIQACodChtycF9oOjFwNWhNWkpsY1VIMTVIdG9CNlRvS0E%7C%7C?hl=ru,2026-09-07T23:54:46.452423+00:00,4.4,3754
МТ music bar,"Новый Арбат ул., 15, Москва, Россия, 119019",0x46b54a45133e5b27:0x2b30b3d2e0a00281,Ci9DQUlRQUNvZENodHljRjlvT2tGUGNqVjVVbGcxY1Y5elIya3pNVTlXV1VOeVdGRRAB,2.0,2025-11-21T20:20:31Z,2025-11-21T20:20:31Z,9 месяцев назад,"Бар «Мумитроль» в целом — интересное место. Часто проходят хорошие концерты, и атмосфера обычно располагает к тому, чтобы приятно провести вечер. Мне нравится сюда приходить, и я всегда рекомендовал это место друзьям.

Но сегодня остался очень неприятный осадок. Мы пришли компанией приличных, спокойных людей, и на входе столкнулись с охранником, который разговаривал так, словно он вышибала из подворотни. На простой вопрос об информации он начал хамить, говорить грубо и абсолютно неуважительно. Было ощущение, что ему совершенно всё равно на гостей и репутацию заведения.

Жаль, что такое отношение на входе портит впечатление от места, которое в остальном мне нравится. Хотелось бы, чтобы руководство обратило внимание — ведь от первого контакта зависит многое.",True,Google,https://www.google.com/maps/reviews/data=!4m8!14m7!1m6!2m5!1sCi9DQUlRQUNvZENodHljRjlvT2tGUGNqVjVVbGcxY1Y5elIya3pNVTlXV1VOeVdGRRAB!2m1!1s0x0:0x2b30b3d2e0a00281!3m1!1s2@1:CAIQACodChtycF9oOkFPcjV5Ulg1cV9zR2kzMU9WWUNyWFE%7C%7C?hl=ru,2026-09-07T23:54:46.452460+00:00,4.4,3754
МТ music bar,"Новый Арбат ул., 15, Москва, Россия, 119019",0x46b54a45133e5b27:0x2b30b3d2e0a00281,Ci9DQUlRQUNvZENodHljRjlvT2tWQlkxVk5iSFJGV1c0eVFraGFZbmQ1V1hoRVdtYxAB,1.0,2025-11-03T22:02:24Z,2025-11-03T22:02:24Z,10 месяцев назад,"На входе стоит  охранник не гражданин России , принципиально не пропустивший двух русских блондинок интеллигентной внешности в вечерних платьях. Нахамил нам. Хотя перед нами пропустил людей иностранцев в состоянии наркотического и алкогольного опьянения. Считаю крайне неприемлемо такое отношение к гражданам России проживающим в Москве. Хотела бы получить ответ на свой отзыв.",True,Google,https://www.google.com/maps/reviews/data=!4m8!14m7!1m6!2m5!1sCi9DQUlRQUNvZENodHljRjlvT2tWQlkxVk5iSFJGV1c0eVFraGFZbmQ1V1hoRVdtYxAB!2m1!1s0x0:0x2b30b3d2e0a00281!3m1!1s2@1:CAIQACodChtycF9oOkVBY1VNbHRFWW4yQkhaYnd5WXhEWmc%7C%7C?hl=ru,2026-09-07T23:54:46.452520+00:00,4.4,3754
МТ music bar,"Новый Арбат ул., 15, Москва, Россия, 119019",0x46b54a45133e5b27:0x2b30b3d2e0a00281,Ci9DQUlRQUNvZENodHljRjlvT25rNE9DMUlNMlZvYVd0bE0zb3lRMGhKWlZSQ1EzYxAB,5.0,2025-10-23T19:19:59Z,2025-10-23T19:19:59Z,10 месяцев назад,,False,Google,https://www.google.com/maps/reviews/data=!4m8!14m7!1m6!2m5!1sCi9DQUlRQUNvZENodHljRjlvT25rNE9DMUlNMlZvYVd0bE0zb3lRMGhKWlZSQ1EzYxAB!2m1!1s0x0:0x2b30b3d2e0a00281!3m1!1s2@1:CAIQACodChtycF9oOnk4OC1IM2VoaWtlM3oyQ0hJZVRCQ3c%7C%7C?hl=ru,2026-09-07T23:54:46.452563+00:00,4.4,3754
МТ music bar,"Новый Арбат ул., 15, Москва, Россия, 119019",0x46b54a45133e5b27:0x2b30b3d2e0a00281,Ci9DQUlRQUNvZENodHljRjlvT2xaUFV6bHBUMkZOU25FMVkxb3dXa1JEVEVaUk5YYxAB,4.0,2025-09-27T23:22:19Z,2025-09-27T23:22:19Z,11 месяцев назад,"Service thanks to Mikhail is great....
Did not eat",True,Google,https://www.google.com/maps/reviews/data=!4m8!14m7!1m6!2m5!1sCi9DQUlRQUNvZENodHljRjlvT2xaUFV6bHBUMkZOU25FMVkxb3dXa1JEVEVaUk5YYxAB!2m1!1s0x0:0x2b30b3d2e0a00281!3m1!1s2@1:CAIQACodChtycF9oOlZPUzlpT2FNSnE1Y1owWkRDTEZRNXc%7C%7C?hl=ru,2026-09-07T23:54:46.452594+00:00,4.4,3754
МТ music bar,"Новый Арбат ул., 15, Москва, Россия, 119019",0x46b54a45133e5b27:0x2b30b3d2e0a00281,Ci9DQUlRQUNvZENodHljRjlvT25WMmNGTlJUemxXZEZOMWFFeFZlRGszYVdWRmVtYxAB,1.0,2025-09-13T22:18:49Z,2025-09-13T22:18:49Z,11 месяцев назад,,False,Google,https://www.google.com/maps/reviews/data=!4m8!14m7!1m6!2m5!1sCi9DQUlRQUNvZENodHljRjlvT25WMmNGTlJUemxXZEZOMWFFeFZlRGszYVdWRmVtYxAB!2m1!1s0x0:0x2b30b3d2e0a00281!3m1!1s2@1:CAIQACodChtycF9oOnV2cFNRTzlWdFN1aExVeDk3aWVFemc%7C%7C?hl=ru,2026-09-07T23:54:46.452626+00:00,4.4,3754
МТ music bar,"Новый Арбат ул., 15, Москва, Россия, 119019",0x46b54a45133e5b27:0x2b30b3d2e0a00281,Ci9DQUlRQUNvZENodHljRjlvT2t3eWFGWlZjRWQyZUc1NGJIWTVkVTlSVFhOdk5tYxAB,5.0,2025-08-31T10:57:50Z,2025-08-31T10:57:50Z,год назад,"Была на выходных очень классно чисто, вкусно, удобно.",True,Google,https://www.google.com/maps/reviews/data=!4m8!14m7!1m6!2m5!1sCi9DQUlRQUNvZENodHljRjlvT2t3eWFGWlZjRWQyZUc1NGJIWTVkVTlSVFhOdk5tYxAB!2m1!1s0x0:0x2b30b3d2e0a00281!3m1!1s2@1:CAIQACodChtycF9oOkwyaFZVcEd2eG54bHY5dU9RTXNvNmc%7C%7C?hl=ru,2026-09-07T23:54:46.452656+00:00,4.4,3754
МТ music bar,"Новый Арбат ул., 15, Москва, Россия, 119019",0x46b54a45133e5b27:0x2b30b3d2e0a00281,Ci9DQUlRQUNvZENodHljRjlvT2xKQmVtSldiR3MxZGs5emJrUmtkM2R3YjBvd1RuYxAB,1.0,2025-07-29T18:30:39Z,2025-07-29T18:30:39Z,год назад,"Были в этом атмосферном месте на днях, Если коротко,то с музыкой беда,ди Джей девушка включала какие то нарезки из треков,вместо самого трека,отстой полный,,,А и алкоголь бадяжат как хотят,и соответственно он не соответствует заявленной стоимости!Кухня тоже дорогая!Приятно удивил туалет-Чистый😁",True,Google,https://www.google.com/maps/reviews/data=!4m8!14m7!1m6!2m5!1sCi9DQUlRQUNvZENodHljRjlvT2xKQmVtSldiR3MxZGs5emJrUmtkM2R3YjBvd1RuYxAB!2m1!1s0x0:0x2b30b3d2e0a00281!3m1!1s2@1:CAIQACodChtycF9oOlJBemJWbGs1dk9zbkRkd3dwb0owTnc%7C%7C?hl=ru,2026-09-07T23:54:46.452690+00:00,4.4,3754
МТ music bar,"Новый Арбат ул., 15, Москва, Россия, 119019",0x46b54a45133e5b27:0x2b30b3d2e0a00281,Ci9DQUlRQUNvZENodHljRjlvT2xsRFZEUnZOVTlOYkU1bE5ubzNkbmxGYkVsbFRWRRAB,5.0,2025-07-06T11:22:03Z,2025-07-06T11:22:03Z,год назад,"Неплохое место. Музыкальный клуб, в центре Москвы. Рядом с красной площадью. Близость исторического центра обуславливает высокий ценник, поэтому рассчитывайте, что посидеть вдвоем вечером с едой и алкоголем составит около 8000-10000 руб. При музыкальных мероприятиях так же действует билет на вход. Стоимость обычно от 2000 руб до 3000 руб.
Звук неплохой, но звукорежиссёру было бы неплохо убавить басов. Если сидеть у сцены то глушат.
По кухне. Меню своеобразное в морскую тематику. Очень понравились куриные нагетсы.
Оригинально и вкусно. Разочаровали крылышки куриные и креветки. А тирамису с манго... Зачем портить вкус манго добавляя орегано. Мы что пиццу заказывали ...
В среднем 4 из 5",True,Google,https://www.google.com/maps/reviews/data=!4m8!14m7!1m6!2m5!1sCi9DQUlRQUNvZENodHljRjlvT2xsRFZEUnZOVTlOYkU1bE5ubzNkbmxGYkVsbFRWRRAB!2m1!1s0x0:0x2b30b3d2e0a00281!3m1!1s2@1:CAIQACodChtycF9oOllDVDRvNU9NbE5lNno3dnlFbEllTVE%7C%7C?hl=ru,2026-09-07T23:54:46.452733+00:00,4.4,3754
МТ music bar,"Новый Арбат ул., 15, Москва, Россия, 119019",0x46b54a45133e5b27:0x2b30b3d2e0a00281,Ci9DQUlRQUNvZENodHljRjlvT2twR1IxVXpWVWR3U0RGbU1GUmFZalZwVVV4M01IYxAB,1.0,2025-06-20T21:48:36Z,2025-06-20T21:48:36Z,год назад,,False,Google,https://www.google.com/maps/reviews/data=!4m8!14m7!1m6!2m5!1sCi9DQUlRQUNvZENodHljRjlvT2twR1IxVXpWVWR3U0RGbU1GUmFZalZwVVV4M01IYxAB!2m1!1s0x0:0x2b30b3d2e0a00281!3m1!1s2@1:CAIQACodChtycF9oOkpGR1UzVUdwSDFmMFRaYjVpUUx3MHc%7C%7C?hl=ru,2026-09-07T23:54:46.452794+00:00,4.4,3754
МТ music bar,"Новый Арбат ул., 15, Москва, Россия, 119019",0x46b54a45133e5b27:0x2b30b3d2e0a00281,Ci9DQUlRQUNvZENodHljRjlvT2tka1VIcFVWamRHV0RoSmNEY3haVVp6Vm10Q1IzYxAB,5.0,2025-06-13T07:14:26Z,2025-06-13T07:14:26Z,год назад,Мне все понравилось,True,Google,https://www.google.com/maps/reviews/data=!4m8!14m7!1m6!2m5!1sCi9DQUlRQUNvZENodHljRjlvT2tka1VIcFVWamRHV0RoSmNEY3haVVp6Vm10Q1IzYxAB!2m1!1s0x0:0x2b30b3d2e0a00281!3m1!1s2@1:CAIQACodChtycF9oOkdkUHpUVjdGWDhJcDcxZUZzVmtCR3c%7C%7C?hl=ru,2026-09-07T23:54:46.452832+00:00,4.4,3754
МТ music bar,"Новый Арбат ул., 15, Москва, Россия, 119019",0x46b54a45133e5b27:0x2b30b3d2e0a00281,ChZDSUhNMG9nS0VKMlRsNGU5bk5LeUZnEAE,5.0,2025-05-23T13:07:48Z,2025-05-23T13:07:48Z,год назад,"Приятный персонал. Рекомендую посетить больше как место, связанное с группой, чем как бар",True,Google,https://www.google.com/maps/reviews/data=!4m8!14m7!1m6!2m5!1sChZDSUhNMG9nS0VKMlRsNGU5bk5LeUZnEAE!2m1!1s0x0:0x2b30b3d2e0a00281!3m1!1s2@1:CIHM0ogKEJ2Tl4e9nNKyFg%7C%7C?hl=ru,2026-09-07T23:54:46.452866+00:00,4.4,3754
МТ music bar,"Новый Арбат ул., 15, Москва, Россия, 119019",0x46b54a45133e5b27:0x2b30b3d2e0a00281,ChZDSUhNMG9nS0VJQ0FnTUN3ejZuc0VREAE,1.0,2025-03-22T03:10:38Z,2025-03-22T03:10:38Z,год назад,"Ужас
Я была впервые тут и все вначале было в норме, но потом это простит кошмар… встретились со знакомым и просто общались в холле, и тут один из охранников говорит что б мы были тише, мы вроде никому не мешали, на что мы ответили а в чем проблема, и тут начался пипец он просто начал нас выкидывать из клуба, двух девочек, мы нечего плохого не сделали, что б так с нами обращались, это вообще что за дикарство ???? Кого вы берете на работу????сломали мне ногти …
Фото прилагаю!!
Еще у себя в соцсетях обязательно напишу что не рекомендую вас!!! Избавляйтесь от этих охранников мой вам совет, неадекваты, которые возомнили о себе не понятно кого!",True,Google,https://www.google.com/maps/reviews/data=!4m8!14m7!1m6!2m5!1sChZDSUhNMG9nS0VJQ0FnTUN3ejZuc0VREAE!2m1!1s0x0:0x2b30b3d2e0a00281!3m1!1s2@1:CIHM0ogKEICAgMCwz6nsEQ%7C%7C?hl=ru,2026-09-07T23:54:46.452900+00:00,4.4,3754
МТ music bar,"Новый Арбат ул., 15, Москва, Россия, 119019",0x46b54a45133e5b27:0x2b30b3d2e0a00281,ChZDSUhNMG9nS0VJQ0FnTURRXzZQQ0VREAE,5.0,2025-03-15T17:55:58Z,2025-03-15T17:55:58Z,год назад,"Отличное место для проведения досуга, хороший бар, суперский персонал.",True,Google,https://www.google.com/maps/reviews/data=!4m8!14m7!1m6!2m5!1sChZDSUhNMG9nS0VJQ0FnTURRXzZQQ0VREAE!2m1!1s0x0:0x2b30b3d2e0a00281!3m1!1s2@1:CIHM0ogKEICAgMDQ_6PCEQ%7C%7C?hl=ru,2026-09-07T23:54:47.257757+00:00,4.4,3754
МТ music bar,"Новый Арбат ул., 15, Москва, Россия, 119019",0x46b54a45133e5b27:0x2b30b3d2e0a00281,ChZDSUhNMG9nS0VJQ0FnTURnaXZQWUdREAE,1.0,2025-02-24T00:10:15Z,2025-02-24T00:10:15Z,год назад,"Не понятная система оплаты, оплатила 2 билета, не на танцпол в и тоге, пришлось в баре депозит за стол платить.  Емли хотите посетить,
берите самые простые билеты, на танцпол. Музыканты были хорошие.
Плохой бар, там торгуют",True,Google,https://www.google.com/maps/reviews/data=!4m8!14m7!1m6!2m5!1sChZDSUhNMG9nS0VJQ0FnTURnaXZQWUdREAE!2m1!1s0x0:0x2b30b3d2e0a00281!3m1!1s2@1:CIHM0ogKEICAgMDgivPYGQ%7C%7C?hl=ru,2026-09-07T23:54:47.257972+00:00,4.4,3754
МТ music bar,"Новый Арбат ул., 15, Москва, Россия, 119019",0x46b54a45133e5b27:0x2b30b3d2e0a00281,ChdDSUhNMG9nS0VJQ0FnTUNBcGZfUDNnRRAB,1.0,2025-02-02T17:04:00Z,2025-02-02T17:04:00Z,год назад,"Очень расстроены тем, что за наши деньги концерт 17.01 был под фонограмму.
Старые песни комбинации в любом караоке поют на 100 баллов, зачем выпускать на сцену двух стрёмного вида девиц, кто не умеет петь?
Мы купили билеты на концерт и были на концерте, который нам крайне разочаровал, зачем спрашивать вопросы по меню на еду??
Билеты на концерт готовы предоставить",True,Google,https://www.google.com/maps/reviews/data=!4m8!14m7!1m6!2m5!1sChdDSUhNMG9nS0VJQ0FnTUNBcGZfUDNnRRAB!2m1!1s0x0:0x2b30b3d2e0a00281!3m1!1s2@1:CIHM0ogKEICAgMCApf_P3gE%7C%7C?hl=ru,2026-09-07T23:54:47.258023+00:00,4.4,3754
МТ music bar,"Новый Арбат ул., 15, Москва, Россия, 119019",0x46b54a45133e5b27:0x2b30b3d2e0a00281,ChdDSUhNMG9nS0VJQ0FnTUNBbWQybS13RRAB,5.0,2025-02-02T07:08:02Z,2025-02-02T07:08:02Z,год назад,,False,Google,https://www.google.com/maps/reviews/data=!4m8!14m7!1m6!2m5!1sChdDSUhNMG9nS0VJQ0FnTUNBbWQybS13RRAB!2m1!1s0x0:0x2b30b3d2e0a00281!3m1!1s2@1:CIHM0ogKEICAgMCAmd2m-wE%7C%7C?hl=ru,2026-09-07T23:54:47.258074+00:00,4.4,3754
МТ music bar,"Новый Арбат ул., 15, Москва, Россия, 119019",0x46b54a45133e5b27:0x2b30b3d2e0a00281,ChZDSUhNMG9nS0VJQ0FnSUN2N3RLbkNBEAE,1.0,2024-12-11T06:35:33Z,2024-12-11T06:35:33Z,год назад,Задержка запроса، Девочки работают не дружелюбные.,True,Google,https://www.google.com/maps/reviews/data=!4m8!14m7!1m6!2m5!1sChZDSUhNMG9nS0VJQ0FnSUN2N3RLbkNBEAE!2m1!1s0x0:0x2b30b3d2e0a00281!3m1!1s2@1:CIHM0ogKEICAgICv7tKnCA%7C%7C?hl=ru,2026-09-07T23:54:47.258112+00:00,4.4,3754
МТ music bar,"Новый Арбат ул., 15, Москва, Россия, 119019",0x46b54a45133e5b27:0x2b30b3d2e0a00281,ChdDSUhNMG9nS0VJQ0FnSURQNk95cDRRRRAB,4.0,2024-11-28T18:11:29Z,2024-11-28T18:11:29Z,год назад,Еда и пиво огонь. Коктейли пустые. Один лёд и сиропы.,True,Google,https://www.google.com/maps/reviews/data=!4m8!14m7!1m6!2m5!1sChdDSUhNMG9nS0VJQ0FnSURQNk95cDRRRRAB!2m1!1s0x0:0x2b30b3d2e0a00281!3m1!1s2@1:CIHM0ogKEICAgIDP6Oyp4QE%7C%7C?hl=ru,2026-09-07T23:54:47.258146+00:00,4.4,3754
МТ music bar,"Новый Арбат ул., 15, Москва, Россия, 119019",0x46b54a45133e5b27:0x2b30b3d2e0a00281,ChdDSUhNMG9nS0VJQ0FnSUNQc0tiOHJnRRAB,1.0,2024-11-20T22:33:59Z,2024-11-20T22:33:59Z,год назад,"При входе просто оценивают по внешнему виду и не хочется даже заходить в это заведение. Охрана хамло  Хотя, мы планировали оставить неприличную сумму. Чтож, ушли в другое заведение.",True,Google,https://www.google.com/maps/reviews/data=!4m8!14m7!1m6!2m5!1sChdDSUhNMG9nS0VJQ0FnSUNQc0tiOHJnRRAB!2m1!1s0x0:0x2b30b3d2e0a00281!3m1!1s2@1:CIHM0ogKEICAgICPsKb8rgE%7C%7C?hl=ru,2026-09-07T23:54:47.258177+00:00,4.4,3754
МТ music bar,"Новый Арбат ул., 15, Москва, Россия, 119019",0x46b54a45133e5b27:0x2b30b3d2e0a00281,ChdDSUhNMG9nS0VJQ0FnSUNubTg2b2xRRRAB,1.0,2024-09-30T07:26:50Z,2024-09-30T07:26:50Z,год назад,It's just awful how the waitresses were rude. extremely shocking.,True,Google,https://www.google.com/maps/reviews/data=!4m8!14m7!1m6!2m5!1sChdDSUhNMG9nS0VJQ0FnSUNubTg2b2xRRRAB!2m1!1s0x0:0x2b30b3d2e0a00281!3m1!1s2@1:CIHM0ogKEICAgICnm86olQE%7C%7C?hl=ru,2026-09-07T23:54:47.258212+00:00,4.4,3754
МТ music bar,"Новый Арбат ул., 15, Москва, Россия, 119019",0x46b54a45133e5b27:0x2b30b3d2e0a00281,ChZDSUhNMG9nS0VJQ0FnSUNiNU1xTEtREAE,1.0,2024-07-23T15:26:43Z,2024-07-23T15:26:43Z,2 года назад,"Ужасное отношение к посетителям. Охрана требует предъявить в обязательном порядке сумки к осмотру, хамит. Я бы после такого вообще не стал к ним заходить, но меня внутри люди ждали, поэтому я показал содержимое рюкзака. Охрана увидела у меня там упаковку йогурта и пару небольших пакетиков резаной моркови, сказали, что с этим внутрь меня не пустят. Потребовали оставить у входа. На мои замечания, что это противоречит закону, сказали, что законы РФ для них не имеют значения, они руководствуются внутренними правилами. При этом охрана применяла силу, отталкивая меня от входа.",True,Google,https://www.google.com/maps/reviews/data=!4m8!14m7!1m6!2m5!1sChZDSUhNMG9nS0VJQ0FnSUNiNU1xTEtREAE!2m1!1s0x0:0x2b30b3d2e0a00281!3m1!1s2@1:CIHM0ogKEICAgICb5MqLKQ%7C%7C?hl=ru,2026-09-07T23:54:47.258241+00:00,4.4,3754
МТ music bar,"Новый Арбат ул., 15, Москва, Россия, 119019",0x46b54a45133e5b27:0x2b30b3d2e0a00281,ChZDSUhNMG9nS0VJQ0FnSUNyenJiUVlBEAE,5.0,2024-07-07T06:47:30Z,2024-07-07T06:47:30Z,2 года назад,,False,Google,https://www.google.com/maps/reviews/data=!4m8!14m7!1m6!2m5!1sChZDSUhNMG9nS0VJQ0FnSUNyenJiUVlBEAE!2m1!1s0x0:0x2b30b3d2e0a00281!3m1!1s2@1:CIHM0ogKEICAgICrzrbQYA%7C%7C?hl=ru,2026-09-07T23:54:47.258286+00:00,4.4,3754
МТ music bar,"Новый Арбат ул., 15, Москва, Россия, 119019",0x46b54a45133e5b27:0x2b30b3d2e0a00281,ChdDSUhNMG9nS0VJQ0FnSUNUbF9uQXh3RRAB,5.0,2024-05-20T03:50:57Z,2024-05-20T03:50:57Z,2 года назад,Nice place for people who love music,True,Google,https://www.google.com/maps/reviews/data=!4m8!14m7!1m6!2m5!1sChdDSUhNMG9nS0VJQ0FnSUNUbF9uQXh3RRAB!2m1!1s0x0:0x2b30b3d2e0a00281!3m1!1s2@1:CIHM0ogKEICAgICTl_nAxwE%7C%7C?hl=ru,2026-09-07T23:54:47.258317+00:00,4.4,3754
МТ music bar,"Новый Арбат ул., 15, Москва, Россия, 119019",0x46b54a45133e5b27:0x2b30b3d2e0a00281,ChZDSUhNMG9nS0VJQ0FnSUNUbllQNVlBEAE,1.0,2024-05-18T02:36:59Z,2024-05-18T02:36:59Z,2 года назад,"Проживали в отеле Пента и увидели рядом данный бар, вывеска была 24/7. В 5 утра решили зайти туда, чтобы поесть, но охранник закрыл дверь перед нашим лицом и держал дверь  рукой, мы очень удивились такому сервису.",True,Google,https://www.google.com/maps/reviews/data=!4m8!14m7!1m6!2m5!1sChZDSUhNMG9nS0VJQ0FnSUNUbllQNVlBEAE!2m1!1s0x0:0x2b30b3d2e0a00281!3m1!1s2@1:CIHM0ogKEICAgICTnYP5YA%7C%7C?hl=ru,2026-09-07T23:54:47.258346+00:00,4.4,3754
МТ music bar,"Новый Арбат ул., 15, Москва, Россия, 119019",0x46b54a45133e5b27:0x2b30b3d2e0a00281,ChZDSUhNMG9nS0VJQ0FnSUNqX3J6WUdBEAE,1.0,2024-04-22T07:59:02Z,2024-04-22T07:59:02Z,2 года назад,"В этом баре мы были удивлены высокими ценами на напитки: стоимость коктейля — 870 рублей, бокала просекко — 770 рублей, пива — 760 рублей, минеральной воды — 760 рублей.

Ожидание заказа составило 46 минут, а стол за это время не убрали.

Несмотря на то, что мы оставили в заведении значительную сумму, возвращаться сюда больше не планируем и другим не советуем.

В 2024 году за клиентов нужно бороться, ведь в Москве огромное количество баров, ресторанов и площадок.",True,Google,https://www.google.com/maps/reviews/data=!4m8!14m7!1m6!2m5!1sChZDSUhNMG9nS0VJQ0FnSUNqX3J6WUdBEAE!2m1!1s0x0:0x2b30b3d2e0a00281!3m1!1s2@1:CIHM0ogKEICAgICj_rzYGA%7C%7C?hl=ru,2026-09-07T23:54:47.258380+00:00,4.4,3754
МТ music bar,"Новый Арбат ул., 15, Москва, Россия, 119019",0x46b54a45133e5b27:0x2b30b3d2e0a00281,ChZDSUhNMG9nS0VJQ0FnSUNEaVlURVNnEAE,5.0,2024-03-29T18:10:17Z,2024-03-29T18:10:17Z,2 года назад,"Находится посередине Нового Арбата, при входе имеется гардероб. Диваны уже порядком помяты. Днём здесь предлагают ланч. Обслуживание быстрое. В целом вкусно, но крупным людям думаю будет мало ланча. Черные салфетки на столе. Барные стулья у бара. Кому как нравится. Чаевые можно перевести по куар коду, предлагается также оплатить операцию перевода.",True,Google,https://www.google.com/maps/reviews/data=!4m8!14m7!1m6!2m5!1sChZDSUhNMG9nS0VJQ0FnSUNEaVlURVNnEAE!2m1!1s0x0:0x2b30b3d2e0a00281!3m1!1s2@1:CIHM0ogKEICAgICDiYTESg%7C%7C?hl=ru,2026-09-07T23:54:47.258437+00:00,4.4,3754
МТ music bar,"Новый Арбат ул., 15, Москва, Россия, 119019",0x46b54a45133e5b27:0x2b30b3d2e0a00281,ChdDSUhNMG9nS0VJQ0FnSUM5MWFHYjBnRRAB,1.0,2024-03-07T23:09:17Z,2024-03-07T23:09:17Z,2 года назад,"Являюсь постоянным посетителем, ведать смена фейс контроля, на входе объявил ценник в 30.000 рублей, ранее привыкли приходить за бар и танцевать, мы не экономим денег, не жалко, но новый фейс, вымогал 30.000 рублей чтобы войти в клуб, первый раз его видела вообще, когда понял что 30.000 ему никто не даст сказал Вам отказано, ну ок, причина отказа, без объяснения, но объяснять не надо, 30 на входе ему никто не дал, сама являюсь директором одного из ресторанов Москвы, поверьте, одеты и не пьяны, мы после работы ранее встречались с девочками снять стресс и по потанцевать!!!! Но пожалуй с таким отношением больше не ногой, были преданы, теперь разочарование (((",True,Google,https://www.google.com/maps/reviews/data=!4m8!14m7!1m6!2m5!1sChdDSUhNMG9nS0VJQ0FnSUM5MWFHYjBnRRAB!2m1!1s0x0:0x2b30b3d2e0a00281!3m1!1s2@1:CIHM0ogKEICAgIC91aGb0gE%7C%7C?hl=ru,2026-09-07T23:54:47.258473+00:00,4.4,3754
МТ music bar,"Новый Арбат ул., 15, Москва, Россия, 119019",0x46b54a45133e5b27:0x2b30b3d2e0a00281,ChZDSUhNMG9nS0VJQ0FnSURkMllXaGZ3EAE,5.0,2024-02-25T05:11:05Z,2024-02-25T05:11:05Z,2 года назад,"Отличное заведение. Были с друзьями, всё очень понравилось) Вкусная еда. Из десертов  советую «Наполеон». Хотелось бы отметить персонал, все с улыбкой встречают и провожают) Тактичны в общении.
Хочется сюда возвращаться снова и снова. Влюбились ❤️",True,Google,https://www.google.com/maps/reviews/data=!4m8!14m7!1m6!2m5!1sChZDSUhNMG9nS0VJQ0FnSURkMllXaGZ3EAE!2m1!1s0x0:0x2b30b3d2e0a00281!3m1!1s2@1:CIHM0ogKEICAgIDd2YWhfw%7C%7C?hl=ru,2026-09-07T23:54:47.258542+00:00,4.4,3754
МТ music bar,"Новый Арбат ул., 15, Москва, Россия, 119019",0x46b54a45133e5b27:0x2b30b3d2e0a00281,ChdDSUhNMG9nS0VJQ0FnSUROMTdQWTNnRRAB,1.0,2024-01-27T01:57:17Z,2024-01-27T02:02:30Z,2 года назад,Ahlaksiz guvenlik gorevlisi içeri girmek için 5000 rusvet istedi,True,Google,https://www.google.com/maps/reviews/data=!4m8!14m7!1m6!2m5!1sChdDSUhNMG9nS0VJQ0FnSUROMTdQWTNnRRAB!2m1!1s0x0:0x2b30b3d2e0a00281!3m1!1s2@1:CIHM0ogKEICAgIDN17PY3gE%7C%7C?hl=ru,2026-09-07T23:54:47.258577+00:00,4.4,3754
МТ music bar,"Новый Арбат ул., 15, Москва, Россия, 119019",0x46b54a45133e5b27:0x2b30b3d2e0a00281,ChZDSUhNMG9nS0VJQ0FnSUROX043eU1BEAE,1.0,2024-01-20T22:01:40Z,2024-01-21T07:44:00Z,2 года назад,"Очень грубая резкая менеджер в зале, удивительно в наше время иметь такой невоспитанный и клиенто неориентированный персонал в клубе в центре Москвы..",True,Google,https://www.google.com/maps/reviews/data=!4m8!14m7!1m6!2m5!1sChZDSUhNMG9nS0VJQ0FnSUROX043eU1BEAE!2m1!1s0x0:0x2b30b3d2e0a00281!3m1!1s2@1:CIHM0ogKEICAgIDN_N7yMA%7C%7C?hl=ru,2026-09-07T23:54:47.258622+00:00,4.4,3754
МТ music bar,"Новый Арбат ул., 15, Москва, Россия, 119019",0x46b54a45133e5b27:0x2b30b3d2e0a00281,ChZDSUhNMG9nS0VJQ0FnSUROZ3JHRVZREAE,2.0,2024-01-21T00:04:44Z,2024-01-21T00:05:46Z,2 года назад,"They ‘re asking more than 30usd spending limit from each at the gate around 02:00 am. Sorry guys. My point is just two stars for you, even it s much;)",True,Google,https://www.google.com/maps/reviews/data=!4m8!14m7!1m6!2m5!1sChZDSUhNMG9nS0VJQ0FnSUROZ3JHRVZREAE!2m1!1s0x0:0x2b30b3d2e0a00281!3m1!1s2@1:CIHM0ogKEICAgIDNgrGEVQ%7C%7C?hl=ru,2026-09-07T23:54:47.258654+00:00,4.4,3754
МТ music bar,"Новый Арбат ул., 15, Москва, Россия, 119019",0x46b54a45133e5b27:0x2b30b3d2e0a00281,ChZDSUhNMG9nS0VJQ0FnSUQxeHY3dlRBEAE,5.0,2024-01-06T19:02:04Z,2024-01-06T19:02:04Z,2 года назад,Хорошее место. Были на выступлении Юлии Коган. Супер. Все понравилось. Юлька-бомба! Голосище: Монсеррат Кабалье,True,Google,https://www.google.com/maps/reviews/data=!4m8!14m7!1m6!2m5!1sChZDSUhNMG9nS0VJQ0FnSUQxeHY3dlRBEAE!2m1!1s0x0:0x2b30b3d2e0a00281!3m1!1s2@1:CIHM0ogKEICAgID1xv7vTA%7C%7C?hl=ru,2026-09-07T23:54:47.258685+00:00,4.4,3754
МТ music bar,"Новый Арбат ул., 15, Москва, Россия, 119019",0x46b54a45133e5b27:0x2b30b3d2e0a00281,ChZDSUhNMG9nS0VJQ0FnSUQxa3VxM2N3EAE,5.0,2024-01-06T06:44:18Z,2024-01-06T06:44:18Z,2 года назад,"Зачётное место в центре Москвы✔️ Были вчера на концерте офигенного Найка Борова. Звук одинаково хороший и у сцены, и если вы сидите за столиком. Официанты вежливые, быстро принесли заказ. В баре за коктейлем очередей не было. Маргарита шикарная🌟 Вкусно поели, сладко попили, весело потусили)))Стильненько и чистенько.  Рекомендую тем, кому нужен кислород))) обязательно вернемся 💞",True,Google,https://www.google.com/maps/reviews/data=!4m8!14m7!1m6!2m5!1sChZDSUhNMG9nS0VJQ0FnSUQxa3VxM2N3EAE!2m1!1s0x0:0x2b30b3d2e0a00281!3m1!1s2@1:CIHM0ogKEICAgID1kuq3cw%7C%7C?hl=ru,2026-09-07T23:54:48.969410+00:00,4.4,3754
МТ music bar,"Новый Арбат ул., 15, Москва, Россия, 119019",0x46b54a45133e5b27:0x2b30b3d2e0a00281,ChdDSUhNMG9nS0VJQ0FnSUQxaEtyQzNnRRAB,2.0,2024-01-05T09:08:15Z,2024-01-05T09:08:15Z,2 года назад,"Такое себе заведение.
Видно, что старались и пытались, но нам, выросшим на Бункере и ОГИ не заходит. Слащавое всё, подпудренное...
Одно слово, мумий троль.
И дорого, и звук делать не умеют.
Не пойду больше.",True,Google,https://www.google.com/maps/reviews/data=!4m8!14m7!1m6!2m5!1sChdDSUhNMG9nS0VJQ0FnSUQxaEtyQzNnRRAB!2m1!1s0x0:0x2b30b3d2e0a00281!3m1!1s2@1:CIHM0ogKEICAgID1hKrC3gE%7C%7C?hl=ru,2026-09-07T23:54:48.969647+00:00,4.4,3754
МТ music bar,"Новый Арбат ул., 15, Москва, Россия, 119019",0x46b54a45133e5b27:0x2b30b3d2e0a00281,ChdDSUhNMG9nS0VJQ0FnSUMxX1l1UWdnRRAB,2.0,2024-01-02T18:41:28Z,2024-01-02T18:41:28Z,2 года назад,"2 января полный отстой.
Да",True,Google,https://www.google.com/maps/reviews/data=!4m8!14m7!1m6!2m5!1sChdDSUhNMG9nS0VJQ0FnSUMxX1l1UWdnRRAB!2m1!1s0x0:0x2b30b3d2e0a00281!3m1!1s2@1:CIHM0ogKEICAgIC1_YuQggE%7C%7C?hl=ru,2026-09-07T23:54:48.969716+00:00,4.4,3754
МТ music bar,"Новый Арбат ул., 15, Москва, Россия, 119019",0x46b54a45133e5b27:0x2b30b3d2e0a00281,ChdDSUhNMG9nS0VJQ0FnSURGcGVHVjh3RRAB,3.0,2023-11-08T18:33:18Z,2023-11-08T18:33:48Z,2 года назад,"06.11.23 время 23:40 что за отстойная музыка, просто кошмар . Бармены угрюмые и уставшие, девушкам вход бесплатный. Про еду и напитки ничего сказать не могу,  не пробовала. Из плюсов  чистый туалет.",True,Google,https://www.google.com/maps/reviews/data=!4m8!14m7!1m6!2m5!1sChdDSUhNMG9nS0VJQ0FnSURGcGVHVjh3RRAB!2m1!1s0x0:0x2b30b3d2e0a00281!3m1!1s2@1:CIHM0ogKEICAgIDFpeGV8wE%7C%7C?hl=ru,2026-09-07T23:54:48.969757+00:00,4.4,3754
МТ music bar,"Новый Арбат ул., 15, Москва, Россия, 119019",0x46b54a45133e5b27:0x2b30b3d2e0a00281,ChZDSUhNMG9nS0VJQ0FnSURGdWREcFVBEAE,5.0,2023-11-08T13:26:55Z,2023-11-08T13:26:55Z,2 года назад,"Гуляли с друзьями 4 ноября, потанцевали круто , места было мало, наверно потому что народу было очень много😃.
Двое молодых ребят выступали очень крутые, энергия космос.Но,разочаровали коктейли☹️9/10 за атмосферу и движ!",True,Google,https://www.google.com/maps/reviews/data=!4m8!14m7!1m6!2m5!1sChZDSUhNMG9nS0VJQ0FnSURGdWREcFVBEAE!2m1!1s0x0:0x2b30b3d2e0a00281!3m1!1s2@1:CIHM0ogKEICAgIDFudDpUA%7C%7C?hl=ru,2026-09-07T23:54:48.969795+00:00,4.4,3754
МТ music bar,"Новый Арбат ул., 15, Москва, Россия, 119019",0x46b54a45133e5b27:0x2b30b3d2e0a00281,ChdDSUhNMG9nS0VJQ0FnSURGOE1tYzBBRRAB,5.0,2023-11-04T06:10:19Z,2023-11-04T06:10:19Z,2 года назад,"Добрый день.
Отпустите, пожалуйста, краба, который у вас в аквариуме. Он всегда в одном положении, ему даже не повернуться никак. Пока не пришло его время умирать. - он будет жить в таких условиях и мучаться. Он же не может заставить себя умереть, чтобы прекратить свои мучения. Пожалуйста, напишите либо в Москвариум,
либо в Московский Зоопарк. Они заберут.
У вас классный бар, крутые ивенты. Он вам уже не нужен даже для имиджа. Это даже играет уже почти на антиимидж. Освободите, пожалуйста, его.",True,Google,https://www.google.com/maps/reviews/data=!4m8!14m7!1m6!2m5!1sChdDSUhNMG9nS0VJQ0FnSURGOE1tYzBBRRAB!2m1!1s0x0:0x2b30b3d2e0a00281!3m1!1s2@1:CIHM0ogKEICAgIDF8Mmc0AE%7C%7C?hl=ru,2026-09-07T23:54:48.969837+00:00,4.4,3754
МТ music bar,"Новый Арбат ул., 15, Москва, Россия, 119019",0x46b54a45133e5b27:0x2b30b3d2e0a00281,ChZDSUhNMG9nS0VJQ0FnSUNGMWZ5OVFBEAE,5.0,2023-10-30T11:23:13Z,2023-10-30T11:23:13Z,2 года назад,"Заходя в клуб, погружаешься в атмосферу сюрреалистического фьюжена
из множества параллельных реальностей.
Понятие рок музыки сегодня чётко срабатывает в тот момент, когда на сцене работают легенды - «Моральный кодекс» в частности и также можно к ним отнести «Крематорий» и думаю уже несуществующую «Алису» и «Чайф» - это то что привлекает наше поколение попасть в этот анклав субкультуры!!!
Я как православный человек не принимаю элементы сатанизма и других проявлений зла, которые присутствуют в клубе параллельно с русским роком.  Их нам больше пытаются привить, чем мы бы того хотели.
В это моё посещение «Мумий Тролль» был заполнен приблизительно публикой моего возраста,  которая не принимает близко к сердцу, навязанные нам мерзости вроде Хэллоуина.
Мы больше идем послушать любимые и легендарные группы и поностальгировать.

В целом, если посмотреть объективно с точки зрения духа сего, то этот клуб является эталоном!!
Всё достаточно хорошо организовано!!👌
В том числе и порядок и напитки и закуски!!
Всё заоблачно, как и должно быть в центре Москвы в дорогом клубе!!
Сергей Мазаев и группа «Моральный кодекс» сегодня реанимировали рок-н-ролл и я могу сказать с уверенностью, что звучали они на уровне приличной зарубежной рок группы 🔥
Спасибо режиссёру,  виртуозным музыкантам
и Легендарному и живущему в своём особом мире где-то вне времени , заслуженному артисту России, звезде рок-н-ролла Сергею Мазаеву !!
Хочу сказать спасибо администрации клуба, за умело созданную субкультурную картинку  арт-среду и персонал, который работает и работает, именно так как должен работать !!
Если будет выступать ещё какая-нибудь интересная для меня  рок группа, обязательно приду в это место и рекомендую его другим любителям русского пока и не только!!!
Ваш слепой гид по Москве и не только, популярный певец Виктор Тартанов😎",True,Google,https://www.google.com/maps/reviews/data=!4m8!14m7!1m6!2m5!1sChZDSUhNMG9nS0VJQ0FnSUNGMWZ5OVFBEAE!2m1!1s0x0:0x2b30b3d2e0a00281!3m1!1s2@1:CIHM0ogKEICAgICF1fy9QA%7C%7C?hl=ru,2026-09-07T23:54:48.969880+00:00,4.4,3754
МТ music bar,"Новый Арбат ул., 15, Москва, Россия, 119019",0x46b54a45133e5b27:0x2b30b3d2e0a00281,ChdDSUhNMG9nS0VJQ0FnSUNGNmItR2pBRRAB,5.0,2023-10-29T04:44:12Z,2023-10-29T04:46:03Z,2 года назад,"Хочется отметить персонал, ребята 🔥🔥🔥 обслуживание быстрое, доброжелательное отношение, и самое важное, ребята уважительно относятся друг к другу. Еда отличная, были на завтраке, а вечером пришли на концерт. Переживали, что будет не удобно есть за барной стойкой, всё было 👌",True,Google,https://www.google.com/maps/reviews/data=!4m8!14m7!1m6!2m5!1sChdDSUhNMG9nS0VJQ0FnSUNGNmItR2pBRRAB!2m1!1s0x0:0x2b30b3d2e0a00281!3m1!1s2@1:CIHM0ogKEICAgICF6b-GjAE%7C%7C?hl=ru,2026-09-07T23:54:48.969951+00:00,4.4,3754
МТ music bar,"Новый Арбат ул., 15, Москва, Россия, 119019",0x46b54a45133e5b27:0x2b30b3d2e0a00281,ChZDSUhNMG9nS0VJQ0FnSUM1MmE2Y0N3EAE,5.0,2023-10-15T17:27:33Z,2023-10-15T17:27:33Z,2 года назад,"Шикарный бар, отличный сервис, превосходная кухня и энергетика на концертах.",True,Google,https://www.google.com/maps/reviews/data=!4m8!14m7!1m6!2m5!1sChZDSUhNMG9nS0VJQ0FnSUM1MmE2Y0N3EAE!2m1!1s0x0:0x2b30b3d2e0a00281!3m1!1s2@1:CIHM0ogKEICAgIC52a6cCw%7C%7C?hl=ru,2026-09-07T23:54:48.969986+00:00,4.4,3754
МТ music bar,"Новый Арбат ул., 15, Москва, Россия, 119019",0x46b54a45133e5b27:0x2b30b3d2e0a00281,ChZDSUhNMG9nS0VJQ0FnSURKNTkzc1dnEAE,5.0,2023-07-24T12:50:52Z,2023-07-24T12:50:52Z,3 года назад,"Отличное место, чтобы классно провести время!",True,Google,https://www.google.com/maps/reviews/data=!4m8!14m7!1m6!2m5!1sChZDSUhNMG9nS0VJQ0FnSURKNTkzc1dnEAE!2m1!1s0x0:0x2b30b3d2e0a00281!3m1!1s2@1:CIHM0ogKEICAgIDJ593sWg%7C%7C?hl=ru,2026-09-07T23:54:48.970020+00:00,4.4,3754
МТ music bar,"Новый Арбат ул., 15, Москва, Россия, 119019",0x46b54a45133e5b27:0x2b30b3d2e0a00281,ChdDSUhNMG9nS0VJQ0FnSURKaDRITG1BRRAB,5.0,2023-07-23T23:47:59Z,2023-07-23T23:47:59Z,3 года назад,"Хиза восхитительный, приятный человек, всем советую,",True,Google,https://www.google.com/maps/reviews/data=!4m8!14m7!1m6!2m5!1sChdDSUhNMG9nS0VJQ0FnSURKaDRITG1BRRAB!2m1!1s0x0:0x2b30b3d2e0a00281!3m1!1s2@1:CIHM0ogKEICAgIDJh4HLmAE%7C%7C?hl=ru,2026-09-07T23:54:48.970048+00:00,4.4,3754
МТ music bar,"Новый Арбат ул., 15, Москва, Россия, 119019",0x46b54a45133e5b27:0x2b30b3d2e0a00281,ChZDSUhNMG9nS0VJQ0FnSURSMTRHSUtBEAE,2.0,2023-05-05T21:50:06Z,2023-05-05T21:50:06Z,3 года назад,Приехали из Питера. Были 5 мая. Музыка была плохая.,True,Google,https://www.google.com/maps/reviews/data=!4m8!14m7!1m6!2m5!1sChZDSUhNMG9nS0VJQ0FnSURSMTRHSUtBEAE!2m1!1s0x0:0x2b30b3d2e0a00281!3m1!1s2@1:CIHM0ogKEICAgIDR14GIKA%7C%7C?hl=ru,2026-09-07T23:54:48.970078+00:00,4.4,3754
МТ music bar,"Новый Арбат ул., 15, Москва, Россия, 119019",0x46b54a45133e5b27:0x2b30b3d2e0a00281,ChdDSUhNMG9nS0VJQ0FnSUNXaXM3VDV3RRAB,4.0,2022-02-23T07:31:17Z,2022-02-23T08:07:13Z,4 года назад,"Место само по себе интересное! Напитки как и везде не лучше не хуже. Музыка отдельный разговор есть моменты, что не совсем понравилось сидели у окна. При любой компазиции. Вент канал выдавал эхо с дребезжанием, от чего устали уши в зоне сцены такого нет.",True,Google,https://www.google.com/maps/reviews/data=!4m8!14m7!1m6!2m5!1sChdDSUhNMG9nS0VJQ0FnSUNXaXM3VDV3RRAB!2m1!1s0x0:0x2b30b3d2e0a00281!3m1!1s2@1:CIHM0ogKEICAgICWis7T5wE%7C%7C?hl=ru,2026-09-07T23:54:48.970105+00:00,4.4,3754
МТ music bar,"Новый Арбат ул., 15, Москва, Россия, 119019",0x46b54a45133e5b27:0x2b30b3d2e0a00281,ChdDSUhNMG9nS0VJQ0FnSUNXc3ZfazFnRRAB,4.0,2022-02-22T21:20:29Z,2022-02-22T21:20:29Z,4 года назад,Супер! Были на концерте! Просто огонь!,True,Google,https://www.google.com/maps/reviews/data=!4m8!14m7!1m6!2m5!1sChdDSUhNMG9nS0VJQ0FnSUNXc3ZfazFnRRAB!2m1!1s0x0:0x2b30b3d2e0a00281!3m1!1s2@1:CIHM0ogKEICAgICWsv_k1gE%7C%7C?hl=ru,2026-09-07T23:54:48.970154+00:00,4.4,3754
МТ music bar,"Новый Арбат ул., 15, Москва, Россия, 119019",0x46b54a45133e5b27:0x2b30b3d2e0a00281,ChZDSUhNMG9nS0VJQ0FnSUNXMHV2cUdREAE,5.0,2022-02-22T16:47:07Z,2022-02-22T16:47:07Z,4 года назад,,False,Google,https://www.google.com/maps/reviews/data=!4m8!14m7!1m6!2m5!1sChZDSUhNMG9nS0VJQ0FnSUNXMHV2cUdREAE!2m1!1s0x0:0x2b30b3d2e0a00281!3m1!1s2@1:CIHM0ogKEICAgICW0uvqGQ%7C%7C?hl=ru,2026-09-07T23:54:48.970183+00:00,4.4,3754
МТ music bar,"Новый Арбат ул., 15, Москва, Россия, 119019",0x46b54a45133e5b27:0x2b30b3d2e0a00281,ChdDSUhNMG9nS0VJQ0FnSUNXbkttZjhBRRAB,5.0,2022-02-20T15:46:53Z,2022-02-20T15:46:53Z,4 года назад,Место супер охрана лучшая из всех заведений в москве,True,Google,https://www.google.com/maps/reviews/data=!4m8!14m7!1m6!2m5!1sChdDSUhNMG9nS0VJQ0FnSUNXbkttZjhBRRAB!2m1!1s0x0:0x2b30b3d2e0a00281!3m1!1s2@1:CIHM0ogKEICAgICWnKmf8AE%7C%7C?hl=ru,2026-09-07T23:54:48.970210+00:00,4.4,3754
МТ music bar,"Новый Арбат ул., 15, Москва, Россия, 119019",0x46b54a45133e5b27:0x2b30b3d2e0a00281,ChZDSUhNMG9nS0VJQ0FnSUNXOVB6R0V3EAE,1.0,2022-02-19T10:04:02Z,2022-02-19T10:04:02Z,4 года назад,,False,Google,https://www.google.com/maps/reviews/data=!4m8!14m7!1m6!2m5!1sChZDSUhNMG9nS0VJQ0FnSUNXOVB6R0V3EAE!2m1!1s0x0:0x2b30b3d2e0a00281!3m1!1s2@1:CIHM0ogKEICAgICW9PzGEw%7C%7C?hl=ru,2026-09-07T23:54:48.970237+00:00,4.4,3754
МТ music bar,"Новый Арбат ул., 15, Москва, Россия, 119019",0x46b54a45133e5b27:0x2b30b3d2e0a00281,ChdDSUhNMG9nS0VJQ0FnSUNXdEpXajd3RRAB,4.0,2022-02-19T06:28:00Z,2022-02-19T06:28:00Z,4 года назад,"Очень классный дизайн. Вкусные кок , средняя цена 700 рублей за коктейль.",True,Google,https://www.google.com/maps/reviews/data=!4m8!14m7!1m6!2m5!1sChdDSUhNMG9nS0VJQ0FnSUNXdEpXajd3RRAB!2m1!1s0x0:0x2b30b3d2e0a00281!3m1!1s2@1:CIHM0ogKEICAgICWtJWj7wE%7C%7C?hl=ru,2026-09-07T23:54:48.970262+00:00,4.4,3754
МТ music bar,"Новый Арбат ул., 15, Москва, Россия, 119019",0x46b54a45133e5b27:0x2b30b3d2e0a00281,ChdDSUhNMG9nS0VJQ0FnSUNXNU92MHBRRRAB,5.0,2022-02-18T19:34:04Z,2022-02-18T19:34:04Z,4 года назад,,False,Google,https://www.google.com/maps/reviews/data=!4m8!14m7!1m6!2m5!1sChdDSUhNMG9nS0VJQ0FnSUNXNU92MHBRRRAB!2m1!1s0x0:0x2b30b3d2e0a00281!3m1!1s2@1:CIHM0ogKEICAgICW5Ov0pQE%7C%7C?hl=ru,2026-09-07T23:54:48.970289+00:00,4.4,3754
МТ music bar,"Новый Арбат ул., 15, Москва, Россия, 119019",0x46b54a45133e5b27:0x2b30b3d2e0a00281,ChdDSUhNMG9nS0VJQ0FnSUNXNUtxU2lBRRAB,2.0,2022-02-18T17:41:27Z,2022-02-18T17:41:27Z,4 года назад,Очень грубая охрана! Персонал может хамить и орать на гостей. Больше не пойду спасибо,True,Google,https://www.google.com/maps/reviews/data=!4m8!14m7!1m6!2m5!1sChdDSUhNMG9nS0VJQ0FnSUNXNUtxU2lBRRAB!2m1!1s0x0:0x2b30b3d2e0a00281!3m1!1s2@1:CIHM0ogKEICAgICW5KqSiAE%7C%7C?hl=ru,2026-09-07T23:54:48.970314+00:00,4.4,3754
Пропаганда,"Златоустинский Большой пер., 7, Москва, Россия, 101000",0x46b54a5ee3dfa457:0xc5f3c1d718367290,Ci9DQUlRQUNvZENodHljRjlvT2xoTlUzbGlTRUZCT1ZsRWJpMXBRMVJIV0RoTFgyYxAB,5.0,2026-08-14T10:01:10Z,2026-08-14T10:01:10Z,3 недели назад,,False,Google,https://www.google.com/maps/reviews/data=!4m8!14m7!1m6!2m5!1sCi9DQUlRQUNvZENodHljRjlvT2xoTlUzbGlTRUZCT1ZsRWJpMXBRMVJIV0RoTFgyYxAB!2m1!1s0x0:0xc5f3c1d718367290!3m1!1s2@1:CAIQACodChtycF9oOlhNU3liSEFBOVlEbi1pQ1RHWDhLX2c%7C%7C?hl=ru,2026-09-07T23:54:49.297210+00:00,4.3,3226
Пропаганда,"Златоустинский Большой пер., 7, Москва, Россия, 101000",0x46b54a5ee3dfa457:0xc5f3c1d718367290,Ci9DQUlRQUNvZENodHljRjlvT2xSb2VHNW1XWGRFWWtwUFh6TnJlbWhVY0VwRU1rRRAB,1.0,2026-07-18T07:21:28Z,2026-07-18T07:21:28Z,месяц назад,"Went there yesterday, 17th July 2026 based on google and chat gpt. It had been shut since past 2 years !",True,Google,https://www.google.com/maps/reviews/data=!4m8!14m7!1m6!2m5!1sCi9DQUlRQUNvZENodHljRjlvT2xSb2VHNW1XWGRFWWtwUFh6TnJlbWhVY0VwRU1rRRAB!2m1!1s0x0:0xc5f3c1d718367290!3m1!1s2@1:CAIQACodChtycF9oOlRoeG5mWXdEYkpPXzNremhUcEpEMkE%7C%7C?hl=ru,2026-09-07T23:54:49.297390+00:00,4.3,3226
Пропаганда,"Златоустинский Большой пер., 7, Москва, Россия, 101000",0x46b54a5ee3dfa457:0xc5f3c1d718367290,ChZDSUhNMG9nS0VJQ0FnSUNXaGZiQUFnEAE,5.0,2022-03-02T16:25:17Z,2026-07-06T07:06:55Z,Изменено 2 месяца назад,Он верил в пропаганду,True,Google,https://www.google.com/maps/reviews/data=!4m8!14m7!1m6!2m5!1sChZDSUhNMG9nS0VJQ0FnSUNXaGZiQUFnEAE!2m1!1s0x0:0xc5f3c1d718367290!3m1!1s2@1:CIHM0ogKEICAgICWhfbAAg%7C%7C?hl=ru,2026-09-07T23:54:49.297454+00:00,4.3,3226
Пропаганда,"Златоустинский Большой пер., 7, Москва, Россия, 101000",0x46b54a5ee3dfa457:0xc5f3c1d718367290,Ci9DQUlRQUNvZENodHljRjlvT2t4aFdFMHRPV2h1YmxWM09GWnZiMUZOU1VWUlJYYxAB,1.0,2026-06-05T17:14:26Z,2026-06-05T17:14:26Z,3 месяца назад,Ето какаято пропаганда.,True,Google,https://www.google.com/maps/reviews/data=!4m8!14m7!1m6!2m5!1sCi9DQUlRQUNvZENodHljRjlvT2t4aFdFMHRPV2h1YmxWM09GWnZiMUZOU1VWUlJYYxAB!2m1!1s0x0:0xc5f3c1d718367290!3m1!1s2@1:CAIQACodChtycF9oOkxhWE0tOWhublV3OFZvb1FNSUVRRXc%7C%7C?hl=ru,2026-09-07T23:54:49.297498+00:00,4.3,3226
Пропаганда,"Златоустинский Большой пер., 7, Москва, Россия, 101000",0x46b54a5ee3dfa457:0xc5f3c1d718367290,Ci9DQUlRQUNvZENodHljRjlvT25oWk1VWnFZblF4Ulc4MU5FRndVWEZqZGtKalVHYxAB,1.0,2026-05-20T13:25:42Z,2026-05-20T13:25:42Z,3 месяца назад,,False,Google,https://www.google.com/maps/reviews/data=!4m8!14m7!1m6!2m5!1sCi9DQUlRQUNvZENodHljRjlvT25oWk1VWnFZblF4Ulc4MU5FRndVWEZqZGtKalVHYxAB!2m1!1s0x0:0xc5f3c1d718367290!3m1!1s2@1:CAIQACodChtycF9oOnhZMUZqYnQxRW81NEFwUXFjdkJjUGc%7C%7C?hl=ru,2026-09-07T23:54:49.297539+00:00,4.3,3226
Пропаганда,"Златоустинский Большой пер., 7, Москва, Россия, 101000",0x46b54a5ee3dfa457:0xc5f3c1d718367290,ChZDSUhNMG9nS0VJQ0FnSURXd3ZDN0x3EAE,1.0,2022-03-18T21:17:21Z,2026-04-02T10:45:06Z,Изменено 5 месяцев назад,"Помогите остановить этот ужас, мы не звали и уж тем более не ждали вашу армию, нас не нужно освобождать, нам не нужно навязывать что-то там свое, не понимая ценности нашей культуры. Поддержите Мир! Остановите эту Войну!",True,Google,https://www.google.com/maps/reviews/data=!4m8!14m7!1m6!2m5!1sChZDSUhNMG9nS0VJQ0FnSURXd3ZDN0x3EAE!2m1!1s0x0:0xc5f3c1d718367290!3m1!1s2@1:CIHM0ogKEICAgIDWwvC7Lw%7C%7C?hl=ru,2026-09-07T23:54:49.297577+00:00,4.3,3226
Пропаганда,"Златоустинский Большой пер., 7, Москва, Россия, 101000",0x46b54a5ee3dfa457:0xc5f3c1d718367290,Ci9DQUlRQUNvZENodHljRjlvT2xkYWMxbHlTM1JvYkVzNGVuSlZlREY2ZVdwM1dsRRAB,5.0,2026-03-21T05:50:16Z,2026-03-21T05:50:16Z,5 месяцев назад,"Очень крутое заведение, вышка. Если хотите приятно провести время то вам сюда. ♥️♥️♥️",True,Google,https://www.google.com/maps/reviews/data=!4m8!14m7!1m6!2m5!1sCi9DQUlRQUNvZENodHljRjlvT2xkYWMxbHlTM1JvYkVzNGVuSlZlREY2ZVdwM1dsRRAB!2m1!1s0x0:0xc5f3c1d718367290!3m1!1s2@1:CAIQACodChtycF9oOldac1lyS3RobEs4enJVeDF6eWp3WlE%7C%7C?hl=ru,2026-09-07T23:54:49.297614+00:00,4.3,3226
Пропаганда,"Златоустинский Большой пер., 7, Москва, Россия, 101000",0x46b54a5ee3dfa457:0xc5f3c1d718367290,Ci9DQUlRQUNvZENodHljRjlvT25jME9VZERSRk5TU2xBellqRXRNRnBvYWpaUU5GRRAB,5.0,2026-03-17T19:53:21Z,2026-03-17T19:53:21Z,5 месяцев назад,,False,Google,https://www.google.com/maps/reviews/data=!4m8!14m7!1m6!2m5!1sCi9DQUlRQUNvZENodHljRjlvT25jME9VZERSRk5TU2xBellqRXRNRnBvYWpaUU5GRRAB!2m1!1s0x0:0xc5f3c1d718367290!3m1!1s2@1:CAIQACodChtycF9oOnc0OUdDRFNSSlAzYjEtMFpoajZQNFE%7C%7C?hl=ru,2026-09-07T23:54:49.297653+00:00,4.3,3226
Пропаганда,"Златоустинский Большой пер., 7, Москва, Россия, 101000",0x46b54a5ee3dfa457:0xc5f3c1d718367290,ChdDSUhNMG9nS0VJQ0FnSUNXb19pYnhBRRAB,5.0,2022-03-05T11:59:19Z,2026-01-20T09:07:20Z,Изменено 7 месяцев назад,За що ви бомбите нашиш дітей???,True,Google,https://www.google.com/maps/reviews/data=!4m8!14m7!1m6!2m5!1sChdDSUhNMG9nS0VJQ0FnSUNXb19pYnhBRRAB!2m1!1s0x0:0xc5f3c1d718367290!3m1!1s2@1:CIHM0ogKEICAgICWo_ibxAE%7C%7C?hl=ru,2026-09-07T23:54:49.462738+00:00,4.3,3226
Пропаганда,"Златоустинский Большой пер., 7, Москва, Россия, 101000",0x46b54a5ee3dfa457:0xc5f3c1d718367290,ChZDSUhNMG9nS0VJQ0FnSUNzNU91RlpREAE,3.0,2020-01-22T22:17:04Z,2026-01-10T14:14:54Z,Изменено 7 месяцев назад,"가지마세요 댓글대로 2년전이랑 달라진게 없네요
노래도 안틀고 ㅠ",True,Google,https://www.google.com/maps/reviews/data=!4m8!14m7!1m6!2m5!1sChZDSUhNMG9nS0VJQ0FnSUNzNU91RlpREAE!2m1!1s0x0:0xc5f3c1d718367290!3m1!1s2@1:CIHM0ogKEICAgICs5OuFZQ%7C%7C?hl=ru,2026-09-07T23:54:49.462924+00:00,4.3,3226
Пропаганда,"Златоустинский Большой пер., 7, Москва, Россия, 101000",0x46b54a5ee3dfa457:0xc5f3c1d718367290,ChdDSUhNMG9nS0VJQ0FnSUNXM2NpX2pnRRAB,1.0,2022-03-04T15:16:53Z,2026-01-06T21:07:03Z,Изменено 8 месяцев назад,,False,Google,https://www.google.com/maps/reviews/data=!4m8!14m7!1m6!2m5!1sChdDSUhNMG9nS0VJQ0FnSUNXM2NpX2pnRRAB!2m1!1s0x0:0xc5f3c1d718367290!3m1!1s2@1:CIHM0ogKEICAgICW3ci_jgE%7C%7C?hl=ru,2026-09-07T23:54:49.463002+00:00,4.3,3226
Пропаганда,"Златоустинский Большой пер., 7, Москва, Россия, 101000",0x46b54a5ee3dfa457:0xc5f3c1d718367290,Ci9DQUlRQUNvZENodHljRjlvT25SUVdsZEtaMEY2WDFGNmNqQmxlRkJJTXpWMldVRRAB,4.0,2025-09-20T15:26:53Z,2025-09-20T15:26:53Z,11 месяцев назад,,False,Google,https://www.google.com/maps/reviews/data=!4m8!14m7!1m6!2m5!1sCi9DQUlRQUNvZENodHljRjlvT25SUVdsZEtaMEY2WDFGNmNqQmxlRkJJTXpWMldVRRAB!2m1!1s0x0:0xc5f3c1d718367290!3m1!1s2@1:CAIQACodChtycF9oOnRQWldKZ0F6X1F6cjBleFBIMzV2WUE%7C%7C?hl=ru,2026-09-07T23:54:49.463043+00:00,4.3,3226
Пропаганда,"Златоустинский Большой пер., 7, Москва, Россия, 101000",0x46b54a5ee3dfa457:0xc5f3c1d718367290,Ci9DQUlRQUNvZENodHljRjlvT2xOQ015MVdWMGhDZFhGRmRXeFhkM0JYTURVNVZVRRAB,5.0,2025-08-15T20:38:55Z,2025-08-15T20:38:55Z,год назад,,False,Google,https://www.google.com/maps/reviews/data=!4m8!14m7!1m6!2m5!1sCi9DQUlRQUNvZENodHljRjlvT2xOQ015MVdWMGhDZFhGRmRXeFhkM0JYTURVNVZVRRAB!2m1!1s0x0:0xc5f3c1d718367290!3m1!1s2@1:CAIQACodChtycF9oOlNCMy1WV0hCdXFFdWxXd3BXMDU5VUE%7C%7C?hl=ru,2026-09-07T23:54:49.463083+00:00,4.3,3226
Пропаганда,"Златоустинский Большой пер., 7, Москва, Россия, 101000",0x46b54a5ee3dfa457:0xc5f3c1d718367290,Ci9DQUlRQUNvZENodHljRjlvT2toU1p6aEJWV3huWVVKM2RFWm1jRGRVVFdodU5XYxAB,5.0,2025-08-10T00:21:47Z,2025-08-10T00:21:47Z,год назад,"It's closed.
Está cerrado.",True,Google,https://www.google.com/maps/reviews/data=!4m8!14m7!1m6!2m5!1sCi9DQUlRQUNvZENodHljRjlvT2toU1p6aEJWV3huWVVKM2RFWm1jRGRVVFdodU5XYxAB!2m1!1s0x0:0xc5f3c1d718367290!3m1!1s2@1:CAIQACodChtycF9oOkhSZzhBVWxnYUJ3dEZmcDdUTWhuNWc%7C%7C?hl=ru,2026-09-07T23:54:49.463115+00:00,4.3,3226
Пропаганда,"Златоустинский Большой пер., 7, Москва, Россия, 101000",0x46b54a5ee3dfa457:0xc5f3c1d718367290,Ci9DQUlRQUNvZENodHljRjlvT2kxV2FUVlBlRTg0Ym10dE9GbHZZM1psUVd4Q2IwRRAB,5.0,2025-07-27T03:44:30Z,2025-07-27T03:44:30Z,год назад,Good,True,Google,https://www.google.com/maps/reviews/data=!4m8!14m7!1m6!2m5!1sCi9DQUlRQUNvZENodHljRjlvT2kxV2FUVlBlRTg0Ym10dE9GbHZZM1psUVd4Q2IwRRAB!2m1!1s0x0:0xc5f3c1d718367290!3m1!1s2@1:CAIQACodChtycF9oOi1WaTVPeE84bmttOFlvY3ZlQWxCb0E%7C%7C?hl=ru,2026-09-07T23:54:49.463145+00:00,4.3,3226
Пропаганда,"Златоустинский Большой пер., 7, Москва, Россия, 101000",0x46b54a5ee3dfa457:0xc5f3c1d718367290,ChdDSUhNMG9nS0VKenFsT3JGa29qX3R3RRAB,5.0,2025-06-03T20:38:16Z,2025-06-03T20:38:16Z,год назад,"Güzeldi, kapandı",True,Google,https://www.google.com/maps/reviews/data=!4m8!14m7!1m6!2m5!1sChdDSUhNMG9nS0VKenFsT3JGa29qX3R3RRAB!2m1!1s0x0:0xc5f3c1d718367290!3m1!1s2@1:CIHM0ogKEJzqlOrFkoj_twE%7C%7C?hl=ru,2026-09-07T23:54:49.463173+00:00,4.3,3226
Пропаганда,"Златоустинский Большой пер., 7, Москва, Россия, 101000",0x46b54a5ee3dfa457:0xc5f3c1d718367290,ChZDSUhNMG9nS0VJQ0FnSUNPaW95WEN3EAE,5.0,2022-06-06T16:42:49Z,2025-03-08T22:34:21Z,Изменено год назад,"Sin duda la mejor discoteca en la que estuve en Moscú. Había muy buen ambiente y se notaba las ganas de pasarlo bien, sin discusiones ni borrachos molestando. La musica era muy underground y genial. Una pena que la hayan cerrado o vayan a cerrarla. Se me cae una lagrima de mis ojos de los buenos recuerdos que me vienen a la cabeza. Se te echara de menos!",True,Google,https://www.google.com/maps/reviews/data=!4m8!14m7!1m6!2m5!1sChZDSUhNMG9nS0VJQ0FnSUNPaW95WEN3EAE!2m1!1s0x0:0xc5f3c1d718367290!3m1!1s2@1:CIHM0ogKEICAgICOioyXCw%7C%7C?hl=ru,2026-09-07T23:54:49.463201+00:00,4.3,3226
Пропаганда,"Златоустинский Большой пер., 7, Москва, Россия, 101000",0x46b54a5ee3dfa457:0xc5f3c1d718367290,ChdDSUhNMG9nS0VJQ0FnSUNfdlp2VXBBRRAB,5.0,2025-01-18T11:55:26Z,2025-01-18T11:55:26Z,год назад,"Отличное заведение, качество еды хорошее!",True,Google,https://www.google.com/maps/reviews/data=!4m8!14m7!1m6!2m5!1sChdDSUhNMG9nS0VJQ0FnSUNfdlp2VXBBRRAB!2m1!1s0x0:0xc5f3c1d718367290!3m1!1s2@1:CIHM0ogKEICAgIC_vZvUpAE%7C%7C?hl=ru,2026-09-07T23:54:49.463235+00:00,4.3,3226
Пропаганда,"Златоустинский Большой пер., 7, Москва, Россия, 101000",0x46b54a5ee3dfa457:0xc5f3c1d718367290,ChZDSUhNMG9nS0VJQ0FnSUN2M3RiRk93EAE,5.0,2024-12-11T10:26:50Z,2024-12-11T10:26:50Z,год назад,"Очень хорошее заведение ,  еда очень вкусная , и цены даже очень приличные",True,Google,https://www.google.com/maps/reviews/data=!4m8!14m7!1m6!2m5!1sChZDSUhNMG9nS0VJQ0FnSUN2M3RiRk93EAE!2m1!1s0x0:0xc5f3c1d718367290!3m1!1s2@1:CIHM0ogKEICAgICv3tbFOw%7C%7C?hl=ru,2026-09-07T23:54:49.463266+00:00,4.3,3226
Пропаганда,"Златоустинский Большой пер., 7, Москва, Россия, 101000",0x46b54a5ee3dfa457:0xc5f3c1d718367290,ChZDSUhNMG9nS0VJQ0FnSUQzeGZpTkNnEAE,5.0,2024-11-16T22:33:35Z,2024-11-16T22:33:35Z,год назад,"Очень крутое заведение, вышка. Если хотите приятно провести время то вам сюда. ♥️♥️♥️",True,Google,https://www.google.com/maps/reviews/data=!4m8!14m7!1m6!2m5!1sChZDSUhNMG9nS0VJQ0FnSUQzeGZpTkNnEAE!2m1!1s0x0:0xc5f3c1d718367290!3m1!1s2@1:CIHM0ogKEICAgID3xfiNCg%7C%7C?hl=ru,2026-09-07T23:54:49.463296+00:00,4.3,3226
Пропаганда,"Златоустинский Большой пер., 7, Москва, Россия, 101000",0x46b54a5ee3dfa457:0xc5f3c1d718367290,ChZDSUhNMG9nS0VJQ0FnSURuN05uMFl3EAE,5.0,2024-10-04T00:52:39Z,2024-10-04T00:52:39Z,год назад,Great memories from summer 2018 WC football!,True,Google,https://www.google.com/maps/reviews/data=!4m8!14m7!1m6!2m5!1sChZDSUhNMG9nS0VJQ0FnSURuN05uMFl3EAE!2m1!1s0x0:0xc5f3c1d718367290!3m1!1s2@1:CIHM0ogKEICAgIDn7Nn0Yw%7C%7C?hl=ru,2026-09-07T23:54:49.463348+00:00,4.3,3226
Пропаганда,"Златоустинский Большой пер., 7, Москва, Россия, 101000",0x46b54a5ee3dfa457:0xc5f3c1d718367290,ChdDSUhNMG9nS0VJQ0FnSURuNlB5bXhBRRAB,5.0,2024-10-02T18:02:12Z,2024-10-02T18:02:12Z,год назад,This place is closed as of August 2024.,True,Google,https://www.google.com/maps/reviews/data=!4m8!14m7!1m6!2m5!1sChdDSUhNMG9nS0VJQ0FnSURuNlB5bXhBRRAB!2m1!1s0x0:0xc5f3c1d718367290!3m1!1s2@1:CIHM0ogKEICAgIDn6PymxAE%7C%7C?hl=ru,2026-09-07T23:54:49.463379+00:00,4.3,3226
Пропаганда,"Златоустинский Большой пер., 7, Москва, Россия, 101000",0x46b54a5ee3dfa457:0xc5f3c1d718367290,ChdDSUhNMG9nS0VJQ0FnSUNIdEllRnZRRRAB,4.0,2024-09-01T18:37:16Z,2024-09-01T18:37:16Z,2 года назад,Много пропоганды,True,Google,https://www.google.com/maps/reviews/data=!4m8!14m7!1m6!2m5!1sChdDSUhNMG9nS0VJQ0FnSUNIdEllRnZRRRAB!2m1!1s0x0:0xc5f3c1d718367290!3m1!1s2@1:CIHM0ogKEICAgICHtIeFvQE%7C%7C?hl=ru,2026-09-07T23:54:49.463406+00:00,4.3,3226
Пропаганда,"Златоустинский Большой пер., 7, Москва, Россия, 101000",0x46b54a5ee3dfa457:0xc5f3c1d718367290,ChdDSUhNMG9nS0VJQ0FnSUNiNmR5VjZ3RRAB,5.0,2024-07-28T19:48:49Z,2024-07-28T19:48:49Z,2 года назад,,False,Google,https://www.google.com/maps/reviews/data=!4m8!14m7!1m6!2m5!1sChdDSUhNMG9nS0VJQ0FnSUNiNmR5VjZ3RRAB!2m1!1s0x0:0xc5f3c1d718367290!3m1!1s2@1:CIHM0ogKEICAgICb6dyV6wE%7C%7C?hl=ru,2026-09-07T23:54:49.463434+00:00,4.3,3226
Пропаганда,"Златоустинский Большой пер., 7, Москва, Россия, 101000",0x46b54a5ee3dfa457:0xc5f3c1d718367290,ChZDSUhNMG9nS0VJQ0FnSUNiMXFXU09REAE,5.0,2024-07-26T21:32:06Z,2024-07-26T21:32:06Z,2 года назад,,False,Google,https://www.google.com/maps/reviews/data=!4m8!14m7!1m6!2m5!1sChZDSUhNMG9nS0VJQ0FnSUNiMXFXU09REAE!2m1!1s0x0:0xc5f3c1d718367290!3m1!1s2@1:CIHM0ogKEICAgICb1qWSOQ%7C%7C?hl=ru,2026-09-07T23:54:49.463461+00:00,4.3,3226
Пропаганда,"Златоустинский Большой пер., 7, Москва, Россия, 101000",0x46b54a5ee3dfa457:0xc5f3c1d718367290,ChdDSUhNMG9nS0VJQ0FnSUNBNEozd2hnRRAB,1.0,2018-07-18T20:28:27Z,2024-06-24T19:00:43Z,Изменено 2 года назад,"Беспонтовые! Приезжаешь отдохнуть,  потратить деньги, быдло на входе не пускает. Внимательней нужно быть и компетентных людей ставить на входе. Такими темпами скатитесь.",True,Google,https://www.google.com/maps/reviews/data=!4m8!14m7!1m6!2m5!1sChdDSUhNMG9nS0VJQ0FnSUNBNEozd2hnRRAB!2m1!1s0x0:0xc5f3c1d718367290!3m1!1s2@1:CIHM0ogKEICAgICA4J3whgE%7C%7C?hl=ru,2026-09-07T23:54:49.463489+00:00,4.3,3226
Пропаганда,"Златоустинский Большой пер., 7, Москва, Россия, 101000",0x46b54a5ee3dfa457:0xc5f3c1d718367290,ChdDSUhNMG9nS0VJQ0FnSUNMOU1YVDhRRRAB,5.0,2024-06-15T23:22:33Z,2024-06-15T23:22:33Z,2 года назад,Почему мы не видим крабового пива? Невозможно пить одно и то же 20 лет. Дайте новинок. Спасибо пожалуйста.,True,Google,https://www.google.com/maps/reviews/data=!4m8!14m7!1m6!2m5!1sChdDSUhNMG9nS0VJQ0FnSUNMOU1YVDhRRRAB!2m1!1s0x0:0xc5f3c1d718367290!3m1!1s2@1:CIHM0ogKEICAgICL9MXT8QE%7C%7C?hl=ru,2026-09-07T23:54:49.463520+00:00,4.3,3226
Пропаганда,"Златоустинский Большой пер., 7, Москва, Россия, 101000",0x46b54a5ee3dfa457:0xc5f3c1d718367290,ChZDSUhNMG9nS0VJQ0FnSUNVX0pmOFFREAE,5.0,2019-07-21T11:54:19Z,2024-06-12T14:53:09Z,Изменено 2 года назад,"For more than 20 years, «Propaganda» has remained one of the most charming place for eating in Moscow.  nice guests, nice waiters, tasty and inexpensive food, large portions, what could be better.",True,Google,https://www.google.com/maps/reviews/data=!4m8!14m7!1m6!2m5!1sChZDSUhNMG9nS0VJQ0FnSUNVX0pmOFFREAE!2m1!1s0x0:0xc5f3c1d718367290!3m1!1s2@1:CIHM0ogKEICAgICU_Jf8QQ%7C%7C?hl=ru,2026-09-07T23:54:49.463550+00:00,4.3,3226
Пропаганда,"Златоустинский Большой пер., 7, Москва, Россия, 101000",0x46b54a5ee3dfa457:0xc5f3c1d718367290,ChdDSUhNMG9nS0VJQ0FnSURqal9INDR3RRAB,1.0,2024-05-08T20:36:25Z,2024-05-08T20:36:25Z,2 года назад,"Прощай, Пропаганда. Более 20 лет посещала это место. И на ланч, и на ужин, и на кофе с десертом. От былого качества остались одни воспоминания. Спешили вечером в кафе в конце рабочего и предпраздничного дня. Боялись, что все столики были заняты. Моё удивление - свободный зал, куча свободных столиков, а я уже готовилась стоять в очереди, как это было раньше по вечерам, а потом, когда место освоболится, хостес еще скажет, чтобы больше двух часов не засиживались. Всегда шум, гам, заинтересованные официанты, которые работали годами и знали всех постоянных  посетителей. Теперь тишина. Главное, принесли мне блюдо, которое я регулярно заказываю на протяжении двух десятилетий, и оно оказалось не съедобным. Феттучини с вялеными томатами: лапшу не разворили (не надо мне рассказывать про аль денте, всегда нормально разваривали); маслина одна бедолага, разрезанная на четыре части; томаты вяленые не встретила; капля жидкого маскпрпоне; соус почти отсутствовал. При этом порция уменьшилась вдвое, а цена выросла. Одно разочарование. Молчу про борщ, который из той кастрюли, которая варится на ланч. Этот суп сложно испортить, но и он был пустым. Мы всё съели, не просили переделать. Больше не появимся. Видимо, лучше оставить хорошие воспоминания о еде моей юности. В конце ""ужина"" стало понятно, почему нет очереди. Незачем стремиться. Раньше Пропаганда хорошо кормила и умудрялась держать цены, но все это в прошлом. В той же ценовой категории можно найти предложение лучшего качества.",True,Google,https://www.google.com/maps/reviews/data=!4m8!14m7!1m6!2m5!1sChdDSUhNMG9nS0VJQ0FnSURqal9INDR3RRAB!2m1!1s0x0:0xc5f3c1d718367290!3m1!1s2@1:CIHM0ogKEICAgIDjj_H44wE%7C%7C?hl=ru,2026-09-07T23:54:50.168429+00:00,4.3,3226
Пропаганда,"Златоустинский Большой пер., 7, Москва, Россия, 101000",0x46b54a5ee3dfa457:0xc5f3c1d718367290,ChdDSUhNMG9nS0VJQ0FnSUQ5aF92VzRRRRAB,5.0,2024-03-21T18:42:21Z,2024-03-21T18:42:21Z,2 года назад,,False,Google,https://www.google.com/maps/reviews/data=!4m8!14m7!1m6!2m5!1sChdDSUhNMG9nS0VJQ0FnSUQ5aF92VzRRRRAB!2m1!1s0x0:0xc5f3c1d718367290!3m1!1s2@1:CIHM0ogKEICAgID9h_vW4QE%7C%7C?hl=ru,2026-09-07T23:54:50.168695+00:00,4.3,3226
Пропаганда,"Златоустинский Большой пер., 7, Москва, Россия, 101000",0x46b54a5ee3dfa457:0xc5f3c1d718367290,ChZDSUhNMG9nS0VJQ0FnSURabWRxbUZREAE,5.0,2023-10-04T05:45:56Z,2023-12-24T07:09:01Z,Изменено 2 года назад,"Пропаганда культовое место! В начале нулевых в пропаганде собиралась самая продвинутая молодежь и не молодежь. ""Пропа"" была обязательным местом для посещения англоговорящих гостей столицы. Сходить на ланч, а ночью радовать слух профессиональной работой диджея, электронными звуками техно. Через 23 года посетив клуб мы приятно удивились, что ""пропа"" держит хорошее качество.
Работа диджеев отличная, получили огромное удовольствие от музыки.
Бармены отличные ребята, оставляйте им бумажные чаевые и у вас обязательно будет самый вкусный коктейль в клубе, проверенный способ и везде это работает.
Чистота в туалетах - тут посетителям надо понаблюдать за собой, будьте аккуратны при посещении и  будет чисто, это проверенный способ, это работает ;).
Публика - приятно удивила, позитивная, общительная. Пьяных/в астрале нет, даже под закрытие. Все очень прилично.
Охрана на входе вежливая. При нас пускали всех.
Нам есть с чем сравнивать, потому что таких атмосферных клубов, с электронной музыкой осталось не много.
Рекомендую к посещению всем любителям электронной музыки. Конечно, любителям попс, будет непонятен формат. Для вас есть специальные, многочисленные клубы, с хорошо знакомыми вам хитами, которые звучат везде.
Пропаганда для тех, кто любит музыку без слов 💯 😁.
Работай ""Пропа""!!!",True,Google,https://www.google.com/maps/reviews/data=!4m8!14m7!1m6!2m5!1sChZDSUhNMG9nS0VJQ0FnSURabWRxbUZREAE!2m1!1s0x0:0xc5f3c1d718367290!3m1!1s2@1:CIHM0ogKEICAgIDZmdqmFQ%7C%7C?hl=ru,2026-09-07T23:54:50.168742+00:00,4.3,3226
Пропаганда,"Златоустинский Большой пер., 7, Москва, Россия, 101000",0x46b54a5ee3dfa457:0xc5f3c1d718367290,ChdDSUhNMG9nS0VJQ0FnSURaOFk2bmxnRRAB,2.0,2023-10-03T10:46:29Z,2023-10-03T10:46:29Z,2 года назад,"От Пропаганы остались одни воспоминания( Ходили много лет сюда на ланчи, последние года 3 официанты хамоватые, их мало, не заинтересованные в клиентах, обслуживание просто ужасное, по еде более-менее. Раньше в обед можно было даже не найти место, сейчас народу почти нет. Сейчас сидим 35 минут, только принесли напитки, и это ланч🤦‍♀️🤦‍♀️🤦‍♀️",True,Google,https://www.google.com/maps/reviews/data=!4m8!14m7!1m6!2m5!1sChdDSUhNMG9nS0VJQ0FnSURaOFk2bmxnRRAB!2m1!1s0x0:0xc5f3c1d718367290!3m1!1s2@1:CIHM0ogKEICAgIDZ8Y6nlgE%7C%7C?hl=ru,2026-09-07T23:54:50.168810+00:00,4.3,3226
Пропаганда,"Златоустинский Большой пер., 7, Москва, Россия, 101000",0x46b54a5ee3dfa457:0xc5f3c1d718367290,ChdDSUhNMG9nS0VJQ0FnSUNaNjZEM2d3RRAB,1.0,2023-09-18T12:41:59Z,2023-09-18T12:41:59Z,2 года назад,Крайне низкое качество еды. Все блюда заправлены очень жирными соусами после которых чувство тошноты сохраняется в течении суток.,True,Google,https://www.google.com/maps/reviews/data=!4m8!14m7!1m6!2m5!1sChdDSUhNMG9nS0VJQ0FnSUNaNjZEM2d3RRAB!2m1!1s0x0:0xc5f3c1d718367290!3m1!1s2@1:CIHM0ogKEICAgICZ66D3gwE%7C%7C?hl=ru,2026-09-07T23:54:50.168848+00:00,4.3,3226
Пропаганда,"Златоустинский Большой пер., 7, Москва, Россия, 101000",0x46b54a5ee3dfa457:0xc5f3c1d718367290,ChRDSUhNMG9nS0VJQ0FnSUNaeE9RNBAB,1.0,2023-09-04T11:05:12Z,2023-09-04T11:05:12Z,3 года назад,"Пришли сегодня на бизнес ланчи первый раз, зная о том что еда из основного меню вкусная , попросил меню ланча - официантка начала кидаться подстилками на стол и кричать что то очень нервное: « я вам его и принесла !!!»",True,Google,https://www.google.com/maps/reviews/data=!4m8!14m7!1m6!2m5!1sChRDSUhNMG9nS0VJQ0FnSUNaeE9RNBAB!2m1!1s0x0:0xc5f3c1d718367290!3m1!1s2@1:CIHM0ogKEICAgICZxOQ4%7C%7C?hl=ru,2026-09-07T23:54:50.168879+00:00,4.3,3226
Пропаганда,"Златоустинский Большой пер., 7, Москва, Россия, 101000",0x46b54a5ee3dfa457:0xc5f3c1d718367290,ChZDSUhNMG9nS0VJQ0FnSURwNjhfbVB3EAE,1.0,2023-08-29T15:03:53Z,2023-08-29T15:03:53Z,3 года назад,Робзи алкаш,True,Google,https://www.google.com/maps/reviews/data=!4m8!14m7!1m6!2m5!1sChZDSUhNMG9nS0VJQ0FnSURwNjhfbVB3EAE!2m1!1s0x0:0xc5f3c1d718367290!3m1!1s2@1:CIHM0ogKEICAgIDp68_mPw%7C%7C?hl=ru,2026-09-07T23:54:50.168911+00:00,4.3,3226
Пропаганда,"Златоустинский Большой пер., 7, Москва, Россия, 101000",0x46b54a5ee3dfa457:0xc5f3c1d718367290,ChdDSUhNMG9nS0VJQ0FnSUNKc2RTSTVBRRAB,4.0,2023-06-29T12:29:25Z,2023-08-18T08:50:08Z,Изменено 3 года назад,"Лет десять назад Пропаганда была любима и вкусна!
Сейчас ланч оказался самым не вкусным, просто ""килограмм"" еды...
Были поданы в качестве основного блюда треска под маринадом и овощи гриль... Это было очень не вкусно! Шеф, пробуй свои блюда, это важно!
И неплохо было бы обновить или реставрировать внутренний интерьер и мебель!
Возможно, вновь Пропаганда станет желанной...!",True,Google,https://www.google.com/maps/reviews/data=!4m8!14m7!1m6!2m5!1sChdDSUhNMG9nS0VJQ0FnSUNKc2RTSTVBRRAB!2m1!1s0x0:0xc5f3c1d718367290!3m1!1s2@1:CIHM0ogKEICAgICJsdSI5AE%7C%7C?hl=ru,2026-09-07T23:54:50.168937+00:00,4.3,3226
Пропаганда,"Златоустинский Большой пер., 7, Москва, Россия, 101000",0x46b54a5ee3dfa457:0xc5f3c1d718367290,ChdDSUhNMG9nS0VJQ0FnSUNwcjlDcDRRRRAB,1.0,2023-08-12T21:39:54Z,2023-08-12T21:39:54Z,3 года назад,"Отвратительное место. Мало того , что у нас попросили паспорт , когда клуб еще работал в режиме кафе, ну это отпустим. мы ждали нашу официантку 15 минут , чтобы заказать блюда , учитывая небольшую загруженность в зале. После заказа блюд она начала забирать все меню , на просьбу , чтобы она оставила одно меню , она его швырнула и ушла. Мы сразу же покинули данное заведение . Прошу руководство обратить на этот отзыв внимание и предпринять какие-то меры. Раньше вы били на уровне , сейчас это полный беспредел и неуважение к своим клиентам!",True,Google,https://www.google.com/maps/reviews/data=!4m8!14m7!1m6!2m5!1sChdDSUhNMG9nS0VJQ0FnSUNwcjlDcDRRRRAB!2m1!1s0x0:0xc5f3c1d718367290!3m1!1s2@1:CIHM0ogKEICAgICpr9Cp4QE%7C%7C?hl=ru,2026-09-07T23:54:50.168977+00:00,4.3,3226
Пропаганда,"Златоустинский Большой пер., 7, Москва, Россия, 101000",0x46b54a5ee3dfa457:0xc5f3c1d718367290,ChZDSUhNMG9nS0VJQ0FnSUNwdV8zTVpREAE,2.0,2023-08-11T08:24:59Z,2023-08-11T08:24:59Z,3 года назад,"переоцененное место, и наличку с собой носить не охота ради него",True,Google,https://www.google.com/maps/reviews/data=!4m8!14m7!1m6!2m5!1sChZDSUhNMG9nS0VJQ0FnSUNwdV8zTVpREAE!2m1!1s0x0:0xc5f3c1d718367290!3m1!1s2@1:CIHM0ogKEICAgICpu_3MZQ%7C%7C?hl=ru,2026-09-07T23:54:50.169032+00:00,4.3,3226
Пропаганда,"Златоустинский Большой пер., 7, Москва, Россия, 101000",0x46b54a5ee3dfa457:0xc5f3c1d718367290,ChZDSUhNMG9nS0VJQ0FnSUNwallyZFRnEAE,1.0,2023-08-08T06:24:23Z,2023-08-08T06:24:23Z,3 года назад,,False,Google,https://www.google.com/maps/reviews/data=!4m8!14m7!1m6!2m5!1sChZDSUhNMG9nS0VJQ0FnSUNwallyZFRnEAE!2m1!1s0x0:0xc5f3c1d718367290!3m1!1s2@1:CIHM0ogKEICAgICpjYrdTg%7C%7C?hl=ru,2026-09-07T23:54:50.169060+00:00,4.3,3226
Пропаганда,"Златоустинский Большой пер., 7, Москва, Россия, 101000",0x46b54a5ee3dfa457:0xc5f3c1d718367290,ChZDSUhNMG9nS0VJQ0FnSUNwdUt2a2V3EAE,4.0,2023-07-28T12:26:11Z,2023-07-28T12:26:11Z,3 года назад,Хорошее место) но дорого(,True,Google,https://www.google.com/maps/reviews/data=!4m8!14m7!1m6!2m5!1sChZDSUhNMG9nS0VJQ0FnSUNwdUt2a2V3EAE!2m1!1s0x0:0xc5f3c1d718367290!3m1!1s2@1:CIHM0ogKEICAgICpuKvkew%7C%7C?hl=ru,2026-09-07T23:54:50.169087+00:00,4.3,3226
Пропаганда,"Златоустинский Большой пер., 7, Москва, Россия, 101000",0x46b54a5ee3dfa457:0xc5f3c1d718367290,ChZDSUhNMG9nS0VJQ0FnSURKbmViZFZnEAE,3.0,2023-07-22T11:35:50Z,2023-07-23T10:14:36Z,3 года назад,Музыка хорошая..атмфосфера вроде тоже +- норм..но бесят бармены которые наливают чейсер не 50 миллилитров..а 40..400 рублей за пол рюмки я недолжен платить..а когда прийдет к ниму другой клиент или его хороший- знакомый он нальет ему как положенно!нах таких барменов!,True,Google,https://www.google.com/maps/reviews/data=!4m8!14m7!1m6!2m5!1sChZDSUhNMG9nS0VJQ0FnSURKbmViZFZnEAE!2m1!1s0x0:0xc5f3c1d718367290!3m1!1s2@1:CIHM0ogKEICAgIDJnebdVg%7C%7C?hl=ru,2026-09-07T23:54:50.169112+00:00,4.3,3226
Пропаганда,"Златоустинский Большой пер., 7, Москва, Россия, 101000",0x46b54a5ee3dfa457:0xc5f3c1d718367290,ChdDSUhNMG9nS0VJQ0FnSURKcUpqY3ZnRRAB,1.0,2023-07-09T23:48:51Z,2023-07-09T23:48:51Z,3 года назад,"Отношения хостес не понравилось абсолютно, десерт тоже не вкусный) второй раз не пойду.",True,Google,https://www.google.com/maps/reviews/data=!4m8!14m7!1m6!2m5!1sChdDSUhNMG9nS0VJQ0FnSURKcUpqY3ZnRRAB!2m1!1s0x0:0xc5f3c1d718367290!3m1!1s2@1:CIHM0ogKEICAgIDJqJjcvgE%7C%7C?hl=ru,2026-09-07T23:54:50.169144+00:00,4.3,3226
Пропаганда,"Златоустинский Большой пер., 7, Москва, Россия, 101000",0x46b54a5ee3dfa457:0xc5f3c1d718367290,ChdDSUhNMG9nS0VJQ0FnSUNKMzV5UXBnRRAB,5.0,2023-07-08T02:09:43Z,2023-07-08T02:09:43Z,3 года назад,"Крутое место, музыка хорошая, НЕ ДУШНО, советую",True,Google,https://www.google.com/maps/reviews/data=!4m8!14m7!1m6!2m5!1sChdDSUhNMG9nS0VJQ0FnSUNKMzV5UXBnRRAB!2m1!1s0x0:0xc5f3c1d718367290!3m1!1s2@1:CIHM0ogKEICAgICJ35yQpgE%7C%7C?hl=ru,2026-09-07T23:54:50.169172+00:00,4.3,3226
Пропаганда,"Златоустинский Большой пер., 7, Москва, Россия, 101000",0x46b54a5ee3dfa457:0xc5f3c1d718367290,ChdDSUhNMG9nS0VJQ0FnSUNKX09LRzdnRRAB,1.0,2023-06-23T07:03:44Z,2023-06-23T07:03:44Z,3 года назад,Чмоні,True,Google,https://www.google.com/maps/reviews/data=!4m8!14m7!1m6!2m5!1sChdDSUhNMG9nS0VJQ0FnSUNKX09LRzdnRRAB!2m1!1s0x0:0xc5f3c1d718367290!3m1!1s2@1:CIHM0ogKEICAgICJ_OKG7gE%7C%7C?hl=ru,2026-09-07T23:54:50.169201+00:00,4.3,3226
Пропаганда,"Златоустинский Большой пер., 7, Москва, Россия, 101000",0x46b54a5ee3dfa457:0xc5f3c1d718367290,ChdDSUhNMG9nS0VJQ0FnSUN4eFlTSjdnRRAB,1.0,2023-05-21T22:25:05Z,2023-05-21T22:25:05Z,3 года назад,"Охранник на входе не пропустил, причём абсолютно без причины. Был прилично одет и вежлив, русский язык для меня родной.

Очень жаль, так как немного клубов с хорошей электронной музыкой в Мск.

Очевидно сюда не вернусь, но рекомендую администрации обратить внимание на работу вышибал. Расизм и произвол в 21 веке, иначе не назвать.",True,Google,https://www.google.com/maps/reviews/data=!4m8!14m7!1m6!2m5!1sChdDSUhNMG9nS0VJQ0FnSUN4eFlTSjdnRRAB!2m1!1s0x0:0xc5f3c1d718367290!3m1!1s2@1:CIHM0ogKEICAgICxxYSJ7gE%7C%7C?hl=ru,2026-09-07T23:54:50.169228+00:00,4.3,3226
Пропаганда,"Златоустинский Большой пер., 7, Москва, Россия, 101000",0x46b54a5ee3dfa457:0xc5f3c1d718367290,ChdDSUhNMG9nS0VJQ0FnSURSLVpTWjRBRRAB,1.0,2023-04-29T09:41:01Z,2023-04-29T09:41:01Z,3 года назад,,False,Google,https://www.google.com/maps/reviews/data=!4m8!14m7!1m6!2m5!1sChdDSUhNMG9nS0VJQ0FnSURSLVpTWjRBRRAB!2m1!1s0x0:0xc5f3c1d718367290!3m1!1s2@1:CIHM0ogKEICAgIDR-ZSZ4AE%7C%7C?hl=ru,2026-09-07T23:54:50.169263+00:00,4.3,3226
Пропаганда,"Златоустинский Большой пер., 7, Москва, Россия, 101000",0x46b54a5ee3dfa457:0xc5f3c1d718367290,ChZDSUhNMG9nS0VJQ0FnSUNSMV9tRllBEAE,5.0,2023-04-12T19:23:45Z,2023-04-12T19:23:45Z,3 года назад,"Супер вкусные ланчи, вежливый позитивный персонал и приятные цены, хочется чтобы таких мест было побольше!",True,Google,https://www.google.com/maps/reviews/data=!4m8!14m7!1m6!2m5!1sChZDSUhNMG9nS0VJQ0FnSUNSMV9tRllBEAE!2m1!1s0x0:0xc5f3c1d718367290!3m1!1s2@1:CIHM0ogKEICAgICR1_mFYA%7C%7C?hl=ru,2026-09-07T23:54:50.169290+00:00,4.3,3226
Пропаганда,"Златоустинский Большой пер., 7, Москва, Россия, 101000",0x46b54a5ee3dfa457:0xc5f3c1d718367290,ChZDSUhNMG9nS0VJQ0FnSUNXd2ZpckRBEAE,1.0,2022-02-28T19:04:27Z,2022-02-28T19:04:27Z,4 года назад,Росіяни заберіть своїх солдатів!!!!!!! ВОНИ ВБИВАЮТЬ МИРНЕ НАСЕЛЕННЯ!,True,Google,https://www.google.com/maps/reviews/data=!4m8!14m7!1m6!2m5!1sChZDSUhNMG9nS0VJQ0FnSUNXd2ZpckRBEAE!2m1!1s0x0:0xc5f3c1d718367290!3m1!1s2@1:CIHM0ogKEICAgICWwfirDA%7C%7C?hl=ru,2026-09-07T23:54:50.169318+00:00,4.3,3226
Пропаганда,"Златоустинский Большой пер., 7, Москва, Россия, 101000",0x46b54a5ee3dfa457:0xc5f3c1d718367290,ChZDSUhNMG9nS0VJQ0FnSUNXOHNlT1lREAE,4.0,2022-02-23T03:22:31Z,2022-02-23T03:22:31Z,4 года назад,,False,Google,https://www.google.com/maps/reviews/data=!4m8!14m7!1m6!2m5!1sChZDSUhNMG9nS0VJQ0FnSUNXOHNlT1lREAE!2m1!1s0x0:0xc5f3c1d718367290!3m1!1s2@1:CIHM0ogKEICAgICW8seOYQ%7C%7C?hl=ru,2026-09-07T23:54:52.862762+00:00,4.3,3226
Пропаганда,"Златоустинский Большой пер., 7, Москва, Россия, 101000",0x46b54a5ee3dfa457:0xc5f3c1d718367290,ChdDSUhNMG9nS0VJQ0FnSUNXOHBpWjh3RRAB,5.0,2022-02-22T21:56:19Z,2022-02-22T21:56:23Z,4 года назад,,False,Google,https://www.google.com/maps/reviews/data=!4m8!14m7!1m6!2m5!1sChdDSUhNMG9nS0VJQ0FnSUNXOHBpWjh3RRAB!2m1!1s0x0:0xc5f3c1d718367290!3m1!1s2@1:CIHM0ogKEICAgICW8piZ8wE%7C%7C?hl=ru,2026-09-07T23:54:52.862899+00:00,4.3,3226
Пропаганда,"Златоустинский Большой пер., 7, Москва, Россия, 101000",0x46b54a5ee3dfa457:0xc5f3c1d718367290,ChZDSUhNMG9nS0VJQ0FnSUNXMUxfRkpREAE,5.0,2022-02-19T01:40:04Z,2022-02-19T01:40:04Z,4 года назад,,False,Google,https://www.google.com/maps/reviews/data=!4m8!14m7!1m6!2m5!1sChZDSUhNMG9nS0VJQ0FnSUNXMUxfRkpREAE!2m1!1s0x0:0xc5f3c1d718367290!3m1!1s2@1:CIHM0ogKEICAgICW1L_FJQ%7C%7C?hl=ru,2026-09-07T23:54:52.862935+00:00,4.3,3226
Пропаганда,"Златоустинский Большой пер., 7, Москва, Россия, 101000",0x46b54a5ee3dfa457:0xc5f3c1d718367290,ChZDSUhNMG9nS0VJQ0FnSUNXLU43aEpnEAE,5.0,2022-02-17T19:19:54Z,2022-02-17T19:19:54Z,4 года назад,"Музыка хорошая, охрана везде и следят за порядком.",True,Google,https://www.google.com/maps/reviews/data=!4m8!14m7!1m6!2m5!1sChZDSUhNMG9nS0VJQ0FnSUNXLU43aEpnEAE!2m1!1s0x0:0xc5f3c1d718367290!3m1!1s2@1:CIHM0ogKEICAgICW-N7hJg%7C%7C?hl=ru,2026-09-07T23:54:52.862963+00:00,4.3,3226
Пропаганда,"Златоустинский Большой пер., 7, Москва, Россия, 101000",0x46b54a5ee3dfa457:0xc5f3c1d718367290,ChdDSUhNMG9nS0VJQ0FnSURTNDRlQXJ3RRAB,5.0,2021-01-07T16:32:40Z,2022-02-17T05:11:35Z,Изменено 4 года назад,"В это кафе ходим много лет .. вкусно, бюджетно, атмосферно по мне тут лучший цезарь.",True,Google,https://www.google.com/maps/reviews/data=!4m8!14m7!1m6!2m5!1sChdDSUhNMG9nS0VJQ0FnSURTNDRlQXJ3RRAB!2m1!1s0x0:0xc5f3c1d718367290!3m1!1s2@1:CIHM0ogKEICAgIDS44eArwE%7C%7C?hl=ru,2026-09-07T23:54:52.862992+00:00,4.3,3226
Пропаганда,"Златоустинский Большой пер., 7, Москва, Россия, 101000",0x46b54a5ee3dfa457:0xc5f3c1d718367290,ChZDSUhNMG9nS0VJQ0FnSUNXZ0x1SGJREAE,5.0,2022-02-14T16:04:48Z,2022-02-14T16:04:48Z,4 года назад,Хорошее место вкусная кухня вежливый персонал. Рекомендую,True,Google,https://www.google.com/maps/reviews/data=!4m8!14m7!1m6!2m5!1sChZDSUhNMG9nS0VJQ0FnSUNXZ0x1SGJREAE!2m1!1s0x0:0xc5f3c1d718367290!3m1!1s2@1:CIHM0ogKEICAgICWgLuHbQ%7C%7C?hl=ru,2026-09-07T23:54:52.863026+00:00,4.3,3226
Пропаганда,"Златоустинский Большой пер., 7, Москва, Россия, 101000",0x46b54a5ee3dfa457:0xc5f3c1d718367290,ChZDSUhNMG9nS0VJQ0FnSURtOTR1cFh3EAE,5.0,2022-02-12T16:46:14Z,2022-02-12T16:46:14Z,4 года назад,,False,Google,https://www.google.com/maps/reviews/data=!4m8!14m7!1m6!2m5!1sChZDSUhNMG9nS0VJQ0FnSURtOTR1cFh3EAE!2m1!1s0x0:0xc5f3c1d718367290!3m1!1s2@1:CIHM0ogKEICAgIDm94upXw%7C%7C?hl=ru,2026-09-07T23:54:52.863055+00:00,4.3,3226
Пропаганда,"Златоустинский Большой пер., 7, Москва, Россия, 101000",0x46b54a5ee3dfa457:0xc5f3c1d718367290,ChZDSUhNMG9nS0VJQ0FnSURtOTR1V2RBEAE,5.0,2022-02-12T16:45:48Z,2022-02-12T16:45:48Z,4 года назад,,False,Google,https://www.google.com/maps/reviews/data=!4m8!14m7!1m6!2m5!1sChZDSUhNMG9nS0VJQ0FnSURtOTR1V2RBEAE!2m1!1s0x0:0xc5f3c1d718367290!3m1!1s2@1:CIHM0ogKEICAgIDm94uWdA%7C%7C?hl=ru,2026-09-07T23:54:52.863083+00:00,4.3,3226
Пропаганда,"Златоустинский Большой пер., 7, Москва, Россия, 101000",0x46b54a5ee3dfa457:0xc5f3c1d718367290,ChdDSUhNMG9nS0VJQ0FnSURtdDRlOXBBRRAB,3.0,2022-02-12T12:34:10Z,2022-02-12T12:34:10Z,4 года назад,"La música y el sitio en general no están mal pero los puertas yo creo que son racistas. Al principio no nos dejaron entrar (quizá porque no hablábamos buen ruso) y al insistir un poco me preguntaron de qué país era. Les dije que España y me dejaron entrar, pero a unos chicos que parecían árabes no.",True,Google,https://www.google.com/maps/reviews/data=!4m8!14m7!1m6!2m5!1sChdDSUhNMG9nS0VJQ0FnSURtdDRlOXBBRRAB!2m1!1s0x0:0xc5f3c1d718367290!3m1!1s2@1:CIHM0ogKEICAgIDmt4e9pAE%7C%7C?hl=ru,2026-09-07T23:54:52.863109+00:00,4.3,3226
Пропаганда,"Златоустинский Большой пер., 7, Москва, Россия, 101000",0x46b54a5ee3dfa457:0xc5f3c1d718367290,ChZDSUhNMG9nS0VJQ0FnSURtMTZlRFpREAE,5.0,2022-02-12T06:52:45Z,2022-02-12T06:52:45Z,4 года назад,,False,Google,https://www.google.com/maps/reviews/data=!4m8!14m7!1m6!2m5!1sChZDSUhNMG9nS0VJQ0FnSURtMTZlRFpREAE!2m1!1s0x0:0xc5f3c1d718367290!3m1!1s2@1:CIHM0ogKEICAgIDm16eDZQ%7C%7C?hl=ru,2026-09-07T23:54:52.863139+00:00,4.3,3226
Пропаганда,"Златоустинский Большой пер., 7, Москва, Россия, 101000",0x46b54a5ee3dfa457:0xc5f3c1d718367290,ChZDSUhNMG9nS0VJQ0FnSURtbDllUFlnEAE,5.0,2022-02-11T23:37:32Z,2022-02-11T23:37:33Z,4 года назад,,False,Google,https://www.google.com/maps/reviews/data=!4m8!14m7!1m6!2m5!1sChZDSUhNMG9nS0VJQ0FnSURtbDllUFlnEAE!2m1!1s0x0:0xc5f3c1d718367290!3m1!1s2@1:CIHM0ogKEICAgIDml9ePYg%7C%7C?hl=ru,2026-09-07T23:54:52.863161+00:00,4.3,3226
Пропаганда,"Златоустинский Большой пер., 7, Москва, Россия, 101000",0x46b54a5ee3dfa457:0xc5f3c1d718367290,ChdDSUhNMG9nS0VJQ0FnSURtLTl6YzhnRRAB,5.0,2022-02-10T17:34:25Z,2022-02-10T17:34:25Z,4 года назад,,False,Google,https://www.google.com/maps/reviews/data=!4m8!14m7!1m6!2m5!1sChdDSUhNMG9nS0VJQ0FnSURtLTl6YzhnRRAB!2m1!1s0x0:0xc5f3c1d718367290!3m1!1s2@1:CIHM0ogKEICAgIDm-9zc8gE%7C%7C?hl=ru,2026-09-07T23:54:52.863186+00:00,4.3,3226
Пропаганда,"Златоустинский Большой пер., 7, Москва, Россия, 101000",0x46b54a5ee3dfa457:0xc5f3c1d718367290,ChZDSUhNMG9nS0VJQ0FnSUNtLWZhVUd3EAE,5.0,2022-01-03T13:00:09Z,2022-02-10T13:47:54Z,Изменено 4 года назад,"Настоящая легенда столицы. Старейший клуб с 1996 года!! (Столько не живут). Очень вкусная еда и демократические цены. В районе полуночи начинается ночная дискотека - каждый день.)) Ух сколько ночей тут было проведено и сколько интересных знакомств! Эх, было время ))",True,Google,https://www.google.com/maps/reviews/data=!4m8!14m7!1m6!2m5!1sChZDSUhNMG9nS0VJQ0FnSUNtLWZhVUd3EAE!2m1!1s0x0:0xc5f3c1d718367290!3m1!1s2@1:CIHM0ogKEICAgICm-faUGw%7C%7C?hl=ru,2026-09-07T23:54:52.863210+00:00,4.3,3226
Пропаганда,"Златоустинский Большой пер., 7, Москва, Россия, 101000",0x46b54a5ee3dfa457:0xc5f3c1d718367290,ChdDSUhNMG9nS0VJQ0FnSURtMC1IX21RRRAB,1.0,2022-02-08T14:05:10Z,2022-02-08T14:05:10Z,4 года назад,"Серьезно проигрывает всем Московским барам, у которых наглухо не запилены двери железными ставнями",True,Google,https://www.google.com/maps/reviews/data=!4m8!14m7!1m6!2m5!1sChdDSUhNMG9nS0VJQ0FnSURtMC1IX21RRRAB!2m1!1s0x0:0xc5f3c1d718367290!3m1!1s2@1:CIHM0ogKEICAgIDm0-H_mQE%7C%7C?hl=ru,2026-09-07T23:54:52.863245+00:00,4.3,3226
Пропаганда,"Златоустинский Большой пер., 7, Москва, Россия, 101000",0x46b54a5ee3dfa457:0xc5f3c1d718367290,ChdDSUhNMG9nS0VJQ0FnSURtbzV1amd3RRAB,1.0,2022-02-07T21:52:21Z,2022-02-07T21:52:21Z,4 года назад,"Праздновали день рождения! В 23.59 охранник встал над душой, по просьбе уйти и не смотреть, как мы допиваем последний бокал, он начал грубить и сказал, что это его работа. По итогу нам не дали забрать заранее оплаченный торт за 2400, ужасно испортилось место (говорю, как гость от 2014 года)",True,Google,https://www.google.com/maps/reviews/data=!4m8!14m7!1m6!2m5!1sChdDSUhNMG9nS0VJQ0FnSURtbzV1amd3RRAB!2m1!1s0x0:0xc5f3c1d718367290!3m1!1s2@1:CIHM0ogKEICAgIDmo5ujgwE%7C%7C?hl=ru,2026-09-07T23:54:52.863270+00:00,4.3,3226
Пропаганда,"Златоустинский Большой пер., 7, Москва, Россия, 101000",0x46b54a5ee3dfa457:0xc5f3c1d718367290,ChdDSUhNMG9nS0VJQ0FnSURtX2JhNF9nRRAB,5.0,2022-02-07T03:59:41Z,2022-02-07T03:59:41Z,4 года назад,"Спасибо, сотрудникам, барменам посетителям, а главное команде ди-джеев!
Давно так не отрывался и не тряс своими костями. Весь вспотел, но остался усталым и очень довольным .
Ещё раз огромное Спасибо Ди-джеям   пятницы 3.02.22 , Ууххх!))",True,Google,https://www.google.com/maps/reviews/data=!4m8!14m7!1m6!2m5!1sChdDSUhNMG9nS0VJQ0FnSURtX2JhNF9nRRAB!2m1!1s0x0:0xc5f3c1d718367290!3m1!1s2@1:CIHM0ogKEICAgIDm_ba4_gE%7C%7C?hl=ru,2026-09-07T23:54:52.863313+00:00,4.3,3226
Пропаганда,"Златоустинский Большой пер., 7, Москва, Россия, 101000",0x46b54a5ee3dfa457:0xc5f3c1d718367290,ChZDSUhNMG9nS0VJQ0FnSURtdmZlM0x3EAE,4.0,2022-02-07T00:17:24Z,2022-02-07T00:17:24Z,4 года назад,,False,Google,https://www.google.com/maps/reviews/data=!4m8!14m7!1m6!2m5!1sChZDSUhNMG9nS0VJQ0FnSURtdmZlM0x3EAE!2m1!1s0x0:0xc5f3c1d718367290!3m1!1s2@1:CIHM0ogKEICAgIDmvfe3Lw%7C%7C?hl=ru,2026-09-07T23:54:52.863342+00:00,4.3,3226
Пропаганда,"Златоустинский Большой пер., 7, Москва, Россия, 101000",0x46b54a5ee3dfa457:0xc5f3c1d718367290,ChZDSUhNMG9nS0VJQ0FnSURtbmFhTVlnEAE,5.0,2022-02-06T10:19:21Z,2022-02-06T10:19:21Z,4 года назад,,False,Google,https://www.google.com/maps/reviews/data=!4m8!14m7!1m6!2m5!1sChZDSUhNMG9nS0VJQ0FnSURtbmFhTVlnEAE!2m1!1s0x0:0xc5f3c1d718367290!3m1!1s2@1:CIHM0ogKEICAgIDmnaaMYg%7C%7C?hl=ru,2026-09-07T23:54:52.863364+00:00,4.3,3226
Пропаганда,"Златоустинский Большой пер., 7, Москва, Россия, 101000",0x46b54a5ee3dfa457:0xc5f3c1d718367290,ChdDSUhNMG9nS0VJQ0FnSUN3Nk1lRW5RRRAB,5.0,2017-07-12T10:38:52Z,2022-02-05T10:33:40Z,Изменено 4 года назад,"Ваще збс местечко. И клуб ночью норм. И с утра сегодня был. На баре живые цветы. На столах свечка и веточки еловые. Свечи по-умолчанию не зажигают. Но если попросить, зажгут. Это сразу +10 к уюту, поэтому обязательно просите) Стабильно вкусно что бы не взял.",True,Google,https://www.google.com/maps/reviews/data=!4m8!14m7!1m6!2m5!1sChdDSUhNMG9nS0VJQ0FnSUN3Nk1lRW5RRRAB!2m1!1s0x0:0xc5f3c1d718367290!3m1!1s2@1:CIHM0ogKEICAgICw6MeEnQE%7C%7C?hl=ru,2026-09-07T23:54:52.863385+00:00,4.3,3226
Пропаганда,"Златоустинский Большой пер., 7, Москва, Россия, 101000",0x46b54a5ee3dfa457:0xc5f3c1d718367290,ChZDSUhNMG9nS0VJQ0FnSURremF5WGJREAE,5.0,2019-07-03T21:44:58Z,2022-02-04T02:43:20Z,Изменено 4 года назад,Счастье!,True,Google,https://www.google.com/maps/reviews/data=!4m8!14m7!1m6!2m5!1sChZDSUhNMG9nS0VJQ0FnSURremF5WGJREAE!2m1!1s0x0:0xc5f3c1d718367290!3m1!1s2@1:CIHM0ogKEICAgIDkzayXbQ%7C%7C?hl=ru,2026-09-07T23:54:52.863415+00:00,4.3,3226
