club,review_id,rating,text,review_url,club_rating,club_reviews_total,date,text_length,pred_вход_фейсконтроль_охрана,pred_музыка_звук,pred_персонал_сервис,pred_бар_еда,pred_помещение_комфорт,pred_цены_финвопросы,pred_платный_вход,pred_безопасность_кражи,pred_контингент,pred_прочее
Izi Moscow,Ci9DQUlRQUNvZENodHljRjlvT2xwWlJWcEJlSEZuU1c5blEwZG5SemhNT0VWT1MxRRAB,5,"ништяк место, можно потусить",https://www.google.com/maps/reviews/data=!4m8!14m7!1m6!2m5!1sCi9DQUlRQUNvZENodHljRjlvT2xwWlJWcEJlSEZuU1c5blEwZG5SemhNT0VWT1MxRRAB!2m1!1s0x0:0xebbe3cfded529447!3m1!1s2@1:CAIQACodChtycF9oOlpZRVpBeHFnSW9nQ0dnRzhMOEVOS1E%7C%7C?hl=ru,3.4,84,2026-07-25 21:02:18+00:00,28,0,0,0,0,0,0,0,0,0,0
Izi Moscow,Ci9DQUlRQUNvZENodHljRjlvT2pCUWRUaGpkbVIyU0ZOMFdHZEZVbWxoYW5KRE5HYxAB,5,Крутой движ,https://www.google.com/maps/reviews/data=!4m8!14m7!1m6!2m5!1sCi9DQUlRQUNvZENodHljRjlvT2pCUWRUaGpkbVIyU0ZOMFdHZEZVbWxoYW5KRE5HYxAB!2m1!1s0x0:0xebbe3cfded529447!3m1!1s2@1:CAIQACodChtycF9oOjBQdThjdmR2SFN0WGdFUmlhanJDNGc%7C%7C?hl=ru,3.4,84,2026-07-17 22:24:34+00:00,11,0,0,0,0,0,0,0,0,0,0
Izi Moscow,Ci9DQUlRQUNvZENodHljRjlvT25sSGFIVktRa1EzVWs1YWIySXRaemxEYjFOV1VFRRAB,5,Изи кайф!!!,https://www.google.com/maps/reviews/data=!4m8!14m7!1m6!2m5!1sCi9DQUlRQUNvZENodHljRjlvT25sSGFIVktRa1EzVWs1YWIySXRaemxEYjFOV1VFRRAB!2m1!1s0x0:0xebbe3cfded529447!3m1!1s2@1:CAIQACodChtycF9oOnlHaHVKQkQ3Uk5ab2ItZzlDb1NWUEE%7C%7C?hl=ru,3.4,84,2026-07-17 22:23:24+00:00,11,0,0,0,0,0,0,0,0,0,0
Izi Moscow,Ci9DQUlRQUNvZENodHljRjlvT25WZmMwOXBiMHhOU0VnM1EzQlFWbVZWY1VaYVpWRRAB,5,"Одним словом, Клуб огонь",https://www.google.com/maps/reviews/data=!4m8!14m7!1m6!2m5!1sCi9DQUlRQUNvZENodHljRjlvT25WZmMwOXBiMHhOU0VnM1EzQlFWbVZWY1VaYVpWRRAB!2m1!1s0x0:0xebbe3cfded529447!3m1!1s2@1:CAIQACodChtycF9oOnVfc09pb0xNSEg3Q3BQVmVVcUZaZVE%7C%7C?hl=ru,3.4,84,2026-04-25 20:48:46+00:00,24,0,0,0,0,0,0,0,0,0,0
Izi Moscow,Ci9DQUlRQUNvZENodHljRjlvT2xaTGFqQmtiV2wwUzFoTVNUaG5UMlJwYm5wQ1dtYxAB,5,"все очень круто, одно из немногих мест в Мск, где тебе комфортно и безопасно провести вечер",https://www.google.com/maps/reviews/data=!4m8!14m7!1m6!2m5!1sCi9DQUlRQUNvZENodHljRjlvT2xaTGFqQmtiV2wwUzFoTVNUaG5UMlJwYm5wQ1dtYxAB!2m1!1s0x0:0xebbe3cfded529447!3m1!1s2@1:CAIQACodChtycF9oOlZLajBkbWl0S1hMSThnT2RpbnpCWmc%7C%7C?hl=ru,3.4,84,2026-04-17 16:52:33+00:00,91,0,0,0,0,0,0,0,0,0,0
Izi Moscow,Ci9DQUlRQUNvZENodHljRjlvT2pSWVdYSlBUSGhUYlVGa1NYbGFlazlyZEhsaU1FRRAB,5,хороший клуб для посещений отдохнуть,https://www.google.com/maps/reviews/data=!4m8!14m7!1m6!2m5!1sCi9DQUlRQUNvZENodHljRjlvT2pSWVdYSlBUSGhUYlVGa1NYbGFlazlyZEhsaU1FRRAB!2m1!1s0x0:0xebbe3cfded529447!3m1!1s2@1:CAIQACodChtycF9oOjRYWXJPTHhTbUFkSXlaek9rdHliMEE%7C%7C?hl=ru,3.4,84,2026-04-17 11:17:52+00:00,36,0,0,0,0,0,0,0,0,0,0
Izi Moscow,Ci9DQUlRQUNvZENodHljRjlvT2sxVlYyRXRWalYwWlhkbmJsOXdNV05zZFhadU4yYxAB,5,Все круто,https://www.google.com/maps/reviews/data=!4m8!14m7!1m6!2m5!1sCi9DQUlRQUNvZENodHljRjlvT2sxVlYyRXRWalYwWlhkbmJsOXdNV05zZFhadU4yYxAB!2m1!1s0x0:0xebbe3cfded529447!3m1!1s2@1:CAIQACodChtycF9oOk1VV2EtVjV0ZXdnbl9wMWNsdXZuN2c%7C%7C?hl=ru,3.4,84,2026-03-07 21:07:04+00:00,9,0,0,0,0,0,0,0,0,0,0
Izi Moscow,Ci9DQUlRQUNvZENodHljRjlvT25CVE9GVkNkazVIUjJoTldUSkZZazlzUm04MFlVRRAB,5,Очень хорошие место буду еще не один раз,https://www.google.com/maps/reviews/data=!4m8!14m7!1m6!2m5!1sCi9DQUlRQUNvZENodHljRjlvT25CVE9GVkNkazVIUjJoTldUSkZZazlzUm04MFlVRRAB!2m1!1s0x0:0xebbe3cfded529447!3m1!1s2@1:CAIQACodChtycF9oOnBTOFVCdk5HR2hNWTJFYk9sRm80YUE%7C%7C?hl=ru,3.4,84,2026-02-22 22:58:27+00:00,40,0,0,0,0,0,0,0,0,0,0
Izi Moscow,Ci9DQUlRQUNvZENodHljRjlvT2poaFpVbDNia3RHVEVWUmFVcG1ZMlEzZFVweU9IYxAB,1,"ужасное по качеству и сервису место.  сказали есть ли снюс, сказал нет, когда к  этому начали приставать? очень медленно работают",https://www.google.com/maps/reviews/data=!4m8!14m7!1m6!2m5!1sCi9DQUlRQUNvZENodHljRjlvT2poaFpVbDNia3RHVEVWUmFVcG1ZMlEzZFVweU9IYxAB!2m1!1s0x0:0xebbe3cfded529447!3m1!1s2@1:CAIQACodChtycF9oOjhhZUl3bktGTEVRaUpmY2Q3dUpyOHc%7C%7C?hl=ru,3.4,84,2026-02-22 09:50:49+00:00,129,0,0,1,0,0,0,0,0,0,0
Izi Moscow,Ci9DQUlRQUNvZENodHljRjlvT25walgzTkRSbkJSYTAweldqSkdTV05hTmpSR1dVRRAB,5,все четко,https://www.google.com/maps/reviews/data=!4m8!14m7!1m6!2m5!1sCi9DQUlRQUNvZENodHljRjlvT25walgzTkRSbkJSYTAweldqSkdTV05hTmpSR1dVRRAB!2m1!1s0x0:0xebbe3cfded529447!3m1!1s2@1:CAIQACodChtycF9oOnpjX3NDRnBRa00zWjJGSWNaNjRGWUE%7C%7C?hl=ru,3.4,84,2026-02-18 19:37:21+00:00,9,0,0,0,0,0,0,0,0,0,0
Izi Moscow,Ci9DQUlRQUNvZENodHljRjlvT2xSMWF6UTBWVVYyVG1wMlVWSlZXVXc1YlZjNVlsRRAB,5,Клуб очень нравится! Атмосферная музыка! Приятный персонал и хорошие охранники! Из улучшений хотелось побольше мест для сидений,https://www.google.com/maps/reviews/data=!4m8!14m7!1m6!2m5!1sCi9DQUlRQUNvZENodHljRjlvT2xSMWF6UTBWVVYyVG1wMlVWSlZXVXc1YlZjNVlsRRAB!2m1!1s0x0:0xebbe3cfded529447!3m1!1s2@1:CAIQACodChtycF9oOlR1azQ0VUV2Tmp2UVJVWUw5bVc5YlE%7C%7C?hl=ru,3.4,84,2026-02-14 22:45:59+00:00,127,0,0,0,0,1,0,0,0,0,0
Izi Moscow,Ci9DQUlRQUNvZENodHljRjlvT21GUFFuWjFkamRRV1V4NFJtcFBaMXBvUVROaGRIYxAB,5,"Была несколько раз, все понравилось. Вкусная еда, движёвая атмосфера, ребята охрана- красавчики!",https://www.google.com/maps/reviews/data=!4m8!14m7!1m6!2m5!1sCi9DQUlRQUNvZENodHljRjlvT21GUFFuWjFkamRRV1V4NFJtcFBaMXBvUVROaGRIYxAB!2m1!1s0x0:0xebbe3cfded529447!3m1!1s2@1:CAIQACodChtycF9oOmFPQnZ1djdQWUx4RmpPZ1poQTNhdHc%7C%7C?hl=ru,3.4,84,2025-12-20 20:43:52+00:00,96,0,0,0,0,0,0,0,0,0,0
Izi Moscow,Ci9DQUlRQUNvZENodHljRjlvT2s1R05HNTVTWEo2VWpkelVrdEZiR1Y0YzNBMmFYYxAB,1,Не впустили потому что я панк,https://www.google.com/maps/reviews/data=!4m8!14m7!1m6!2m5!1sCi9DQUlRQUNvZENodHljRjlvT2s1R05HNTVTWEo2VWpkelVrdEZiR1Y0YzNBMmFYYxAB!2m1!1s0x0:0xebbe3cfded529447!3m1!1s2@1:CAIQACodChtycF9oOk5GNG55SXJ6UjdzUktFbGV4c3A2aXc%7C%7C?hl=ru,3.4,84,2025-12-13 22:44:29+00:00,29,1,0,0,0,0,0,0,0,0,0
Izi Moscow,Ci9DQUlRQUNvZENodHljRjlvT21OSWQxbzFMVVUwV0dwVU5HMTViV0ZxTTJSaWIzYxAB,3,"Все отлично,бывает сомнительный континент",https://www.google.com/maps/reviews/data=!4m8!14m7!1m6!2m5!1sCi9DQUlRQUNvZENodHljRjlvT21OSWQxbzFMVVUwV0dwVU5HMTViV0ZxTTJSaWIzYxAB!2m1!1s0x0:0xebbe3cfded529447!3m1!1s2@1:CAIQACodChtycF9oOmNId1o1LUU0WGpUNG15bWFqM2Rib3c%7C%7C?hl=ru,3.4,84,2025-11-24 07:54:40+00:00,41,0,0,0,0,0,0,0,0,1,0
Izi Moscow,Ci9DQUlRQUNvZENodHljRjlvT2t4S1lXeFpSMGRxT1hkWlpYTnBhM3B1UTBsMFQwRRAB,5,Ваще кайф:),https://www.google.com/maps/reviews/data=!4m8!14m7!1m6!2m5!1sCi9DQUlRQUNvZENodHljRjlvT2t4S1lXeFpSMGRxT1hkWlpYTnBhM3B1UTBsMFQwRRAB!2m1!1s0x0:0xebbe3cfded529447!3m1!1s2@1:CAIQACodChtycF9oOkxKYWxZR0dqOXdZZXNpa3puQ0l0T0E%7C%7C?hl=ru,3.4,84,2025-11-14 20:15:43+00:00,11,0,0,0,0,0,0,0,0,0,0
Izi Moscow,Ci9DQUlRQUNvZENodHljRjlvT201dlRGcDVNbUl6YzJSdmVVczRlVlE0WTNoalRGRRAB,5,Все класс. Особенно тусовки по пятницам,https://www.google.com/maps/reviews/data=!4m8!14m7!1m6!2m5!1sCi9DQUlRQUNvZENodHljRjlvT201dlRGcDVNbUl6YzJSdmVVczRlVlE0WTNoalRGRRAB!2m1!1s0x0:0xebbe3cfded529447!3m1!1s2@1:CAIQACodChtycF9oOm5vTFp5MmIzc2RveUs4eVQ4Y3hjTFE%7C%7C?hl=ru,3.4,84,2025-11-01 17:25:14+00:00,39,0,0,0,0,0,0,0,0,0,0
Izi Moscow,Ci9DQUlRQUNvZENodHljRjlvT2pOVVMwbGZSVWQxYkhZMlNHdFhSVzVRWDFjNFdsRRAB,1,Полный отстой,https://www.google.com/maps/reviews/data=!4m8!14m7!1m6!2m5!1sCi9DQUlRQUNvZENodHljRjlvT2pOVVMwbGZSVWQxYkhZMlNHdFhSVzVRWDFjNFdsRRAB!2m1!1s0x0:0xebbe3cfded529447!3m1!1s2@1:CAIQACodChtycF9oOjNUS0lfRUd1bHY2SGtXRW5QX1c4WlE%7C%7C?hl=ru,3.4,84,2025-10-04 20:37:33+00:00,13,0,0,0,0,0,0,0,0,0,0
Izi Moscow,Ci9DQUlRQUNvZENodHljRjlvT25keU5raEhhekJNV0dNMVJXZDRZVkJOYjFkVVEyYxAB,1,"Всегда впускали, пришёл с другом не впустили. Хотя были трезвые и адекватные.  Алкоголь тут паль, было очень плохо после него.",https://www.google.com/maps/reviews/data=!4m8!14m7!1m6!2m5!1sCi9DQUlRQUNvZENodHljRjlvT25keU5raEhhekJNV0dNMVJXZDRZVkJOYjFkVVEyYxAB!2m1!1s0x0:0xebbe3cfded529447!3m1!1s2@1:CAIQACodChtycF9oOndyNkhHazBMWGM1RWd4YVBNb1dUQ2c%7C%7C?hl=ru,3.4,84,2025-08-30 00:13:14+00:00,126,1,0,0,1,0,0,0,0,0,0
Izi Moscow,ChdDSUhNMG9nS0VQU1B3Y2ZSenN2NnV3RRAB,5,"Мне понравилось, очень атмосферное место",https://www.google.com/maps/reviews/data=!4m8!14m7!1m6!2m5!1sChdDSUhNMG9nS0VQU1B3Y2ZSenN2NnV3RRAB!2m1!1s0x0:0xebbe3cfded529447!3m1!1s2@1:CIHM0ogKEPSPwcfRzsv6uwE%7C%7C?hl=ru,3.4,84,2025-06-07 13:30:09+00:00,40,0,0,0,0,0,0,0,0,0,0
Izi Moscow,ChZDSUhNMG9nS0VQS2R3YjJncEwyOWRREAE,5,"Дарьепрепеемиююююю. ДАРЬЕ ПРЕМИЮ ДАЙТЕ ПРЕМИЮ, ЕСЛИ НЕ ДАДИТЕ НЕ ПРИДУ БОЛЬШЕ. ПРЕМИЮ ДАРЬЕ!!!!!!!!!!!!!!!!!!!!!",https://www.google.com/maps/reviews/data=!4m8!14m7!1m6!2m5!1sChZDSUhNMG9nS0VQS2R3YjJncEwyOWRREAE!2m1!1s0x0:0xebbe3cfded529447!3m1!1s2@1:CIHM0ogKEPKdwb2gpL29dQ%7C%7C?hl=ru,3.4,84,2025-06-01 01:12:08+00:00,112,0,0,0,0,0,0,0,0,0,0
Izi Moscow,ChdDSUhNMG9nS0VJQ0FnTURJdTk3SGhBRRAB,1,"Имел опыт посетить данное заведение,помимо того что максимально грязно,в клубе не продумана система туалетов ,он общий к нему еще и очереди по 15 минут, в заведении внутри курят сигареты ,какие-то малолетки блюют ,дуют шары , также еще ,если тебе порвали браслет с тебя вздымают 500р и не отдают шмотки пока ты не заплатишь, стоишь на баре ,куришь электронную сигарету ,на что тебе бармен спокойно может сказать грубым образом ,чтобы ты не курил или тебя выкинут от сюда,при чем рядом прошел человек,который курил сигарету и вонял на весь клуб,в общем абсолютно не клиентоориентированная обрыгаловка , к посещению не рекомендую,есть много клубов куда можно сходить и где не будет такого деревенского пафоса , если хотите прийти,обожраться паленым алкоголем и потом шлефануть малолетними девочкам ,это место для вас,но если вы адекватный человек,вам там не понравится",https://www.google.com/maps/reviews/data=!4m8!14m7!1m6!2m5!1sChdDSUhNMG9nS0VJQ0FnTURJdTk3SGhBRRAB!2m1!1s0x0:0xebbe3cfded529447!3m1!1s2@1:CIHM0ogKEICAgMDIu97HhAE%7C%7C?hl=ru,3.4,84,2025-04-13 09:08:30+00:00,866,0,0,1,1,1,1,0,0,1,0
Izi Moscow,ChdDSUhNMG9nS0VJQ0FnTURJNU1lbzZnRRAB,1,"Планировали большой юбилей, забронировали стол за месяц, внесли предоплату. Приехали праздновать — и нас не пустили! На входе охранники сослались на фейсконтроль, но никаких внятных объяснений не предоставили. Мы были одеты в деловом стиле, никакого спорта, все прилично и соответствовало требованиям заведения. Охрана отказалась от каких-либо комментариев. Попросила вызвать менеджера, комментарий был аналогичный😂 «политика клуба имеет право отказать в проходе без обоснования причины». Предоплату, к слову, вернули, но это никак не компенсирует испорченный праздник и унижение перед гостями. Более того, я  услышала разговор охранников о ""трех бородатых мужчинах"". Среди нас были только славяне, и этот комментарий наводит на мысли о дискриминации по внешним признакам. Впечатление отвратительное. Категорически не рекомендую это заведение – рискуете столкнуться с непонятными ""правилами"" фейсконтроля и испортить себе торжество. Клуб IZI — место, где клиентов не уважают и портят им праздники без всяких на то оснований!",https://www.google.com/maps/reviews/data=!4m8!14m7!1m6!2m5!1sChdDSUhNMG9nS0VJQ0FnTURJNU1lbzZnRRAB!2m1!1s0x0:0xebbe3cfded529447!3m1!1s2@1:CIHM0ogKEICAgMDI5Meo6gE%7C%7C?hl=ru,3.4,84,2025-04-07 10:24:33+00:00,1024,1,0,0,0,0,0,0,0,0,1
Izi Moscow,ChdDSUhNMG9nS0VJQ0FnTUNRMksteW5nRRAB,1,"Музыка вообще ни о чём. Какие-то биты и иностранные сопровождения. Пришли с компанией, двоих просто развернули и не хотели пускать ни чем не объясняя. Ребятам пришлось ехать назад на другой конец Москвы",https://www.google.com/maps/reviews/data=!4m8!14m7!1m6!2m5!1sChdDSUhNMG9nS0VJQ0FnTUNRMksteW5nRRAB!2m1!1s0x0:0xebbe3cfded529447!3m1!1s2@1:CIHM0ogKEICAgMCQ2K-yngE%7C%7C?hl=ru,3.4,84,2025-03-01 20:10:16+00:00,202,1,1,0,0,0,0,0,0,0,0
Izi Moscow,ChdDSUhNMG9nS0VJQ0FnSUR2eGFPYXpRRRAB,1,"Очень холодно, дверь всегда открыта входная зимой, а на самом танцполе душно... Куча молодежи 18 лет. Еда нормальная.",https://www.google.com/maps/reviews/data=!4m8!14m7!1m6!2m5!1sChdDSUhNMG9nS0VJQ0FnSUR2eGFPYXpRRRAB!2m1!1s0x0:0xebbe3cfded529447!3m1!1s2@1:CIHM0ogKEICAgIDvxaOazQE%7C%7C?hl=ru,3.4,84,2024-12-22 07:58:20+00:00,117,0,0,0,0,1,0,0,0,1,0
Izi Moscow,ChdDSUhNMG9nS0VJQ0FnSURQNlpmUndRRRAB,5,"Я сюда ещё точно вернусь потому что тут был лютый вайб «проект Х» я не знаю пхпхпх Дикий движ, все на суете, танцуют веселятся, девчонки трясут чем надо, бармены мешают вкуснятину (и цены кстати вкуснота), так что рекомендую однозначно",https://www.google.com/maps/reviews/data=!4m8!14m7!1m6!2m5!1sChdDSUhNMG9nS0VJQ0FnSURQNlpmUndRRRAB!2m1!1s0x0:0xebbe3cfded529447!3m1!1s2@1:CIHM0ogKEICAgIDP6ZfRwQE%7C%7C?hl=ru,3.4,84,2024-12-03 18:26:35+00:00,235,0,0,0,0,0,0,0,0,0,0
Izi Moscow,ChZDSUhNMG9nS0VJQ0FnSUNQbGV1ZUFnEAE,5,"Диджей теперь мой краш. Чисто вытащил из меня внутренности, перемешал и вставил обратно. Я в жизни так долго не танцевала без перерыва, ноги до сих пор болят.
Была здесь пару дней назад",https://www.google.com/maps/reviews/data=!4m8!14m7!1m6!2m5!1sChZDSUhNMG9nS0VJQ0FnSUNQbGV1ZUFnEAE!2m1!1s0x0:0xebbe3cfded529447!3m1!1s2@1:CIHM0ogKEICAgICPleueAg%7C%7C?hl=ru,3.4,84,2024-11-26 14:35:13+00:00,185,0,0,0,0,0,0,0,0,0,0
Izi Moscow,ChZDSUhNMG9nS0VJQ0FnSUNQNG82alJnEAE,1,Не дали допеть одну песню артисту. Что за неуважение?! Просто все выключили. Не шли на контакт.,https://www.google.com/maps/reviews/data=!4m8!14m7!1m6!2m5!1sChZDSUhNMG9nS0VJQ0FnSUNQNG82alJnEAE!2m1!1s0x0:0xebbe3cfded529447!3m1!1s2@1:CIHM0ogKEICAgICP4o6jRg%7C%7C?hl=ru,3.4,84,2024-11-22 19:11:42+00:00,95,0,0,1,0,0,0,0,0,0,1
Izi Moscow,ChZDSUhNMG9nS0VJQ0FnSUMzbGJLa1ZBEAE,5,"Заходили своей тусовкой, все понравилось. Коктейли не разочаровали, атмосфера огонь. Музыка новая для меня, но ребята денсили жестко, вернусь еще распробовать!",https://www.google.com/maps/reviews/data=!4m8!14m7!1m6!2m5!1sChZDSUhNMG9nS0VJQ0FnSUMzbGJLa1ZBEAE!2m1!1s0x0:0xebbe3cfded529447!3m1!1s2@1:CIHM0ogKEICAgIC3lbKkVA%7C%7C?hl=ru,3.4,84,2024-11-07 15:50:42+00:00,159,0,0,0,0,0,0,0,0,0,0
Izi Moscow,ChZDSUhNMG9nS0VJQ0FnSUMzOHBMd0xnEAE,5,"Мне очень зашел клуб, классный танцпол, музыка, а шары вообще что-то с чем-то. Единственное не понравилось это малое количество мест чтобы посидеть. А так крутое место",https://www.google.com/maps/reviews/data=!4m8!14m7!1m6!2m5!1sChZDSUhNMG9nS0VJQ0FnSUMzOHBMd0xnEAE!2m1!1s0x0:0xebbe3cfded529447!3m1!1s2@1:CIHM0ogKEICAgIC38pLwLg%7C%7C?hl=ru,3.4,84,2024-11-04 12:03:53+00:00,167,0,0,0,0,1,0,0,0,0,0
Izi Moscow,ChdDSUhNMG9nS0VJQ0FnSURYbF9UYmxBRRAB,5,"Несколько раз посещала клуб и хочу поделиться своим опытом.
Что касается самого клуба, то он оставил только положительные впечатления. Музыка была на высоте — диджей отлично подбирал треки, и танцевать было одно удовольствие. Освещение, звуковая система - все супер! Коктейли и другие напитки были вкусными, а обслуживание — быстрым и вежливым. Я также заметила, что клуб активно проводит различные тематические вечеринки, что делает его интересным для разных категорий гостей.
Также, с самого начала меня приятно удивила дружелюбная атмосфера, которую создавали промоутеры. Они были очень приветливыми и отзывчивыми, что сразу настроило на позитивный лад. Хочу отметить, что они профессионально подходили к своему делу: не навязывали свои услуги, но в то же время были готовы ответить на все вопросы. Это создало ощущение, что они действительно заботятся о комфортном времяпрепровождении гостей клуба.
Отдельно хочу выразить благодарность Вадиму и Дане. Первый раз, как я пришла в клуб, они встретили меня с улыбкой и предложили помощь. Даня рассказал о всех акциях и мероприятиях, которые планируются в ближайшее время. Создалось ощущение, что я попала в теплую атмосферу, что очень приятно.
Вадим также впечатлил своей профессиональностью. Его энтузиазм и знание о клубе сделали моё времяпрепровождение гораздо более насыщенным.
В целом, все мои посещения в клуб были очень удачными. Работа промоутеров, атмосфера, музыка и обслуживание — все это делало мои вечера потрясающими.",https://www.google.com/maps/reviews/data=!4m8!14m7!1m6!2m5!1sChdDSUhNMG9nS0VJQ0FnSURYbF9UYmxBRRAB!2m1!1s0x0:0xebbe3cfded529447!3m1!1s2@1:CIHM0ogKEICAgIDXl_TblAE%7C%7C?hl=ru,3.4,84,2024-10-31 20:09:36+00:00,1481,0,0,0,0,0,0,0,0,0,0
Izi Moscow,ChZDSUhNMG9nS0VJQ0FnSURYeDhpNU1REAE,5,"Вчера провели вечер в клубе, чистый кайф! Музыка качает так, невозможно устоять. Заказали несколько коктейлей — они были крепкими то что надо! Фейсеры красавцы- в прямом смысле 😉! Приду еще!",https://www.google.com/maps/reviews/data=!4m8!14m7!1m6!2m5!1sChZDSUhNMG9nS0VJQ0FnSURYeDhpNU1REAE!2m1!1s0x0:0xebbe3cfded529447!3m1!1s2@1:CIHM0ogKEICAgIDXx8i5MQ%7C%7C?hl=ru,3.4,84,2024-10-31 15:11:46+00:00,190,0,0,0,0,0,0,0,0,0,0
Izi Moscow,ChZDSUhNMG9nS0VJQ0FnSURYdzhuRWV3EAE,5,"Мой любимый клуб, тут всегда горячие тусовки, приятные люди, вкусная и крепкая выпивка. Я особенно люблю тут лонг айленд 🍹 Он бомбезный просто вкусный (и мощный). Изи в сердечке 💔",https://www.google.com/maps/reviews/data=!4m8!14m7!1m6!2m5!1sChZDSUhNMG9nS0VJQ0FnSURYdzhuRWV3EAE!2m1!1s0x0:0xebbe3cfded529447!3m1!1s2@1:CIHM0ogKEICAgIDXw8nEew%7C%7C?hl=ru,3.4,84,2024-10-30 16:00:20+00:00,179,0,0,0,0,0,0,0,0,0,0
Izi Moscow,ChdDSUhNMG9nS0VJQ0FnSURYNk55cDFnRRAB,5,"Замечательный клуб, захожу не в первый раз. Выбор радует, я в шоке что клубе не только бухать,но и покушать вкусно можно. Музыка классная, я орала во все горло. Мне все понравилось в общем",https://www.google.com/maps/reviews/data=!4m8!14m7!1m6!2m5!1sChdDSUhNMG9nS0VJQ0FnSURYNk55cDFnRRAB!2m1!1s0x0:0xebbe3cfded529447!3m1!1s2@1:CIHM0ogKEICAgIDX6Nyp1gE%7C%7C?hl=ru,3.4,84,2024-10-23 16:04:57+00:00,188,0,0,0,0,0,0,0,0,0,0
Izi Moscow,ChdDSUhNMG9nS0VJQ0FnSUM3N19qM3V3RRAB,3,"Вообщем окей, но охране советую не подглядывать в дверные проёмы в туалете, как-то не культурно(как какать-то). Ещё купите им рации с наушниками, советую мотороллу. Напитки тоже окей. Правда как и везде твоё оставленое пойло без присмотра может оказаться у любого типа уже в животе. Прайс на куфшин жуткий. Говорить про шарики не стану, сами знаете, пока кто-то у вас не откинется, вы на это внимание обращать не будете. Внутри клуба душно, кондик работает только над барами. Девушки на подтанцовке класс. Музыка понравилась. Стоит того или нет, решайте сами",https://www.google.com/maps/reviews/data=!4m8!14m7!1m6!2m5!1sChdDSUhNMG9nS0VJQ0FnSUM3N19qM3V3RRAB!2m1!1s0x0:0xebbe3cfded529447!3m1!1s2@1:CIHM0ogKEICAgIC77_j3uwE%7C%7C?hl=ru,3.4,84,2024-08-19 11:51:41+00:00,558,0,0,1,0,1,1,0,1,0,1
Izi Moscow,ChdDSUhNMG9nS0VJQ0FnSURidlBpaXdRRRAB,1,"Приехали компанией друзей(5 человек)
Троих пропустили, нас оставили, друзья были одеты по дресс коду так же как мы, делали qr на проход заранее (на 2 дня раньше события), в итоге на фейсе просто забили и развернули, не объяснив ничего, даже банк показал, где видно что деньги есть😂, одеты были хорошо, не пошло, не как бомжы, документы с собой, ничего не спросили и развернули, охрана хамит, не отвечает на вопросы, на входе входят 16-ти летние просто за 2т.р, а сов.летних не пускают 😂 вообщем,не советую",https://www.google.com/maps/reviews/data=!4m8!14m7!1m6!2m5!1sChdDSUhNMG9nS0VJQ0FnSURidlBpaXdRRRAB!2m1!1s0x0:0xebbe3cfded529447!3m1!1s2@1:CIHM0ogKEICAgIDbvPiiwQE%7C%7C?hl=ru,3.4,84,2024-08-03 04:18:40+00:00,505,1,0,0,0,0,0,0,0,0,0
Izi Moscow,ChZDSUhNMG9nS0VJQ0FnSUN6dEpla0RBEAE,5,"Очень странно читать комментарии ""не понравилось""пойло ""охрана и тд.
Вы пришли в клуб или куда?
Бармены лучшие 💜💜💜",https://www.google.com/maps/reviews/data=!4m8!14m7!1m6!2m5!1sChZDSUhNMG9nS0VJQ0FnSUN6dEpla0RBEAE!2m1!1s0x0:0xebbe3cfded529447!3m1!1s2@1:CIHM0ogKEICAgICztJekDA%7C%7C?hl=ru,3.4,84,2024-05-31 08:26:10+00:00,114,0,0,0,0,0,0,0,0,0,0
Izi Moscow,ChdDSUhNMG9nS0VJQ0FnSUNUMFpPLXV3RRAB,1,"Цены бешеные, охрана просто в наглую роеться в сумке, вытряхивая буквально всё, за такие деньги можно дома и развлечься веселее",https://www.google.com/maps/reviews/data=!4m8!14m7!1m6!2m5!1sChdDSUhNMG9nS0VJQ0FnSUNUMFpPLXV3RRAB!2m1!1s0x0:0xebbe3cfded529447!3m1!1s2@1:CIHM0ogKEICAgICT0ZO-uwE%7C%7C?hl=ru,3.4,84,2024-05-16 01:21:04+00:00,127,1,0,0,0,0,1,0,0,0,0
Izi Moscow,ChdDSUhNMG9nS0VJQ0FnSUNOdXZxWjdBRRAB,1,"Долго собиралась в этот клуб, сделали себе проходку по qr коду, в итоге фейсер решил не пускать, причин для отказа не назвал, сказал лишь такое решение, хотя сами были трезвые и в хорошей одежде (не кавказцы)

Для прохода после отказа требуют 2000 рублей за вход и якобы ты становишься подходящим для этого места
Ищите другое место для отдыха",https://www.google.com/maps/reviews/data=!4m8!14m7!1m6!2m5!1sChdDSUhNMG9nS0VJQ0FnSUNOdXZxWjdBRRAB!2m1!1s0x0:0xebbe3cfded529447!3m1!1s2@1:CIHM0ogKEICAgICNuvqZ7AE%7C%7C?hl=ru,3.4,84,2024-01-13 21:44:11+00:00,342,1,0,0,0,0,1,1,0,0,0
Izi Moscow,ChZDSUhNMG9nS0VJQ0FnSUM5eS16M0FnEAE,1,"это самое ужасное место в котором я только находился,закройте или хотяб хоть раз администраторы находитесь на мероприятиях,одно расстройство,надеюсь вас закроют….",https://www.google.com/maps/reviews/data=!4m8!14m7!1m6!2m5!1sChZDSUhNMG9nS0VJQ0FnSUM5eS16M0FnEAE!2m1!1s0x0:0xebbe3cfded529447!3m1!1s2@1:CIHM0ogKEICAgIC9y-z3Ag%7C%7C?hl=ru,3.4,84,2024-03-09 19:20:55+00:00,162,0,0,1,0,0,0,0,0,0,1
Izi Moscow,ChZDSUhNMG9nS0VJQ0FnSUM5N1BDelBBEAE,1,"просто ужас, совершенно не понравилось",https://www.google.com/maps/reviews/data=!4m8!14m7!1m6!2m5!1sChZDSUhNMG9nS0VJQ0FnSUM5N1BDelBBEAE!2m1!1s0x0:0xebbe3cfded529447!3m1!1s2@1:CIHM0ogKEICAgIC97PCzPA%7C%7C?hl=ru,3.4,84,2024-03-03 21:48:17+00:00,38,0,0,0,0,0,0,0,0,0,0
Izi Moscow,ChZDSUhNMG9nS0VJQ0FnSUNkME02N1NREAE,1,"В ночь с 10 на 11.02.24 была дичайшая толпа у раздевалок, кто-то падал в обморок, стояли за куртками в жуткой давке час плюс отвратная музыка, чудом ушли из этого ада",https://www.google.com/maps/reviews/data=!4m8!14m7!1m6!2m5!1sChZDSUhNMG9nS0VJQ0FnSUNkME02N1NREAE!2m1!1s0x0:0xebbe3cfded529447!3m1!1s2@1:CIHM0ogKEICAgICd0M67SQ%7C%7C?hl=ru,3.4,84,2024-02-10 01:27:55+00:00,166,0,1,0,0,1,0,0,0,0,0
Izi Moscow,ChdDSUhNMG9nS0VJQ0FnSUNOOGVuWDZnRRAB,1,"Пришли в клуб. Сразу бросилась очередь которую пропускали неохотно. Абсолютно хамская охрана. Слов нет. Пришёл с женой и её сестрой. Контингент в основном студенты. Мне 38 жене 35 её сестре 36. Когда заходили жена случайно наступила на ногу охраннику. Он как только её не обозвал. Я конечно вступился. Были абсолютно трезвые. На что мне охранник сказал "" Сейчас всех троих выведем и объясним кто вы есть на самом деле. Особенно мне. "" Молодёжь дует воздушные шары с какой то дрянью. Как обдолбается их выкидывают на мороз и пофиг что с ними будет. Коктейли делают отвратно. Прям в графины наливают контрафактное пойло.
В общем напоминает колхозный сарай с огоньками. Но особенно охрана. Им надо колхозы охранять раз ведут себя как быдло.
Не советую никому.",https://www.google.com/maps/reviews/data=!4m8!14m7!1m6!2m5!1sChdDSUhNMG9nS0VJQ0FnSUNOOGVuWDZnRRAB!2m1!1s0x0:0xebbe3cfded529447!3m1!1s2@1:CIHM0ogKEICAgICN8enX6gE%7C%7C?hl=ru,3.4,84,2024-01-15 14:17:19+00:00,756,1,0,0,1,1,0,0,1,1,0
Izi Moscow,ChdDSUhNMG9nS0VJQ0FnSUNOdXFyaDRnRRAB,1,"Вроде бы бар среднего класса в центре Москвы,но что охрана,что сервис напыщенного мнения о себе и своей роли в этом мире.Общение с трезвыми людьми,Которые компанией пришли отдохнуть как с бомжами с вокзала
А за такое отношение гнуть такте цены я считаю перебором
Отвратительное заведение,заслуженная единица",https://www.google.com/maps/reviews/data=!4m8!14m7!1m6!2m5!1sChdDSUhNMG9nS0VJQ0FnSUNOdXFyaDRnRRAB!2m1!1s0x0:0xebbe3cfded529447!3m1!1s2@1:CIHM0ogKEICAgICNuqrh4gE%7C%7C?hl=ru,3.4,84,2024-01-13 21:41:54+00:00,307,1,0,1,0,0,1,0,0,0,0
Izi Moscow,ChZDSUhNMG9nS0VJQ0FnSUNsM2VTY0dBEAE,1,"Казалось бы, небольшой клуб в центре Москвы. Неплохой дизайн, который вроде как должен создавать уют, но, не спешите обманываться. В этом клубе вам не рады. Ни охранники, ни люди в гардеробе, ни уборщицы с забавными надписями на футболках «делай грязь, я уберу» (тут моё почтение за сарказм) заслуженно. После бала карета начинает превращаться в тыкву. Ты неудобен буквально всем. Уборщицы начинают на тебя орать, что ты мешаешь мыть пол пока стоишь огромную очередь в гардероб. Грозные охранники в масках начинают выгонять всех из клуба. На выходе образуется огромная очередь потому, что в гардеробе ребята не очень то и торопятся отдавать одежду. На каждом шагу тебе все кричат «быстрее, быстрее, быстрее!». Добравшись до гардероба думаю, ладно, раз быстрее, выйду на улицу надеть куртку, чтобы не создавать толкучку, заодно подожду компанию свою, которая вот-вот выйдет следом… не тут то было, стоило выйти и отойти в сторону от тропинки, ко мне подлетает ещё один охранник с фразой «вон там одевайся». Причем, я даже куртку не успел надеть. То есть, как я и говорил, мешаешь ты всем и везде) Вежливо отвечаю, что надену куртку и отойду, жду компанию, они следом выходят. Вежливость тут не в почете, мне тут же заявляют «ты че не понял?! Там одевайся! Тут нельзя». Ты ж мой хороший грозный мужчинка, пугать своим видом можешь школьников и студентов, которые боятся слово сказать такому злому дядьке. А вот со взрослыми людьми так самоутверждаться не получится. Но спасибо, поднял настроение своей «крутостью». Забавно, что когда происходит действительно конфликтная ситуация, охраны нет рядом и приходится звать их в микрофон на весь зал. Но, это другое, вы не понимаете. Зато маски, амуниция, не забалуешь. Посмотрел я на дядьку с раздутыми от злости ноздрями, улыбнулся, подождал компанию и пошел спокойно домой. Уважаемый (нет) персонал, ваша задача создавать комфорт и безопасность, а не обращаться с людьми, как со стадом овец.

А все это «быстрее» обусловлено чем? Правильно. В клубе сразу после концерта еще одно мероприятие и нужно как можно скорее освободить зал. Вот только персонал напрочь забывает о всех рамках приличия и вежливости. Отдохнул? Проваливай. Поэтому, заслуженная единица.",https://www.google.com/maps/reviews/data=!4m8!14m7!1m6!2m5!1sChZDSUhNMG9nS0VJQ0FnSUNsM2VTY0dBEAE!2m1!1s0x0:0xebbe3cfded529447!3m1!1s2@1:CIHM0ogKEICAgICl3eScGA%7C%7C?hl=ru,3.4,84,2023-11-24 22:13:58+00:00,2201,0,0,1,0,1,0,0,0,0,1
Izi Moscow,ChdDSUhNMG9nS0VJQ0FnSUNGNmZ5aHFBRRAB,1,"Отвратительное место! Не советую!
Отстояла 1,5 часа в очереди! Персонал очень грубый и отношение к посетителям максимально пренебрежительное!
Битком забитый  зал, вследствие чего я получила травму! В общем, впечатление на вечер и на предстоящий месяц-отвратильное! Советую тысячу раз подумать, прежде чем туда поехать!!!",https://www.google.com/maps/reviews/data=!4m8!14m7!1m6!2m5!1sChdDSUhNMG9nS0VJQ0FnSUNGNmZ5aHFBRRAB!2m1!1s0x0:0xebbe3cfded529447!3m1!1s2@1:CIHM0ogKEICAgICF6fyhqAE%7C%7C?hl=ru,3.4,84,2023-10-29 01:52:03+00:00,320,0,0,1,0,1,0,0,0,0,0
Izi Moscow,ChdDSUhNMG9nS0VJQ0FnSUNGNmFMTXN3RRAB,1,"Были на Хэллоуин, из положительного только музыка, в остальном - ужас. Помещение было переполнено людьми на максимум и ещё больше, толкучка ужасная, до раздевалки 3 метра стояли 50 минут в ужасной скотобойне будто. В общем, как минимум, на крупные мероприятия никому не советую",https://www.google.com/maps/reviews/data=!4m8!14m7!1m6!2m5!1sChdDSUhNMG9nS0VJQ0FnSUNGNmFMTXN3RRAB!2m1!1s0x0:0xebbe3cfded529447!3m1!1s2@1:CIHM0ogKEICAgICF6aLMswE%7C%7C?hl=ru,3.4,84,2023-10-29 01:56:49+00:00,277,0,0,0,0,1,0,0,0,0,0
Izi Moscow,ChZDSUhNMG9nS0VJQ0FnSUNac0tlX1N3EAE,5,"Очень приятная атмосфера
Хожу с друзьями каждые выходные , доступные цены , большой танцпол и классная музыка",https://www.google.com/maps/reviews/data=!4m8!14m7!1m6!2m5!1sChZDSUhNMG9nS0VJQ0FnSUNac0tlX1N3EAE!2m1!1s0x0:0xebbe3cfded529447!3m1!1s2@1:CIHM0ogKEICAgICZsKe_Sw%7C%7C?hl=ru,3.4,84,2023-09-02 18:00:31+00:00,109,0,0,0,0,0,0,0,0,0,0
Izi Moscow,ChdDSUhNMG9nS0VJQ0FnSUNwOFkyejBBRRAB,5,"Клуб огонь,персонал топ, для того что бы отдохнуть только сюда,",https://www.google.com/maps/reviews/data=!4m8!14m7!1m6!2m5!1sChdDSUhNMG9nS0VJQ0FnSUNwOFkyejBBRRAB!2m1!1s0x0:0xebbe3cfded529447!3m1!1s2@1:CIHM0ogKEICAgICp8Y2z0AE%7C%7C?hl=ru,3.4,84,2023-08-05 20:50:54+00:00,63,0,0,0,0,0,0,0,0,0,0
Rodina Moskva,Ci9DQUlRQUNvZENodHljRjlvT25KVlYybGFXbVV4YWxSNWRVUk5OalphY1hsRlFrRRAB,1,"Face control mad man , we was booking table and already paid and he didn’t approve us, so we waste our time and money . Very bad experience, I don’t advise that place",https://www.google.com/maps/reviews/data=!4m8!14m7!1m6!2m5!1sCi9DQUlRQUNvZENodHljRjlvT25KVlYybGFXbVV4YWxSNWRVUk5OalphY1hsRlFrRRAB!2m1!1s0x0:0xebba9a3a484d72bf!3m1!1s2@1:CAIQACodChtycF9oOnJVV2laWmUxalR5dURNNjZacXlFQkE%7C%7C?hl=ru,4.6,45,2026-07-04 02:50:36+00:00,166,1,0,0,0,0,0,0,0,0,0
Rodina Moskva,Ci9DQUlRQUNvZENodHljRjlvT2s1dVQxZHhUSFJZWlRsWE1IRjJiSFJrUW5VellWRRAB,5,Must visit place in Moscow!,https://www.google.com/maps/reviews/data=!4m8!14m7!1m6!2m5!1sCi9DQUlRQUNvZENodHljRjlvT2s1dVQxZHhUSFJZWlRsWE1IRjJiSFJrUW5VellWRRAB!2m1!1s0x0:0xebba9a3a484d72bf!3m1!1s2@1:CAIQACodChtycF9oOk5uT1dxTHRYZTlXMHF2bHRkQnUzYVE%7C%7C?hl=ru,4.6,45,2026-01-09 20:13:54+00:00,27,0,0,0,0,0,0,0,0,0,0
Rodina Moskva,Ci9DQUlRQUNvZENodHljRjlvT21KRE9UZEZlamxOWkhKbVFuQmFUbXhqVlRKUWIxRRAB,5,"Прекрасное место! 23.12. проводили вечеринку. Остались в полном восторге: очень вкусная еда, сервис на высшем уровне, музыкальное сопровождение на самый требовательный вкус.
Мария, Юлия и Мартин сделали вечер комфортным и незабываемым. Спасибо.",https://www.google.com/maps/reviews/data=!4m8!14m7!1m6!2m5!1sCi9DQUlRQUNvZENodHljRjlvT21KRE9UZEZlamxOWkhKbVFuQmFUbXhqVlRKUWIxRRAB!2m1!1s0x0:0xebba9a3a484d72bf!3m1!1s2@1:CAIQACodChtycF9oOmJDOTdFejlNZHJmQnBaTmxjVTJQb1E%7C%7C?hl=ru,4.6,45,2025-12-24 04:54:31+00:00,244,0,0,0,0,0,0,0,0,0,0
Rodina Moskva,Ci9DQUlRQUNvZENodHljRjlvT21RemIxcEJWME51ZFZOdGNtdG1PVmh0UjNreWVYYxAB,5,"Была во многих топовых местах Москвы, но «Родина» запала в самое сердечко💔

Атмосфера просто на высоте, качественный звук, бэк-вокалистки спасали от позора😂, ведущие давали огоньку на протяжении всей ночи, в общем вся арт-группа профессионалы своего дела🤌🏾
Разбив бокал, не чувствуешь себя неловко перед официантами, они просто добьют его с тобой 😂🔥
Кухня вкусная!
Проигрыши космические - мы натанцевались с кайфом!
Придем ещё. И ещё. И ещё.♥️

Ребята, моя вам рекомендация, если хотите действительно хорошо провести время.",https://www.google.com/maps/reviews/data=!4m8!14m7!1m6!2m5!1sCi9DQUlRQUNvZENodHljRjlvT21RemIxcEJWME51ZFZOdGNtdG1PVmh0UjNreWVYYxAB!2m1!1s0x0:0xebba9a3a484d72bf!3m1!1s2@1:CAIQACodChtycF9oOmQzb1pBV0NudVNtcmtmOVhtR3kyeXc%7C%7C?hl=ru,4.6,45,2025-12-02 04:20:17+00:00,523,0,0,0,0,0,0,0,0,0,0
Rodina Moskva,Ci9DQUlRQUNvZENodHljRjlvT2w4NFdFMW1ORXhKUm5wTlJEbFZXRVpOVXpkUWMyYxAB,5,"Недавно впервые побывали в Родине и остались в полном восторге, очень уютная атмосфера, отличная акустика и качественный звук — петь одно удовольствие. Отдельно хочется отметить внимательный персонал, всё быстро, вежливо и по-домашнему тепло) Меню тоже порадовало, очень вкусно, красиво подано, цены вполне оправданы уровнем заведения. Провели вечер просто идеально и точно вернёмся ещё! :)",https://www.google.com/maps/reviews/data=!4m8!14m7!1m6!2m5!1sCi9DQUlRQUNvZENodHljRjlvT2w4NFdFMW1ORXhKUm5wTlJEbFZXRVpOVXpkUWMyYxAB!2m1!1s0x0:0xebba9a3a484d72bf!3m1!1s2@1:CAIQACodChtycF9oOl84WE1mNExJRnpNRDlVWEZNUzdQc2c%7C%7C?hl=ru,4.6,45,2025-12-01 18:47:11+00:00,390,0,0,0,0,0,0,0,0,0,0
Rodina Moskva,Ci9DQUlRQUNvZENodHljRjlvT2pkUWFIWlZlbWhHZDFCYWRHVnVhamhHWkRCdWNtYxAB,5,"Если вы ищете идеальное место для вечера в компании друзей или хотите по-настоящему расслабиться и спеть любимые хиты, то караоке-клуб «Родина» в самом центре Москвы — это именно то, что вам нужно!
Атмосфера и интерьер с первого шага в «Родину» вы окунаетесь в удивительно приятную, почти домашнюю атмосферу. Здесь нет лишней помпезности, но при этом чувствуется продуманность каждой детали. Клуб выделяется своим единым интерьерным кодом и идеей, которые создают целостное и очень гармоничное пространство. Это не просто караоке, это место, где уют сочетается со стилем, и вы чувствуете себя комфортно, как дома!
Музыкальная коллекция и оборудование
Особого внимания заслуживает. В «Родине» всегда доступны самые последние обновления каталогов песен. Это значит, что вы всегда найдете как бессмертные хиты, так и самые свежие треки, которые только что покорили чарты. Оборудование на высшем уровне, звук чистый, а микрофоны настроены так, что каждый почувствует себя звездой сцены.
Обслуживание
Персонал очень внимателен и дружелюбен. Здесь действительно заботятся о каждом госте, создавая все условия для незабываемого отдыха. Бармены приготовят ваши любимые напитки, а официанты всегда готовы помочь с выбором блюд.
Итог
«Родина» — это не просто караоке-клуб, это настоящая находка для тех, кто ценит качественный отдых, комфорт и возможность по-настоящему оторваться под любимую музыку. Однозначно рекомендую всем, кто хочет провести незабываемый вечер!",https://www.google.com/maps/reviews/data=!4m8!14m7!1m6!2m5!1sCi9DQUlRQUNvZENodHljRjlvT2pkUWFIWlZlbWhHZDFCYWRHVnVhamhHWkRCdWNtYxAB!2m1!1s0x0:0xebba9a3a484d72bf!3m1!1s2@1:CAIQACodChtycF9oOjdQaHZVemhGd1BadGVuajhGZDBucmc%7C%7C?hl=ru,4.6,45,2025-12-01 15:17:14+00:00,1457,0,0,0,0,0,0,0,0,0,0
Rodina Moskva,Ci9DQUlRQUNvZENodHljRjlvT25KSFpreHBaR0kyYVRsa00yMVlNbGxwZFRoeGRFRRAB,5,"Отличное место для ценителей эстетического клубного пространства! Особняк в стиле   неоклассики, в сочетании с иммерсивным шоу, вокалистами и МС создает атмосферу современной  буржуазной Москвы!
Являюсь преданной фанаткой данного места ❤️Процветания Вам!",https://www.google.com/maps/reviews/data=!4m8!14m7!1m6!2m5!1sCi9DQUlRQUNvZENodHljRjlvT25KSFpreHBaR0kyYVRsa00yMVlNbGxwZFRoeGRFRRAB!2m1!1s0x0:0xebba9a3a484d72bf!3m1!1s2@1:CAIQACodChtycF9oOnJHZkxpZGI2aTlkM21YMllpdThxdEE%7C%7C?hl=ru,4.6,45,2025-11-30 15:18:23+00:00,254,0,0,0,0,0,0,0,0,0,0
Rodina Moskva,Ci9DQUlRQUNvZENodHljRjlvT25WRE1IZENiSGhxWkc5bWFVbEVPSFJhUzFGdlQxRRAB,5,"Единственное место в Москве,куда хочется возвращаться снова и снова! Роскошный особняк,его прям хочется детально рассматривать. Сервис на высоте,оооочень вкусная кухня и атмосфера праздника даже в будни,когда приходишь в караоке😍честно признаюсь,влюблена в их диджея BorisLove,когда он за пультом-ноги сами пускаются в пляс)))",https://www.google.com/maps/reviews/data=!4m8!14m7!1m6!2m5!1sCi9DQUlRQUNvZENodHljRjlvT25WRE1IZENiSGhxWkc5bWFVbEVPSFJhUzFGdlQxRRAB!2m1!1s0x0:0xebba9a3a484d72bf!3m1!1s2@1:CAIQACodChtycF9oOnVDMHdCbHhqZG9maUlEOHRaS1FvT1E%7C%7C?hl=ru,4.6,45,2025-11-30 14:56:19+00:00,326,0,0,0,0,0,0,0,0,0,0
Rodina Moskva,Ci9DQUlRQUNvZENodHljRjlvT25Kb05VNDFSakJ4YjA5bWJucHdlV2wzYjNGeFpFRRAB,5,"Не так давно открыла для себя Rodina Moskva — и сразу: искра, буря, безумие✨
Место превзошло все ожидания.

Сервис, звук, свет, меню, персонал — высокий уровень в каждой детали, многократно превзошли все мои ожидания 💫
Были в пятницу и меня поразила
шоу-программа в клубе  — невероятно красиво, до мурашек 😍🔥
В выходные не всегда удаётся прийти, поэтому в основном бываю в будни — и честно, найти в Москве место, где в обычный БУДНИЙ  вечер ты на 100% уверен, что классно проведёшь время, — большая редкость.
Здесь особая атмосфера и действительно качественный звук, легко и комфортно петь, плюс очень тёплая поддержка от персонала 🫂

Это не просто очередное заведение —
это место со вкусом, настроением и своим характером . Спасибо, Rodina❤️‍🔥",https://www.google.com/maps/reviews/data=!4m8!14m7!1m6!2m5!1sCi9DQUlRQUNvZENodHljRjlvT25Kb05VNDFSakJ4YjA5bWJucHdlV2wzYjNGeFpFRRAB!2m1!1s0x0:0xebba9a3a484d72bf!3m1!1s2@1:CAIQACodChtycF9oOnJoNU41RjBxb09mbnpweWl3b3FxZEE%7C%7C?hl=ru,4.6,45,2025-11-28 11:00:06+00:00,744,0,0,0,0,0,0,0,0,0,0
Rodina Moskva,Ci9DQUlRQUNvZENodHljRjlvT2t4SmFUTXlRMUI0U2tsV1RXRTBlVFpVVDNCTVJIYxAB,5,Приятное заведение с вежливым персоналом!,https://www.google.com/maps/reviews/data=!4m8!14m7!1m6!2m5!1sCi9DQUlRQUNvZENodHljRjlvT2t4SmFUTXlRMUI0U2tsV1RXRTBlVFpVVDNCTVJIYxAB!2m1!1s0x0:0xebba9a3a484d72bf!3m1!1s2@1:CAIQACodChtycF9oOkxJaTMyQ1B4SklWTWE0eTZUT3BMRHc%7C%7C?hl=ru,4.6,45,2025-11-28 10:47:26+00:00,41,0,0,0,0,0,0,0,0,0,0
Rodina Moskva,Ci9DQUlRQUNvZENodHljRjlvT2pGVFF6QTNlV1pPWlhKS1l6WjZWRm81WkVZNVNrRRAB,5,"Отличное место с атмосферой, в которую хочется возвращаться. Приятный персонал, вкусная кухня, стильный интерьер и всегда качественные вечеринки) Определённо рекомендую!",https://www.google.com/maps/reviews/data=!4m8!14m7!1m6!2m5!1sCi9DQUlRQUNvZENodHljRjlvT2pGVFF6QTNlV1pPWlhKS1l6WjZWRm81WkVZNVNrRRAB!2m1!1s0x0:0xebba9a3a484d72bf!3m1!1s2@1:CAIQACodChtycF9oOjFTQzA3eWZOZXJKYzZ6VFo5ZEY5SkE%7C%7C?hl=ru,4.6,45,2025-11-28 09:32:28+00:00,169,0,0,0,0,0,0,0,0,0,0
Rodina Moskva,Ci9DQUlRQUNvZENodHljRjlvT25ZM1VHeExSWEJtUlVKUU9HUnpUVFpFUVZaWE9GRRAB,5,"Rodina Moscow— одно из тех мест, где хочется возвращаться снова и снова. Не просто клуб, а настоящая атмосфера: стильный интерьер, классный персонал, офигенное шоу от музыки до актеров.
Барная карта продумана до мелочей: от классических коктейлей с изысканными акцентами до авторских напитков, созданных специально для Rodina. Ингредиенты — свежие, часто редкие, иногда даже неожиданные (например, домашние настойки, травяные сиропы, барные уксусы).Все приветливые, внимательные, готовы посоветовать, учесть твои предпочтения и даже немного пошутить. Особенно запомнился бармен Адик— настоящий волшебник с шейкером, создал коктейль «на слух», просто узнав, что мне нравится: дымный, с кислинкой и без сахара. Получилось идеально!

Сервис — на высоте, музыка — грамотно подобрана (никакого «стампа»), а после полуночи начинается особая магия: пространство оживает, танцпол наполняется энергией, но при этом не теряется уют.

Если вы цените качественные напитки, атмосферу и живое общение — обязательно загляните в Rodina Moscow. Это не просто тусовка, это опыт.
Буду рекомендовать друзьям и возвращаться",https://www.google.com/maps/reviews/data=!4m8!14m7!1m6!2m5!1sCi9DQUlRQUNvZENodHljRjlvT25ZM1VHeExSWEJtUlVKUU9HUnpUVFpFUVZaWE9GRRAB!2m1!1s0x0:0xebba9a3a484d72bf!3m1!1s2@1:CAIQACodChtycF9oOnY3UGxLRXBmRUJQOGRzTTZEQVZXOFE%7C%7C?hl=ru,4.6,45,2025-11-27 12:41:20+00:00,1102,0,0,0,0,0,0,0,0,0,0
Rodina Moskva,Ci9DQUlRQUNvZENodHljRjlvT2pZeVMyaFZiM2Q2Y0RWbVJXdHNNMDloUjNscVgyYxAB,5,"Хочется сказать огромное человеческое спасибо этому волшебному месту! Это именно то, чего так не хватает в большом городе — уголок, где можно быть собой в любое время суток.

Пришли с друзьями после тяжелой недели, с мыслями «просидим час и домой». В итоге продержались до утра! Какая же это была катарсис-терапия! От души наорались в микрофоны под старый рок, поплакали над лиричными балладами и похохотали до слёз над зажигательными поп-хитами.

Здесь царит какая-то особая, очень тёплая и поддерживающая атмосфера. Никто никого не судит, все друг за друга болеют. Персонал — отдельный респект, ребята, вы супермены ночи! Всегда улыбчивы, внимательны и создают это неповторимое чувство уюта.

Это не просто клуб, это портал в состояние детской радости и свободы. Однозначно наше новое любимое место для спасения от хандры!❤️❤️❤️",https://www.google.com/maps/reviews/data=!4m8!14m7!1m6!2m5!1sCi9DQUlRQUNvZENodHljRjlvT2pZeVMyaFZiM2Q2Y0RWbVJXdHNNMDloUjNscVgyYxAB!2m1!1s0x0:0xebba9a3a484d72bf!3m1!1s2@1:CAIQACodChtycF9oOjYyS2hVb3d6cDVmRWtsM09hR3lqX2c%7C%7C?hl=ru,4.6,45,2025-11-27 12:23:56+00:00,830,0,0,0,0,0,0,0,0,0,0
Rodina Moskva,Ci9DQUlRQUNvZENodHljRjlvT21KeGVtTjZXVm8wYkdnekxVeHJWa2hIVW1sZlIzYxAB,5,"Топовое место в Москве, роскошный максимум)",https://www.google.com/maps/reviews/data=!4m8!14m7!1m6!2m5!1sCi9DQUlRQUNvZENodHljRjlvT21KeGVtTjZXVm8wYkdnekxVeHJWa2hIVW1sZlIzYxAB!2m1!1s0x0:0xebba9a3a484d72bf!3m1!1s2@1:CAIQACodChtycF9oOmJxemN6WVo0bGgzLUxrVkhHUmlfR3c%7C%7C?hl=ru,4.6,45,2025-11-27 01:07:28+00:00,43,0,0,0,0,0,0,0,0,0,0
Rodina Moskva,Ci9DQUlRQUNvZENodHljRjlvT2pGdGFTMTVOMGRoVlRGMVJFZGhSbWRDTlhSNVpYYxAB,5,"Фантастика, просто фантастика",https://www.google.com/maps/reviews/data=!4m8!14m7!1m6!2m5!1sCi9DQUlRQUNvZENodHljRjlvT2pGdGFTMTVOMGRoVlRGMVJFZGhSbWRDTlhSNVpYYxAB!2m1!1s0x0:0xebba9a3a484d72bf!3m1!1s2@1:CAIQACodChtycF9oOjFtaS15N0dhVTF1REdhRmdCNXR5ZXc%7C%7C?hl=ru,4.6,45,2025-11-26 21:56:48+00:00,29,0,0,0,0,0,0,0,0,0,0
Rodina Moskva,Ci9DQUlRQUNvZENodHljRjlvT2twbVJVSTJVVGhoTkc5eGNUVk5iRnBqY1d0elMwRRAB,5,Оч крутой клуб,https://www.google.com/maps/reviews/data=!4m8!14m7!1m6!2m5!1sCi9DQUlRQUNvZENodHljRjlvT2twbVJVSTJVVGhoTkc5eGNUVk5iRnBqY1d0elMwRRAB!2m1!1s0x0:0xebba9a3a484d72bf!3m1!1s2@1:CAIQACodChtycF9oOkpmRUI2UThhNG9xcTVNbFpjcWtzS0E%7C%7C?hl=ru,4.6,45,2025-11-26 20:54:13+00:00,14,0,0,0,0,0,0,0,0,0,0
Rodina Moskva,Ci9DQUlRQUNvZENodHljRjlvT21oeVpqQklaM1E1VmxsR1puTmlRbVJOWDB3NGJuYxAB,5,"С кайфом провели время, персонал огнище!!",https://www.google.com/maps/reviews/data=!4m8!14m7!1m6!2m5!1sCi9DQUlRQUNvZENodHljRjlvT21oeVpqQklaM1E1VmxsR1puTmlRbVJOWDB3NGJuYxAB!2m1!1s0x0:0xebba9a3a484d72bf!3m1!1s2@1:CAIQACodChtycF9oOmhyZjBIZ3Q5VllGZnNiQmRNX0w4bnc%7C%7C?hl=ru,4.6,45,2025-11-26 20:11:25+00:00,41,0,0,0,0,0,0,0,0,0,0
Rodina Moskva,Ci9DQUlRQUNvZENodHljRjlvT2pKTE1VaHZibk5zZW5GVGRYWTNNakJtTUROcmFWRRAB,5,"В ""Родине Москва"" ночь расцветает,
Где роскошь и веселье обитают.
Хостес в шубах - зимние царицы,
Встречают с грацией, словно девицы.
Адик в баре - алхимик страсти,
Коктейли - чудо, ярче нет напасти.
Валерий - мастер обходительный,
Обслуживание четкое, стремительное.
Паровые коктейли - дымка наслажденья,
В ""Родине"" Москва - сплошное искушенье!
Забудь про будни, дай волю чувствам,
Здесь ночи яркие, полны искусства!",https://www.google.com/maps/reviews/data=!4m8!14m7!1m6!2m5!1sCi9DQUlRQUNvZENodHljRjlvT2pKTE1VaHZibk5zZW5GVGRYWTNNakJtTUROcmFWRRAB!2m1!1s0x0:0xebba9a3a484d72bf!3m1!1s2@1:CAIQACodChtycF9oOjJLMUhvbnNsenFTdXY3MjBmMDNraVE%7C%7C?hl=ru,4.6,45,2025-11-26 19:45:45+00:00,417,0,0,0,0,0,0,0,0,0,0
Rodina Moskva,Ci9DQUlRQUNvZENodHljRjlvT2t4WVMySlZORkZaYVVoVFVWTnplbWRoVEdWTWJIYxAB,5,"Отличный клуб, крутое шоу с проекцией на стены, классный звук! Все на высшем уровне, очень хороший сервис, вкусные коктейли, кухня и кальяны.",https://www.google.com/maps/reviews/data=!4m8!14m7!1m6!2m5!1sCi9DQUlRQUNvZENodHljRjlvT2t4WVMySlZORkZaYVVoVFVWTnplbWRoVEdWTWJIYxAB!2m1!1s0x0:0xebba9a3a484d72bf!3m1!1s2@1:CAIQACodChtycF9oOkxYS2JVNFFZaUhTUVNzemdhTGVMbHc%7C%7C?hl=ru,4.6,45,2025-11-26 19:13:14+00:00,141,0,0,0,0,0,0,0,0,0,0
Rodina Moskva,Ci9DQUlRQUNvZENodHljRjlvT21ZM1EwSTVTMDl6UWpkNmRtTTVlWFUyYVZCVVUxRRAB,5,Плюс вайб гарантирован!,https://www.google.com/maps/reviews/data=!4m8!14m7!1m6!2m5!1sCi9DQUlRQUNvZENodHljRjlvT21ZM1EwSTVTMDl6UWpkNmRtTTVlWFUyYVZCVVUxRRAB!2m1!1s0x0:0xebba9a3a484d72bf!3m1!1s2@1:CAIQACodChtycF9oOmY3Q0I5S09zQjd6dmM5eXU2aVBUU1E%7C%7C?hl=ru,4.6,45,2025-11-26 18:47:58+00:00,23,0,0,0,0,0,0,0,0,0,0
Rodina Moskva,Ci9DQUlRQUNvZENodHljRjlvT25GRWVWTmFRblJoYjA5Q1VVRTVVek5QTVROVVJHYxAB,5,"Были с друзьями, отмечали день рождение)) Классный «свойский» подход персонала к гостю, еда была вкусная, хочу отметить стейк. Постоянный уход, музыка-окунулся в детство ))",https://www.google.com/maps/reviews/data=!4m8!14m7!1m6!2m5!1sCi9DQUlRQUNvZENodHljRjlvT25GRWVWTmFRblJoYjA5Q1VVRTVVek5QTVROVVJHYxAB!2m1!1s0x0:0xebba9a3a484d72bf!3m1!1s2@1:CAIQACodChtycF9oOnFEeVNaQnRhb09CUUE5UzNPMTNURGc%7C%7C?hl=ru,4.6,45,2025-11-26 18:46:51+00:00,172,0,0,0,0,0,0,0,0,0,0
Rodina Moskva,Ci9DQUlRQUNvZENodHljRjlvT2prNVRVNUpWa3huUnpOWldVdE5SM2cxUVZaVFdFRRAB,5,"Лучшее заведение в городе!
Для тех кто хочет хорошо отдохнуть в отличной атмосфере с хорошей музыкой и сервисом  ,однозначно рекомендую",https://www.google.com/maps/reviews/data=!4m8!14m7!1m6!2m5!1sCi9DQUlRQUNvZENodHljRjlvT2prNVRVNUpWa3huUnpOWldVdE5SM2cxUVZaVFdFRRAB!2m1!1s0x0:0xebba9a3a484d72bf!3m1!1s2@1:CAIQACodChtycF9oOjk5TU5JVkxnRzNZWUtNR3g1QVZTWEE%7C%7C?hl=ru,4.6,45,2025-11-26 18:34:31+00:00,135,0,0,0,0,0,0,0,0,0,0
Rodina Moskva,Ci9DQUlRQUNvZENodHljRjlvT25SMFdWSkxWRTV3ZDJGeFRrTjVaMHR6VDJwTWNYYxAB,5,"Бывали во многих клубах столицы,нигде не получали такого впечатления от посещения данного клуба!
Сервис будто за тобой ухаживают,все красивые,улыбчивые и это очень приятно,приходите не пожалеете!!",https://www.google.com/maps/reviews/data=!4m8!14m7!1m6!2m5!1sCi9DQUlRQUNvZENodHljRjlvT25SMFdWSkxWRTV3ZDJGeFRrTjVaMHR6VDJwTWNYYxAB!2m1!1s0x0:0xebba9a3a484d72bf!3m1!1s2@1:CAIQACodChtycF9oOnR0WVJLVE5wd2FxTkN5Z0tzT2pMcXc%7C%7C?hl=ru,4.6,45,2025-11-26 18:11:26+00:00,196,0,0,0,0,0,0,0,0,0,0
Rodina Moskva,Ci9DQUlRQUNvZENodHljRjlvT2pJelVGSmxVMlpzVG10amNYcG1ZVFJQY0hSdU5VRRAB,5,"Очень классное место 🔥Мы с подругами ,повеселились от души .
Хороший сервис ,вкусные коктейли , классная  музыка . Однозначно лучшее место Москвы !",https://www.google.com/maps/reviews/data=!4m8!14m7!1m6!2m5!1sCi9DQUlRQUNvZENodHljRjlvT2pJelVGSmxVMlpzVG10amNYcG1ZVFJQY0hSdU5VRRAB!2m1!1s0x0:0xebba9a3a484d72bf!3m1!1s2@1:CAIQACodChtycF9oOjIzUFJlU2ZsTmtjcXpmYTRPcHRuNUE%7C%7C?hl=ru,4.6,45,2025-11-26 18:05:20+00:00,147,0,0,0,0,0,0,0,0,0,0
Rodina Moskva,Ci9DQUlRQUNvZENodHljRjlvT25SQlRsbHVhMDUwZURKV1NFRkxSSFZVYzFCcVdGRRAB,5,"Хороший контингент, качественная и разнообразная музыка, вкусная кухня",https://www.google.com/maps/reviews/data=!4m8!14m7!1m6!2m5!1sCi9DQUlRQUNvZENodHljRjlvT25SQlRsbHVhMDUwZURKV1NFRkxSSFZVYzFCcVdGRRAB!2m1!1s0x0:0xebba9a3a484d72bf!3m1!1s2@1:CAIQACodChtycF9oOnRBTllua050eDJWSEFLRHVUc1BqWFE%7C%7C?hl=ru,4.6,45,2025-11-26 18:05:50+00:00,70,0,0,0,0,0,0,0,0,0,0
Rodina Moskva,Ci9DQUlRQUNvZENodHljRjlvT2pFd1lYUnJlVXhUWjJoc1UyMXFPWFl0WjBWV1VsRRAB,5,Обожаю Родину. В караоке отличный звук!,https://www.google.com/maps/reviews/data=!4m8!14m7!1m6!2m5!1sCi9DQUlRQUNvZENodHljRjlvT2pFd1lYUnJlVXhUWjJoc1UyMXFPWFl0WjBWV1VsRRAB!2m1!1s0x0:0xebba9a3a484d72bf!3m1!1s2@1:CAIQACodChtycF9oOjEwYXRreUxTZ2hsU21qOXYtZ0VWUlE%7C%7C?hl=ru,4.6,45,2025-11-26 18:04:14+00:00,39,0,0,0,0,0,0,0,0,0,0
Rodina Moskva,Ci9DQUlRQUNvZENodHljRjlvT2tWYVkybFVYMkphYWxOME0wUnBNMG8zZUU5RlpGRRAB,5,"идеальное место для высококачественного досуга, отдельно хочу отметить прекрасный персонал",https://www.google.com/maps/reviews/data=!4m8!14m7!1m6!2m5!1sCi9DQUlRQUNvZENodHljRjlvT2tWYVkybFVYMkphYWxOME0wUnBNMG8zZUU5RlpGRRAB!2m1!1s0x0:0xebba9a3a484d72bf!3m1!1s2@1:CAIQACodChtycF9oOkVaY2lUX2JaalN0M0RpM0o3eE9FZFE%7C%7C?hl=ru,4.6,45,2025-11-26 18:01:33+00:00,90,0,0,0,0,0,0,0,0,0,0
Rodina Moskva,Ci9DQUlRQUNvZENodHljRjlvT2tOTmNFUnJZMFI0WVZOMU1IUXlTRkI0U214Uk5YYxAB,5,"Клуб работает 3 года, а я был в нем впервые!!!!!
Все на высоком уровне! Кажет что можно придумать в таком формате? В Родине все очень самобытно от меню для сервиса, от звука до материала который там играет.
🤩",https://www.google.com/maps/reviews/data=!4m8!14m7!1m6!2m5!1sCi9DQUlRQUNvZENodHljRjlvT2tOTmNFUnJZMFI0WVZOMU1IUXlTRkI0U214Uk5YYxAB!2m1!1s0x0:0xebba9a3a484d72bf!3m1!1s2@1:CAIQACodChtycF9oOkNNcERrY0R4YVN1MHQySFB4SmxRNXc%7C%7C?hl=ru,4.6,45,2025-11-26 18:01:00+00:00,208,0,0,0,0,0,0,0,0,0,0
Rodina Moskva,Ci9DQUlRQUNvZENodHljRjlvT25FdFNpMVVkVE5FV2tKUWJWcFNkRmxvWkZvelgzYxAB,5,Лучшее место,https://www.google.com/maps/reviews/data=!4m8!14m7!1m6!2m5!1sCi9DQUlRQUNvZENodHljRjlvT25FdFNpMVVkVE5FV2tKUWJWcFNkRmxvWkZvelgzYxAB!2m1!1s0x0:0xebba9a3a484d72bf!3m1!1s2@1:CAIQACodChtycF9oOnEtSi1UdTNEWkJQbVpSdFloZFozX3c%7C%7C?hl=ru,4.6,45,2025-11-26 18:00:22+00:00,12,0,0,0,0,0,0,0,0,0,0
Rodina Moskva,Ci9DQUlRQUNvZENodHljRjlvT2tzeVRuUjZWMUozTjBsMWNHd3pUVFY1WTFOc00yYxAB,5,"Отмечала свой день рождения с подругами , очень понравилось , все было на высоте , сервис , атмосфера , музыка , отзывчивый персонал , вкусная кухня . После этого приехала спонтанно в среду в караоке с девочками , было очень  весело и душевно , не смотря на то , что это был будний день , свободных было только пару столов, пели песни , танцевали , еще не раз приду и всем рекомендую посетить это заведение .",https://www.google.com/maps/reviews/data=!4m8!14m7!1m6!2m5!1sCi9DQUlRQUNvZENodHljRjlvT2tzeVRuUjZWMUozTjBsMWNHd3pUVFY1WTFOc00yYxAB!2m1!1s0x0:0xebba9a3a484d72bf!3m1!1s2@1:CAIQACodChtycF9oOksyTnR6V1J3N0l1cGwzTTV5Y1NsM2c%7C%7C?hl=ru,4.6,45,2025-11-26 17:59:51+00:00,408,0,0,0,0,0,0,0,0,0,0
Rodina Moskva,Ci9DQUlRQUNvZENodHljRjlvT2twSVUzUXljemRtZFdNd1VYQlNOVVZ5U0RCd1JHYxAB,1,"Не понравилась музыка, атмосфера",https://www.google.com/maps/reviews/data=!4m8!14m7!1m6!2m5!1sCi9DQUlRQUNvZENodHljRjlvT2twSVUzUXljemRtZFdNd1VYQlNOVVZ5U0RCd1JHYxAB!2m1!1s0x0:0xebba9a3a484d72bf!3m1!1s2@1:CAIQACodChtycF9oOkpIU3QyczdmdWMwUXBSNUVySDBwRGc%7C%7C?hl=ru,4.6,45,2025-07-19 19:42:35+00:00,32,0,1,0,0,0,0,0,0,0,0
Rodina Moskva,ChdDSUhNMG9nS0VJQ0FnSURub2FHdzdRRRAB,5,Отличное место !,https://www.google.com/maps/reviews/data=!4m8!14m7!1m6!2m5!1sChdDSUhNMG9nS0VJQ0FnSURub2FHdzdRRRAB!2m1!1s0x0:0xebba9a3a484d72bf!3m1!1s2@1:CIHM0ogKEICAgIDnoaGw7QE%7C%7C?hl=ru,4.6,45,2024-10-06 17:14:57+00:00,16,0,0,0,0,0,0,0,0,0,0
Rodina Moskva,ChdDSUhNMG9nS0VJQ0FnSURiOHB2YzhnRRAB,1,Disgusting place,https://www.google.com/maps/reviews/data=!4m8!14m7!1m6!2m5!1sChdDSUhNMG9nS0VJQ0FnSURiOHB2YzhnRRAB!2m1!1s0x0:0xebba9a3a484d72bf!3m1!1s2@1:CIHM0ogKEICAgIDb8pvc8gE%7C%7C?hl=ru,4.6,45,2024-08-03 23:52:09+00:00,16,0,0,0,0,0,0,0,0,0,0
Simach в Недальнем,Ci9DQUlRQUNvZENodHljRjlvT2xkMFZETTBhMVpXUWpOWVFtVjZTSFpJY2pWMVVFRRAB,5,"Simach has such a cool and vibrant atmosphere. From the moment we arrived, the team at the door was very welcoming and friendly, which made the whole experience start perfectly. The vibe, music, and overall energy were really enjoyable. Definitely a great place to visit in Moscow.",https://www.google.com/maps/reviews/data=!4m8!14m7!1m6!2m5!1sCi9DQUlRQUNvZENodHljRjlvT2xkMFZETTBhMVpXUWpOWVFtVjZTSFpJY2pWMVVFRRAB!2m1!1s0x0:0xecf98ed17c4dddfa!3m1!1s2@1:CAIQACodChtycF9oOld0VDM0a1ZWQjNYQmV6SHZIcjV1UEE%7C%7C?hl=ru,4.3,345,2026-07-05 16:09:29+00:00,281,0,0,0,0,0,0,0,0,0,0
Simach в Недальнем,Ci9DQUlRQUNvZENodHljRjlvT2kxaGFHZzROMWRVTFhVME5VRmFZblUxU25SeldtYxAB,5,Cool and lovely place. Many good cocktails and friendly people.,https://www.google.com/maps/reviews/data=!4m8!14m7!1m6!2m5!1sCi9DQUlRQUNvZENodHljRjlvT2kxaGFHZzROMWRVTFhVME5VRmFZblUxU25SeldtYxAB!2m1!1s0x0:0xecf98ed17c4dddfa!3m1!1s2@1:CAIQACodChtycF9oOi1haGg4N1dULXU0NUFaYnU1SnRzWmc%7C%7C?hl=ru,4.3,345,2026-04-02 20:28:43+00:00,63,0,0,0,0,0,0,0,0,0,0
Simach в Недальнем,Ci9DQUlRQUNvZENodHljRjlvT25Gd1FqUTVUSFJSTWtOZlVYVlpjM001Tm5CTFNHYxAB,5,Thank you for your good service and your good english Парвиз… Everything was amazing,https://www.google.com/maps/reviews/data=!4m8!14m7!1m6!2m5!1sCi9DQUlRQUNvZENodHljRjlvT25Gd1FqUTVUSFJSTWtOZlVYVlpjM001Tm5CTFNHYxAB!2m1!1s0x0:0xecf98ed17c4dddfa!3m1!1s2@1:CAIQACodChtycF9oOnFwQjQ5THRRMkNfUXVZc3M5NnBLSGc%7C%7C?hl=ru,4.3,345,2026-01-24 21:22:02+00:00,84,0,0,0,0,0,0,0,0,0,0
Simach в Недальнем,ChZDSUhNMG9nS0VJQ0FnSURybF83R1d3EAE,1,"Эти товарищи не принесли ни меню , ничего, хотя был стол забронирован!",https://www.google.com/maps/reviews/data=!4m8!14m7!1m6!2m5!1sChZDSUhNMG9nS0VJQ0FnSURybF83R1d3EAE!2m1!1s0x0:0xecf98ed17c4dddfa!3m1!1s2@1:CIHM0ogKEICAgIDrl_7GWw%7C%7C?hl=ru,4.3,345,2024-07-21 00:38:32+00:00,70,0,0,1,0,0,0,0,0,0,0
Simach в Недальнем,ChdDSUhNMG9nS0VJQ0FnSURyc3AyVnJRRRAB,5,"Великолепно было все! Очень понравились гребешки с цветками цукини и летние коктейли! Теперь это любимое место! Обслуживание очень хорошее, внимательное, четкое, быстрое.",https://www.google.com/maps/reviews/data=!4m8!14m7!1m6!2m5!1sChdDSUhNMG9nS0VJQ0FnSURyc3AyVnJRRRAB!2m1!1s0x0:0xecf98ed17c4dddfa!3m1!1s2@1:CIHM0ogKEICAgIDrsp2VrQE%7C%7C?hl=ru,4.3,345,2024-07-16 13:42:38+00:00,170,0,0,0,0,0,0,0,0,0,0
Simach в Недальнем,ChZDSUhNMG9nS0VJQ0FnSURMbmRUUVZBEAE,1,"Нам не принесли меню,а друугим принесли,больше не придем",https://www.google.com/maps/reviews/data=!4m8!14m7!1m6!2m5!1sChZDSUhNMG9nS0VJQ0FnSURMbmRUUVZBEAE!2m1!1s0x0:0xecf98ed17c4dddfa!3m1!1s2@1:CIHM0ogKEICAgIDLndTQVA%7C%7C?hl=ru,4.3,345,2024-06-29 18:41:28+00:00,56,0,0,1,0,0,0,0,0,0,0
Simach в Недальнем,ChZDSUhNMG9nS0VJQ0FnSUN6bHFfNUZ3EAE,1,"Фейс контроль развернул, даже не спросив документы. Работают хамы",https://www.google.com/maps/reviews/data=!4m8!14m7!1m6!2m5!1sChZDSUhNMG9nS0VJQ0FnSUN6bHFfNUZ3EAE!2m1!1s0x0:0xecf98ed17c4dddfa!3m1!1s2@1:CIHM0ogKEICAgICzlq_5Fw%7C%7C?hl=ru,4.3,345,2024-06-01 21:49:11+00:00,65,1,0,0,0,0,0,0,0,0,0
Simach в Недальнем,ChZDSUhNMG9nS0VJQ0FnSURqZ3Jqbk93EAE,1,Ужас полнейший,https://www.google.com/maps/reviews/data=!4m8!14m7!1m6!2m5!1sChZDSUhNMG9nS0VJQ0FnSURqZ3Jqbk93EAE!2m1!1s0x0:0xecf98ed17c4dddfa!3m1!1s2@1:CIHM0ogKEICAgIDjgrjnOw%7C%7C?hl=ru,4.3,345,2024-04-30 20:43:08+00:00,14,0,0,0,0,0,0,0,0,0,0
Simach в Недальнем,ChZDSUhNMG9nS0VJQ0FnSUREclp2ZEJnEAE,1,Грубый и надменный фейс-контроль. Необоснованно не пускают. Не портите себе настроение,https://www.google.com/maps/reviews/data=!4m8!14m7!1m6!2m5!1sChZDSUhNMG9nS0VJQ0FnSUREclp2ZEJnEAE!2m1!1s0x0:0xecf98ed17c4dddfa!3m1!1s2@1:CIHM0ogKEICAgIDDrZvdBg%7C%7C?hl=ru,4.3,345,2024-04-12 22:24:43+00:00,86,1,0,0,0,0,0,0,0,0,0
Simach в Недальнем,ChZDSUhNMG9nS0VJQ0FnSURGXzdDY0tREAE,1,"Непостижимый идиотизм фейсеров. Вчера нас не пустили на вечеринку с подругой, с которой мы всю юность провели в старом Симачеве. Зато перед нами он был чрезвычайно обходителен перед восточным мужчиной с эскортницей.",https://www.google.com/maps/reviews/data=!4m8!14m7!1m6!2m5!1sChZDSUhNMG9nS0VJQ0FnSURGXzdDY0tREAE!2m1!1s0x0:0xecf98ed17c4dddfa!3m1!1s2@1:CIHM0ogKEICAgIDF_7CcKQ%7C%7C?hl=ru,4.3,345,2023-11-12 09:25:25+00:00,215,1,0,0,0,0,0,0,0,0,0
Simach в Недальнем,ChZDSUhNMG9nS0VJQ0FnSURadnRMbmVREAE,1,"ПРОСТО УЖАСНОЕ ЗАВЕДЕНИЕ. я приехала со своей бести в эту хручальню, мы решили заказать пару коктейлей, официантка нам отказала в грубой форме, сказала что больше двух коктейлей нельзя потому что нас двое, мы конечно же удивились, и решили заказать азиатскую кухню, после того как мы поели ( еда вообще не о чем, будто суши сет с вокзала ) у меня начался дикий понос, Я ДРИСТАЛА ВСЮ НОЧЬ, слава бога моя бести была рядом и поддерживала меня. крайне не советую этот рестобар. хамло заведение как и алкоголь ни о чем. про еду молчу . интерьер немного вывозит но слишком старье зеленое из татарстана",https://www.google.com/maps/reviews/data=!4m8!14m7!1m6!2m5!1sChZDSUhNMG9nS0VJQ0FnSURadnRMbmVREAE!2m1!1s0x0:0xecf98ed17c4dddfa!3m1!1s2@1:CIHM0ogKEICAgIDZvtLneQ%7C%7C?hl=ru,4.3,345,2023-10-01 21:43:08+00:00,596,0,0,1,1,0,0,0,0,0,0
Simach в Недальнем,ChZDSUhNMG9nS0VJQ0FnSUNaaU16Z0pREAE,1,There's a fat idiot at the door telling people they can't come in just because he says so. This is just a despicable NYC club with the wrong zip code...,https://www.google.com/maps/reviews/data=!4m8!14m7!1m6!2m5!1sChZDSUhNMG9nS0VJQ0FnSUNaaU16Z0pREAE!2m1!1s0x0:0xecf98ed17c4dddfa!3m1!1s2@1:CIHM0ogKEICAgICZiMzgJQ%7C%7C?hl=ru,4.3,345,2023-09-02 23:08:38+00:00,152,1,0,0,0,0,0,0,0,0,0
Simach в Недальнем,ChZDSUhNMG9nS0VJQ0FnSUNwaEpTOUNREAE,1,"За пол часа ко мне ни разу никто не подошел, хотя в ресторане было всего 2 посетителя. Просила хостес/ менеджера чтобы отправила кого-то принять заказ, она говорила минутку и снова пропадала.",https://www.google.com/maps/reviews/data=!4m8!14m7!1m6!2m5!1sChZDSUhNMG9nS0VJQ0FnSUNwaEpTOUNREAE!2m1!1s0x0:0xecf98ed17c4dddfa!3m1!1s2@1:CIHM0ogKEICAgICphJS9CQ%7C%7C?hl=ru,4.3,345,2023-07-28 16:06:54+00:00,191,0,0,1,0,0,0,0,0,0,0
Simach в Недальнем,ChdDSUhNMG9nS0VJQ0FnSURPMmRHUGdnRRAB,5,"Очень приятное, атмосферное заведение.",https://www.google.com/maps/reviews/data=!4m8!14m7!1m6!2m5!1sChdDSUhNMG9nS0VJQ0FnSURPMmRHUGdnRRAB!2m1!1s0x0:0xecf98ed17c4dddfa!3m1!1s2@1:CIHM0ogKEICAgIDO2dGPggE%7C%7C?hl=ru,4.3,345,2022-07-09 10:29:14+00:00,38,0,0,0,0,0,0,0,0,0,0
Simach в Недальнем,ChZDSUhNMG9nS0VJQ0FnSUR4aTdTZEhnEAE,2,Еда ни о чем.Алкоголь тоже.Цены неоправданные.Клуб такое себе.За интерьер пару звезд.,https://www.google.com/maps/reviews/data=!4m8!14m7!1m6!2m5!1sChZDSUhNMG9nS0VJQ0FnSUR4aTdTZEhnEAE!2m1!1s0x0:0xecf98ed17c4dddfa!3m1!1s2@1:CIHM0ogKEICAgIDxi7SdHg%7C%7C?hl=ru,4.3,345,2023-06-14 20:17:35+00:00,85,0,0,0,1,0,1,0,0,0,0
Simach в Недальнем,ChZDSUhNMG9nS0VJQ0FnSUR4OU43bkJBEAE,1,"Фейсконтроль у клуба грубый и хамит. Я пришла с подругой, нас не пустили, спросили почему, на что нас проигнорировали, при чем одеты мы были нормально, в вечерних платьях. Категорически не рекомендую даже подходить к этому клубу. Недавно туда ходили с другом, музыка ужасная и диджей неправильно работает. Половину людей как-будто под чем (боюсь что не как будто).",https://www.google.com/maps/reviews/data=!4m8!14m7!1m6!2m5!1sChZDSUhNMG9nS0VJQ0FnSUR4OU43bkJBEAE!2m1!1s0x0:0xecf98ed17c4dddfa!3m1!1s2@1:CIHM0ogKEICAgIDx9N7nBA%7C%7C?hl=ru,4.3,345,2023-06-02 22:20:11+00:00,364,1,1,0,0,0,0,0,0,1,0
Simach в Недальнем,ChdDSUhNMG9nS0VJQ0FnSUR4OU9EcnBnRRAB,3,"Так себе клуб. Не знаю почему все в восторге. Контингент средний , музыка так себе. Это я еще зашла туда не трезвая 😂 так что есть к чему им стремиться",https://www.google.com/maps/reviews/data=!4m8!14m7!1m6!2m5!1sChdDSUhNMG9nS0VJQ0FnSUR4OU9EcnBnRRAB!2m1!1s0x0:0xecf98ed17c4dddfa!3m1!1s2@1:CIHM0ogKEICAgIDx9ODrpgE%7C%7C?hl=ru,4.3,345,2023-06-02 20:24:08+00:00,151,0,1,0,0,0,0,0,0,1,0
Simach в Недальнем,ChZDSUhNMG9nS0VJQ0FnSUNXaUtXMmZREAE,5,Крутое место.,https://www.google.com/maps/reviews/data=!4m8!14m7!1m6!2m5!1sChZDSUhNMG9nS0VJQ0FnSUNXaUtXMmZREAE!2m1!1s0x0:0xecf98ed17c4dddfa!3m1!1s2@1:CIHM0ogKEICAgICWiKW2fQ%7C%7C?hl=ru,4.3,345,2022-02-16 07:41:40+00:00,13,0,0,0,0,0,0,0,0,0,0
Simach в Недальнем,ChdDSUhNMG9nS0VJQ0FnSUNXOElTbTlBRRAB,3,"Тусовочное место для молодежи, в котором был впервые и скорее в последний раз. Большая очередь на входе, контингент разнообразный..есть и очень сомнительные ребята..обслуживание тоже оставляет желать лучшего.",https://www.google.com/maps/reviews/data=!4m8!14m7!1m6!2m5!1sChdDSUhNMG9nS0VJQ0FnSUNXOElTbTlBRRAB!2m1!1s0x0:0xecf98ed17c4dddfa!3m1!1s2@1:CIHM0ogKEICAgICW8ISm9AE%7C%7C?hl=ru,4.3,345,2022-02-15 21:24:11+00:00,208,0,0,1,0,0,0,0,0,1,0
Simach в Недальнем,ChZDSUhNMG9nS0VJQ0FnSURtM19pYkdBEAE,5,"Отличное место, вкусно готовят, приятный интерьер",https://www.google.com/maps/reviews/data=!4m8!14m7!1m6!2m5!1sChZDSUhNMG9nS0VJQ0FnSURtM19pYkdBEAE!2m1!1s0x0:0xecf98ed17c4dddfa!3m1!1s2@1:CIHM0ogKEICAgIDm3_ibGA%7C%7C?hl=ru,4.3,345,2022-02-13 20:10:37+00:00,49,0,0,0,0,0,0,0,0,0,0
Simach в Недальнем,ChZDSUhNMG9nS0VJQ0FnSURtMzVpZEJBEAE,5,Fino e evoluído com requinte. O sushi e absolutamente fantástico.,https://www.google.com/maps/reviews/data=!4m8!14m7!1m6!2m5!1sChZDSUhNMG9nS0VJQ0FnSURtMzVpZEJBEAE!2m1!1s0x0:0xecf98ed17c4dddfa!3m1!1s2@1:CIHM0ogKEICAgIDm35idBA%7C%7C?hl=ru,4.3,345,2022-02-13 20:02:45+00:00,65,0,0,0,0,0,0,0,0,0,0
Simach в Недальнем,ChZDSUhNMG9nS0VJQ0FnSURtLTVLVENnEAE,5,"Вкусно, особенно ром баба, модно, особенно по вечерам",https://www.google.com/maps/reviews/data=!4m8!14m7!1m6!2m5!1sChZDSUhNMG9nS0VJQ0FnSURtLTVLVENnEAE!2m1!1s0x0:0xecf98ed17c4dddfa!3m1!1s2@1:CIHM0ogKEICAgIDm-5KTCg%7C%7C?hl=ru,4.3,345,2022-02-10 17:50:59+00:00,53,0,0,0,0,0,0,0,0,0,0
Simach в Недальнем,ChZDSUhNMG9nS0VJQ0FnSUNtdjlYT2RREAE,3,"Место для любителей потолкаться локтями.
Ждали минут 10, чтобы сдать одежду в гардероб. Потом столько же, чтобы заказать коктейль (они кстати были не очень).
Достаточно тесное помещение, которое набивается без ограничений. Дистанцию здесь точно не соблюдают)
Публика разнообразная, но в основном до 25лет, как мне показалось.",https://www.google.com/maps/reviews/data=!4m8!14m7!1m6!2m5!1sChZDSUhNMG9nS0VJQ0FnSUNtdjlYT2RREAE!2m1!1s0x0:0xecf98ed17c4dddfa!3m1!1s2@1:CIHM0ogKEICAgICmv9XOdQ%7C%7C?hl=ru,4.3,345,2022-01-14 17:31:47+00:00,325,0,0,1,1,1,0,0,0,1,0
Simach в Недальнем,ChdDSUhNMG9nS0VJQ0FnSUNtZzZUNmxBRRAB,4,Модное вкусное место,https://www.google.com/maps/reviews/data=!4m8!14m7!1m6!2m5!1sChdDSUhNMG9nS0VJQ0FnSUNtZzZUNmxBRRAB!2m1!1s0x0:0xecf98ed17c4dddfa!3m1!1s2@1:CIHM0ogKEICAgICmg6T6lAE%7C%7C?hl=ru,4.3,345,2022-01-07 08:39:14+00:00,20,0,0,0,0,0,0,0,0,0,0
Happy End Bar&Kitchen,Ci9DQUlRQUNvZENodHljRjlvT2s1TFpYWnljRXcyUjJGd09XaHZXSGRFVWxKaU9IYxAB,5,"пришел сюда после долгой паузы
1.персонал стал на голову выше, приятный контакт и заинтересованность
2.музыка стала более разнообразной, есть и понятная попса и новые зарубежные хиты, что для меня плюс
3.отметил бы контингент, много симпатичных девушек и парней
4. еду я не попробовал, но что-то там было, а алкоголь и цена для патриков хорошая",https://www.google.com/maps/reviews/data=!4m8!14m7!1m6!2m5!1sCi9DQUlRQUNvZENodHljRjlvT2s1TFpYWnljRXcyUjJGd09XaHZXSGRFVWxKaU9IYxAB!2m1!1s0x0:0x9d94b4cc3c6ecb41!3m1!1s2@1:CAIQACodChtycF9oOk5LZXZycEw2R2FwOWhvWHdEUlJiOHc%7C%7C?hl=ru,4.0,187,2026-08-13 11:28:21+00:00,344,0,0,0,0,0,0,0,0,0,0
Happy End Bar&Kitchen,Ci9DQUlRQUNvZENodHljRjlvT2pGd01rRlBOWFJJTldvNFdqWkZNVWxaVVRWcWNsRRAB,1,"Что за гнилое место. Пришли специально за бургерами в коллабе с Jnkl после 5 вечера сегодня. Стучались в дверь, звонили в звонок. В итоге изнутри открыли дверь и ушли не встретив не поздоровавшись. Опять же 20 минут заведение уже работало.
Мы спустились вниз, спросили про еду, при этом никто не поздоровался все еще, на что нам просто ответили «сегодня кухня не работает». И все. Все что нужно знать о клиентской ориентированности этого заведения.",https://www.google.com/maps/reviews/data=!4m8!14m7!1m6!2m5!1sCi9DQUlRQUNvZENodHljRjlvT2pGd01rRlBOWFJJTldvNFdqWkZNVWxaVVRWcWNsRRAB!2m1!1s0x0:0x9d94b4cc3c6ecb41!3m1!1s2@1:CAIQACodChtycF9oOjFwMkFPNXRINWo4WjZFMUlZUTVqclE%7C%7C?hl=ru,4.0,187,2026-03-28 16:43:59+00:00,448,0,0,1,1,0,0,0,0,0,0
Happy End Bar&Kitchen,Ci9DQUlRQUNvZENodHljRjlvT2pGUVVEazJWRlJrVFZwV2FVdEZVSGxPVGtwSVIxRRAB,1,"Хотели ночью отдохнуть и нашли в картах это место)Нам с подругой сказали вход 10к с человека)Для такого места(не большой,мало места)10к много.Мы развернулись и уехали))Я еще не пью особо и на что мне тратить там 10к на пару часов я не знаю))",https://www.google.com/maps/reviews/data=!4m8!14m7!1m6!2m5!1sCi9DQUlRQUNvZENodHljRjlvT2pGUVVEazJWRlJrVFZwV2FVdEZVSGxPVGtwSVIxRRAB!2m1!1s0x0:0x9d94b4cc3c6ecb41!3m1!1s2@1:CAIQACodChtycF9oOjFQUDk2VFRkTVpWaUtFUHlOTkpIR1E%7C%7C?hl=ru,4.0,187,2026-01-17 21:46:57+00:00,241,0,0,0,0,1,1,1,0,0,0
Happy End Bar&Kitchen,Ci9DQUlRQUNvZENodHljRjlvT2tsYU1tVmlabEZ5UjFKU1RqSlNNMUJHVFVGTFRuYxAB,5,"Бар, в который с удовольствием возвращаюсь. С друзьями, на свидание - идеально. Хорошая подборка музыки, приятный движ. Коктейли супер, обязательно попробуйте Happy Apple Tini!✨",https://www.google.com/maps/reviews/data=!4m8!14m7!1m6!2m5!1sCi9DQUlRQUNvZENodHljRjlvT2tsYU1tVmlabEZ5UjFKU1RqSlNNMUJHVFVGTFRuYxAB!2m1!1s0x0:0x9d94b4cc3c6ecb41!3m1!1s2@1:CAIQACodChtycF9oOklaMmViZlFyR1JSTjJSM1BGTUFLTnc%7C%7C?hl=ru,4.0,187,2025-08-06 09:56:01+00:00,177,0,0,0,0,0,0,0,0,0,0
Happy End Bar&Kitchen,Ci9DQUlRQUNvZENodHljRjlvT2taVGRtTnRUa3R3VURWa2JGSnJaMDUyVTBOWE5XYxAB,5,"Один из лучших баров с танцами в Москве. Легкая танцевальная музыка, красивая публика, все молодые, никаких скуфов 😁, хорошие коктейли, особенно люблю фирменный  Happy End с кокосом. Танцпол небольшой, но уютный и всегда есть место 🩷",https://www.google.com/maps/reviews/data=!4m8!14m7!1m6!2m5!1sCi9DQUlRQUNvZENodHljRjlvT2taVGRtTnRUa3R3VURWa2JGSnJaMDUyVTBOWE5XYxAB!2m1!1s0x0:0x9d94b4cc3c6ecb41!3m1!1s2@1:CAIQACodChtycF9oOkZTdmNtTktwUDVkbFJrZ052U0NXNWc%7C%7C?hl=ru,4.0,187,2025-08-04 08:51:54+00:00,233,0,0,0,0,0,0,0,0,0,0
Happy End Bar&Kitchen,Ci9DQUlRQUNvZENodHljRjlvT2w5V1dYbGpWVW8zUjFCRlEwSkZkM2RHY0VoQlYxRRAB,5,"Подруги тайком отвезли сюда на девичник. Подкатили к Happy End на тонированном BMW и эпохально зашли 😂 В этот день повезло с диджеем, играли классные песни. Успели и потанцевать, и выпить и даже научиться правильно пить текилу. За инструктаж отдельно благодарим бармена с короткими волосами, он был супер милым 🥹 И за подарочный милфкейк от команды тоже tnx!!",https://www.google.com/maps/reviews/data=!4m8!14m7!1m6!2m5!1sCi9DQUlRQUNvZENodHljRjlvT2w5V1dYbGpWVW8zUjFCRlEwSkZkM2RHY0VoQlYxRRAB!2m1!1s0x0:0x9d94b4cc3c6ecb41!3m1!1s2@1:CAIQACodChtycF9oOl9WWXljVUo3R1BFQ0JFd3dGcEhBV1E%7C%7C?hl=ru,4.0,187,2025-08-02 09:09:00+00:00,359,0,0,0,0,0,0,0,0,0,0
Happy End Bar&Kitchen,Ci9DQUlRQUNvZENodHljRjlvT21ocWIycHZjbm8yYzNvMlEyNWlaRjlUTjBWRE4yYxAB,5,"Вот не в одном баре я не ел такого вкусного бургера. Видно, что ребята заботятся не только о том чтобы было вкусно выпить, но и поесть. Советую тот что с голубым сыром и вишней. С чем-нибудь крепким залетает как к себе домой.",https://www.google.com/maps/reviews/data=!4m8!14m7!1m6!2m5!1sCi9DQUlRQUNvZENodHljRjlvT21ocWIycHZjbm8yYzNvMlEyNWlaRjlUTjBWRE4yYxAB!2m1!1s0x0:0x9d94b4cc3c6ecb41!3m1!1s2@1:CAIQACodChtycF9oOmhqb2pvcno2c3o2Q25iZF9TN0VDN2c%7C%7C?hl=ru,4.0,187,2025-07-31 07:19:07+00:00,225,0,0,0,0,0,0,0,0,0,0
Happy End Bar&Kitchen,Ci9DQUlRQUNvZENodHljRjlvT2psZlpXcHpVM3BtVm1ORWVYWm9kekpPTkZSUVUzYxAB,5,"Блин, какой был крутой гест с Машей Баранец 😻 Мы два дня подряд ходили!! Коктейль Бэйзил инстинкт понравился очень, свежий, легкий, с горчинкой. Мб введете на постоянку 🙏🏻",https://www.google.com/maps/reviews/data=!4m8!14m7!1m6!2m5!1sCi9DQUlRQUNvZENodHljRjlvT2psZlpXcHpVM3BtVm1ORWVYWm9kekpPTkZSUVUzYxAB!2m1!1s0x0:0x9d94b4cc3c6ecb41!3m1!1s2@1:CAIQACodChtycF9oOjlfZWpzU3pmVmNEeXZodzJONFRQU3c%7C%7C?hl=ru,4.0,187,2025-07-29 08:46:05+00:00,171,0,0,0,0,0,0,0,0,0,0
Happy End Bar&Kitchen,Ci9DQUlRQUNvZENodHljRjlvT2pObU5GSlRjMnR3UjNwQk9EQnllR1l4UjJKSGVtYxAB,5,"мне кажется, одно из лучших мест для ночной жизни в Москве. есть танцпол, желтая комната с камерной атмосферой, крутейшие коктейли, небольшое, но реально вкусное меню. фейс-контроль не очень строгий, но все же лучше выглядеть прилично))",https://www.google.com/maps/reviews/data=!4m8!14m7!1m6!2m5!1sCi9DQUlRQUNvZENodHljRjlvT2pObU5GSlRjMnR3UjNwQk9EQnllR1l4UjJKSGVtYxAB!2m1!1s0x0:0x9d94b4cc3c6ecb41!3m1!1s2@1:CAIQACodChtycF9oOjNmNFJTc2twR3pBODByeGYxR2JHemc%7C%7C?hl=ru,4.0,187,2025-07-27 14:39:59+00:00,236,0,0,0,0,0,0,0,0,0,0
Happy End Bar&Kitchen,Ci9DQUlRQUNvZENodHljRjlvT21sWmMzaEZNakEwUTBwc1QwaG9lbk5CV1RoamVGRRAB,5,"С удовольствием возвращаюсь в родной Happy End. Незаезженные плейлисты, вкусные коктейли, самая крутая картошка фри, всегда приятная публика.",https://www.google.com/maps/reviews/data=!4m8!14m7!1m6!2m5!1sCi9DQUlRQUNvZENodHljRjlvT21sWmMzaEZNakEwUTBwc1QwaG9lbk5CV1RoamVGRRAB!2m1!1s0x0:0x9d94b4cc3c6ecb41!3m1!1s2@1:CAIQACodChtycF9oOmlZc3hFMjA0Q0psT0hoenNBWThjeFE%7C%7C?hl=ru,4.0,187,2025-07-24 08:02:17+00:00,141,0,0,0,0,0,0,0,0,0,0
Happy End Bar&Kitchen,Ci9DQUlRQUNvZENodHljRjlvT25kaU9EbENObUpGVVZwamRDMUpkRzgxTW5vdFluYxAB,5,"Даже не планировали сюда заходить, но гуляли по Патрикам и розовая вывеска заманила нас сама) Всем рекомендую попробовать здесь Порн Стар Мартини, делают прям очень хорошо 🤌🏻",https://www.google.com/maps/reviews/data=!4m8!14m7!1m6!2m5!1sCi9DQUlRQUNvZENodHljRjlvT25kaU9EbENObUpGVVZwamRDMUpkRzgxTW5vdFluYxAB!2m1!1s0x0:0x9d94b4cc3c6ecb41!3m1!1s2@1:CAIQACodChtycF9oOndiODlCNmJFUVpjdC1JdG81MnotYnc%7C%7C?hl=ru,4.0,187,2025-07-21 10:28:53+00:00,174,0,0,0,0,0,0,0,0,0,0
Happy End Bar&Kitchen,Ci9DQUlRQUNvZENodHljRjlvT25OVVV6QXlTMTlPT0ZVM1ZVeHpXVUpJY0doelkxRRAB,5,"Были с другом, все супер. Фейсеры адекватные. Пьяных не пускают, а всем нормальным велком. Ценник на алкоголь немного высокий , но это компенсируется крутыми диджеями, которых не везде встретишь. Публика разная, есть с кем познакомиться)",https://www.google.com/maps/reviews/data=!4m8!14m7!1m6!2m5!1sCi9DQUlRQUNvZENodHljRjlvT25OVVV6QXlTMTlPT0ZVM1ZVeHpXVUpJY0doelkxRRAB!2m1!1s0x0:0x9d94b4cc3c6ecb41!3m1!1s2@1:CAIQACodChtycF9oOnNUUzAyS19OOFU3VUxzWUJIcGhzY1E%7C%7C?hl=ru,4.0,187,2025-07-18 10:40:24+00:00,237,0,0,0,0,0,1,0,0,0,0
Happy End Bar&Kitchen,Ci9DQUlRQUNvZENodHljRjlvT2w5SVgyUllhMGMwY0ZkcFpVZHRPVjl5VTNsNlJWRRAB,5,"Думали, что зайдем ненадолго, а в итоге остались  на всю ночь 🤭 Такая тут приятная атмосфера, все танцуют, веселятся и живут эту жизнь на все сто. Идеальное место для тех кто умеет и любить тусоваться",https://www.google.com/maps/reviews/data=!4m8!14m7!1m6!2m5!1sCi9DQUlRQUNvZENodHljRjlvT2w5SVgyUllhMGMwY0ZkcFpVZHRPVjl5VTNsNlJWRRAB!2m1!1s0x0:0x9d94b4cc3c6ecb41!3m1!1s2@1:CAIQACodChtycF9oOl9IX2RYa0c0cFdpZUdtOV9yU3l6RVE%7C%7C?hl=ru,4.0,187,2025-07-16 17:19:06+00:00,200,0,0,0,0,0,0,0,0,0,0
Happy End Bar&Kitchen,ChZDSUhNMG9nS0VJQ0FnSUNINU9XYWJBEAE,1,"Сервис оставляет желать лучшего:) Были несколько раз, и каждый раз бармены стоят с недовольными лицами и буквально  бросают сдачу на стол…",https://www.google.com/maps/reviews/data=!4m8!14m7!1m6!2m5!1sChZDSUhNMG9nS0VJQ0FnSUNINU9XYWJBEAE!2m1!1s0x0:0x9d94b4cc3c6ecb41!3m1!1s2@1:CIHM0ogKEICAgICH5OWabA%7C%7C?hl=ru,4.0,187,2024-09-01 12:43:39+00:00,138,0,0,1,0,0,0,0,0,0,0
Happy End Bar&Kitchen,ChZDSUhNMG9nS0VJQ0FnSUM3eGFIUVRnEAE,1,"Народу,тьма, все толкаются, на баре
принимают только нал, видимо потому что уходят от
налогов, но цены при этом высокие и ещё
сверху непонятный сервисный сбор к
каждой позиции. Вы ничего не
перепутули?! Не в России живёте?",https://www.google.com/maps/reviews/data=!4m8!14m7!1m6!2m5!1sChZDSUhNMG9nS0VJQ0FnSUM3eGFIUVRnEAE!2m1!1s0x0:0x9d94b4cc3c6ecb41!3m1!1s2@1:CIHM0ogKEICAgIC7xaHQTg%7C%7C?hl=ru,4.0,187,2024-08-17 09:52:31+00:00,222,0,0,0,0,1,1,0,0,0,0
Happy End Bar&Kitchen,ChdDSUhNMG9nS0VJQ0FnSUNydHREenpRRRAB,2,Переоцененное место. музыка после 23:00 как в обычном сетевом клубе,https://www.google.com/maps/reviews/data=!4m8!14m7!1m6!2m5!1sChdDSUhNMG9nS0VJQ0FnSUNydHREenpRRRAB!2m1!1s0x0:0x9d94b4cc3c6ecb41!3m1!1s2@1:CIHM0ogKEICAgICrttDzzQE%7C%7C?hl=ru,4.0,187,2024-07-06 22:36:43+00:00,67,0,1,0,0,0,0,0,0,0,0
Happy End Bar&Kitchen,ChdDSUhNMG9nS0VJQ0FnSUR0ckk2ZWp3RRAB,1,К сожалению место не очень. Не советую.,https://www.google.com/maps/reviews/data=!4m8!14m7!1m6!2m5!1sChdDSUhNMG9nS0VJQ0FnSUR0ckk2ZWp3RRAB!2m1!1s0x0:0x9d94b4cc3c6ecb41!3m1!1s2@1:CIHM0ogKEICAgIDtrI6ejwE%7C%7C?hl=ru,4.0,187,2024-02-03 00:44:40+00:00,39,0,0,0,0,0,0,0,0,0,0
Happy End Bar&Kitchen,ChZDSUhNMG9nS0VJQ0FnSUR0c1BPS0ZBEAE,5,"странное заведение. надо быть слишком пьяным или укуренным, чтобы там как то было интересно. захотел попить воды, меня долго отсылали от одного к другому бармену. так и не дали. я взял и ушел. скучно стало. а напиваться я не захотел.",https://www.google.com/maps/reviews/data=!4m8!14m7!1m6!2m5!1sChZDSUhNMG9nS0VJQ0FnSUR0c1BPS0ZBEAE!2m1!1s0x0:0x9d94b4cc3c6ecb41!3m1!1s2@1:CIHM0ogKEICAgIDtsPOKFA%7C%7C?hl=ru,4.0,187,2024-02-02 04:13:43+00:00,233,0,0,1,0,0,0,0,0,0,0
Happy End Bar&Kitchen,ChdDSUhNMG9nS0VJQ0FnSUNaNi1DYjBnRRAB,5,Отличный  место,https://www.google.com/maps/reviews/data=!4m8!14m7!1m6!2m5!1sChdDSUhNMG9nS0VJQ0FnSUNaNi1DYjBnRRAB!2m1!1s0x0:0x9d94b4cc3c6ecb41!3m1!1s2@1:CIHM0ogKEICAgICZ6-Cb0gE%7C%7C?hl=ru,4.0,187,2023-09-18 12:43:13+00:00,15,0,0,0,0,0,0,0,0,0,0
Happy End Bar&Kitchen,ChZDSUhNMG9nS0VJQ0FnSUNwdDlPY0FnEAE,1,"Бар утверждает, что дресс-кода нет, при этом нам отказали на фейс-контроле (были в топах и джинсах). При нас пропускали только полуодетых девушек на каблуках и мужчин, которые, очевидно, будут делать кассу :) Не тратьте время🤷🏼‍♀️",https://www.google.com/maps/reviews/data=!4m8!14m7!1m6!2m5!1sChZDSUhNMG9nS0VJQ0FnSUNwdDlPY0FnEAE!2m1!1s0x0:0x9d94b4cc3c6ecb41!3m1!1s2@1:CIHM0ogKEICAgICpt9OcAg%7C%7C?hl=ru,4.0,187,2023-08-12 11:52:35+00:00,230,1,0,0,0,0,0,0,0,0,0
Happy End Bar&Kitchen,ChZDSUhNMG9nS0VJQ0FnSUR4OUtDREpBEAE,2,Народу тьма. Музыка так себе. Много подростков и мужичков лет 45ти ищущих телочку. Помещение не интересное. Тупо большая квадратная комната. Напитки хорошие это да :),https://www.google.com/maps/reviews/data=!4m8!14m7!1m6!2m5!1sChZDSUhNMG9nS0VJQ0FnSUR4OUtDREpBEAE!2m1!1s0x0:0x9d94b4cc3c6ecb41!3m1!1s2@1:CIHM0ogKEICAgIDx9KCDJA%7C%7C?hl=ru,4.0,187,2023-06-02 20:22:18+00:00,166,0,1,0,0,1,0,0,0,1,0
Happy End Bar&Kitchen,ChZDSUhNMG9nS0VJQ0FnSURtenNtaklnEAE,4,"Были на завтраке в коллаборации с instafoodpassion. Еда вкусная, но хотелось бы подачу блюд одновременно, если мы за столиком вдвоём заказали одновременно) так как второе блюдо мы ещё минут 7-10 ждали) и одно из наших блюд уже успело остыть. А так все супер! Вкусно и сочетания все классные. В самом помещении темновато.",https://www.google.com/maps/reviews/data=!4m8!14m7!1m6!2m5!1sChZDSUhNMG9nS0VJQ0FnSURtenNtaklnEAE!2m1!1s0x0:0x9d94b4cc3c6ecb41!3m1!1s2@1:CIHM0ogKEICAgIDmzsmjIg%7C%7C?hl=ru,4.0,187,2022-01-28 16:46:34+00:00,320,0,0,1,1,1,0,0,0,0,0
GIPSY,Ci9DQUlRQUNvZENodHljRjlvT2toelp6ZENURWhsVVV0UE1rMUtjamwwY0hkRk0wRRAB,5,"Был здесь на выпускном и завидовал выпускникам - в моё время о таком я даже не мог и мечтать -))

Клуб давний, с историей; как оказалось, я тут был, но... лет 15 назад. А постепенно что-то начало вспоминаться -))

Gypsy - многоуровневый, что в нашем случае дало возможность разделить зону родителей и зону детей (у детей к родителям доступа не было, а родителей к детям - был).
Сцена и танцпол, вроде бы, небольшие, но места хватило всем.

Прочитал в одном из отзывов (с другого выпускного), что организация была плохой.
В нашем случае организация была очень крутой.
То, что всех обыскивали - так клуб рискует закрытием, если они позволят подросткам пронести алкоголь.
Но я бы не сказал, что девушек обыскивали как-то слишком сурово. Другое дело, что всего один человек был на рамке, что задерживало всю девичью группу.
Зато парней обыскивали быстро.
Замечу - и родителей, и учителей - всех.
И это - тоже правильно.

А так - свет, звук, шоу - всё было на высочайшем уровне. Даже такому домоседу, как я, всё понравилось -)

Охранники - немолодые, довольно суровые, большие, но любое их вмешательство было корректным и по делу.

Gypsy по-прежнему крут.
И стандарт выпускного - высочайший стандарт - для меня теперь неизменно ассоциируется с ним.",https://www.google.com/maps/reviews/data=!4m8!14m7!1m6!2m5!1sCi9DQUlRQUNvZENodHljRjlvT2toelp6ZENURWhsVVV0UE1rMUtjamwwY0hkRk0wRRAB!2m1!1s0x0:0x90fc8bf9a8948b57!3m1!1s2@1:CAIQACodChtycF9oOkhzZzdCTEhlUUtPMk1Kcjl0cHdFM0E%7C%7C?hl=ru,3.4,628,2026-07-06 07:22:59+00:00,1243,0,0,0,0,0,0,0,0,0,0
GIPSY,Ci9DQUlRQUNvZENodHljRjlvT21GRGNYRmZaVGhWWjBGbGRFWkNObmxhUVc1RGQyYxAB,5,"Для многих это место культовое, я была здесь на концерте ЛСП, впечатления остались положительные. Аккустика хорошая, танцпол большой, коктейли вкусные. На фейс-контроле действительно кого-то разворачивали, но объясняли причину - в основном из-за спортивной одежды или отсутствия паспорта.",https://www.google.com/maps/reviews/data=!4m8!14m7!1m6!2m5!1sCi9DQUlRQUNvZENodHljRjlvT21GRGNYRmZaVGhWWjBGbGRFWkNObmxhUVc1RGQyYxAB!2m1!1s0x0:0x90fc8bf9a8948b57!3m1!1s2@1:CAIQACodChtycF9oOmFDcXFfZThVZ0FldEZCNnlaQW5Dd2c%7C%7C?hl=ru,3.4,628,2026-05-16 14:36:19+00:00,288,0,0,0,0,0,0,0,0,0,0
GIPSY,Ci9DQUlRQUNvZENodHljRjlvT2xKTFJtd3lNRTQ1YjJKcmVrZFBjbkprVWw5UWMzYxAB,5,Hi. I want to go to ghost club tonight. What is the entry fee (if any) and can 1 stag enter?,https://www.google.com/maps/reviews/data=!4m8!14m7!1m6!2m5!1sCi9DQUlRQUNvZENodHljRjlvT2xKTFJtd3lNRTQ1YjJKcmVrZFBjbkprVWw5UWMzYxAB!2m1!1s0x0:0x90fc8bf9a8948b57!3m1!1s2@1:CAIQACodChtycF9oOlJLRmwyME45b2JrekdPcnJkUl9Qc3c%7C%7C?hl=ru,3.4,628,2026-05-02 12:43:33+00:00,92,0,0,0,0,0,0,0,0,0,0
GIPSY,Ci9DQUlRQUNvZENodHljRjlvT21WUFdsWmtXV2hVYld0bFowdEZTemhZU1hjelgyYxAB,1,"Ужасная организация, не пускаю по купленным билетам( парный танцпол), ждали целый час, с обычными билетами пустили, в обычном порядке, нас же держали ЦЕЛЫЙ ЧАС, не советую к посещению данную площадку для концертов",https://www.google.com/maps/reviews/data=!4m8!14m7!1m6!2m5!1sCi9DQUlRQUNvZENodHljRjlvT21WUFdsWmtXV2hVYld0bFowdEZTemhZU1hjelgyYxAB!2m1!1s0x0:0x90fc8bf9a8948b57!3m1!1s2@1:CAIQACodChtycF9oOmVPWlZkWWhUbWtlZ0tFSzhYSXczX2c%7C%7C?hl=ru,3.4,628,2026-04-17 15:10:01+00:00,213,1,0,0,0,0,0,0,0,0,1
GIPSY,Ci9DQUlRQUNvZENodHljRjlvT25kUVdIRTVkemczZEY4dFlXNWhhM1k0ZG5OdGRGRRAB,1,"На сайте/ в соц. сетях написано о бесплатном входе на 14 февраля для всех девушек, по итогу после нахождения на улице порядка двух часов на морозе в коротких юбках нас девушек не впустили, поставив перед выбором платить 35к депозита или уходить. Таким образом, ситуация получилась неприятная, отстояв на морозе и отморозив все органы (наряженные девочки в коротких юбках и тонких кофточках) более двух часов пришлось уйти. Таким образом, вы ввели посетителей в заблуждение, так как обещали бесплатнный вход в течении всего времени, а по факту без возможности бесплатно зайти

Это оказалось очень неприятно, праздник испорчен",https://www.google.com/maps/reviews/data=!4m8!14m7!1m6!2m5!1sCi9DQUlRQUNvZENodHljRjlvT25kUVdIRTVkemczZEY4dFlXNWhhM1k0ZG5OdGRGRRAB!2m1!1s0x0:0x90fc8bf9a8948b57!3m1!1s2@1:CAIQACodChtycF9oOndQWHE5dzg3dF8tYW5ha3Y4dnNtdFE%7C%7C?hl=ru,3.4,628,2026-02-14 23:33:33+00:00,624,1,0,0,0,0,1,1,0,0,0
GIPSY,Ci9DQUlRQUNvZENodHljRjlvT2taWFJ6TmhjVlpPZFVwbVdrWkNZVmhEVlc5elpFRRAB,1,Заболел из-за медленнлй очереди. Морозят людей на холоде.,https://www.google.com/maps/reviews/data=!4m8!14m7!1m6!2m5!1sCi9DQUlRQUNvZENodHljRjlvT2taWFJ6TmhjVlpPZFVwbVdrWkNZVmhEVlc5elpFRRAB!2m1!1s0x0:0x90fc8bf9a8948b57!3m1!1s2@1:CAIQACodChtycF9oOkZXRzNhcVZOdUpmWkZCYVhDVW9zZEE%7C%7C?hl=ru,3.4,628,2026-01-01 00:09:47+00:00,57,0,0,0,0,1,0,0,0,0,0
GIPSY,Ci9DQUlRQUNvZENodHljRjlvT210Rk4ybHVSR1ZMWVRORmVYVnpOM2sxVFhoaFgwRRAB,1,"Развернули без объяснений)
( дресс код ,паспорт и тд было соблюдены)
Классный новый год ребята спасибо
Купила билет ещё 13 ноября...
Смысл вообще что то онлайн продавать если можно не пускать без причины просто так)?",https://www.google.com/maps/reviews/data=!4m8!14m7!1m6!2m5!1sCi9DQUlRQUNvZENodHljRjlvT210Rk4ybHVSR1ZMWVRORmVYVnpOM2sxVFhoaFgwRRAB!2m1!1s0x0:0x90fc8bf9a8948b57!3m1!1s2@1:CAIQACodChtycF9oOmtFN2luRGVLYTNFeXVzN3k1TXhhX0E%7C%7C?hl=ru,3.4,628,2025-12-31 21:57:42+00:00,216,1,0,0,0,0,0,0,0,0,0
GIPSY,Ci9DQUlRQUNvZENodHljRjlvT2tVd2RFMW9ka3hwVEdaT1VERk5RVWs0YzNKblRrRRAB,1,سيي جدا,https://www.google.com/maps/reviews/data=!4m8!14m7!1m6!2m5!1sCi9DQUlRQUNvZENodHljRjlvT2tVd2RFMW9ka3hwVEdaT1VERk5RVWs0YzNKblRrRRAB!2m1!1s0x0:0x90fc8bf9a8948b57!3m1!1s2@1:CAIQACodChtycF9oOkUwdE1odkxpTGZOUDFNQUk4c3JnTkE%7C%7C?hl=ru,3.4,628,2025-12-30 20:29:11+00:00,7,0,0,0,0,0,0,0,0,0,0
GIPSY,Ci9DQUlRQUNvZENodHljRjlvT213M1pGcEdkbEpZWkVkeU5WUk5kelZoWjI5M1RFRRAB,2,"Официантки клянчат деньги,обслуживание 4/10.За такое обслуживание жаба давит,чтобы оставить им чаевые.Но пришлось дать наличными,так как мы сказав что на карте у нас нет денег(вы можете мне дать наличными)такой ответ мы получили.Хотя у нас депозит вышел 46000₽
Но атмосфера нам очень нравится,музыки,диджеи,охранники хорошо делают свою работу",https://www.google.com/maps/reviews/data=!4m8!14m7!1m6!2m5!1sCi9DQUlRQUNvZENodHljRjlvT213M1pGcEdkbEpZWkVkeU5WUk5kelZoWjI5M1RFRRAB!2m1!1s0x0:0x90fc8bf9a8948b57!3m1!1s2@1:CAIQACodChtycF9oOmw3ZFpGdlJYZEdyNVRNdzVhZ293TEE%7C%7C?hl=ru,3.4,628,2025-11-29 13:39:04+00:00,342,0,0,1,0,0,1,0,0,0,0
GIPSY,Ci9DQUlRQUNvZENodHljRjlvT2xoaFVsUjBielpQTVY5YVEwOUpVazlLTjNwVFkyYxAB,1,"Действительно фейсеры не пропускают людей с заранее купленными билетами, потратил 10к в пустую... пишут, якобы правила заведения) как это связано с мероприятиями, на которые люди покупают билеты, а не просто приходят потусить никто адекватно не ответит) хотя при этом билет все же сканируют, чтобы ""отметить"" человека) два раза уже не проходили фейсеров с луками на 300к+ ))) делайте выводы",https://www.google.com/maps/reviews/data=!4m8!14m7!1m6!2m5!1sCi9DQUlRQUNvZENodHljRjlvT2xoaFVsUjBielpQTVY5YVEwOUpVazlLTjNwVFkyYxAB!2m1!1s0x0:0x90fc8bf9a8948b57!3m1!1s2@1:CAIQACodChtycF9oOlhhUlR0bzZPMV9aQ09JUk9KN3pTY2c%7C%7C?hl=ru,3.4,628,2025-10-20 13:36:53+00:00,390,1,0,0,0,0,1,0,0,0,1
GIPSY,Ci9DQUlRQUNvZENodHljRjlvT25kaFIwdEpTakpYZEdWMU5IWXRVRzVyV1U4emNIYxAB,1,"в пятницу (17.10.2025) купили билеты через яндекс афишу на тусовку дифм, хотели потанцевать, послушать музыку. пускать на мероприятие стали только в 22/00, так нас  еще и не пустили. билеты предоплаченные отсканили, но в клуб не пустили, сказав, что  дословно ""у них проходят не все"". Охранник заверил, что деньги вернут (мой билет стоил именно на тусовку 2500р., подруга взяла за 3000р.)
Некрасиво поступили, у подруги еще и день рождения был в  этот день. Очень ждем, что Вы нам компенсируете затраты на билеты и моральный вред.",https://www.google.com/maps/reviews/data=!4m8!14m7!1m6!2m5!1sCi9DQUlRQUNvZENodHljRjlvT25kaFIwdEpTakpYZEdWMU5IWXRVRzVyV1U4emNIYxAB!2m1!1s0x0:0x90fc8bf9a8948b57!3m1!1s2@1:CAIQACodChtycF9oOndhR0tJSjJXdGV1NHYtUG5rWU8zcHc%7C%7C?hl=ru,3.4,628,2025-10-20 09:21:01+00:00,530,1,0,0,0,0,1,0,0,0,0
GIPSY,Ci9DQUlRQUNvZENodHljRjlvT2xsVU5FWTBlbGhuWDJkaVowNXRWRTlGWjFsMWMyYxAB,1,"Отвратительное место. Добиралась три часа. Фейс контроль, не пропустил по билету. А смысл тогда вообще продавать билеты на сайте,если половину людей не пускают? Или ваш клуб так наживается на невинных людях?Если в течении недели,не вернутся деньги,будет написано заявление.Это заведение нужно проверять. Самый худший клуб.",https://www.google.com/maps/reviews/data=!4m8!14m7!1m6!2m5!1sCi9DQUlRQUNvZENodHljRjlvT2xsVU5FWTBlbGhuWDJkaVowNXRWRTlGWjFsMWMyYxAB!2m1!1s0x0:0x90fc8bf9a8948b57!3m1!1s2@1:CAIQACodChtycF9oOllUNEY0elhnX2diZ05tVE9FZ1l1c2c%7C%7C?hl=ru,3.4,628,2025-10-19 18:52:17+00:00,322,1,0,0,0,0,1,0,0,0,0
GIPSY,Ci9DQUlRQUNvZENodHljRjlvT25kZlJpMHhWMVZmTUdnd1J6Uk9XazluVDNRdFVtYxAB,4,"Fun place, lots of people, music good if you’re into mainstream stuff. cocktails strong, crowd chill. not a fan of the entrance line, though, we waited 20 minutes to get in. still, a good vibe overall.",https://www.google.com/maps/reviews/data=!4m8!14m7!1m6!2m5!1sCi9DQUlRQUNvZENodHljRjlvT25kZlJpMHhWMVZmTUdnd1J6Uk9XazluVDNRdFVtYxAB!2m1!1s0x0:0x90fc8bf9a8948b57!3m1!1s2@1:CAIQACodChtycF9oOndfRi0xV1VfMGgwRzROWk9nT3QtUmc%7C%7C?hl=ru,3.4,628,2025-10-07 10:44:01+00:00,201,0,0,0,0,0,0,0,0,0,0
GIPSY,Ci9DQUlRQUNvZENodHljRjlvT2pKRFlWOU9hbVJSU0UxRVYwWkRhR2xpVkZGeGNHYxAB,1,"Не попал на концерт любимого исполнителя , так как не прошел  фейс контроль , одет был прилично , пришел со второй половинкой ,  не смотря на покупку билета и соответствующий внешний вид,  было отказано . Отвратительное место , никому не советую.",https://www.google.com/maps/reviews/data=!4m8!14m7!1m6!2m5!1sCi9DQUlRQUNvZENodHljRjlvT2pKRFlWOU9hbVJSU0UxRVYwWkRhR2xpVkZGeGNHYxAB!2m1!1s0x0:0x90fc8bf9a8948b57!3m1!1s2@1:CAIQACodChtycF9oOjJDYV9OamRRSE1EV0ZDaGliVFFxcGc%7C%7C?hl=ru,3.4,628,2025-09-26 22:17:05+00:00,246,1,0,0,0,0,0,0,0,0,0
GIPSY,Ci9DQUlRQUNvZENodHljRjlvT25SSVF6bFhVVUpGTlc5RFlVRlVZWFJLU1ZkV09FRRAB,1,"Отвратительное место
Огромное количество концертов организовывается на данной площадке, а попасть на эти концерты нет возможности, без объяснения причины вас просто развернут, ваша площадка интересна только со стороны выступающих артистов, в остальном из запоминающегося только хамло персонал с надменными лицами
Никогда больше не вернусь даже под предлогом концертов
Очень надеюсь на возврат средств, потому что ваша организация не стоит и копейки….
На входе сказали, что билеты отменили, возврат средств придет. Подошла уточнила перед уходом, на что получила ответ: ну мы же не первый год так работаем, таких ситуаций миллион, идите. После того, как была написана заявка в поддержку выяснилось, что никакую отмену не произвели и теперь нужно разбираться
Вот вам и образцово-показательное место с замечательным фейс контролем, состоящим из 2 человек: парня, сканирующего билеты, и охранника, которые решают, попадете вы на концерт любимого артиста или нет)",https://www.google.com/maps/reviews/data=!4m8!14m7!1m6!2m5!1sCi9DQUlRQUNvZENodHljRjlvT25SSVF6bFhVVUpGTlc5RFlVRlVZWFJLU1ZkV09FRRAB!2m1!1s0x0:0x90fc8bf9a8948b57!3m1!1s2@1:CAIQACodChtycF9oOnRIQzlXUUJFNW9DYUFUYXRKSVdWOEE%7C%7C?hl=ru,3.4,628,2025-09-20 00:43:26+00:00,957,1,0,1,0,0,1,0,0,0,1
GIPSY,Ci9DQUlRQUNvZENodHljRjlvT2t4TGNVSkJOV0pDWHpsVVZHUlVja0YxZWtwWlQzYxAB,1,"Убогий персонал, в ночь 12 на 13.09 не попали на концерт, из за фэс контроля, интересно к чему это причастно, заведение отстой",https://www.google.com/maps/reviews/data=!4m8!14m7!1m6!2m5!1sCi9DQUlRQUNvZENodHljRjlvT2t4TGNVSkJOV0pDWHpsVVZHUlVja0YxZWtwWlQzYxAB!2m1!1s0x0:0x90fc8bf9a8948b57!3m1!1s2@1:CAIQACodChtycF9oOkxLcUJBNWJCXzlUVGRUckF1ekpZT3c%7C%7C?hl=ru,3.4,628,2025-09-13 05:55:46+00:00,126,1,0,1,0,0,0,0,0,0,0
GIPSY,Ci9DQUlRQUNvZENodHljRjlvT2xZNFlXUkhiSGRWVW1KdmMxZHRlRVYxT1ZBeGFWRRAB,1,"Без каких-либо объяснений на входе требуют проходку, когда ночь без депозита
Замечательное заведение)) никому не советую
Это был мой худший опыт",https://www.google.com/maps/reviews/data=!4m8!14m7!1m6!2m5!1sCi9DQUlRQUNvZENodHljRjlvT2xZNFlXUkhiSGRWVW1KdmMxZHRlRVYxT1ZBeGFWRRAB!2m1!1s0x0:0x90fc8bf9a8948b57!3m1!1s2@1:CAIQACodChtycF9oOlY4YWRHbHdVUmJvc1dteEV1OVAxaVE%7C%7C?hl=ru,3.4,628,2025-08-30 23:24:39+00:00,144,1,0,0,0,0,0,0,0,0,0
GIPSY,Ci9DQUlRQUNvZENodHljRjlvT21Jek9FWkdTSHBVWmpWNVVGZGlhM05ETFVvek5tYxAB,1,"Была в этом клубе год назад на концерте CMH, была приятно поражена атмосферой и вайбом, впечатления БЫЛИ хорошие. Спустя год (24.08.2025) пришли с сестрой сюда же на тот же концерт. В этот раз не впустили фейсеры без причины! Билеты куплены, оплачены. Мы пришли к 19:00 (начало концерта) нас попросили подождать до 19:50, так как не проходили по дресс коду. Не спорю, наш косяк. Мы без возмущений подождали 50 минут с другими ребятами, которых тоже не пропустили по причине несоответствия дресс кода. Затем пошли показывать билеты и паспорта и нас не пропустили вообще без причин! При этом ржали. Видео у меня имеется этих лиц (три скуфских охранника) и главное остальных ребят спокойно пропустили, а нас с сестрой нет. Пыталась решить проблему на месте. Один из них объявился якобы администратором (в этом я сильно сомневаюсь, думаю обманули) и сказал, что это не его проблемы, шуруйте отсюда и смеется)
Почитав отзывы других обманутых людей подобным образом бедолаг как мы и несуразные ответы владельца, могу сделать вывод, что это всё общая тема мошенничества! Эти вишибалы потом трясут деньги за проход и делят их между собой. Хотя, с чего вообще платить? У нас КУПЛЕН билет. Короче, понанимали зеков и зеки крышуют. Обидно! Было хорошее впечатление. Совести 0 у товарищей.",https://www.google.com/maps/reviews/data=!4m8!14m7!1m6!2m5!1sCi9DQUlRQUNvZENodHljRjlvT21Jek9FWkdTSHBVWmpWNVVGZGlhM05ETFVvek5tYxAB!2m1!1s0x0:0x90fc8bf9a8948b57!3m1!1s2@1:CAIQACodChtycF9oOmIzOEZGSHpUZjV5UFdia3NDLUozNmc%7C%7C?hl=ru,3.4,628,2025-08-26 07:38:45+00:00,1277,1,0,1,0,0,0,0,0,0,0
GIPSY,Ci9DQUlRQUNvZENodHljRjlvT2tSdldUQjJkRkJLV0RSalZETXpVRVkzVmxKT05GRRAB,1,"Не пропустили по купленным билетам. Продали намного больше билетов, чем есть вместимость клуба, больше половины очереди отсеяли",https://www.google.com/maps/reviews/data=!4m8!14m7!1m6!2m5!1sCi9DQUlRQUNvZENodHljRjlvT2tSdldUQjJkRkJLV0RSalZETXpVRVkzVmxKT05GRRAB!2m1!1s0x0:0x90fc8bf9a8948b57!3m1!1s2@1:CAIQACodChtycF9oOkRvWTB2dFBKWDRjVDMzUEY3VlJONFE%7C%7C?hl=ru,3.4,628,2025-08-22 21:39:42+00:00,127,1,0,0,0,0,0,0,0,0,1
GIPSY,Ci9DQUlRQUNvZENodHljRjlvT25sdmRUWjRPSEZ2VjE4eVNXTlhjMUpVUzE4NFQwRRAB,1,"Хотели сходить к вам, но почитав отзывы, точно не пойдем. Хорошо билеты не купили)) странно, что вообще такое можно делать. И по ответам ""владельца"", чувствуется, что ему совершенно наплевать. Хотя в Москве столько народу, что на десять недовольных, придет куча довольных. Ужас даже не в заведении, а просто в гнилом человеке. У такого и не может быть ничего нормального.",https://www.google.com/maps/reviews/data=!4m8!14m7!1m6!2m5!1sCi9DQUlRQUNvZENodHljRjlvT25sdmRUWjRPSEZ2VjE4eVNXTlhjMUpVUzE4NFQwRRAB!2m1!1s0x0:0x90fc8bf9a8948b57!3m1!1s2@1:CAIQACodChtycF9oOnlvdTZ4OHFvV18ySWNXc1JUS184T0E%7C%7C?hl=ru,3.4,628,2025-08-10 13:18:03+00:00,371,0,0,0,0,0,0,0,0,0,0
GIPSY,Ci9DQUlRQUNvZENodHljRjlvT2xCclUwdFRORU5zWTNKU1pHdExiRlpQU1c5aFNXYxAB,2,كان هذا الملهى جيدا ولكن حاليا اصبح الامر استغلال خصوصا ذلك الموظف الذي يبدو اقرب للصينيين يقوم استغلال الزبائن طلب منا دفع مبلغ ٥٠ الف روبل ع ان جلسنا ف مكان الvib ووافقنا وادخلنا من ممر الvib ثم وصلنا لاخر جلسة بعيده عن المكان المخصص للرقص فغادرنا عندها قام بالسب,https://www.google.com/maps/reviews/data=!4m8!14m7!1m6!2m5!1sCi9DQUlRQUNvZENodHljRjlvT2xCclUwdFRORU5zWTNKU1pHdExiRlpQU1c5aFNXYxAB!2m1!1s0x0:0x90fc8bf9a8948b57!3m1!1s2@1:CAIQACodChtycF9oOlBrU0tTNENsY3JSZGtLbFZPSW9hSWc%7C%7C?hl=ru,3.4,628,2025-08-09 11:04:58+00:00,265,0,0,1,0,0,1,0,0,0,0
GIPSY,Ci9DQUlRQUNvZENodHljRjlvT2xoUk1GOXhVRzE2U2xWc01sbEJZVUowWm5sU0xWRRAB,1,Ужасная администрация ужасный персонал ужасная выпивка,https://www.google.com/maps/reviews/data=!4m8!14m7!1m6!2m5!1sCi9DQUlRQUNvZENodHljRjlvT2xoUk1GOXhVRzE2U2xWc01sbEJZVUowWm5sU0xWRRAB!2m1!1s0x0:0x90fc8bf9a8948b57!3m1!1s2@1:CAIQACodChtycF9oOlhRMF9xUG16SlVsMllBYUJ0ZnlSLVE%7C%7C?hl=ru,3.4,628,2025-08-02 22:40:26+00:00,54,0,0,1,1,0,0,0,0,0,0
GIPSY,Ci9DQUlRQUNvZENodHljRjlvT2t0RVdWZEROWHAzV1hWR2RYWktVVzlFYjBZMVRXYxAB,1,"Перед поездкой в gipsy, звонил им и узнавал стоимость депозита. Сказали 3к с лица. Приехали и охрана оценивающе с ног до головы выдали 25к с человека.",https://www.google.com/maps/reviews/data=!4m8!14m7!1m6!2m5!1sCi9DQUlRQUNvZENodHljRjlvT2t0RVdWZEROWHAzV1hWR2RYWktVVzlFYjBZMVRXYxAB!2m1!1s0x0:0x90fc8bf9a8948b57!3m1!1s2@1:CAIQACodChtycF9oOktEWVdDNXp3WXVGdXZKUW9Eb0Y1TWc%7C%7C?hl=ru,3.4,628,2025-07-11 23:58:41+00:00,150,1,0,0,0,0,1,1,0,0,0
GIPSY,Ci9DQUlRQUNvZENodHljRjlvT2tacGFWWldWemhpYjJaM1QxQlFkbXRtTkVkUmFGRRAB,5,Fiyatlar pahalı değil. Yaşadığım ülke gibi sömürmüyorlar. Atmosfer ve korografik danslar mükemmeldi. Gidecek olanlara tavsiye ederim,https://www.google.com/maps/reviews/data=!4m8!14m7!1m6!2m5!1sCi9DQUlRQUNvZENodHljRjlvT2tacGFWWldWemhpYjJaM1QxQlFkbXRtTkVkUmFGRRAB!2m1!1s0x0:0x90fc8bf9a8948b57!3m1!1s2@1:CAIQACodChtycF9oOkZpaVZWVzhib2Z3T1BQdmtmNEdRaFE%7C%7C?hl=ru,3.4,628,2025-07-03 09:39:16+00:00,132,0,0,0,0,0,0,0,0,0,0
GIPSY,Ci9DQUlRQUNvZENodHljRjlvT2tFd2VTMWpjVmd5VW5Sd1NrbGlVazlhYlRJNU1tYxAB,1,"Двойственное впечатление. Была в данном заведении более 8 раз.
Атмосфера на высоте, много барных стоек, за счет чего ни кто не стоит на голове пока изучаешь меню, чистота, в клубе охрана на каждом углу, ни разу не были замечены драки, какие-то потасовки присекались сразу.
НО ЕСТЬ ОГРОМНОЕ НО!!!
Фейсконтроль на входе в клуб это какая-то отдельная каста по принципу ""а давайте сыграем в русскую рулетку"" Вообще не понятен принцип входа, сегодня депозит 3к, завтра 6к (это с тем учётом что кол-во людей всегда одно) захотели разрешили пройти, захотели отказали без объяснения причин!!!
Вчера на входе проверив паспорта, затем отвлеклись на промоутеров обсудив какой-то вопрос, прервав оплату, нас с подругой развернули со словами ""извините,сегодня вы не сможете попасть в клуб"". Ну вы сначала
завершите !начатый!  диалог с гостем, а потом отвлекайтесь на посторонние разговоры, тем более там не один сотрудник стоит с кем можно обсудить рабочие моменты!!!
В итоге настроение испорчено и в следующий раз я навряд уже вернусь в ваше заведение.",https://www.google.com/maps/reviews/data=!4m8!14m7!1m6!2m5!1sCi9DQUlRQUNvZENodHljRjlvT2tFd2VTMWpjVmd5VW5Sd1NrbGlVazlhYlRJNU1tYxAB!2m1!1s0x0:0x90fc8bf9a8948b57!3m1!1s2@1:CAIQACodChtycF9oOkEweS1jcVgyUnRwSkliUk9abTI5Mmc%7C%7C?hl=ru,3.4,628,2025-06-21 10:46:09+00:00,1040,1,0,0,0,0,0,1,0,0,0
GIPSY,Ci9DQUlRQUNvZENodHljRjlvT2xObVoydEdjVlZJUmtSc2MxWlFVM0ZxZWtaQ2JsRRAB,1,"Отвратительное место. Душно, жарко, алкоголь отвратного качества, про еду молчу.",https://www.google.com/maps/reviews/data=!4m8!14m7!1m6!2m5!1sCi9DQUlRQUNvZENodHljRjlvT2xObVoydEdjVlZJUmtSc2MxWlFVM0ZxZWtaQ2JsRRAB!2m1!1s0x0:0x90fc8bf9a8948b57!3m1!1s2@1:CAIQACodChtycF9oOlNmZ2tGcVVIRkRsc1ZQU3FqekZCblE%7C%7C?hl=ru,3.4,628,2025-05-31 19:29:01+00:00,80,0,0,0,1,1,0,0,0,0,0
GIPSY,ChZDSUhNMG9nS0VJQ0FnTUNJbTdHMklnEAE,1,مقلب .. not good at all,https://www.google.com/maps/reviews/data=!4m8!14m7!1m6!2m5!1sChZDSUhNMG9nS0VJQ0FnTUNJbTdHMklnEAE!2m1!1s0x0:0x90fc8bf9a8948b57!3m1!1s2@1:CIHM0ogKEICAgMCIm7G2Ig%7C%7C?hl=ru,3.4,628,2025-04-04 21:17:43+00:00,23,0,0,0,0,0,0,0,0,0,1
GIPSY,ChdDSUhNMG9nS0VJQ0FnTURRbGRfcXZBRRAB,1,"ОТРАВИЛИ! Были с мужем в ВК Джипси 8 марта с 1:00 до 3:00 ночи, в конце зачем-то (уже сто раз пожалела) решила взять себе шаурму с курицей. Муж не стал есть, съела только я. И больше, кроме этой шаурмы я ничего не ела. Как итог - дикое отравление с ТЕМПЕРАТУРОЙ 38.2 уже 2 дня!! Подключила врачей уже.
Абсолютно халтурные коктейли, куда капают несколько капель алкоголя.
Из плюсов - хорошее шоу, танцевали отлично (на этом всё).
Была здесь несколько раз, но это было 3-4 года назад, такого ужаса никогда не было!!
Решайте сами, но главное НИЧЕГО ЗДЕСЬ НЕ ПОКУПАЙТЕ ИЗ ЕДЫ!! Просто предостерегаю людей от ОТРАВЛЕНИЯ.",https://www.google.com/maps/reviews/data=!4m8!14m7!1m6!2m5!1sChdDSUhNMG9nS0VJQ0FnTURRbGRfcXZBRRAB!2m1!1s0x0:0x90fc8bf9a8948b57!3m1!1s2@1:CIHM0ogKEICAgMDQld_qvAE%7C%7C?hl=ru,3.4,628,2025-03-12 17:09:04+00:00,615,0,0,0,1,0,0,0,0,0,0
GIPSY,ChZDSUhNMG9nS0VJQ0FnTUNnMmVyNEZREAE,1,"Отстой. Хотели в 2 часа ночи зайти на огонек во вторник, а Вы закрыты. Потеряли 5 потенциальных гостей. Сервис - не Ваш конек. Ставлю 1 звезду, так как ничего и не попробовали, а хотели хорошенько потратиться. Ушли злые и неудовлетверенные",https://www.google.com/maps/reviews/data=!4m8!14m7!1m6!2m5!1sChZDSUhNMG9nS0VJQ0FnTUNnMmVyNEZREAE!2m1!1s0x0:0x90fc8bf9a8948b57!3m1!1s2@1:CIHM0ogKEICAgMCg2er4FQ%7C%7C?hl=ru,3.4,628,2025-02-18 22:51:15+00:00,239,0,0,1,0,0,0,0,0,0,0
GIPSY,ChdDSUhNMG9nS0VJQ0FnTURBOXAzbW1BRRAB,1,"⚠️ warning ⚠️

As a non-local, you will singled out and treated differently from other patrons. The staff will ask u to pay an exorbitant amount of over than 30,000 ₽ to get a table ( the entrance fee is 3000 ₽) , which was significantly higher than what others seemed to be paying. you will be targeted and unwelcome.

the way the staff will look at you  and interacte with you manipulatively and disrespectfully.  they will take advantage of the fact that you are not from the area.",https://www.google.com/maps/reviews/data=!4m8!14m7!1m6!2m5!1sChdDSUhNMG9nS0VJQ0FnTURBOXAzbW1BRRAB!2m1!1s0x0:0x90fc8bf9a8948b57!3m1!1s2@1:CIHM0ogKEICAgMDA9p3mmAE%7C%7C?hl=ru,3.4,628,2025-02-08 23:19:12+00:00,484,0,0,1,0,0,1,0,0,0,0
GIPSY,ChdDSUhNMG9nS0VJQ0FnTURBOW9qMjJ3RRAB,1,אין שירות,https://www.google.com/maps/reviews/data=!4m8!14m7!1m6!2m5!1sChdDSUhNMG9nS0VJQ0FnTURBOW9qMjJ3RRAB!2m1!1s0x0:0x90fc8bf9a8948b57!3m1!1s2@1:CIHM0ogKEICAgMDA9oj22wE%7C%7C?hl=ru,3.4,628,2025-02-08 22:23:10+00:00,9,0,0,1,0,0,0,0,0,0,0
GIPSY,ChRDSUhNMG9nS0VJQ0FnSURmcHVoSRAB,1,لا يستحق الزياره فهم يستغلونك يجعلونك دفع طاوله وصنعون المشكله لك لكي يخرجونك جدا سي في كل شي,https://www.google.com/maps/reviews/data=!4m8!14m7!1m6!2m5!1sChRDSUhNMG9nS0VJQ0FnSURmcHVoSRAB!2m1!1s0x0:0x90fc8bf9a8948b57!3m1!1s2@1:CIHM0ogKEICAgIDfpuhI%7C%7C?hl=ru,3.4,628,2025-01-06 02:22:36+00:00,93,0,0,1,0,0,1,0,0,0,0
GIPSY,ChZDSUhNMG9nS0VJQ0FnSUNmdTZHc0NBEAE,1,"С первого января на второе играл отстойный пьяный диджей который не мог банально зал раскачать, и пищдел через каждый трек,херня
Ещё и шары за касарь, сумма которых в депозит не входит,с этого я вообще выпал)))",https://www.google.com/maps/reviews/data=!4m8!14m7!1m6!2m5!1sChZDSUhNMG9nS0VJQ0FnSUNmdTZHc0NBEAE!2m1!1s0x0:0x90fc8bf9a8948b57!3m1!1s2@1:CIHM0ogKEICAgICfu6GsCA%7C%7C?hl=ru,3.4,628,2025-01-01 23:58:32+00:00,210,0,1,0,0,0,1,0,0,0,0
GIPSY,ChZDSUhNMG9nS0VJQ0FnSUR2eGJQREhBEAE,3,"Охрана нормальная, музыка из сплошных ремиксов, дорогие столики, депозиты от 30-50к... Клуб большой, хз зачем там музыканты из Африки....",https://www.google.com/maps/reviews/data=!4m8!14m7!1m6!2m5!1sChZDSUhNMG9nS0VJQ0FnSUR2eGJQREhBEAE!2m1!1s0x0:0x90fc8bf9a8948b57!3m1!1s2@1:CIHM0ogKEICAgIDvxbPDHA%7C%7C?hl=ru,3.4,628,2024-12-22 08:02:26+00:00,137,0,1,0,0,0,1,0,0,0,0
GIPSY,ChdDSUhNMG9nS0VJQ0FnSUN2d19TYW9RRRAB,1,"Самый худший клуб в Москве!Покупая билеты на любимых артистов,знайте,хорошо выглядев,вас могут просто отправить на выход,без объяснения причин,за ваши же деньги!Беспредел!Вечер испорчен,осадок остался.",https://www.google.com/maps/reviews/data=!4m8!14m7!1m6!2m5!1sChdDSUhNMG9nS0VJQ0FnSUN2d19TYW9RRRAB!2m1!1s0x0:0x90fc8bf9a8948b57!3m1!1s2@1:CIHM0ogKEICAgICvw_SaoQE%7C%7C?hl=ru,3.4,628,2024-12-14 03:28:47+00:00,201,1,0,0,0,0,0,0,0,0,0
GIPSY,ChZDSUhNMG9nS0VJQ0FnSUN2MWFuc2Z3EAE,1,"Купили с другом билеты на концерт «ЛСП» 29 ноября 2024. По итогу на входе нас не пропустили без объяснения причин. Правил площадки мы не нарушали. Вечер испорчен… время, деньги, нервы, ожидания потрачены в пустую, человек работающий на досмотре сказал что деньги вернутся в течении 4-х дней.
Прошло уже 14… деньги обратно не поступили.
Позорники",https://www.google.com/maps/reviews/data=!4m8!14m7!1m6!2m5!1sChZDSUhNMG9nS0VJQ0FnSUN2MWFuc2Z3EAE!2m1!1s0x0:0x90fc8bf9a8948b57!3m1!1s2@1:CIHM0ogKEICAgICv1ansfw%7C%7C?hl=ru,3.4,628,2024-12-13 06:53:01+00:00,345,1,0,0,0,0,1,0,0,0,0
GIPSY,ChdDSUhNMG9nS0VJQ0FnSURQbkxHdXFBRRAB,1,"Фейс контроль не пускает без каких либо причин, не ходите сюда!!!!!",https://www.google.com/maps/reviews/data=!4m8!14m7!1m6!2m5!1sChdDSUhNMG9nS0VJQ0FnSURQbkxHdXFBRRAB!2m1!1s0x0:0x90fc8bf9a8948b57!3m1!1s2@1:CIHM0ogKEICAgIDPnLGuqAE%7C%7C?hl=ru,3.4,628,2024-11-30 01:04:03+00:00,67,1,0,0,0,0,0,0,0,0,0
GIPSY,ChZDSUhNMG9nS0VJQ0FnSURQbk9qSk9nEAE,1,"Самый худший клуб в России в котором я был! Были прилично одеты, приехали с другого города, в полном адекватном состоянии и не в алкогольном опьянении, купили билеты за 2 недели до начала!!!! За пару дней до дня рождения не пустили, видите ли не пошли фейс контроль, хотя даже паспорт не смотрели!! Просто беспредел… максимально испорченные выходные и самое худшее впечатление из-за данного клуба и к тому же испорченый подарок на день рождение! Больше никогда сюда не вернемся!!
Персонаж из так называемого «фейс контроля» даже не смотрел, просто отказал! Был одет неопрятно в самых дешевых тряпках с рынка! Полнейший бред…
Надеюсь данное заведение закроют чтобы не было таких ситуаций и судя по отзывам мы не одни такие.",https://www.google.com/maps/reviews/data=!4m8!14m7!1m6!2m5!1sChZDSUhNMG9nS0VJQ0FnSURQbk9qSk9nEAE!2m1!1s0x0:0x90fc8bf9a8948b57!3m1!1s2@1:CIHM0ogKEICAgIDPnOjJOg%7C%7C?hl=ru,3.4,628,2024-11-30 00:13:03+00:00,722,1,0,0,0,0,0,0,0,0,0
GIPSY,ChZDSUhNMG9nS0VJQ0FnSURYaDlhNVJnEAE,1,"Купил билет,не пустили,деньги до сих пор не вернули.Никому не советую,развод.",https://www.google.com/maps/reviews/data=!4m8!14m7!1m6!2m5!1sChZDSUhNMG9nS0VJQ0FnSURYaDlhNVJnEAE!2m1!1s0x0:0x90fc8bf9a8948b57!3m1!1s2@1:CIHM0ogKEICAgIDXh9a5Rg%7C%7C?hl=ru,3.4,628,2024-10-31 14:09:50+00:00,77,1,0,0,0,0,1,0,0,0,0
GIPSY,ChdDSUhNMG9nS0VJQ0FnSURYbzctU2dnRRAB,1,"Купил билет на концерт в гипси. Но не прошел контроль.Деньги сказали вернут, но до сих пор нет. Просто развод, потерянное время, и испорченный вечер. Не советую посещать это заведение.",https://www.google.com/maps/reviews/data=!4m8!14m7!1m6!2m5!1sChdDSUhNMG9nS0VJQ0FnSURYbzctU2dnRRAB!2m1!1s0x0:0x90fc8bf9a8948b57!3m1!1s2@1:CIHM0ogKEICAgIDXo7-SggE%7C%7C?hl=ru,3.4,628,2024-10-30 18:20:03+00:00,184,1,0,0,0,0,0,0,0,0,0
GIPSY,ChdDSUhNMG9nS0VJQ0FnSUNuX2ZLTDJ3RRAB,1,"Не пустили на фейс контроле,  очередь была большой. Не понятно по каким причинам, нахамили и выгнали как каких то бомжей.... Мы протягиваем билет и паспорта, обе с подругой совершеннолетние, по всем правилам подходим. Нам говорят, уходите, я говорю, в плане? Он говорит в прямом и пихает нас. Настроение испорчено, деньги на такси жалко.. ждали очень долго а в результате даже не пустили. Просто хамство..............",https://www.google.com/maps/reviews/data=!4m8!14m7!1m6!2m5!1sChdDSUhNMG9nS0VJQ0FnSUNuX2ZLTDJ3RRAB!2m1!1s0x0:0x90fc8bf9a8948b57!3m1!1s2@1:CIHM0ogKEICAgICn_fKL2wE%7C%7C?hl=ru,3.4,628,2024-09-29 02:39:32+00:00,417,1,0,0,0,0,0,0,0,0,0
GIPSY,ChZDSUhNMG9nS0VJQ0FnSUNudmVINVp3EAE,5,"В данный момент нахожусь в данном заведении. Это один из лучших клубов где я был. Ребят, спасибо Вам большое, за такую прекрасную ночь, Вы лучшие. Всем рекомендую посетить данное заведение❤️",https://www.google.com/maps/reviews/data=!4m8!14m7!1m6!2m5!1sChZDSUhNMG9nS0VJQ0FnSUNudmVINVp3EAE!2m1!1s0x0:0x90fc8bf9a8948b57!3m1!1s2@1:CIHM0ogKEICAgICnveH5Zw%7C%7C?hl=ru,3.4,628,2024-09-29 00:41:48+00:00,190,0,0,0,0,0,0,0,0,0,0
GIPSY,ChZDSUhNMG9nS0VJQ0FnSURicXNmT0FREAE,1,"Столкнулись, с той же проблемой, что и многие. Фейсы просто не пустили и аннулировали билет, без каких-либо причин, попутно пытаясь впарить столик за 50к",https://www.google.com/maps/reviews/data=!4m8!14m7!1m6!2m5!1sChZDSUhNMG9nS0VJQ0FnSURicXNmT0FREAE!2m1!1s0x0:0x90fc8bf9a8948b57!3m1!1s2@1:CIHM0ogKEICAgIDbqsfOAQ%7C%7C?hl=ru,3.4,628,2024-08-04 07:50:15+00:00,153,1,0,0,0,0,1,0,0,0,0
GIPSY,ChZDSUhNMG9nS0VJQ0FnSURiblBIQkVnEAE,1,"Это место было классным в 2013 последний раз 😄 на входе очередь не двигается, хотя внутри достаточно свободно. Дальше разводили на каждом шагу 😄
Предложили пройти через вип вход со столом за 25к на 5 человек в пятницу. Ну ок) коктейли - вода, контингент сомнительный. Решили заказать вино чтобы не пить сладкую воду вместо коктейлей. Принесли бутылку за х7 от цены Simple Wine не согласовав прайс и потом рассказывали сказки что нельзя отменить заказ закрытой бутылки вина. Хотя статья 782 ГК РФ была на нашей стороне. Мы решили забить, не портить вечер уж до конца и оставили 40к за сомнительный сервис. Ну што ш 😅
Кальянщик топ",https://www.google.com/maps/reviews/data=!4m8!14m7!1m6!2m5!1sChZDSUhNMG9nS0VJQ0FnSURiblBIQkVnEAE!2m1!1s0x0:0x90fc8bf9a8948b57!3m1!1s2@1:CIHM0ogKEICAgIDbnPHBEg%7C%7C?hl=ru,3.4,628,2024-08-03 00:02:37+00:00,629,0,0,1,1,1,1,1,0,1,0
GIPSY,ChdDSUhNMG9nS0VJQ0FnSURibk9Id3RnRRAB,1,"Atmosphere was acceptable, but the service really bad and super overpriced, You find much better places in Moscow, my recommendation is to choose one of the other cubs",https://www.google.com/maps/reviews/data=!4m8!14m7!1m6!2m5!1sChdDSUhNMG9nS0VJQ0FnSURibk9Id3RnRRAB!2m1!1s0x0:0x90fc8bf9a8948b57!3m1!1s2@1:CIHM0ogKEICAgIDbnOHwtgE%7C%7C?hl=ru,3.4,628,2024-08-02 23:57:42+00:00,167,0,0,1,0,0,1,0,0,0,0
GIPSY,ChdDSUhNMG9nS0VJQ0FnSURibk1HeWxnRRAB,1,"It‘s not what it used to be, the dancers were nice but the service is really bad",https://www.google.com/maps/reviews/data=!4m8!14m7!1m6!2m5!1sChdDSUhNMG9nS0VJQ0FnSURibk1HeWxnRRAB!2m1!1s0x0:0x90fc8bf9a8948b57!3m1!1s2@1:CIHM0ogKEICAgIDbnMGylgE%7C%7C?hl=ru,3.4,628,2024-08-02 23:55:48+00:00,80,0,0,1,0,0,0,0,0,0,0
GIPSY,ChdDSUhNMG9nS0VJQ0FnSURiblA2Y3N3RRAB,1,"Old club,it was nice before, but now they just try to rip you off",https://www.google.com/maps/reviews/data=!4m8!14m7!1m6!2m5!1sChdDSUhNMG9nS0VJQ0FnSURiblA2Y3N3RRAB!2m1!1s0x0:0x90fc8bf9a8948b57!3m1!1s2@1:CIHM0ogKEICAgIDbnP6cswE%7C%7C?hl=ru,3.4,628,2024-08-02 23:53:20+00:00,65,0,0,0,0,0,1,0,0,0,0
GIPSY,ChZDSUhNMG9nS0VJQ0FnSURibk43aFR3EAE,1,"Bad music, and they just try to rip you off, bring you cheap wine for 8x the price. My recommendation go to yausa or blanc",https://www.google.com/maps/reviews/data=!4m8!14m7!1m6!2m5!1sChZDSUhNMG9nS0VJQ0FnSURibk43aFR3EAE!2m1!1s0x0:0x90fc8bf9a8948b57!3m1!1s2@1:CIHM0ogKEICAgIDbnN7hTw%7C%7C?hl=ru,3.4,628,2024-08-02 23:51:13+00:00,122,0,1,0,1,0,1,0,0,0,0
GIPSY,ChdDSUhNMG9nS0VJQ0FnSUNibnFIOTh3RRAB,1,Охеревший персонал,https://www.google.com/maps/reviews/data=!4m8!14m7!1m6!2m5!1sChdDSUhNMG9nS0VJQ0FnSUNibnFIOTh3RRAB!2m1!1s0x0:0x90fc8bf9a8948b57!3m1!1s2@1:CIHM0ogKEICAgICbnqH98wE%7C%7C?hl=ru,3.4,628,2024-07-27 12:25:23+00:00,18,0,0,1,0,0,0,0,0,0,0
GIPSY,ChdDSUhNMG9nS0VJQ0FnSURyNS1UZndRRRAB,1,"Максимально стрёмное место, в которое не пускают без объяснения причин. Не советую туда ходить, только время потеряете. Есть места более дружелюбные",https://www.google.com/maps/reviews/data=!4m8!14m7!1m6!2m5!1sChdDSUhNMG9nS0VJQ0FnSURyNS1UZndRRRAB!2m1!1s0x0:0x90fc8bf9a8948b57!3m1!1s2@1:CIHM0ogKEICAgIDr5-TfwQE%7C%7C?hl=ru,3.4,628,2024-07-20 22:54:31+00:00,148,1,0,0,0,0,0,0,0,0,0
GIPSY,ChdDSUhNMG9nS0VJQ0FnSURyaTh1SS1BRRAB,1,"Итак, хотел с другом вчера попасть в этот клуб, предварительно прочитав отзывы о нем, где говорилось о «схеме» с фейс контролем… Изначально я не очень поверил этим отзывам, так как всякое может быть, но по приезде в клуб я поменял свое мнение.
Как говорилось во многих отзывах ниже - людей просто разворачивают у входа, подкрепляя это тем, что ты не прошел фейс контроль. По каким критериям они это смотрят? Никто этого сказать не может.
Мы были трезвые, хорошо одетые, никому не грубили, да, мы отказались от оплаты депозита за стол в размере 20 тысяч рублей, потому что стол нам совсем был неинтересен. Я думаю, что суть схемы заключается в том, чтобы пускать только платежеспособных граждан (не можешь позволить стол - тебе тут не место). Вся это процедура выглядела максимально дешево и глупо, мнение о клубе очень сильно испортилось, хотя мы даже не были внутри.
Если вы не хотите сыграть в рулетку с прохождением фейс контроля , тогда ищите другие клубы, где нет таких дешевых разводил.
Крайне не советую этот клуб, жду деньги за мой депозит.",https://www.google.com/maps/reviews/data=!4m8!14m7!1m6!2m5!1sChdDSUhNMG9nS0VJQ0FnSURyaTh1SS1BRRAB!2m1!1s0x0:0x90fc8bf9a8948b57!3m1!1s2@1:CIHM0ogKEICAgIDri8uI-AE%7C%7C?hl=ru,3.4,628,2024-07-20 06:45:52+00:00,1048,1,0,0,0,0,1,0,0,0,0
GIPSY,ChdDSUhNMG9nS0VJQ0FnSURyNU5MSGpRRRAB,1,"Ну что, пора тоже написать отзыв об этом заведение…
Концерт Нилетто 12 июля, пятница.
Приехали мы из Нижнего Новгорода, ближний путь)) Были хорошо одеты, трезвые. Были в 2 с подружкой. Подходим мы к парням, которые проверяли билеты, просят нас их показать, все окей, они сканируют их и мы проходим дальше. А дальше нам попросту говорят, что вы не проходите и деньги за билеты вам вернут на карту. Сегодня проходят только дипозиты столов ( это на минуту 80к. Скрины прилагаю)
То есть нас попросту разворачивают! Не представляют чек, хотя мы просили их это сделать. Да и попросту обманули ничего не сказав, начали сканировать билеты.
Я от всей души не советую ехать в этот клуб! Разводилово! Съем девчонок прямо у клуба на улице.",https://www.google.com/maps/reviews/data=!4m8!14m7!1m6!2m5!1sChdDSUhNMG9nS0VJQ0FnSURyNU5MSGpRRRAB!2m1!1s0x0:0x90fc8bf9a8948b57!3m1!1s2@1:CIHM0ogKEICAgIDr5NLHjQE%7C%7C?hl=ru,3.4,628,2024-07-15 06:34:07+00:00,727,1,0,0,0,0,0,0,0,0,1
GIPSY,ChdDSUhNMG9nS0VJQ0FnSUNyd1BPVjh3RRAB,1,"Потратили классом 17к,абсолютно ничего интересного не было,старая музыка,отвратительная еда ,душное и жаркое помещение ,если хотите просто так потратить деньги ,то вам сюда",https://www.google.com/maps/reviews/data=!4m8!14m7!1m6!2m5!1sChdDSUhNMG9nS0VJQ0FnSUNyd1BPVjh3RRAB!2m1!1s0x0:0x90fc8bf9a8948b57!3m1!1s2@1:CIHM0ogKEICAgICrwPOV8wE%7C%7C?hl=ru,3.4,628,2024-07-03 02:20:57+00:00,172,0,1,0,1,1,1,0,0,0,0
GIPSY,ChdDSUhNMG9nS0VJQ0FnSURMMDUyVjhRRRAB,1,"Не впустили, не объяснили причину и не вернули деньги за билет",https://www.google.com/maps/reviews/data=!4m8!14m7!1m6!2m5!1sChdDSUhNMG9nS0VJQ0FnSURMMDUyVjhRRRAB!2m1!1s0x0:0x90fc8bf9a8948b57!3m1!1s2@1:CIHM0ogKEICAgIDL052V8QE%7C%7C?hl=ru,3.4,628,2024-06-30 15:37:04+00:00,62,1,0,0,0,0,1,0,0,0,0
GIPSY,ChZDSUhNMG9nS0VJQ0FnSUNMeXJLZ1BnEAE,4,"Доброго времени суток. Хочу сказать огромное спасибо от родительского состава и наших выпускников ГБОУ Школа 64 г. Москвы организаторам
""Мега бал выпускной 2024"" за проведение и организацию выпускного для 9х классов 15.06.2024 г. Рассадка, атмосфера праздника, ведущие, поздравления учителей, конкурсы, выступления танцевальных групп, организация в целом ( СБ, мед персонал, администрация) ну и конечно сам праздник начиная с красной дорожки, заканчивая заключительным танцем - всё было супер! Эмоции зашкаливали у всех.
Снижен балл по еде и сервису - немного не хватило, но это субъективное мнение. Еще цены по меню конечно не всем по карману. Но в целом все было отлично!",https://www.google.com/maps/reviews/data=!4m8!14m7!1m6!2m5!1sChZDSUhNMG9nS0VJQ0FnSUNMeXJLZ1BnEAE!2m1!1s0x0:0x90fc8bf9a8948b57!3m1!1s2@1:CIHM0ogKEICAgICLyrKgPg%7C%7C?hl=ru,3.4,628,2024-06-17 20:48:12+00:00,673,0,0,1,1,0,1,0,0,0,0
"Клуб ""Клуб""",Ci9DQUlRQUNvZENodHljRjlvT21SZlpuRnBSR1F3VVU1UlRVSkJkVkIxVW5GSldFRRAB,3,"В клубе бывал много раз. В целом, если вам хочется окунуться в атмосферу рейва 90-х, это сюда. Полная аутентичность.
Нефорским клубом, его нарекли нефоры. По сути проходит любой желающий. Нефорской музыки здесь очень мало.

Есть два типа людей:
1) Приходят потусить под классную музыку, некоторые посетители ооочень хорошо умеют двигаться под музыку и ловить вайб;
2) Приходят пообщаться, закинуться чем-то. Зачастую публика сомнительная, их зачастую не пропускает охрана и они чилят возле входа. Возле входа в теплое время, есть свой вайб, порой даже прикольнее чем в самом клубе.

Из минусов:
1) Очень маленький танцпол, его бы расширить на 50%, был бы кайф;
2) Охрана порой ооочень грубо себя ведет с посетителями. Как это выражается? Вас могут без объяснений просто не пропустить в клуб, некоторых людей правильно не пропускают, люди порой приходят либо пьяные, либо агрессивные, либо уже в силу возраста им там не место (ладно бы еще выглядели для концепции клуба, стильных часто пропускают).
А вот когда вы ходите регулярно в клуб, за вами никаких косяков, потом тот же самый охранник - сегодня не проходите…(Хотя видно что в клубе места много, и я как постоянный клиент регулярно что-то покупаю и даже угощаю ребят) И улыбается счастливо, будто ради таких моментов он там и работает… Безумная токсичность… На следующий день будете идти, и этот же охранник вас пропустит без проблем (видимо месячные прошли)…

Также, много раз видел как охрана ооочееень грубо выгоняет посетителей… Прям с какой-то остервенелой и не понятной злостью. Причем зачастую необоснованно жестко это делают. Кадров конечно достаточно в клубе, которые заслуживают того чтобы их выперли. Но зачем это делать так грубо и унизительно, непонятно… Видимо у охраны есть какие-то психотравмы, они тем самым получают удовлетворение от жизни какое-то…

Хотя отмечу, есть и порядочные сотрудники охраны. Явно с уважением относятся к посетителям, никого не обижают И ДАЖЕ МОГУТ ВАМ УЛЫБНУТЬСЯ.
К сожалению таких сотрудников здесь очень мало.
Какие бы посетители не были, но они приходят отдыхать, и к ним нужно с уважением относиться. У охраны полное превосходство в трезвом состоянии, физической силе, полномочиях которые им дала администрация клуба.

Желаю всем добра, хорошего настроения, взаимного уважения к друг другу. Только от нас зависит хорошая атмосфера вокруг нас, только мы можем сделать этот вайб.😊😊😊",https://www.google.com/maps/reviews/data=!4m8!14m7!1m6!2m5!1sCi9DQUlRQUNvZENodHljRjlvT21SZlpuRnBSR1F3VVU1UlRVSkJkVkIxVW5GSldFRRAB!2m1!1s0x0:0x8285ed0b0ccad8c3!3m1!1s2@1:CAIQACodChtycF9oOmRfZnFpRGQwUU5RTUJBdVB1UnFJWEE%7C%7C?hl=ru,3.8,71,2026-03-13 19:40:41+00:00,2383,1,0,0,0,1,0,0,0,0,0
"Клуб ""Клуб""",Ci9DQUlRQUNvZENodHljRjlvT2tGMGVsbHJhemhMVEhGM2JuTnhhek5CWlhoTU9YYxAB,1,"сегодня сидр был без пузырьков, ерш разбавлен. диджей играет музыку вообще не для нефоров. сейчас бы в кк тимати крутить. киркоров??? меладзе???? макс корж???? вы моряк и чайка??? какая ваша основная аудитория???? я сюда не за этим прихожу. поч так много нормисов???? не пускайте. тем более мужиков 40+",https://www.google.com/maps/reviews/data=!4m8!14m7!1m6!2m5!1sCi9DQUlRQUNvZENodHljRjlvT2tGMGVsbHJhemhMVEhGM2JuTnhhek5CWlhoTU9YYxAB!2m1!1s0x0:0x8285ed0b0ccad8c3!3m1!1s2@1:CAIQACodChtycF9oOkF0ellrazhLTHF3bnNxazNBZXhMOXc%7C%7C?hl=ru,3.8,71,2026-01-18 21:04:26+00:00,302,0,1,0,1,0,0,0,0,1,0
"Клуб ""Клуб""",Ci9DQUlRQUNvZENodHljRjlvT21Gb0xUbGFORWc1WVdaTVZuUjBlRWMwVTBaamFYYxAB,1,"Мне тут сотрудник ваш сказал что кинет меня в чс за то что я стояла в углу, куда кинуть данные чтобы кинули в чс навечно?)",https://www.google.com/maps/reviews/data=!4m8!14m7!1m6!2m5!1sCi9DQUlRQUNvZENodHljRjlvT21Gb0xUbGFORWc1WVdaTVZuUjBlRWMwVTBaamFYYxAB!2m1!1s0x0:0x8285ed0b0ccad8c3!3m1!1s2@1:CAIQACodChtycF9oOmFoLTlaNEg5YWZMVnR0eEc0U0ZjaXc%7C%7C?hl=ru,3.8,71,2025-09-28 06:15:31+00:00,122,0,0,1,0,0,0,0,0,0,0
"Клуб ""Клуб""",Ci9DQUlRQUNvZENodHljRjlvT2pabU4xUkNMVlpHWW1OUlJYUTBTbWhEZVVOTlIzYxAB,5,"То место, которое начинается со слов ""давай по одной, мне завтра рано"" ну или ""давай к альтухам""

Супер приятное место, оч зажигательно и круто. Потанцуете, выпьете, познакомитесь с кем-то. Я так познакомился с офигенным пацаном Вовой из Узбекистана, он был вообще с другой компанией, но в итоге половину вечера пили с ним.

клуб поделен на несколько частей, что очень важно. Сможете и посидеть поболтать за столом или в баре, потом пойти потанцевать под клевые диджей-сеты, а потом пойти на внутреннюю веранду подышать и найти еще много крутых ребят. Там вообще своя отдельная жизнь: кто-то на гитаре играет и поет, кто-то фоткается, другие о чем-то спорят. И вы тут везде найдете себя.

По барам - их тут аж три, каждый в своей зоне, в центральной, на танцплощадке и на веранде. Стоимость в целом средняя по Москве.

Если хотите приключений - вам реально сюда. У меня так одно заканчивалось тем, что афроамериканец, с которым мы сдружились в другом баре, повел нас в Клуб Клуб и учил моего друга дагестанца крутым подкатам к девочкам.

Короче место, чтобы вспомнить вкус жизни и особенно ночи",https://www.google.com/maps/reviews/data=!4m8!14m7!1m6!2m5!1sCi9DQUlRQUNvZENodHljRjlvT2pabU4xUkNMVlpHWW1OUlJYUTBTbWhEZVVOTlIzYxAB!2m1!1s0x0:0x8285ed0b0ccad8c3!3m1!1s2@1:CAIQACodChtycF9oOjZmN1RCLVZGYmNRRXQ0SmhDeUNNR3c%7C%7C?hl=ru,3.8,71,2025-09-07 14:38:50+00:00,1094,0,0,0,0,0,0,0,0,0,0
"Клуб ""Клуб""",Ci9DQUlRQUNvZENodHljRjlvT25GbVMzVk9aak5vZW5Kd09FSnNSRXhLTFhkdGEyYxAB,3,"Сюда только пить, еда оставляет желать лучшего, меню довольно скудное, музыка громкая и не всегда приятная, отношение к посетителям не очень.",https://www.google.com/maps/reviews/data=!4m8!14m7!1m6!2m5!1sCi9DQUlRQUNvZENodHljRjlvT25GbVMzVk9aak5vZW5Kd09FSnNSRXhLTFhkdGEyYxAB!2m1!1s0x0:0x8285ed0b0ccad8c3!3m1!1s2@1:CAIQACodChtycF9oOnFmS3VOZjNoenJwOEJsRExKLXdta2c%7C%7C?hl=ru,3.8,71,2025-08-25 08:34:19+00:00,141,0,1,1,1,0,0,0,0,0,0
"Клуб ""Клуб""",Ci9DQUlRQUNvZENodHljRjlvT2pNM2JYbHFiMk5XY21wMGEzb3plRzlKZFU5SVVWRRAB,1,"Мы пришли в Клуб Клуб в надежде просто потанцевать и спокойно провести вечер. Вместо этого оказались в настоящем аду. Контингент пьяные, неадекватные люди, которые толкаются, проливают напитки, орут, нарушают личные границы и ведут себя крайне агрессивно. Казалось, что никому из персонала до этого нет дела. Стаканы валяются где попало, никто не убирает, люди цепляются за них постоянно.
Когда мы уже выходили из клуба, кто-то из проходящих задел стакан, он упал и разбился. И тут начинается цирк. Я выпила всего один бокал пива за весь вечер, была в абсолютно трезвом состоянии, но охранник (на вид лет 19, вёл себя как подросток с комплексами) вдруг указал на меня и с полной уверенностью заявил, что именно я разбила стакан. Никаких доказательств, никаких камер, никаких объяснений. Просто ""вот ты, давай на выход"". Сперва он даже не мог сформулировать, кого именно подозревает, метался глазами, потом рандомно ткнул пальцем в меня, как в самую безобидную, невысокую девушку, видимо, решил, что проще всего ""сделать крайним"" кого-то маленького и неагрессивного.

Ирония в том, что я была, возможно, самым трезвым человеком во всём помещении, но именно меня сделали виновной - только потому, что удобно. Очень неприятно, что в этом заведении можно ожидать такое хамское, сексистское отношение к девушкам. Мужчины пьяные в хлам, буквально валяются, шатаются, орут, пристают, позволяют себе оскорбления, никто за этим не следит. Вместо того чтобы обращать внимание на этих реально агрессивных людей, охрана почему-то предпочитает придираться к трезвым девушкам. Это как минимум странно, а на деле - отврат.

Почему такие охранники не выгоняют пьяных мужиков, которые пристают к девушкам, хватают за руки, оскорбляют, шатаются по танцполу как зомби? Почему не следят за тем, чтобы не валялись повсюду стаканы, в которые все врезаются и постоянно разбивают? Почему даже не смотрят камеры? Почему нет никакой адекватной системы контроля или уважения к посетителям?
Зато если ты хрупкая девушка, которая решила просто пойти домой, будь готова, что на тебя могут повесить чужую вину, нахамить и выставить за дверь с видом победителя.
Весь этот клуб - это воплощение токсичной среды, в которой женщину легче обвинить, чем пьяного мужчину остановить. Персонал охраны в клубе абсолютно непрофессионален.",https://www.google.com/maps/reviews/data=!4m8!14m7!1m6!2m5!1sCi9DQUlRQUNvZENodHljRjlvT2pNM2JYbHFiMk5XY21wMGEzb3plRzlKZFU5SVVWRRAB!2m1!1s0x0:0x8285ed0b0ccad8c3!3m1!1s2@1:CAIQACodChtycF9oOjM3bXlqb2NWcmp0a3ozeG9JdU9IUVE%7C%7C?hl=ru,3.8,71,2025-08-04 13:53:03+00:00,2296,1,0,1,0,1,0,0,0,1,0
"Клуб ""Клуб""",Ci9DQUlRQUNvZENodHljRjlvT2t4R2FWRnBRMXBRTWxCTE5GaFNSWEY1VkdsTlQyYxAB,5,"Прекрасное место, вкусные коктейли, гей бар напротив и притон в туалете. Огонь! Еще вернемся ❤️",https://www.google.com/maps/reviews/data=!4m8!14m7!1m6!2m5!1sCi9DQUlRQUNvZENodHljRjlvT2t4R2FWRnBRMXBRTWxCTE5GaFNSWEY1VkdsTlQyYxAB!2m1!1s0x0:0x8285ed0b0ccad8c3!3m1!1s2@1:CAIQACodChtycF9oOkxGaVFpQ1pQMlBLNFhSRXF5VGlNT2c%7C%7C?hl=ru,3.8,71,2025-07-30 19:08:29+00:00,95,0,0,0,0,0,0,0,0,0,0
"Клуб ""Клуб""",ChdDSUhNMG9nS0VJQ0FnTURvNVpDT3B3RRAB,5,Ибрагим красавчик нашей мой телефон,https://www.google.com/maps/reviews/data=!4m8!14m7!1m6!2m5!1sChdDSUhNMG9nS0VJQ0FnTURvNVpDT3B3RRAB!2m1!1s0x0:0x8285ed0b0ccad8c3!3m1!1s2@1:CIHM0ogKEICAgMDo5ZCOpwE%7C%7C?hl=ru,3.8,71,2025-04-27 01:23:43+00:00,35,0,0,0,0,0,0,0,0,0,0
"Клуб ""Клуб""",ChZDSUhNMG9nS0VJQ0FnTURnM2RXT1lnEAE,5,Лучшее место в Москве! И книжный и дискотеки шикарные!,https://www.google.com/maps/reviews/data=!4m8!14m7!1m6!2m5!1sChZDSUhNMG9nS0VJQ0FnTURnM2RXT1lnEAE!2m1!1s0x0:0x8285ed0b0ccad8c3!3m1!1s2@1:CIHM0ogKEICAgMDg3dWOYg%7C%7C?hl=ru,3.8,71,2025-02-26 20:19:11+00:00,54,0,0,0,0,0,0,0,0,0,0
"Клуб ""Клуб""",ChdDSUhNMG9nS0VJQ0FnSURYMzlhRDNnRRAB,5,"Помимо того, что заведение очень приятное, начальство тоже очень доброжелательное. Потеряла в Клубе наушники, их отложили и отдали мне;)",https://www.google.com/maps/reviews/data=!4m8!14m7!1m6!2m5!1sChdDSUhNMG9nS0VJQ0FnSURYMzlhRDNnRRAB!2m1!1s0x0:0x8285ed0b0ccad8c3!3m1!1s2@1:CIHM0ogKEICAgIDX39aD3gE%7C%7C?hl=ru,3.8,71,2024-11-01 12:22:37+00:00,136,0,0,0,0,0,0,0,0,0,0
"Клуб ""Клуб""",ChdDSUhNMG9nS0VJQ0FnSURuaDhtTXpnRRAB,1,Раньше было нормальное заведение. Сейчас охранники  - полнейшее мудло.,https://www.google.com/maps/reviews/data=!4m8!14m7!1m6!2m5!1sChdDSUhNMG9nS0VJQ0FnSURuaDhtTXpnRRAB!2m1!1s0x0:0x8285ed0b0ccad8c3!3m1!1s2@1:CIHM0ogKEICAgIDnh8mMzgE%7C%7C?hl=ru,3.8,71,2024-10-10 19:02:09+00:00,70,1,0,0,0,0,0,0,0,0,0
"Клуб ""Клуб""",ChdDSUhNMG9nS0VJQ0FnSUNIdHBHZDZnRRAB,5,"Самое лучшее место, уносит от алкоголя, что икрятся все, ключи телефоны, но благодаря прекрасным охранникам и начальнику все находится в секунду",https://www.google.com/maps/reviews/data=!4m8!14m7!1m6!2m5!1sChdDSUhNMG9nS0VJQ0FnSUNIdHBHZDZnRRAB!2m1!1s0x0:0x8285ed0b0ccad8c3!3m1!1s2@1:CIHM0ogKEICAgICHtpGd6gE%7C%7C?hl=ru,3.8,71,2024-09-04 19:56:42+00:00,144,0,0,0,0,0,0,0,0,0,0
"Клуб ""Клуб""",ChZDSUhNMG9nS0VJQ0FnSURiai1uQ0pREAE,1,"Охранники полные хамы. Прошу проверить двух мужчин, которые не представили свои реальные имена и посмеялись еще над тем, что я, как представительница женского пола, ничего не могу сделать. Стояли фейс-контролеры ночью приблизительно в 2-3 часа ночи 3 августа. Как только совесть позволяет так общаться с посетителями данного заведения. Зашли на 5 минут с молодым человеком ( я клянусь, не больше, даже ничего не заказывали на баре), в помещении было очень душно, вышли подышать свежим воздухом. Обратно нас уже не впустили со словами, что «ваш парень бухой». Не понимаю, как за 5 минут он мог по их мнению настолько сильно «опьянеть». Начали меня оскорблять и проявлять полнейшее несвойственное нормальным людям неуважение. Прошу отнестись серьезно к данному отзыву. Не тратьте нервы и не приходите.",https://www.google.com/maps/reviews/data=!4m8!14m7!1m6!2m5!1sChZDSUhNMG9nS0VJQ0FnSURiai1uQ0pREAE!2m1!1s0x0:0x8285ed0b0ccad8c3!3m1!1s2@1:CIHM0ogKEICAgIDbj-nCJQ%7C%7C?hl=ru,3.8,71,2024-08-10 16:41:55+00:00,799,1,0,0,0,1,0,0,0,0,0
"Клуб ""Клуб""",ChZDSUhNMG9nS0VJQ0FnSUNiLWQ2VEpnEAE,5,"Вчера с парнем пришла туда в шабат, без парня и ушла, он мне изменил обжимаясь с девушкой.
А так клуб кайфовый, музыка классная, люди счастливые.",https://www.google.com/maps/reviews/data=!4m8!14m7!1m6!2m5!1sChZDSUhNMG9nS0VJQ0FnSUNiLWQ2VEpnEAE!2m1!1s0x0:0x8285ed0b0ccad8c3!3m1!1s2@1:CIHM0ogKEICAgICb-d6TJg%7C%7C?hl=ru,3.8,71,2024-07-29 06:38:56+00:00,145,0,0,0,0,0,0,0,0,0,0
"Клуб ""Клуб""",ChdDSUhNMG9nS0VJQ0FnSURybkk3OTd3RRAB,1,"Показал госуслуги, администраторы говорят что это не является документом, хотя это является доказательством при покупке алкоголя по закону",https://www.google.com/maps/reviews/data=!4m8!14m7!1m6!2m5!1sChdDSUhNMG9nS0VJQ0FnSURybkk3OTd3RRAB!2m1!1s0x0:0x8285ed0b0ccad8c3!3m1!1s2@1:CIHM0ogKEICAgIDrnI797wE%7C%7C?hl=ru,3.8,71,2024-07-15 21:06:02+00:00,138,0,0,1,0,0,0,0,0,0,0
"Клуб ""Клуб""",ChZDSUhNMG9nS0VJQ0FnSUN6cXVlaGFBEAE,3,"Побывал первый раз, надеюсь, что последний. Со слов друзей, концепция бара мне понравилась; расписывать стены, столы, и вообще сидеть в неформальный обстановке. В момент моего посещения, все столы были как чистый холст, еще раз напомню, что концепция заведения предполагает рисование на столах, но после того, как мы оставили только свои подписи в углу стола, к нам подошел охранник, являвшийся своего рода вышибалой. Совершенно не умея тактично разговаривать с клиентами, он силой отпихнул стол, да так, что окружающие нас люди забыли о мирной и дружелюбной атмосфере, после чего, невербально показывая, ч сейчас нам причинят физический вред, нас грубо попросили покинуть данный клуб без объяснения причины. Мы не поняли причину того, как с нами обратились, поэтому мы ушли на летнюю веранду, после чего нас и оттуда сопроводили под руку. На выходе, эта банка протеина в очках дала наводку другим охранникам, чтобы нас не пускали вообще. После чего, мы ушли в другой бар по соседству, который хорошо относится к своим клиентам. Словом, если вы попадете на смену к бородатому громиле в очках, вы можете смело пройти мимо, потому что скорее всего, вас выгонят под страхом физической расправы, и по причинам, которые, почему-то, не объясняются. Эти хамы не стесняются заламывать руки девушкам, и пугать их своим вызывающим поведением и грозным видом. Эти шкафы на входе все портят. Когда раздавали мозги, они пинали столы в клубе, выгоняя добропорядочных посетителей. Совершенно порочат вид заведения, по крайней мере этот типок в очках.",https://www.google.com/maps/reviews/data=!4m8!14m7!1m6!2m5!1sChZDSUhNMG9nS0VJQ0FnSUN6cXVlaGFBEAE!2m1!1s0x0:0x8285ed0b0ccad8c3!3m1!1s2@1:CIHM0ogKEICAgICzquehaA%7C%7C?hl=ru,3.8,71,2024-06-01 08:45:13+00:00,1535,1,0,0,0,0,0,0,0,0,0
"Клуб ""Клуб""",ChdDSUhNMG9nS0VJQ0FnSURKN196ajVRRRAB,2,"молодёжное место, но часто охранники хамы.
на веранде общение, в цокольном танцы.
настойки норм.
Как я понял, этот клуб часть рюмочных Зинзивер - Барка - ....",https://www.google.com/maps/reviews/data=!4m8!14m7!1m6!2m5!1sChdDSUhNMG9nS0VJQ0FnSURKN196ajVRRRAB!2m1!1s0x0:0x8285ed0b0ccad8c3!3m1!1s2@1:CIHM0ogKEICAgIDJ7_zj5QE%7C%7C?hl=ru,3.8,71,2023-07-25 14:06:20+00:00,158,1,0,0,0,0,0,0,0,0,0
"Клуб ""Клуб""",ChZDSUhNMG9nS0VJQ0FnSUREaFlmRkZ3EAE,5,"Лучший книжный магазин Москвы внутри :)
Пляски, свободные люди, необычная музыка, пьяные интеллектуальные и не очень беседы",https://www.google.com/maps/reviews/data=!4m8!14m7!1m6!2m5!1sChZDSUhNMG9nS0VJQ0FnSUREaFlmRkZ3EAE!2m1!1s0x0:0x8285ed0b0ccad8c3!3m1!1s2@1:CIHM0ogKEICAgIDDhYfFFw%7C%7C?hl=ru,3.8,71,2024-04-11 23:42:38+00:00,123,0,0,0,0,0,0,0,0,0,0
"Клуб ""Клуб""",ChdDSUhNMG9nS0VJQ0FnSUM5MU8ybzhRRRAB,1,"Место само по себе относительное, но охранники просто низкие люди, которые максимально не объективно оценивают на фейсе. Суть не описываю, но, как минимум охранники на фейсе портят все настроение моментально.",https://www.google.com/maps/reviews/data=!4m8!14m7!1m6!2m5!1sChdDSUhNMG9nS0VJQ0FnSUM5MU8ybzhRRRAB!2m1!1s0x0:0x8285ed0b0ccad8c3!3m1!1s2@1:CIHM0ogKEICAgIC91O2o8QE%7C%7C?hl=ru,3.8,71,2024-03-02 22:39:31+00:00,208,1,0,0,0,0,0,0,0,0,0
"Клуб ""Клуб""",ChdDSUhNMG9nS0VJQ0FnSURkM3ZMU2l3RRAB,4,"Все прекрасно, правда, по собственной глупости потерял прекрасный диалог, с прекрасной девушкой в белом пальто с которой мы разговорились о семье и о работе. Если ты это читаешь отзовись пожалуйста, мы не договорили.",https://www.google.com/maps/reviews/data=!4m8!14m7!1m6!2m5!1sChdDSUhNMG9nS0VJQ0FnSURkM3ZMU2l3RRAB!2m1!1s0x0:0x8285ed0b0ccad8c3!3m1!1s2@1:CIHM0ogKEICAgIDd3vLSiwE%7C%7C?hl=ru,3.8,71,2024-02-24 01:58:36+00:00,216,0,0,0,0,0,0,0,0,0,0
"Клуб ""Клуб""",ChZDSUhNMG9nS0VJQ0FnSUNsNE0yWWV3EAE,1,"Место норм, меню норм, если хочешь выпить простого или настоек - самое то, но никому не порекомендую туда ходить из-за того, что на охране просто быдло стоит, я столько хамства и в свой и в чужой адрес мало где слышал. Если что пьяный не был - играл концерт",https://www.google.com/maps/reviews/data=!4m8!14m7!1m6!2m5!1sChZDSUhNMG9nS0VJQ0FnSUNsNE0yWWV3EAE!2m1!1s0x0:0x8285ed0b0ccad8c3!3m1!1s2@1:CIHM0ogKEICAgICl4M2Yew%7C%7C?hl=ru,3.8,71,2023-11-12 20:45:55+00:00,257,1,0,0,0,0,0,0,0,0,0
"Клуб ""Клуб""",ChZDSUhNMG9nS0VJQ0FnSURwZ3Z2TFBnEAE,5,Great place chill along with some good beers and ciders.,https://www.google.com/maps/reviews/data=!4m8!14m7!1m6!2m5!1sChZDSUhNMG9nS0VJQ0FnSURwZ3Z2TFBnEAE!2m1!1s0x0:0x8285ed0b0ccad8c3!3m1!1s2@1:CIHM0ogKEICAgIDpgvvLPg%7C%7C?hl=ru,3.8,71,2023-08-18 13:39:39+00:00,56,0,0,0,0,0,0,0,0,0,0
"Клуб ""Клуб""",ChZDSUhNMG9nS0VJQ0FnSUNwel8teFJBEAE,1,"Я уже человек немолодой, но поставлю в угол 3/4 клуба по движу, но мне в моем возрасте нужен кислород, где вытяжка, проветривание, где растения которые его выделяют, парилка лучше чем в банк, кто хочет похудеть и задохнутбся, сюда.",https://www.google.com/maps/reviews/data=!4m8!14m7!1m6!2m5!1sChZDSUhNMG9nS0VJQ0FnSUNwel8teFJBEAE!2m1!1s0x0:0x8285ed0b0ccad8c3!3m1!1s2@1:CIHM0ogKEICAgICpz_-xRA%7C%7C?hl=ru,3.8,71,2023-08-12 21:28:45+00:00,231,0,0,0,0,1,0,0,0,0,0
"Клуб ""Клуб""",ChdDSUhNMG9nS0VJQ0FnSUNKMU5YNXlRRRAB,5,Разьеб,https://www.google.com/maps/reviews/data=!4m8!14m7!1m6!2m5!1sChdDSUhNMG9nS0VJQ0FnSUNKMU5YNXlRRRAB!2m1!1s0x0:0x8285ed0b0ccad8c3!3m1!1s2@1:CIHM0ogKEICAgICJ1NX5yQE%7C%7C?hl=ru,3.8,71,2023-06-21 17:13:44+00:00,6,0,0,0,0,0,0,0,0,0,0
"Клуб ""Клуб""",ChZDSUhNMG9nS0VJQ0FnSUN4djdlUFp3EAE,5,лучший клуб в москве,https://www.google.com/maps/reviews/data=!4m8!14m7!1m6!2m5!1sChZDSUhNMG9nS0VJQ0FnSUN4djdlUFp3EAE!2m1!1s0x0:0x8285ed0b0ccad8c3!3m1!1s2@1:CIHM0ogKEICAgICxv7ePZw%7C%7C?hl=ru,3.8,71,2023-05-29 21:08:14+00:00,20,0,0,0,0,0,0,0,0,0,0
"Клуб ""Клуб""",ChZDSUhNMG9nS0VJQ0FnSUNXZ3R2S2NnEAE,5,"Клуб норм, но вчера там кто-то перцовкой брызнул, было плохо, ставлю 5",https://www.google.com/maps/reviews/data=!4m8!14m7!1m6!2m5!1sChZDSUhNMG9nS0VJQ0FnSUNXZ3R2S2NnEAE!2m1!1s0x0:0x8285ed0b0ccad8c3!3m1!1s2@1:CIHM0ogKEICAgICWgtvKcg%7C%7C?hl=ru,3.8,71,2022-02-21 15:20:45+00:00,70,0,0,0,0,0,0,0,1,0,0
"Клуб ""Клуб""",ChdDSUhNMG9nS0VJQ0FnSURtdEs3el9nRRAB,5,Очень классное место с приятным ценником в хорошем баре,https://www.google.com/maps/reviews/data=!4m8!14m7!1m6!2m5!1sChdDSUhNMG9nS0VJQ0FnSURtdEs3el9nRRAB!2m1!1s0x0:0x8285ed0b0ccad8c3!3m1!1s2@1:CIHM0ogKEICAgIDmtK7z_gE%7C%7C?hl=ru,3.8,71,2022-01-20 07:48:11+00:00,55,0,0,0,0,0,0,0,0,0,0
"Клуб ""Клуб""",ChdDSUhNMG9nS0VJQ0FnSUNtbmRqbmlRRRAB,5,Отличное место для посиделок!,https://www.google.com/maps/reviews/data=!4m8!14m7!1m6!2m5!1sChdDSUhNMG9nS0VJQ0FnSUNtbmRqbmlRRRAB!2m1!1s0x0:0x8285ed0b0ccad8c3!3m1!1s2@1:CIHM0ogKEICAgICmndjniQE%7C%7C?hl=ru,3.8,71,2022-01-06 09:48:18+00:00,29,0,0,0,0,0,0,0,0,0,0
KULTURA,Ci9DQUlRQUNvZENodHljRjlvT20xNlZsRk1RMTh4Tm05amNFbERhRWcwWkhGNFgyYxAB,5,Все на высшем уровне,https://www.google.com/maps/reviews/data=!4m8!14m7!1m6!2m5!1sCi9DQUlRQUNvZENodHljRjlvT20xNlZsRk1RMTh4Tm05amNFbERhRWcwWkhGNFgyYxAB!2m1!1s0x0:0x102fe06f66806234!3m1!1s2@1:CAIQACodChtycF9oOm16VlFMQ18xNm9jcElDaEg0ZHF4X2c%7C%7C?hl=ru,4.2,48,2026-06-05 23:03:39+00:00,20,0,0,0,0,0,0,0,0,0,0
KULTURA,Ci9DQUlRQUNvZENodHljRjlvT2sxb05HVlFhamxHUzJ4elFVUm9Na0ZhUXpsMmRGRRAB,5,Все просто супер!,https://www.google.com/maps/reviews/data=!4m8!14m7!1m6!2m5!1sCi9DQUlRQUNvZENodHljRjlvT2sxb05HVlFhamxHUzJ4elFVUm9Na0ZhUXpsMmRGRRAB!2m1!1s0x0:0x102fe06f66806234!3m1!1s2@1:CAIQACodChtycF9oOk1oNGVQajlGS2xzQURoMkFaQzl2dFE%7C%7C?hl=ru,4.2,48,2026-05-01 19:53:23+00:00,17,0,0,0,0,0,0,0,0,0,0
KULTURA,Ci9DQUlRQUNvZENodHljRjlvT21wb1lsazFPV2MzVDJKcU5uQjVRMmRYT0UxNlJsRRAB,5,Лучший клуб мск,https://www.google.com/maps/reviews/data=!4m8!14m7!1m6!2m5!1sCi9DQUlRQUNvZENodHljRjlvT21wb1lsazFPV2MzVDJKcU5uQjVRMmRYT0UxNlJsRRAB!2m1!1s0x0:0x102fe06f66806234!3m1!1s2@1:CAIQACodChtycF9oOmpoYlk1OWc3T2JqNnB5Q2dXOE16RlE%7C%7C?hl=ru,4.2,48,2026-01-30 16:29:01+00:00,15,0,0,0,0,0,0,0,0,0,0
KULTURA,ChdDSUhNMG9nS0VJQ0FnTURnaWJEcnlBRRAB,5,"Посетил ночной клуб Культура в октябре 2024.Вот это кипишь !В клубе на момент моего ухода было 898 человек .Гардероб на 900 позиций ,было две свободных.Народа не реально много .Публика молодежь ,парней больше процентов на 20 .Было несколько человек из дальнего зарубежья (не снг ).Работает ведущий ,молодые танцор и танцовщица .Музыка долбежка .Свой трек нельзя заказать .Безалкогольная карта оставляет желать лучшего :чай,кофе ,соки не продаются ,только вода и напитки типа кола ,фанта .В клуб постоянно очередь .Охрана зачем -то закрывает  лица масками (неужели кто-то искал после смены?).Есть двое качель ,на них работницы клуба в костюмах изображают образы Вход бесплатный.Чтобы зайти нужно оформить проходку в телеграме .Необходимо указать свои ФИО ,возраст,пол ,телефон.На входе проверяют паспорт .До меня стояли трое иностранцев с проходками ,их по -моему так и не пустили .Клуб находится в центре Москвы между парком Горького и Музеоном.
Многие с шарами .То ли их просто надувают ради прикола ,то ли внутри них что -то есть ,так и не понял .Освещения мало ,в клубе темно.Качественный видео и фото обзор не сделаешь .Много общего с клубом Looking Rooms на Тверской .Тоже темное освещение ,шары ,проверка паспорта ,много молодежи ,бесплатный вход .Ко мне подходила молодая девушка под шафе пообщаться .Спросила сколько мне лет .Я сказал 39.Она подумала ,что я охранник одного молодого парня на танцполе )Я там был самый взрослый )Все молодые были до 25 лет )Плитка на полу не подходящее покрытие для танцев .Про слайды и прыжки можно забыть.В целом вечеринка понравилась.Танцоры и публика зажигали энергично и эмоционально.Это отличие молодежных дискотек .

That 's boiling !There were 898 people in the club at the time of my departure .Wardrobe for 900 positions, there were two available.There are not really many people .The audience is young , the guys are 20 percent more .There were several people from far abroad (not the CIS).A presenter , a young dancer and a dancer are working .Music is slotting .You can't order your own track.The non-alcoholic card leaves much to be desired: tea, coffee, juices are not sold, only water and drinks such as cola, fanta .There is always a queue at the club .For some reason, the guards cover their faces with masks (did someone look for them after the shift?).There are two swings, on which club workers in suits depict images. Admission is free.To enter, you need to register a passage in the telegram.You must specify your full name, age, gender, and phone number.The passport is checked at the entrance.

There were three foreigners with penetrations before me , in my opinion they were never allowed in .The club is located in the center of Moscow between Gorky Park and the Museum.
Many with balloons .Whether they are just being inflated for fun , or whether there is something inside them , I did not understand .There is little lighting, the club is dark.You can't do a high-quality video and photo review .There is a lot in common with the Looking Rooms club on Tverskaya Street .Also dark lighting, balloons , passport check , lots of young people , free entrance .A young girl came up to me to chat with me .She asked me how old I was .I said 39.She thought I was a security guard for a young guy on the dance floor)I was the most grown-up there)All the young people were under 25 years old )The tiles on the floor are not a suitable covering for dancing.You can forget about slides and jumps.Overall, I liked it .The dancers and the audience lit up )",https://www.google.com/maps/reviews/data=!4m8!14m7!1m6!2m5!1sChdDSUhNMG9nS0VJQ0FnTURnaWJEcnlBRRAB!2m1!1s0x0:0x102fe06f66806234!3m1!1s2@1:CIHM0ogKEICAgMDgibDryAE%7C%7C?hl=ru,4.2,48,2025-02-25 16:18:16+00:00,3514,1,1,0,1,1,0,0,0,1,0
KULTURA,ChdDSUhNMG9nS0VJQ0FnSUR2NEszdW93RRAB,5,"Доброго вечера.!Зашла в клуб с подругами ,и это просто улет.Напитки недорогие ,вкусная еда .Официанты такие милые,один даже сделал комплимент что круто выгляжу.Персонал супер дружелюбный ,обязательно ещё раз приду .",https://www.google.com/maps/reviews/data=!4m8!14m7!1m6!2m5!1sChdDSUhNMG9nS0VJQ0FnSUR2NEszdW93RRAB!2m1!1s0x0:0x102fe06f66806234!3m1!1s2@1:CIHM0ogKEICAgIDv4K3uowE%7C%7C?hl=ru,4.2,48,2024-12-16 17:18:53+00:00,215,0,0,0,0,0,0,0,0,0,0
KULTURA,ChZDSUhNMG9nS0VJQ0FnSUR2NE82dVJnEAE,5,"Этот клуб просто шикарный! Мы тусили до утра, и музыка была бесподобная! Персонал очень внимательный, напитки подали мгновенно! Чувствуется дружественная атмосфера, словно пришла к друзьям на тусовку!",https://www.google.com/maps/reviews/data=!4m8!14m7!1m6!2m5!1sChZDSUhNMG9nS0VJQ0FnSUR2NE82dVJnEAE!2m1!1s0x0:0x102fe06f66806234!3m1!1s2@1:CIHM0ogKEICAgIDv4O6uRg%7C%7C?hl=ru,4.2,48,2024-12-16 16:51:45+00:00,200,0,0,0,0,0,0,0,0,0,0
KULTURA,ChdDSUhNMG9nS0VJQ0FnSUN2aGJpZWdBRRAB,5,"нравится все. много охранников, что позволяет чувствовать себя в безопасности. атмосфера шикарная, музыка прекрасная, вайб!🩷",https://www.google.com/maps/reviews/data=!4m8!14m7!1m6!2m5!1sChdDSUhNMG9nS0VJQ0FnSUN2aGJpZWdBRRAB!2m1!1s0x0:0x102fe06f66806234!3m1!1s2@1:CIHM0ogKEICAgICvhbiegAE%7C%7C?hl=ru,4.2,48,2024-12-12 21:28:36+00:00,124,0,0,0,0,0,0,0,0,0,0
KULTURA,ChdDSUhNMG9nS0VJQ0FnSURQNlpEam5RRRAB,5,"Мне очень понравился клуб, весело, музыка отличная, танцевали как в последний раз, взяли столик посидели покушали, закуски и пиццу, кухня на высоте.",https://www.google.com/maps/reviews/data=!4m8!14m7!1m6!2m5!1sChdDSUhNMG9nS0VJQ0FnSURQNlpEam5RRRAB!2m1!1s0x0:0x102fe06f66806234!3m1!1s2@1:CIHM0ogKEICAgIDP6ZDjnQE%7C%7C?hl=ru,4.2,48,2024-12-03 17:08:26+00:00,148,0,0,0,0,0,0,0,0,0,0
KULTURA,ChdDSUhNMG9nS0VJQ0FnSURQcWF1LV9nRRAB,5,"Шикарный клуб! Вчера зашли с друзьями, коктейли просто бомба, а атмосфера потрясающая. DJ сделали вечер незабываемым. Очень советую!",https://www.google.com/maps/reviews/data=!4m8!14m7!1m6!2m5!1sChdDSUhNMG9nS0VJQ0FnSURQcWF1LV9nRRAB!2m1!1s0x0:0x102fe06f66806234!3m1!1s2@1:CIHM0ogKEICAgIDPqau-_gE%7C%7C?hl=ru,4.2,48,2024-12-03 16:49:37+00:00,132,0,0,0,0,0,0,0,0,0,0
KULTURA,ChdDSUhNMG9nS0VJQ0FnSURYOGFHdzVnRRAB,5,"Были в клубе на выходных, музыка отличная, коктейли вкусные, бармены работают быстро. Атмосфера просто огонь!",https://www.google.com/maps/reviews/data=!4m8!14m7!1m6!2m5!1sChdDSUhNMG9nS0VJQ0FnSURYOGFHdzVnRRAB!2m1!1s0x0:0x102fe06f66806234!3m1!1s2@1:CIHM0ogKEICAgIDX8aGw5gE%7C%7C?hl=ru,4.2,48,2024-10-28 14:45:04+00:00,109,0,0,0,0,0,0,0,0,0,0
KULTURA,ChZDSUhNMG9nS0VJQ0FnSURYOGRhNVVnEAE,5,"Зашли на выходных в КУЛЬТуру с друзьями, клуб удивил! Музыка, напитки и обслуживание на уровне, все прошло отлично.",https://www.google.com/maps/reviews/data=!4m8!14m7!1m6!2m5!1sChZDSUhNMG9nS0VJQ0FnSURYOGRhNVVnEAE!2m1!1s0x0:0x102fe06f66806234!3m1!1s2@1:CIHM0ogKEICAgIDX8da5Ug%7C%7C?hl=ru,4.2,48,2024-10-28 14:29:40+00:00,115,0,0,0,0,0,0,0,0,0,0
KULTURA,ChdDSUhNMG9nS0VJQ0FnSURYbE9fQnZ3RRAB,5,"Это мой самый любимый клуб, я здесь реально забываю о всех своих проблемах, нереально крутой звук, свет и вообще весь интерьер. Я обожаю здешних диджеев,  придумают что то классное, всегда разнообразный и насыщенный плей-лист, так что меломанам тут особенно понравится!)",https://www.google.com/maps/reviews/data=!4m8!14m7!1m6!2m5!1sChdDSUhNMG9nS0VJQ0FnSURYbE9fQnZ3RRAB!2m1!1s0x0:0x102fe06f66806234!3m1!1s2@1:CIHM0ogKEICAgIDXlO_BvwE%7C%7C?hl=ru,4.2,48,2024-10-24 15:56:53+00:00,270,0,0,0,0,0,0,0,0,0,0
KULTURA,ChZDSUhNMG9nS0VJQ0FnSUNYaHNiMUV3EAE,5,"Ходила в пятницу в клуб, да и вообще люблю культуру!
Музыка нравится не всегда, но в последнее время стала лучше. Погода стала холодной, на гардеробе работают очень приятные люди в отличие от некоторых других клубов сетки, не приходится стоять полчаса в очереди, чтобы банально уехать домой
Коктейли на баре как всегда на уровне, особенно люблю с джином)",https://www.google.com/maps/reviews/data=!4m8!14m7!1m6!2m5!1sChZDSUhNMG9nS0VJQ0FnSUNYaHNiMUV3EAE!2m1!1s0x0:0x102fe06f66806234!3m1!1s2@1:CIHM0ogKEICAgICXhsb1Ew%7C%7C?hl=ru,4.2,48,2024-10-15 19:48:19+00:00,354,0,0,0,0,0,0,0,0,0,0
KULTURA,ChdDSUhNMG9nS0VJQ0FnSURiaXVlbTFBRRAB,1,"Малолетки стоящие на фейс контроле и также пьяная администратор которая уже сама еле стоит и не знает законов, это просто край.
Не советую идти в этот клуб если вам больше 14 лет. Готовьтесь к тому что возомнивший из себя фейс контроль решит вас не пустит « потому что им так хочется» жаль что их всех никуда кроме этого клуба работать никогда не возьмут. Москва для москвичей)",https://www.google.com/maps/reviews/data=!4m8!14m7!1m6!2m5!1sChdDSUhNMG9nS0VJQ0FnSURiaXVlbTFBRRAB!2m1!1s0x0:0x102fe06f66806234!3m1!1s2@1:CIHM0ogKEICAgIDbiuem1AE%7C%7C?hl=ru,4.2,48,2024-08-04 02:38:04+00:00,377,1,0,1,0,0,0,0,0,1,0
KULTURA,ChdDSUhNMG9nS0VJQ0FnSUNiLVkzVXd3RRAB,1,"Часто ездим по клубам в СПб и Москве, на этот раз собрались посетить Культуру в Твери. Собирались на Вайт вечеринку , пришли во всем белом, но бородатый охранник сказал приходить через час, в то же время перед нами пускал гостей не в белом , и весьма сомнительной внешности. Мы симпатичные ребята , было очень обидно и унизительно получить странный отказ , вещи у нас стильные и деньги мы на отдых не жалеем. Если б прочла отзывы перед походом, не так бы расстраивалась. Вечер был испорчен.
Первый раз такое встретила , не рекомендую. Охране работать только на сельской дискотеке.",https://www.google.com/maps/reviews/data=!4m8!14m7!1m6!2m5!1sChdDSUhNMG9nS0VJQ0FnSUNiLVkzVXd3RRAB!2m1!1s0x0:0x102fe06f66806234!3m1!1s2@1:CIHM0ogKEICAgICb-Y3UwwE%7C%7C?hl=ru,4.2,48,2024-07-29 06:56:22+00:00,580,1,0,0,0,0,0,0,0,0,0
KULTURA,ChZDSUhNMG9nS0VJQ0FnSURMdlpPa1dBEAE,1,"Барменов набрали с вокзала казанского , что бы кринж?
Работают какие-то малолетни , которые не понимают вообще что происходит, чисто солевые",https://www.google.com/maps/reviews/data=!4m8!14m7!1m6!2m5!1sChZDSUhNMG9nS0VJQ0FnSURMdlpPa1dBEAE!2m1!1s0x0:0x102fe06f66806234!3m1!1s2@1:CIHM0ogKEICAgIDLvZOkWA%7C%7C?hl=ru,4.2,48,2024-06-30 00:53:35+00:00,140,0,0,1,0,0,0,0,0,0,0
KULTURA,ChZDSUhNMG9nS0VJQ0FnSUN6bHIzS0N3EAE,1,"Мы пришли в культуру втроем,нас не пустили в клуб без объяснения причины,на вопрос почему так,в ответ последовали хамства от сатрудника по депозиту,хотя людей после нас пустили без проблем и вопросов,паспорта у нас были,qr коды тоже,очень не понравилась эта ситуация.",https://www.google.com/maps/reviews/data=!4m8!14m7!1m6!2m5!1sChZDSUhNMG9nS0VJQ0FnSUN6bHIzS0N3EAE!2m1!1s0x0:0x102fe06f66806234!3m1!1s2@1:CIHM0ogKEICAgICzlr3KCw%7C%7C?hl=ru,4.2,48,2024-06-01 21:16:24+00:00,267,1,0,0,0,0,0,0,0,0,0
KULTURA,ChdDSUhNMG9nS0VJQ0FnSURkN2NqaXN3RRAB,5,"Приезжала в субботу с компанией, все прекрасно, все понравилось!!!",https://www.google.com/maps/reviews/data=!4m8!14m7!1m6!2m5!1sChdDSUhNMG9nS0VJQ0FnSURkN2NqaXN3RRAB!2m1!1s0x0:0x102fe06f66806234!3m1!1s2@1:CIHM0ogKEICAgIDd7cjiswE%7C%7C?hl=ru,4.2,48,2024-02-26 08:43:32+00:00,66,0,0,0,0,0,0,0,0,0,0
KULTURA,ChdDSUhNMG9nS0VJQ0FnSUQxbHM2NWxBRRAB,1,Не пустили из-за штанов👍,https://www.google.com/maps/reviews/data=!4m8!14m7!1m6!2m5!1sChdDSUhNMG9nS0VJQ0FnSUQxbHM2NWxBRRAB!2m1!1s0x0:0x102fe06f66806234!3m1!1s2@1:CIHM0ogKEICAgID1ls65lAE%7C%7C?hl=ru,4.2,48,2024-01-06 22:18:17+00:00,24,1,0,0,0,0,0,0,0,0,0
KULTURA,ChZDSUhNMG9nS0VJQ0FnSUMxdExtOVpnEAE,1,"Отвратительное место, даже не смогли зайти в него, стояли в адекватном состоянии, на фейсконтроле не пропустили, причину не сказав, мы тратили деньги чтобы доехать до этого клуба а в итоге все зря)
Вообщем отвратительно встретили учитывая что в этот клуб пошла первый раз, надеюсь закроют эту помойку и откроют нормальный клуб))",https://www.google.com/maps/reviews/data=!4m8!14m7!1m6!2m5!1sChZDSUhNMG9nS0VJQ0FnSUMxdExtOVpnEAE!2m1!1s0x0:0x102fe06f66806234!3m1!1s2@1:CIHM0ogKEICAgIC1tLm9Zg%7C%7C?hl=ru,4.2,48,2023-12-23 20:11:29+00:00,328,1,0,0,0,0,0,0,0,0,0
KULTURA,ChdDSUhNMG9nS0VJQ0FnSUMxdExtUzJBRRAB,1,"Ужасное место. На охране не пропускают, при этом говорят не пришли контроль внешне",https://www.google.com/maps/reviews/data=!4m8!14m7!1m6!2m5!1sChdDSUhNMG9nS0VJQ0FnSUMxdExtUzJBRRAB!2m1!1s0x0:0x102fe06f66806234!3m1!1s2@1:CIHM0ogKEICAgIC1tLmS2AE%7C%7C?hl=ru,4.2,48,2023-12-23 20:10:29+00:00,82,1,0,0,0,0,0,0,0,0,0
KULTURA,ChZDSUhNMG9nS0VJQ0FnSUQ1X0tEYkpnEAE,5,"Крутой клуб, бываем очень часто всё понравилось",https://www.google.com/maps/reviews/data=!4m8!14m7!1m6!2m5!1sChZDSUhNMG9nS0VJQ0FnSUQ1X0tEYkpnEAE!2m1!1s0x0:0x102fe06f66806234!3m1!1s2@1:CIHM0ogKEICAgID5_KDbJg%7C%7C?hl=ru,4.2,48,2023-10-20 23:41:07+00:00,47,0,0,0,0,0,0,0,0,0,0
KULTURA,ChdDSUhNMG9nS0VJQ0FnSUQ1X01EWDV3RRAB,5,"очень классный клуб, всё понравилось",https://www.google.com/maps/reviews/data=!4m8!14m7!1m6!2m5!1sChdDSUhNMG9nS0VJQ0FnSUQ1X01EWDV3RRAB!2m1!1s0x0:0x102fe06f66806234!3m1!1s2@1:CIHM0ogKEICAgID5_MDX5wE%7C%7C?hl=ru,4.2,48,2023-10-20 23:39:13+00:00,36,0,0,0,0,0,0,0,0,0,0
KULTURA,ChZDSUhNMG9nS0VJQ0FnSUQ1X0lEX0N3EAE,5,"Классный клуб, прекрасный персонал и очень вежливая охрана",https://www.google.com/maps/reviews/data=!4m8!14m7!1m6!2m5!1sChZDSUhNMG9nS0VJQ0FnSUQ1X0lEX0N3EAE!2m1!1s0x0:0x102fe06f66806234!3m1!1s2@1:CIHM0ogKEICAgID5_ID_Cw%7C%7C?hl=ru,4.2,48,2023-10-20 23:37:28+00:00,58,0,0,0,0,0,0,0,0,0,0
KULTURA,ChZDSUhNMG9nS0VJQ0FnSUQ1dklfalhREAE,5,"Атмосфера супер, музыка современная, бар дешевый и очень вкусный. Всем советую!!!!",https://www.google.com/maps/reviews/data=!4m8!14m7!1m6!2m5!1sChZDSUhNMG9nS0VJQ0FnSUQ1dklfalhREAE!2m1!1s0x0:0x102fe06f66806234!3m1!1s2@1:CIHM0ogKEICAgID5vI_jXQ%7C%7C?hl=ru,4.2,48,2023-10-20 23:21:12+00:00,82,0,0,0,0,0,0,0,0,0,0
KULTURA,ChZDSUhNMG9nS0VJQ0FnSUQ1dk5mNERREAE,5,"Прекрасный клуб, вежливая охрана и хороший персонал.",https://www.google.com/maps/reviews/data=!4m8!14m7!1m6!2m5!1sChZDSUhNMG9nS0VJQ0FnSUQ1dk5mNERREAE!2m1!1s0x0:0x102fe06f66806234!3m1!1s2@1:CIHM0ogKEICAgID5vNf4DQ%7C%7C?hl=ru,4.2,48,2023-10-20 23:13:57+00:00,52,0,0,0,0,0,0,0,0,0,0
KULTURA,ChZDSUhNMG9nS0VJQ0FnSUQ1dktlVE5BEAE,5,"лучший сервис,  фейсеры на высшем уровне, приятный контингент в клубе, встречают всегда с улыбкой и диджеи афигенные",https://www.google.com/maps/reviews/data=!4m8!14m7!1m6!2m5!1sChZDSUhNMG9nS0VJQ0FnSUQ1dktlVE5BEAE!2m1!1s0x0:0x102fe06f66806234!3m1!1s2@1:CIHM0ogKEICAgID5vKeTNA%7C%7C?hl=ru,4.2,48,2023-10-20 23:09:48+00:00,116,0,0,0,0,0,0,0,0,0,0
KULTURA,ChZDSUhNMG9nS0VJQ0FnSUQ1dktmOWNBEAE,5,"Отличный клуб, охрана отлично работает. Фэйсконтроль на высшем уровне, контингент хороший,сервис всегда с улыбкой, ходим только сюда.",https://www.google.com/maps/reviews/data=!4m8!14m7!1m6!2m5!1sChZDSUhNMG9nS0VJQ0FnSUQ1dktmOWNBEAE!2m1!1s0x0:0x102fe06f66806234!3m1!1s2@1:CIHM0ogKEICAgID5vKf9cA%7C%7C?hl=ru,4.2,48,2023-10-20 23:09:40+00:00,133,0,0,0,0,0,0,0,0,0,0
KULTURA,ChZDSUhNMG9nS0VJQ0FnSUQ1dk5tZ2NnEAE,5,"Прекрасное заведение, в августе привели друзья, теперь не могу перестать посещать его!!! каждую неделю, жду выходной, чтобы быстрее вернуться. шикарная музыка (под которую можно танцевать), классный персонал (познакомилась с некоторыми барменами и промиками, афигенные ребята!!!), вкусные и не дорогие коктейли.
всем советую, придете единожды, больше не сможете воспринимать остальные клубы)",https://www.google.com/maps/reviews/data=!4m8!14m7!1m6!2m5!1sChZDSUhNMG9nS0VJQ0FnSUQ1dk5tZ2NnEAE!2m1!1s0x0:0x102fe06f66806234!3m1!1s2@1:CIHM0ogKEICAgID5vNmgcg%7C%7C?hl=ru,4.2,48,2023-10-20 21:59:40+00:00,391,0,0,0,0,0,0,0,0,0,0
KULTURA,ChdDSUhNMG9nS0VJQ0FnSUQ1dkthMXB3RRAB,5,"ребята на фейсе работают на все 100%, охрана всегда следит за происходящим (понравился тот факт, что если к тебе пристают и ты против, охрана всегда вмешается и спросит все ли хорошо), поэтому чувствуешь себя в безопасности, сервис на высшем уровне, всегда с улыбкой и все объяснят, люблю это место за атмосферу и музыку",https://www.google.com/maps/reviews/data=!4m8!14m7!1m6!2m5!1sChdDSUhNMG9nS0VJQ0FnSUQ1dkthMXB3RRAB!2m1!1s0x0:0x102fe06f66806234!3m1!1s2@1:CIHM0ogKEICAgID5vKa1pwE%7C%7C?hl=ru,4.2,48,2023-10-20 21:15:04+00:00,320,0,0,0,0,0,0,0,0,0,0
KULTURA,ChZDSUhNMG9nS0VJQ0FnSUQ1dlBxTUpnEAE,5,"Классный клуб.Атмосфера на высшем уровне как и музыка и обслуживание.Хожу сюда часто и советую своим друзьям.Кто хочет круто провести время,потанцевать и выпить вкусные коктейли,то приходите сюда",https://www.google.com/maps/reviews/data=!4m8!14m7!1m6!2m5!1sChZDSUhNMG9nS0VJQ0FnSUQ1dlBxTUpnEAE!2m1!1s0x0:0x102fe06f66806234!3m1!1s2@1:CIHM0ogKEICAgID5vPqMJg%7C%7C?hl=ru,4.2,48,2023-10-20 21:09:08+00:00,195,0,0,0,0,0,0,0,0,0,0
KULTURA,ChdDSUhNMG9nS0VJQ0FnSUQ1dk5xejNBRRAB,5,"лучший клуб! была там не один раз, очень классная музыка, вкусный алкоголь, приемлемые цены, вежливый персонал :) можно прекрасно отдохнуть как и на танцполе, так и взяв стол. это очень удобно!! советую этот клуб",https://www.google.com/maps/reviews/data=!4m8!14m7!1m6!2m5!1sChdDSUhNMG9nS0VJQ0FnSUQ1dk5xejNBRRAB!2m1!1s0x0:0x102fe06f66806234!3m1!1s2@1:CIHM0ogKEICAgID5vNqz3AE%7C%7C?hl=ru,4.2,48,2023-10-20 21:06:42+00:00,212,0,0,0,0,0,0,0,0,0,0
KULTURA,ChZDSUhNMG9nS0VJQ0FnSUQ1dk9yRlpnEAE,5,"лучший клуб, с начала августа только тут
лояльная охрана, хороший сервис, восхитительные музыка, свет и атмосфера💔",https://www.google.com/maps/reviews/data=!4m8!14m7!1m6!2m5!1sChZDSUhNMG9nS0VJQ0FnSUQ1dk9yRlpnEAE!2m1!1s0x0:0x102fe06f66806234!3m1!1s2@1:CIHM0ogKEICAgID5vOrFZg%7C%7C?hl=ru,4.2,48,2023-10-20 21:03:07+00:00,114,0,0,0,0,0,0,0,0,0,0
KULTURA,ChdDSUhNMG9nS0VJQ0FnSUQ1M05lRDl3RRAB,1,"Отношения к людям не человеческое. Хватают за руки охранники. Общаются как перво классники. Забыли куртки, еле вернули обратно.
Сервис ужасен. Напитки тоже. Один из худших клубов мск. Если хотите потусить в кайф, с нормальными отношениям к себе, советую сюда не приходить. Удаляют негативные комменты.",https://www.google.com/maps/reviews/data=!4m8!14m7!1m6!2m5!1sChdDSUhNMG9nS0VJQ0FnSUQ1M05lRDl3RRAB!2m1!1s0x0:0x102fe06f66806234!3m1!1s2@1:CIHM0ogKEICAgID53NeD9wE%7C%7C?hl=ru,4.2,48,2023-10-20 19:47:31+00:00,301,1,0,1,1,0,0,0,0,0,1
KULTURA,ChdDSUhNMG9nS0VJQ0FnSURwN19Qa3NRRRAB,1,"Максимально неприветливый персонал, охрана на каждую проблему агрессивно реагирует, берут за руки, правила сами выстанавливают, моему другу предложили депозит 5к без объяснения, хотя мы были компанией. В итоге выгнали за то, что стакан не там поставил, другого за опьянение в КЛУБЕ, другого за национальность!!!!",https://www.google.com/maps/reviews/data=!4m8!14m7!1m6!2m5!1sChdDSUhNMG9nS0VJQ0FnSURwN19Qa3NRRRAB!2m1!1s0x0:0x102fe06f66806234!3m1!1s2@1:CIHM0ogKEICAgIDp7_PksQE%7C%7C?hl=ru,4.2,48,2023-09-01 00:08:43+00:00,312,1,0,1,0,0,0,1,0,0,0
KULTURA,ChZDSUhNMG9nS0VJQ0FnSURKM3Jyb0hnEAE,5,🤙🤙🤙,https://www.google.com/maps/reviews/data=!4m8!14m7!1m6!2m5!1sChZDSUhNMG9nS0VJQ0FnSURKM3Jyb0hnEAE!2m1!1s0x0:0x102fe06f66806234!3m1!1s2@1:CIHM0ogKEICAgIDJ3rroHg%7C%7C?hl=ru,4.2,48,2023-07-17 18:25:29+00:00,3,0,0,0,0,0,0,0,0,0,0
KULTURA,ChZDSUhNMG9nS0VJQ0FnSUR4X3FiSEx3EAE,5,"Отличное заведение, приятрые цены, хороший персонал) ходим часто с компанией",https://www.google.com/maps/reviews/data=!4m8!14m7!1m6!2m5!1sChZDSUhNMG9nS0VJQ0FnSUR4X3FiSEx3EAE!2m1!1s0x0:0x102fe06f66806234!3m1!1s2@1:CIHM0ogKEICAgIDx_qbHLw%7C%7C?hl=ru,4.2,48,2023-06-09 08:49:36+00:00,76,0,0,0,0,0,0,0,0,0,0
16 Тонн,Ci9DQUlRQUNvZENodHljRjlvT2pKQ2QxOVZlazF2UlhJd1EwRlNVVzFMYWxwSWJXYxAB,5,"Клуб в стиле английского паба. 2 этажа. Гардероб и туалет на 1 этаже, сцена на 2-ом. Вежливые сотрудники. Цена коктейлей в баре от 800 рублей. Здесь часто проводят концерты, перед которыми каждый раз включают песню ""16 тонн"" (ее слова написаны на ступенях).",https://www.google.com/maps/reviews/data=!4m8!14m7!1m6!2m5!1sCi9DQUlRQUNvZENodHljRjlvT2pKQ2QxOVZlazF2UlhJd1EwRlNVVzFMYWxwSWJXYxAB!2m1!1s0x0:0xc0c59d3963df4fad!3m1!1s2@1:CAIQACodChtycF9oOjJCd19Vek1vRXIwQ0FSUW1LalpIbWc%7C%7C?hl=ru,4.5,5904,2026-06-26 19:31:13+00:00,257,0,0,0,0,0,0,0,0,0,0
16 Тонн,Ci9DQUlRQUNvZENodHljRjlvT2xWSlQySklSSGhPV2tOcmMwbE9RMnBoZVZCNWIxRRAB,1,"Еда и сервис никогда не были коньком 16Т, а теперь ещё и атмосфера стала гнуzненькая. Вообще пропало желание посещать некогда один из любимых клубов. Ах, да, у них теперь и на сайт с впн не пускают. Скоро будут заставлять звездиться перед входом.",https://www.google.com/maps/reviews/data=!4m8!14m7!1m6!2m5!1sCi9DQUlRQUNvZENodHljRjlvT2xWSlQySklSSGhPV2tOcmMwbE9RMnBoZVZCNWIxRRAB!2m1!1s0x0:0xc0c59d3963df4fad!3m1!1s2@1:CAIQACodChtycF9oOlVJT2JIRHhOWkNrc0lOQ2pheVB5b1E%7C%7C?hl=ru,4.5,5904,2026-05-01 09:50:59+00:00,246,0,0,1,1,0,0,0,0,0,1
16 Тонн,Ci9DQUlRQUNvZENodHljRjlvT2tkM2EzSlJaaTFLTjB4dFpETmtkRmQzYm5sQ1RFRRAB,5,Верните Камакина!,https://www.google.com/maps/reviews/data=!4m8!14m7!1m6!2m5!1sCi9DQUlRQUNvZENodHljRjlvT2tkM2EzSlJaaTFLTjB4dFpETmtkRmQzYm5sQ1RFRRAB!2m1!1s0x0:0xc0c59d3963df4fad!3m1!1s2@1:CAIQACodChtycF9oOkd3a3JRZi1KN0xtZDNkdFd3bnlCTEE%7C%7C?hl=ru,4.5,5904,2026-01-16 00:24:24+00:00,17,0,0,0,0,0,0,0,0,0,0
16 Тонн,ChdDSUhNMG9nS0VJQ0FnSUNIa3NhR3RRRRAB,4,"Отзыв о клубе 16 Тонн
Review of the 16 Ton Club

Live music, food, and atmosphere - three in one,
The 16 Ton Club has all of this.
And the prices are reasonable for the center of Moscow,
They brew their own beer, unlike many others!

Живая музыка, еда, атмосфера - три в одном,
К клубе 16 Тонн есть это в наличии.
И цены для центра Москвы приемлемые при том,
Пиво варят своё, от многих других в отличии!",https://www.google.com/maps/reviews/data=!4m8!14m7!1m6!2m5!1sChdDSUhNMG9nS0VJQ0FnSUNIa3NhR3RRRRAB!2m1!1s0x0:0xc0c59d3963df4fad!3m1!1s2@1:CIHM0ogKEICAgICHksaGtQE%7C%7C?hl=ru,4.5,5904,2024-09-03 04:57:11+00:00,403,0,0,0,0,0,0,0,0,0,0
16 Тонн,Ci9DQUlRQUNvZENodHljRjlvT210SVYxaGZZVUo2TVc1WlgwVjZhVGw2VlZaa1YzYxAB,3,"Клубу 30 лет и, соответственно, посетители, похоже, что все те же самые, что ходят с момента открытия. Ощущение, что попал в клуб «для тех кому за 20+10+10+10…».

Подавляющее большинство посетителей это люди, прожившие свою молодость ещё в лихие 90е. К полуночи заведение превращается в довольно печальное зрелище – пьяная толпа 45-50-летних хипстеров. Музыку гоняет DJ, который, по всей видимости, тоже в клубе с 1996 года. Музыка очень громкая и не несёт никакой смысловой нагрузки.

Видно, что клуб в своё время был сделан с любовью и пониманием того, что должно получиться. Но, время не щадит никого…

Один раз прийти можно, но второй раз сильно сомневаюсь, если только не фанат клуба и почитатель его творчества.",https://www.google.com/maps/reviews/data=!4m8!14m7!1m6!2m5!1sCi9DQUlRQUNvZENodHljRjlvT210SVYxaGZZVUo2TVc1WlgwVjZhVGw2VlZaa1YzYxAB!2m1!1s0x0:0xc0c59d3963df4fad!3m1!1s2@1:CAIQACodChtycF9oOmtIV1hfYUJ6MW5ZX0V6aTl6VVZkV3c%7C%7C?hl=ru,4.5,5904,2025-11-16 19:09:11+00:00,717,0,1,0,0,0,0,0,0,1,0
16 Тонн,Ci9DQUlRQUNvZENodHljRjlvT21kbWVURXhUMlp5UVRGNlZYZGpkRUp4VlhCalMzYxAB,2,Постоянно нет безалкогольного пива(,https://www.google.com/maps/reviews/data=!4m8!14m7!1m6!2m5!1sCi9DQUlRQUNvZENodHljRjlvT21kbWVURXhUMlp5UVRGNlZYZGpkRUp4VlhCalMzYxAB!2m1!1s0x0:0xc0c59d3963df4fad!3m1!1s2@1:CAIQACodChtycF9oOmdmeTExT2ZyQTF6VXdjdEJxVXBjS3c%7C%7C?hl=ru,4.5,5904,2025-11-15 17:35:44+00:00,35,0,0,0,1,0,0,0,0,0,0
16 Тонн,Ci9DQUlRQUNvZENodHljRjlvT2tSQmRHZDFXR0YzYlZOc04wNURiVVE0Y1c5WU1uYxAB,4,"Легендарное место, которое стареет и не  улучшается.

Меню - уже давно ничего нового, лучше в мелочах не становится, зато за последние лет пять выпало несколько местных специалитетов. Мелочь, а неприятно.

Официанты - могут ходить мимо столика минут пятнадцать не обращая внимания, заметят - не заметят - тут как повезет.

Качество кухни - в целом ок.

Ну то есть общее ощущение, что хозяева от него подустали и решили оставить на инерционном сценарии - типа пусть идет как идет…",https://www.google.com/maps/reviews/data=!4m8!14m7!1m6!2m5!1sCi9DQUlRQUNvZENodHljRjlvT2tSQmRHZDFXR0YzYlZOc04wNURiVVE0Y1c5WU1uYxAB!2m1!1s0x0:0xc0c59d3963df4fad!3m1!1s2@1:CAIQACodChtycF9oOkRBdGd1WGF3bVNsN05DbUQ4cW9YMnc%7C%7C?hl=ru,4.5,5904,2025-09-27 21:42:57+00:00,479,0,0,1,0,0,0,0,0,0,0
16 Тонн,Ci9DQUlRQUNvZENodHljRjlvT2s5aGJERm1YMTgyYVRsQlVXWlhVVFZHWWt0UE5GRRAB,5,"Зашла просто где-то провести время до следующей встречи на летнюю веранду и получила ОГРОМНОЕ удовольствие от атмосферы,которую так любезно,профессионально и тактично создаёт здесь официант Ростислав. Очень редко можно встретить таких высококвалифицированных сотрудников. Очень грамотный,воспитанный,доброжелательный,тактичный и прекрасно выглядит молодой человек. Огромное спасибо! Прошу руководство поощрить Ростислава за отличную работу.",https://www.google.com/maps/reviews/data=!4m8!14m7!1m6!2m5!1sCi9DQUlRQUNvZENodHljRjlvT2s5aGJERm1YMTgyYVRsQlVXWlhVVFZHWWt0UE5GRRAB!2m1!1s0x0:0xc0c59d3963df4fad!3m1!1s2@1:CAIQACodChtycF9oOk9hbDFmX182aTlBUWZXUTVGYktPNFE%7C%7C?hl=ru,4.5,5904,2025-08-27 15:13:01+00:00,440,0,0,0,0,0,0,0,0,0,0
16 Тонн,Ci9DQUlRQUNvZENodHljRjlvT2w5d1ducHhaVzQyVnpoR1kwUXdkR3RMWDNOYVYwRRAB,1,Жуда зур,https://www.google.com/maps/reviews/data=!4m8!14m7!1m6!2m5!1sCi9DQUlRQUNvZENodHljRjlvT2w5d1ducHhaVzQyVnpoR1kwUXdkR3RMWDNOYVYwRRAB!2m1!1s0x0:0xc0c59d3963df4fad!3m1!1s2@1:CAIQACodChtycF9oOl9wWnpxZW42VzhGY0QwdGtLX3NaV0E%7C%7C?hl=ru,4.5,5904,2025-08-20 07:12:52+00:00,8,0,0,0,0,0,0,0,0,0,0
16 Тонн,Ci9DQUlRQUNvZENodHljRjlvT2tkaE1XWTBORnBxV2xONmNtZFFaemN5WWxkSWVXYxAB,5,Часто ходим в тонны. Тонны наше все!!! Вот и концерт плазмы порадовал!.кухня вполне приятная. Брали как всегда плато мясное от шефа.куда вы спрятали нашу весёлую рыжую Яну?всегда нам дарила атмосферу! Любим вас!,https://www.google.com/maps/reviews/data=!4m8!14m7!1m6!2m5!1sCi9DQUlRQUNvZENodHljRjlvT2tkaE1XWTBORnBxV2xONmNtZFFaemN5WWxkSWVXYxAB!2m1!1s0x0:0xc0c59d3963df4fad!3m1!1s2@1:CAIQACodChtycF9oOkdhMWY0NFpqWlN6cmdQZzcyYldIeWc%7C%7C?hl=ru,4.5,5904,2025-07-21 12:42:54+00:00,211,0,0,0,0,0,0,0,0,0,0
16 Тонн,Ci9DQUlRQUNvZENodHljRjlvT25wVVpUTmphbTQxVjJjMFEwTklWVnBuVTFweVdGRRAB,1,"Была в этом заведении 18 июля. Ко мне не подошел ни один официант, я очень долго ждала, на меня просто не обращали внимания, затем я сама подошла и попросила барную карту. Когда выбрала, ко мне снова долгое время никто не подходил, причем я несколько раз встретилась взглядами с барменами, которые в это время общались с официантами. Я уже вслух спросона где мне сделать заказ, мне бармен ответил, что лучше на баре, хотя официанты были свободны! Я сделала заказ и мне его никто не принес! Когда уже я сама сходила за заказом и присела, бармен окликнул меня и попросил рассчитать сразу. Поведение обоих барменов и официантов, максимально странное, высокомерное и принебрежительное. Я в свою очередь была опрятная, трезвая и хорошо одетая, поэтому из поведение обидно вдвойне.",https://www.google.com/maps/reviews/data=!4m8!14m7!1m6!2m5!1sCi9DQUlRQUNvZENodHljRjlvT25wVVpUTmphbTQxVjJjMFEwTklWVnBuVTFweVdGRRAB!2m1!1s0x0:0xc0c59d3963df4fad!3m1!1s2@1:CAIQACodChtycF9oOnpUZTNjam41V2c0Q0NIVVpnU1pyWFE%7C%7C?hl=ru,4.5,5904,2025-07-18 23:24:29+00:00,775,0,0,1,0,0,0,0,0,0,0
16 Тонн,ChZDSUhNMG9nS0VJUzQwYS0tNGJma1FREAE,3,"Была здесь давно, когда место ещё считалось модным. Сейчас до гостей дела никому нет. Все делается из под палки, как будто персонал делает одолжение посетителям. Что-то нужно менять, как минимум советское отношение к людям.",https://www.google.com/maps/reviews/data=!4m8!14m7!1m6!2m5!1sChZDSUhNMG9nS0VJUzQwYS0tNGJma1FREAE!2m1!1s0x0:0xc0c59d3963df4fad!3m1!1s2@1:CIHM0ogKEIS40a--4bfkQQ%7C%7C?hl=ru,4.5,5904,2025-06-01 12:03:19+00:00,223,0,0,1,0,0,0,0,0,0,0
16 Тонн,ChZDSUhNMG9nS0VOZmtfTnpxX3V5MEdREAE,5,"Шикарное место для всего: концерты, обеды, приятное времяпрепровождение. Спустя длительное время отсутствия моего коллектива на бизнесс ланчах в этом месте изменилось меню. 16.05.2025 решили сходить. Мы в восторге, как и всегда. Особо отмечу большие порции, демократичеые цены, быструю подачу блюд, вежливый и приветливый персонал , а так же обалденную закуску ""вафля с пашиетом"" . Спасибо огромное за приятные впечатления и позитивные моменты, которые так нужны людям в обеденные перерывы, особенно в пятницу))))",https://www.google.com/maps/reviews/data=!4m8!14m7!1m6!2m5!1sChZDSUhNMG9nS0VOZmtfTnpxX3V5MEdREAE!2m1!1s0x0:0xc0c59d3963df4fad!3m1!1s2@1:CIHM0ogKENfk_Nzq_uy0GQ%7C%7C?hl=ru,4.5,5904,2025-05-21 11:13:53+00:00,513,0,0,0,0,0,0,0,0,0,0
16 Тонн,ChZDSUhNMG9nS0VJQ0FnTURvZ2ZYbUd3EAE,4,"Была здесь несколько лет назад, когда выиграла 2 билета на закрытый концерт группы Би-2. Клуб понравился во всем, и антураж, и звук, и свет, а вот сервис оказался ниже плинтуса. В баре хамы работают и вообще не обращают на тебя никакого внимания, если ты не завсегдатай. В женский туалет постоянно стоит очередь. Неужели за столько лет работы нельзя было его расширить? Ещё не понравилось, что режим работы до 6 утра или до последнего клиента, а на деле тебя могут выгнать среди ночи и делай что хочешь, если денег на такси нет. В общем концерт был супер, а сам клуб не впечатлил",https://www.google.com/maps/reviews/data=!4m8!14m7!1m6!2m5!1sChZDSUhNMG9nS0VJQ0FnTURvZ2ZYbUd3EAE!2m1!1s0x0:0xc0c59d3963df4fad!3m1!1s2@1:CIHM0ogKEICAgMDogfXmGw%7C%7C?hl=ru,4.5,5904,2025-04-25 14:35:35+00:00,579,0,0,1,0,1,0,0,0,0,1
16 Тонн,ChdDSUhNMG9nS0VJQ0FnTURRaXFPV2dRRRAB,2,"Посчастливилось в пятницу 7 марта посетить концерт Гарика Сукачева, при не такой уж низкой цене билетов (8 тысяч - билет), организация отвратительная! Было ощущение, что билетов продано в 2 раза больше, чем может вместить небольшой зал! Танцпол как бы подразумевает возможность подвигаться под музыку, в пятницу же люди стояли впритык друг к другу, стал понятен смысл выражения «набиты, как селедка в бочке». К самому концерту вопросов нет, но «удовольствие» стоять, не двигаясь почти 2 часа, больше не хочу получать.",https://www.google.com/maps/reviews/data=!4m8!14m7!1m6!2m5!1sChdDSUhNMG9nS0VJQ0FnTURRaXFPV2dRRRAB!2m1!1s0x0:0xc0c59d3963df4fad!3m1!1s2@1:CIHM0ogKEICAgMDQiqOWgQE%7C%7C?hl=ru,4.5,5904,2025-03-10 10:05:21+00:00,517,0,0,0,0,1,1,0,0,0,1
16 Тонн,ChZDSUhNMG9nS0VJQ0FnTURnMXNMWWFBEAE,5,"Вчера побывали на концерте Алены Апиной в любимом клубе. Потрясающая атмосфера! Весело, дружно, вкусно и просто хорошо! Концерт был просто замечательный, как в целом и другие концерты. Всегда проходят на ура! Алене огромное спасибо за песни, за общение с публикой , за тот праздник , что устроила вчера всем поситителям. Вежливый персонал. Вкусная еда! Люблю это место за атмосферу 🥰🔥 Обязательно скоро аернемся",https://www.google.com/maps/reviews/data=!4m8!14m7!1m6!2m5!1sChZDSUhNMG9nS0VJQ0FnTURnMXNMWWFBEAE!2m1!1s0x0:0xc0c59d3963df4fad!3m1!1s2@1:CIHM0ogKEICAgMDg1sLYaA%7C%7C?hl=ru,4.5,5904,2025-02-24 14:31:49+00:00,411,0,0,0,0,0,0,0,0,0,0
16 Тонн,ChdDSUhNMG9nS0VJQ0FnSURmc3RTN3hnRRAB,5,"Отличное заведение🤩🤩🤩 с живой музыкой  и возможностью   потанцевать))).
Давно ходим в данное заведение и очень довольны!   Уютное место.    Всегда приветливый персонал,  достойное обслуживание,приемлемые  цены.",https://www.google.com/maps/reviews/data=!4m8!14m7!1m6!2m5!1sChdDSUhNMG9nS0VJQ0FnSURmc3RTN3hnRRAB!2m1!1s0x0:0xc0c59d3963df4fad!3m1!1s2@1:CIHM0ogKEICAgIDfstS7xgE%7C%7C?hl=ru,4.5,5904,2025-01-05 08:04:50+00:00,210,0,0,0,0,0,0,0,0,0,0
16 Тонн,ChdDSUhNMG9nS0VJQ0FnSURQam9YODJ3RRAB,1,"Раньше это было прекрасное заведение, куда я постоянно ходил на концерты. Но в последние год-полтора такое ощущение, что ради лишней копейки стали делать овербукинг и при той же вместимости зала продавать больше билетов: в результате при солдауте невозможно находиться на мероприятии. А про бедных официантов, пытающихся протиснуться к столикам между размахивающими руками зрителями, вообще молчу. Больше сюда ни ногой.",https://www.google.com/maps/reviews/data=!4m8!14m7!1m6!2m5!1sChdDSUhNMG9nS0VJQ0FnSURQam9YODJ3RRAB!2m1!1s0x0:0xc0c59d3963df4fad!3m1!1s2@1:CIHM0ogKEICAgIDPjoX82wE%7C%7C?hl=ru,4.5,5904,2024-12-02 07:56:03+00:00,419,0,0,0,0,1,0,0,0,0,0
16 Тонн,ChZDSUhNMG9nS0VJQ0FnSURuOEtEY1lBEAE,1,"На ланч стало невозможно приходить,пьяные официанты,долгое обслуживание,а иногда и вовсе его отсутствие,администратор на контакт не идет.

Еда вкусная,если принесут.",https://www.google.com/maps/reviews/data=!4m8!14m7!1m6!2m5!1sChZDSUhNMG9nS0VJQ0FnSURuOEtEY1lBEAE!2m1!1s0x0:0xc0c59d3963df4fad!3m1!1s2@1:CIHM0ogKEICAgIDn8KDcYA%7C%7C?hl=ru,4.5,5904,2024-10-02 10:23:56+00:00,165,0,0,1,0,0,0,0,0,0,0
16 Тонн,ChdDSUhNMG9nS0VJQ0FnSUM3d3VqNTRBRRAB,1,"Больше ноги моей в этом месте не будет

Проходить в заведение с 2006 года. Последние 4 года почти каждый день, так как живу напротив. Знать большую часть персонала. Быть медийной личностью. И получить отношение от новой охраны как на фото. Абсолютно без оснований. На любые просьбы разобраться было отвечено отказом в коммуникации. Вот оно лицо заведения. Невежливые, ехидные дети не знающие аудитории.

Рекомендую пересмотреть рабочие отношения с новыми охранниками.  Судя по последним отзывам - проблема насущная.",https://www.google.com/maps/reviews/data=!4m8!14m7!1m6!2m5!1sChdDSUhNMG9nS0VJQ0FnSUM3d3VqNTRBRRAB!2m1!1s0x0:0xc0c59d3963df4fad!3m1!1s2@1:CIHM0ogKEICAgIC7wuj54AE%7C%7C?hl=ru,4.5,5904,2024-08-13 23:45:09+00:00,515,1,0,0,0,0,0,0,0,0,0
16 Тонн,ChdDSUhNMG9nS0VJQ0FnSURqcHU3MS1BRRAB,2,"Отзыв только для ресторана. Еда так себе, суп принесли вообще холодный, булочки дубовые, куриный шницель был вкусный, а пюре к нему еле теплое.",https://www.google.com/maps/reviews/data=!4m8!14m7!1m6!2m5!1sChdDSUhNMG9nS0VJQ0FnSURqcHU3MS1BRRAB!2m1!1s0x0:0xc0c59d3963df4fad!3m1!1s2@1:CIHM0ogKEICAgIDjpu71-AE%7C%7C?hl=ru,4.5,5904,2024-05-02 15:27:01+00:00,143,0,0,0,1,0,0,0,0,0,0
16 Тонн,ChZDSUhNMG9nS0VJQ0FnSUM5eTVMR0xBEAE,5,"Живой звук группы Крематорий
Только восторг",https://www.google.com/maps/reviews/data=!4m8!14m7!1m6!2m5!1sChZDSUhNMG9nS0VJQ0FnSUM5eTVMR0xBEAE!2m1!1s0x0:0xc0c59d3963df4fad!3m1!1s2@1:CIHM0ogKEICAgIC9y5LGLA%7C%7C?hl=ru,4.5,5904,2024-03-09 19:30:14+00:00,43,0,0,0,0,0,0,0,0,0,0
16 Тонн,ChdDSUhNMG9nS0VJQ0FnSUM5aGJQbTFRRRAB,5,Легендарное место с очень уютной атмосферой,https://www.google.com/maps/reviews/data=!4m8!14m7!1m6!2m5!1sChdDSUhNMG9nS0VJQ0FnSUM5aGJQbTFRRRAB!2m1!1s0x0:0xc0c59d3963df4fad!3m1!1s2@1:CIHM0ogKEICAgIC9hbPm1QE%7C%7C?hl=ru,4.5,5904,2024-03-07 12:49:48+00:00,43,0,0,0,0,0,0,0,0,0,0
16 Тонн,ChZDSUhNMG9nS0VJQ0FnSUNOOXNlalV3EAE,3,"Great live music performance and awesome atmosphere. The food unfortunately was not good, chicken in the burger was served raw, discovered after a couple bites but still resulted in unpleasant days after. I don't recommend eating the food from this place.",https://www.google.com/maps/reviews/data=!4m8!14m7!1m6!2m5!1sChZDSUhNMG9nS0VJQ0FnSUNOOXNlalV3EAE!2m1!1s0x0:0xc0c59d3963df4fad!3m1!1s2@1:CIHM0ogKEICAgICN9sejUw%7C%7C?hl=ru,4.5,5904,2024-01-14 13:12:32+00:00,255,0,0,0,1,0,0,0,0,0,0
16 Тонн,ChdDSUhNMG9nS0VJQ0FnSUMxMExuX2pRRRAB,5,"замечатльное место, очень понравилось! оьязательно придем еще вместе с Одиссеем и купим всё меню которое тут есть) и раздадим людям❤ тг канал @grimace",https://www.google.com/maps/reviews/data=!4m8!14m7!1m6!2m5!1sChdDSUhNMG9nS0VJQ0FnSUMxMExuX2pRRRAB!2m1!1s0x0:0xc0c59d3963df4fad!3m1!1s2@1:CIHM0ogKEICAgIC10Ln_jQE%7C%7C?hl=ru,4.5,5904,2023-12-20 21:27:12+00:00,150,0,0,0,0,0,0,0,0,0,0
16 Тонн,ChZDSUhNMG9nS0VJQ0FnSURGM2FLSUVnEAE,2,"Просто отвратительное отношение к фанатам группы PLAZMA, а именно касаемо концерта посвященному дню рождения Романа Черницына 7 ноября!
Продали в первые часы ВСЕ билеты некому «московскому трубному заводу», которые решили устроить корпоратив с застольем прямо на концерте! В итоге, на танцполе была дикая толкучка и духота, а истинным фанатам группы даже не дали приобрести билеты за столом. Зато за столом сидели люди, которым было пофигу на группу, которые бухали как не в себя и даже не смотрели на сцену! Просто ужас!!!!
Касаемо еды - все невкусно и дорого, пицца будто замороженная, гренки пережарены и жесткие, картошка фри вся темная, а коктейль с лавандой дал такую изжогу, будто сделан из самых дешевых составляющих.

Отношение клуба к фанатам поистине скотское, деньги деньгами, но зачем отдавать столы тем, кому это неинтересно?! Тем более на день рождения исполнителя? Это как минимум неуважение к артистам тоже, которые очень часто дают концерты в этом клубе!",https://www.google.com/maps/reviews/data=!4m8!14m7!1m6!2m5!1sChZDSUhNMG9nS0VJQ0FnSURGM2FLSUVnEAE!2m1!1s0x0:0xc0c59d3963df4fad!3m1!1s2@1:CIHM0ogKEICAgIDF3aKIEg%7C%7C?hl=ru,4.5,5904,2023-11-09 11:49:18+00:00,972,0,0,0,1,1,1,0,0,1,1
16 Тонн,ChdDSUhNMG9nS0VJQ0FnSUNGaHVUeWtnRRAB,1,"Пришли отметить день рождения на рок караоке. Выкупили целый стол. Заранее забронировали стол и позвонили и уведомили об этом. В день события было забронировано всего 3 стола. Нас уведомили что песню мы спеть не сможем. Стол был грязный, а под столом липко. Для вида протерто тряпкой, но это ситуацию не исправил. Если хотите испортить праздник, то вам сюда. Все очень плохо.",https://www.google.com/maps/reviews/data=!4m8!14m7!1m6!2m5!1sChdDSUhNMG9nS0VJQ0FnSUNGaHVUeWtnRRAB!2m1!1s0x0:0xc0c59d3963df4fad!3m1!1s2@1:CIHM0ogKEICAgICFhuTykgE%7C%7C?hl=ru,4.5,5904,2023-10-27 23:37:13+00:00,375,0,0,1,0,1,0,0,0,0,1
16 Тонн,ChRDSUhNMG9nS0VJQ0FnSUM1MFl3RRAB,3,Bad service doesn’t Answer Calls,https://www.google.com/maps/reviews/data=!4m8!14m7!1m6!2m5!1sChRDSUhNMG9nS0VJQ0FnSUM1MFl3RRAB!2m1!1s0x0:0xc0c59d3963df4fad!3m1!1s2@1:CIHM0ogKEICAgIC50YwE%7C%7C?hl=ru,4.5,5904,2023-10-14 22:07:58+00:00,32,0,0,1,0,0,0,0,0,0,0
16 Тонн,ChdDSUhNMG9nS0VJQ0FnSURac05PaG1nRRAB,4,What an interesting evening here. Companion was dying to go to a live show and found this one from a popular band. Of course I wanted to head out for a little nightlife. The place was a bit crowded of course and it was the typical gen z crowd of people that are just unaware that there are other people in their surroundings. The best part of the night was the band starts playing and all of a sudden they're playing a song that I recognized that I've been listening to for about two years in one of my heavy playlists. Funny thing is is I had no idea and neither did she and so it was a really amazing night to meet those guys and in fact we notified them that if they checked their statistics on spotify there's someone who's playing their songs constantly in california and they had noticed so that was kind of funny because their main audience is in eastern europe. I just discovered it on a random playlist,https://www.google.com/maps/reviews/data=!4m8!14m7!1m6!2m5!1sChdDSUhNMG9nS0VJQ0FnSURac05PaG1nRRAB!2m1!1s0x0:0xc0c59d3963df4fad!3m1!1s2@1:CIHM0ogKEICAgIDZsNOhmgE%7C%7C?hl=ru,4.5,5904,2023-09-22 19:37:04+00:00,911,0,0,0,0,0,0,0,0,1,0
16 Тонн,ChdDSUhNMG9nS0VJQ0FnSUNaMXJQSnF3RRAB,5,"Давно мечтала побывать в этом легендарном клубе, да все как-то не получалось. Этим летом удалось дважды! Очень понравилась атмосфера и посещенные концерты - Владимира Ткаченко и Павла Пиковского. Спасибо клубу и организаторам!",https://www.google.com/maps/reviews/data=!4m8!14m7!1m6!2m5!1sChdDSUhNMG9nS0VJQ0FnSUNaMXJQSnF3RRAB!2m1!1s0x0:0xc0c59d3963df4fad!3m1!1s2@1:CIHM0ogKEICAgICZ1rPJqwE%7C%7C?hl=ru,4.5,5904,2023-09-10 04:56:24+00:00,226,0,0,0,0,0,0,0,0,0,0
16 Тонн,ChdDSUhNMG9nS0VJQ0FnSURwNTQ2TzFBRRAB,1,"Были в  баре 16 Тонн 26августа,  официант был не в адеквате, принял заказ очень нервно, дëргался постоянно, пиво нам не приносили 20 минут, мы начали переживать, официанта найти не могли, когда нашли, он сказал пиво слишком пенное, сейчас принесёт. Принёс пиво , и это было что --  то, выдохшееся , очень водянистое. Из закусок взяли сырные палочки, они были с привкусом плесени. Но самое интересное, что после выпитого пива и съеденных закусок у одной девушки было сильное покраснение лицевых покровов и удушье. Прошу отреагировать на жалобу и позвонить по факту рассмотрения. Время посещения бара 23:00. Мой телефон 89524445301 Алла Борисовна.",https://www.google.com/maps/reviews/data=!4m8!14m7!1m6!2m5!1sChdDSUhNMG9nS0VJQ0FnSURwNTQ2TzFBRRAB!2m1!1s0x0:0xc0c59d3963df4fad!3m1!1s2@1:CIHM0ogKEICAgIDp546O1AE%7C%7C?hl=ru,4.5,5904,2023-08-30 16:49:36+00:00,645,0,0,1,1,0,0,0,0,0,0
16 Тонн,ChZDSUhNMG9nS0VJQ0FnSURwdUpIdmRREAE,5,"Хорошее пиво , вкусный том ям)",https://www.google.com/maps/reviews/data=!4m8!14m7!1m6!2m5!1sChZDSUhNMG9nS0VJQ0FnSURwdUpIdmRREAE!2m1!1s0x0:0xc0c59d3963df4fad!3m1!1s2@1:CIHM0ogKEICAgIDpuJHvdQ%7C%7C?hl=ru,4.5,5904,2023-08-15 20:51:18+00:00,30,0,0,0,0,0,0,0,0,0,0
16 Тонн,ChZDSUhNMG9nS0VJQ0FnSUNwdVBPV1hBEAE,4,Атмосферное место),https://www.google.com/maps/reviews/data=!4m8!14m7!1m6!2m5!1sChZDSUhNMG9nS0VJQ0FnSUNwdVBPV1hBEAE!2m1!1s0x0:0xc0c59d3963df4fad!3m1!1s2@1:CIHM0ogKEICAgICpuPOWXA%7C%7C?hl=ru,4.5,5904,2023-07-28 12:22:20+00:00,18,0,0,0,0,0,0,0,0,0,0
16 Тонн,ChdDSUhNMG9nS0VJQ0FnSURKNXVmVnRRRRAB,5,"Спасибо, моему дорогому Паше за приятный, атмосферный вечер в этом клубе! Я осталась очень довольна уютным интерьером клуба, концертом, вкусной едой, и доброжелательными официантами. Музыканты создали нам прекрасное настроение профессиональным, живым и душевным исполнением, молодцы ребята, спасибо! А повара приготовили для нас вкуснейшую пиццу и вкуснейшие роллы, спасибо большое!
Приятный отдых и хорошее настроение точно будут обеспечены в клубе, все будет супер! Рекомендую.",https://www.google.com/maps/reviews/data=!4m8!14m7!1m6!2m5!1sChdDSUhNMG9nS0VJQ0FnSURKNXVmVnRRRRAB!2m1!1s0x0:0xc0c59d3963df4fad!3m1!1s2@1:CIHM0ogKEICAgIDJ5ufVtQE%7C%7C?hl=ru,4.5,5904,2023-07-16 09:16:49+00:00,479,0,0,0,0,0,0,0,0,0,0
16 Тонн,ChZDSUhNMG9nS0VJQ0FnSURKNE5qc1NnEAE,1,"Претензии не столько к самому клубу, сколько к организации вечеринки Рокикараоке:
Новичков тут не то, что не любят, просто игнорируют и считают что они должны доказать, что достойны присоединиться к клубу (вечеринке) в качестве полноценного участника. Однако если вы безмолвный слушатель, без права любого, кроме восхищенного в голоса, то вам эта вечеринка вполне подойдёт.
В т.г. канале закреплено сообщение, что организаторы все объяснят и расскажут — это ложь.
На вопросы вида «когда же начнется» скидывают рекламный пост с указанием времени 15—30 минут назад.
Записывающий в очередь на «выступить» прямым текстом сообщает, что новички сами должны узнать к кому с чем и когда обращаться, в отсутствие какой-либо информации.
На сайте по предлагают обращаться в течение канал, но по факту вся информация из него недостоверна, если не лжива. Даже если вы хотите закажете самый дорогой столик, вам так и быть предложат выступить в конце программы (до которой ждать почти три часа).
С претензиями в ТГ канале поступают очень просто: пока мало — игнор, если сильно возмущен — удаление.
Вывод: идея неплоха, организация средняя, подключение новичков — ниже плинтуса. Так что если вы решил присоединиться как исполнитель- не рекомендую, так-как вы тут не нужны.
Звук: перегружены низы, постоянный резонанс с помещением.
Выступающие части е то, чтобы безголосые, но три первых (пока допивали уже принесенное пиво) выступили посредственно, так что если вы готовы терпеть унижения, вполне можете влиться в клуб и стать там звездой.",https://www.google.com/maps/reviews/data=!4m8!14m7!1m6!2m5!1sChZDSUhNMG9nS0VJQ0FnSURKNE5qc1NnEAE!2m1!1s0x0:0xc0c59d3963df4fad!3m1!1s2@1:CIHM0ogKEICAgIDJ4NjsSg%7C%7C?hl=ru,4.5,5904,2023-07-08 22:11:58+00:00,1523,0,1,1,0,0,0,0,0,0,1
16 Тонн,ChdDSUhNMG9nS0VJQ0FnSUNXcXQzbWxBRRAB,5,Отличное пиво! Великолепная кухня! Приятный персонал. И все это в одном заведении!,https://www.google.com/maps/reviews/data=!4m8!14m7!1m6!2m5!1sChdDSUhNMG9nS0VJQ0FnSUNXcXQzbWxBRRAB!2m1!1s0x0:0xc0c59d3963df4fad!3m1!1s2@1:CIHM0ogKEICAgICWqt3mlAE%7C%7C?hl=ru,4.5,5904,2022-02-23 18:35:30+00:00,82,0,0,0,0,0,0,0,0,0,0
16 Тонн,ChZDSUhNMG9nS0VJQ0FnSUNXeXB6QUxnEAE,5,"Очень весело, много народу, все танцуют, веселятся, цены приятные, диваны удобные.",https://www.google.com/maps/reviews/data=!4m8!14m7!1m6!2m5!1sChZDSUhNMG9nS0VJQ0FnSUNXeXB6QUxnEAE!2m1!1s0x0:0xc0c59d3963df4fad!3m1!1s2@1:CIHM0ogKEICAgICWypzALg%7C%7C?hl=ru,4.5,5904,2022-02-23 11:50:58+00:00,82,0,0,0,0,0,0,0,0,0,0
16 Тонн,ChdDSUhNMG9nS0VJQ0FnSUNXOHJxMHB3RRAB,3,"Место знаковое, практически историческое. Никогда не думал, что оно такое маленькое",https://www.google.com/maps/reviews/data=!4m8!14m7!1m6!2m5!1sChdDSUhNMG9nS0VJQ0FnSUNXOHJxMHB3RRAB!2m1!1s0x0:0xc0c59d3963df4fad!3m1!1s2@1:CIHM0ogKEICAgICW8rq0pwE%7C%7C?hl=ru,4.5,5904,2022-02-22 23:28:35+00:00,83,0,0,0,0,1,0,0,0,0,0
16 Тонн,ChZDSUhNMG9nS0VJQ0FnSUNXb3A2ekdnEAE,5,Классное заведение. Хожу на концерты. Вкусные коктейли.,https://www.google.com/maps/reviews/data=!4m8!14m7!1m6!2m5!1sChZDSUhNMG9nS0VJQ0FnSUNXb3A2ekdnEAE!2m1!1s0x0:0xc0c59d3963df4fad!3m1!1s2@1:CIHM0ogKEICAgICWop6zGg%7C%7C?hl=ru,4.5,5904,2022-02-21 22:38:12+00:00,55,0,0,0,0,0,0,0,0,0,0
16 Тонн,ChdDSUhNMG9nS0VJQ0FnSUNXM01hR3ZBRRAB,4,"Хорошая обстановка, напитки, обслуживание, атмосфера, свет, звук",https://www.google.com/maps/reviews/data=!4m8!14m7!1m6!2m5!1sChdDSUhNMG9nS0VJQ0FnSUNXM01hR3ZBRRAB!2m1!1s0x0:0xc0c59d3963df4fad!3m1!1s2@1:CIHM0ogKEICAgICW3MaGvAE%7C%7C?hl=ru,4.5,5904,2022-02-20 18:56:52+00:00,64,0,0,0,0,0,0,0,0,0,0
16 Тонн,ChZDSUhNMG9nS0VJQ0FnSUNXbkwyOGJ3EAE,5,"Красное пиво+мини шашлычок эт блаженство,+💃",https://www.google.com/maps/reviews/data=!4m8!14m7!1m6!2m5!1sChZDSUhNMG9nS0VJQ0FnSUNXbkwyOGJ3EAE!2m1!1s0x0:0xc0c59d3963df4fad!3m1!1s2@1:CIHM0ogKEICAgICWnL28bw%7C%7C?hl=ru,4.5,5904,2022-02-20 16:29:42+00:00,43,0,0,0,0,0,0,0,0,0,0
16 Тонн,ChZDSUhNMG9nS0VJQ0FnSUNXb05DSFdREAE,4,"Еда могла бы быть лучше, коктейли не плохо. Концерты супер!",https://www.google.com/maps/reviews/data=!4m8!14m7!1m6!2m5!1sChZDSUhNMG9nS0VJQ0FnSUNXb05DSFdREAE!2m1!1s0x0:0xc0c59d3963df4fad!3m1!1s2@1:CIHM0ogKEICAgICWoNCHWQ%7C%7C?hl=ru,4.5,5904,2022-02-14 20:40:38+00:00,59,0,0,0,1,0,0,0,0,0,0
16 Тонн,ChdDSUhNMG9nS0VJQ0FnSURtbDhhTHRnRRAB,5,"Шикарный клуб. Вкусное пиво, красивые посетительницы. Разный репертуар",https://www.google.com/maps/reviews/data=!4m8!14m7!1m6!2m5!1sChdDSUhNMG9nS0VJQ0FnSURtbDhhTHRnRRAB!2m1!1s0x0:0xc0c59d3963df4fad!3m1!1s2@1:CIHM0ogKEICAgIDml8aLtgE%7C%7C?hl=ru,4.5,5904,2022-02-11 20:25:26+00:00,70,0,0,0,0,0,0,0,0,0,0
Мутабор,Ci9DQUlRQUNvZENodHljRjlvT2pOWU9GbFVVMnA2Ulc1d2NUbHVZVTl2VUc5UmJuYxAB,5,Лучший димыч в городе,https://www.google.com/maps/reviews/data=!4m8!14m7!1m6!2m5!1sCi9DQUlRQUNvZENodHljRjlvT2pOWU9GbFVVMnA2Ulc1d2NUbHVZVTl2VUc5UmJuYxAB!2m1!1s0x0:0x726d43a3b2972d9c!3m1!1s2@1:CAIQACodChtycF9oOjNYOFlUU2p6RW5wcTluYU9vUG9Rbnc%7C%7C?hl=ru,4.3,548,2026-01-16 00:23:55+00:00,21,0,0,0,0,0,0,0,0,0,0
Мутабор,Ci9DQUlRQUNvZENodHljRjlvT2xrNFJYaFFiMHAyYTNCbU5HWmFUakZLUXpRNGFFRRAB,1,"15.11.2025 года в 21:00 не прошёл фейс-контроль в зоне обычных билетов. Был трезвый, опрятный и вежливый, билет тоже был, но работники этого заведения не пустили на входе без объяснения причины.
Теперь моë мнение об этом месте крайне негативное. Всем своим знакомым буду рекомендовать не ходить туда из-за неадекватных секьюрити на входе в клуб.
Итог испорченный вечер, неудолось отдохнуть там со своими Друзьями, зря потраченные деньги на билет и созданные неудобства в поисках ночëвки.
Хотелось бы, чтобы администрация данного заведения лишила этих секьюрити премии или как-то материально наказала. Пусть у этих секьюрити тоже настроение испортится.🙏",https://www.google.com/maps/reviews/data=!4m8!14m7!1m6!2m5!1sCi9DQUlRQUNvZENodHljRjlvT2xrNFJYaFFiMHAyYTNCbU5HWmFUakZLUXpRNGFFRRAB!2m1!1s0x0:0x726d43a3b2972d9c!3m1!1s2@1:CAIQACodChtycF9oOlk4RXhQb0p2a3BmNGZaTjFKQzQ4aEE%7C%7C?hl=ru,4.3,548,2025-11-15 22:22:13+00:00,652,1,0,0,0,0,0,0,0,0,0
Мутабор,Ci9DQUlRQUNvZENodHljRjlvT21GRlYycHBialk0YkV0d01WUnpZelpqVkdwNlJWRRAB,1,"раньше был лучший наркопритон в стране…
сейчас такой же наркопритон, но без берлинских вайбов, впускают всех
не ходите в DEX, ждите Аутлайна 🙏",https://www.google.com/maps/reviews/data=!4m8!14m7!1m6!2m5!1sCi9DQUlRQUNvZENodHljRjlvT21GRlYycHBialk0YkV0d01WUnpZelpqVkdwNlJWRRAB!2m1!1s0x0:0x726d43a3b2972d9c!3m1!1s2@1:CAIQACodChtycF9oOmFFV2ppbjY4bEtwMVRzYzZjVGp6RVE%7C%7C?hl=ru,4.3,548,2025-10-16 03:36:23+00:00,142,1,0,0,0,0,0,0,0,1,0
Мутабор,ChZDSUhNMG9nS0VJQ0FnSUNQenZqMFZ3EAE,1,Без объяснения причины,https://www.google.com/maps/reviews/data=!4m8!14m7!1m6!2m5!1sChZDSUhNMG9nS0VJQ0FnSUNQenZqMFZ3EAE!2m1!1s0x0:0x726d43a3b2972d9c!3m1!1s2@1:CIHM0ogKEICAgICPzvj0Vw%7C%7C?hl=ru,4.3,548,2024-11-24 11:45:36+00:00,22,1,0,0,0,0,0,0,0,0,0
Мутабор,ChdDSUhNMG9nS0VJQ0FnSURiZy12VXF3RRAB,5,"Уже не мутабор, а Arma.
Великий и круто клуб России, куда съезжаются даже из-за границы.
Много залов плюс веранда
Крутые привозы, крутой декор, супер люди. Обожаю",https://www.google.com/maps/reviews/data=!4m8!14m7!1m6!2m5!1sChdDSUhNMG9nS0VJQ0FnSURiZy12VXF3RRAB!2m1!1s0x0:0x726d43a3b2972d9c!3m1!1s2@1:CIHM0ogKEICAgIDbg-vUqwE%7C%7C?hl=ru,4.3,548,2024-08-08 18:41:38+00:00,162,0,0,0,0,0,0,0,0,0,0
Мутабор,ChZDSUhNMG9nS0VJQ0FnSUN0OXZlcFB3EAE,5,favorite ❤️,https://www.google.com/maps/reviews/data=!4m8!14m7!1m6!2m5!1sChZDSUhNMG9nS0VJQ0FnSUN0OXZlcFB3EAE!2m1!1s0x0:0x726d43a3b2972d9c!3m1!1s2@1:CIHM0ogKEICAgICt9vepPw%7C%7C?hl=ru,4.3,548,2024-01-30 08:55:43+00:00,11,0,0,0,0,0,0,0,0,0,0
Мутабор,ChdDSUhNMG9nS0VJQ0FnSUQxa2I2OHVnRRAB,1,Не очень,https://www.google.com/maps/reviews/data=!4m8!14m7!1m6!2m5!1sChdDSUhNMG9nS0VJQ0FnSUQxa2I2OHVnRRAB!2m1!1s0x0:0x726d43a3b2972d9c!3m1!1s2@1:CIHM0ogKEICAgID1kb68ugE%7C%7C?hl=ru,4.3,548,2024-01-07 21:00:01+00:00,8,0,0,0,0,0,0,0,0,0,0
Мутабор,ChdDSUhNMG9nS0VJQ0FnSUMxOW9fXzZ3RRAB,5,А носок ртом то сняли? Там видео не до конца 🤣🤣🤣🤣,https://www.google.com/maps/reviews/data=!4m8!14m7!1m6!2m5!1sChdDSUhNMG9nS0VJQ0FnSUMxOW9fXzZ3RRAB!2m1!1s0x0:0x726d43a3b2972d9c!3m1!1s2@1:CIHM0ogKEICAgIC19o__6wE%7C%7C?hl=ru,4.3,548,2023-12-29 18:02:39+00:00,49,0,0,0,0,0,0,0,0,0,0
Мутабор,ChZDSUhNMG9nS0VJQ0FnSUMxeXRhRkFnEAE,5,Хороший клуб.Девушки красивые.Можно и выпить и закусить.Рекомендую.,https://www.google.com/maps/reviews/data=!4m8!14m7!1m6!2m5!1sChZDSUhNMG9nS0VJQ0FnSUMxeXRhRkFnEAE!2m1!1s0x0:0x726d43a3b2972d9c!3m1!1s2@1:CIHM0ogKEICAgIC1ytaFAg%7C%7C?hl=ru,4.3,548,2023-12-27 12:31:04+00:00,67,0,0,0,0,0,0,0,0,0,0
Мутабор,ChZDSUhNMG9nS0VJQ0FnSUNGaVppME93EAE,1,"28.10 простояли 40 минут на улице под дождём. Когда подошли , не пустили по фейс контролю (трезвый , обратно одет) без обьяснения причины. Возврат за билет не провели.
Не рекомендую к посещению.

Вход оплачен , открылись с 40 минутной задержкой .
Не рекомендую к посещению",https://www.google.com/maps/reviews/data=!4m8!14m7!1m6!2m5!1sChZDSUhNMG9nS0VJQ0FnSUNGaVppME93EAE!2m1!1s0x0:0x726d43a3b2972d9c!3m1!1s2@1:CIHM0ogKEICAgICFiZi0Ow%7C%7C?hl=ru,4.3,548,2023-10-28 20:46:10+00:00,272,1,0,0,0,0,1,0,0,0,1
Мутабор,ChZDSUhNMG9nS0VJQ0FnSURaejdqdUF3EAE,5,"Ходили на концерт группы Электрофорез. Зал очень хорошо подходит под такой концерт. На входе качественный досмотр, есть гардероб, в зале есть две барных стойки с оплатой по авансовой карте заведения. Звук хороший, свет понравился.",https://www.google.com/maps/reviews/data=!4m8!14m7!1m6!2m5!1sChZDSUhNMG9nS0VJQ0FnSURaejdqdUF3EAE!2m1!1s0x0:0x726d43a3b2972d9c!3m1!1s2@1:CIHM0ogKEICAgIDZz7juAw%7C%7C?hl=ru,4.3,548,2023-10-08 21:14:47+00:00,230,0,0,0,0,0,0,0,0,0,0
Мутабор,ChZDSUhNMG9nS0VJQ0FnSUNaek1mOWVREAE,5,"Были на afterskazka 2.09 шикарное место, локации для фото чудесные. Клуб понравился, душновато, но веер спасает! Рекомендую",https://www.google.com/maps/reviews/data=!4m8!14m7!1m6!2m5!1sChZDSUhNMG9nS0VJQ0FnSUNaek1mOWVREAE!2m1!1s0x0:0x726d43a3b2972d9c!3m1!1s2@1:CIHM0ogKEICAgICZzMf9eQ%7C%7C?hl=ru,4.3,548,2023-09-05 17:34:14+00:00,123,0,0,0,0,1,0,0,0,0,0
Мутабор,ChdDSUhNMG9nS0VJQ0FnSURKcTZpUzlnRRAB,3,"Мутабор - это площадка-боль. Все пишут про очереди, для меня самым острым вопросом является вентиляция в помещениях и циркуляция воздуха. Душка как в аду, на главной сцене как будто ничего нет из системы кондиционирования, кроме открытой двери у сцены. Мы конечно затерпели, как говорится, но это позорище.",https://www.google.com/maps/reviews/data=!4m8!14m7!1m6!2m5!1sChdDSUhNMG9nS0VJQ0FnSURKcTZpUzlnRRAB!2m1!1s0x0:0x726d43a3b2972d9c!3m1!1s2@1:CIHM0ogKEICAgIDJq6iS9gE%7C%7C?hl=ru,4.3,548,2023-07-22 22:52:07+00:00,306,0,0,0,0,1,0,0,0,0,0
Мутабор,ChZDSUhNMG9nS0VJQ0FnSURKeTVPNlJBEAE,1,Не пропускают иностранцев!,https://www.google.com/maps/reviews/data=!4m8!14m7!1m6!2m5!1sChZDSUhNMG9nS0VJQ0FnSURKeTVPNlJBEAE!2m1!1s0x0:0x726d43a3b2972d9c!3m1!1s2@1:CIHM0ogKEICAgIDJy5O6RA%7C%7C?hl=ru,4.3,548,2023-07-22 21:32:45+00:00,26,1,0,0,0,0,0,0,0,0,0
Мутабор,ChZDSUhNMG9nS0VJQ0FnSUNKN2QzY0J3EAE,1,"С 1 на 2 июля ""senses open air"".
Начало согласно билету было в 23.55. приехал в 00, была огромная очередь, по итогу войти внутрь удалось уже с рассветом.
Охрана и фейсконтроль как-либо комментировать ситуацию отказывались, в какой-то момент на вопросы стали отвечать прямыми угрозами из серии:""если не перестанете задавать вопросы - вообще не попадете внутрь"".
Некоторым людям, отстоявшим трёх часовую очередь отказали во входе без объяснения причин.",https://www.google.com/maps/reviews/data=!4m8!14m7!1m6!2m5!1sChZDSUhNMG9nS0VJQ0FnSUNKN2QzY0J3EAE!2m1!1s0x0:0x726d43a3b2972d9c!3m1!1s2@1:CIHM0ogKEICAgICJ7d3cBw%7C%7C?hl=ru,4.3,548,2023-07-02 22:21:49+00:00,450,1,0,0,0,0,0,0,0,0,1
Мутабор,ChZDSUhNMG9nS0VJQ0FnSUNKN2IzVWV3EAE,1,"Вчера на senses, по заранее купленным билетам, около трёх часов простояли на входе. Ни туалета, ни воды, ни присесть. На рассвете, попав в клуб пришлось отстоять ещё полчаса в туалет. И столько же в бар. Почти все выступления пропустили. Организация, отношение администрации отвратительное. На все вопросы два ответа: ""ну в конце-концов вы все же прошли"" и ""сейчас выведу"". К работе персонала, за исключением охраны и администрации, никаких претензий. Но они просто не успевают всех обслужить, их количество, как и количество туалетов просто не рассчитано на такое количество людей. Качество алкоголя ниже среднего. Из плюсов: внутреннее оформление, звук, свет, атмосфера. Райский уголок посреди территории завода, превращенного в общественный туалет.",https://www.google.com/maps/reviews/data=!4m8!14m7!1m6!2m5!1sChZDSUhNMG9nS0VJQ0FnSUNKN2IzVWV3EAE!2m1!1s0x0:0x726d43a3b2972d9c!3m1!1s2@1:CIHM0ogKEICAgICJ7b3Uew%7C%7C?hl=ru,4.3,548,2023-07-02 22:24:12+00:00,751,1,0,1,1,1,0,0,0,0,1
Мутабор,ChZDSUhNMG9nS0VJQ0FnSUNKdGJ2Q0V3EAE,1,Очереди везде. На концерт простояли около 3 часов без преувеличений. Внутри тоже очереди везде и в бар и в туалет. Желаю вам наихудшего,https://www.google.com/maps/reviews/data=!4m8!14m7!1m6!2m5!1sChZDSUhNMG9nS0VJQ0FnSUNKdGJ2Q0V3EAE!2m1!1s0x0:0x726d43a3b2972d9c!3m1!1s2@1:CIHM0ogKEICAgICJtbvCEw%7C%7C?hl=ru,4.3,548,2023-07-02 04:21:06+00:00,135,0,0,0,0,1,0,0,0,0,1
Мутабор,ChdDSUhNMG9nS0VJQ0FnSUNKbkphSmx3RRAB,1,"Музыка, свет, адеграунд — да.
Но:
1. Внутри. Неужели нельзя сделать нормальные, безопасные проходы? Без бесконечных порожков, разноуровневых ступеней, торчащих гвоздей и арматуры? Там запросто можно навернуться в потемках.
2. Туалет. Очередь на целый час. Грязь и вонь. Одна раковина без горячей воды, без мыла и салфеток на несколько кабинок. Нет туалетной бумаги, нет зеркала, тусклое освещение. Вот серьезно?
3. Очередь на вход, очередь в гардероб, очередь пополнить карточку, очередь в бар, очередь в туалет.
4. Безопасность. Очень узкие проходы, входы и выходы. Куча хлама у выходов.

Не понимаю восторгов.",https://www.google.com/maps/reviews/data=!4m8!14m7!1m6!2m5!1sChdDSUhNMG9nS0VJQ0FnSUNKbkphSmx3RRAB!2m1!1s0x0:0x726d43a3b2972d9c!3m1!1s2@1:CIHM0ogKEICAgICJnJaJlwE%7C%7C?hl=ru,4.3,548,2023-06-22 17:54:58+00:00,611,0,0,0,0,1,0,0,1,0,0
Мутабор,ChZDSUhNMG9nS0VJQ0FnSUR4amZPRFpREAE,1,"Хотел попасть на фестиваль ЧилаутПланет от 5 мая, но не удалось, т.к. охрана без объяснения причины развернула. Сфотографировали QR-код билета и сказали, что деньги вернутся на счёт, с которого была произведена оплата, в течение недели.
По факту, прошло уже больше, чем две недели, а деньги так и не пришли. Получается охрана просто обманывает таким образом посетителей, чтобы те меньше скандалили на входе. Рекомендую тем, кому охрана на входе пообещала возврат, не ждать своих денег, а сразу идти и писать заявление в полицию по факту мошенничества",https://www.google.com/maps/reviews/data=!4m8!14m7!1m6!2m5!1sChZDSUhNMG9nS0VJQ0FnSUR4amZPRFpREAE!2m1!1s0x0:0x726d43a3b2972d9c!3m1!1s2@1:CIHM0ogKEICAgIDxjfODZQ%7C%7C?hl=ru,4.3,548,2023-06-13 08:10:47+00:00,550,1,0,0,0,0,1,0,1,0,0
Мутабор,ChdDSUhNMG9nS0VJQ0FnSUN4LTY3MGx3RRAB,4,"Классное место, но почему, если концерт начинается в 19, толпу начинают запускать только в 18:50, не раньше? В итоге концерт задержался больше чем на час. Пришлось сидеть, ждать. Администраторы могли бы рассчитать время на пропуск, учитывая количество купленных билетов, и не заставлять людей нервничать.",https://www.google.com/maps/reviews/data=!4m8!14m7!1m6!2m5!1sChdDSUhNMG9nS0VJQ0FnSUN4LTY3MGx3RRAB!2m1!1s0x0:0x726d43a3b2972d9c!3m1!1s2@1:CIHM0ogKEICAgICx-670lwE%7C%7C?hl=ru,4.3,548,2023-05-27 07:40:54+00:00,304,0,0,1,0,0,0,0,0,0,1
Мутабор,ChdDSUhNMG9nS0VJQ0FnSUNXb3F1Vm9RRRAB,1,"охранники, здесь вы будете под пристальным их надзором присмотром и досмотром. Атмосфера колонии. На входе частенько забывают дать сдачу с крупных купюр, а когда спрашиваете про неё и тогда забывают.",https://www.google.com/maps/reviews/data=!4m8!14m7!1m6!2m5!1sChdDSUhNMG9nS0VJQ0FnSUNXb3F1Vm9RRRAB!2m1!1s0x0:0x726d43a3b2972d9c!3m1!1s2@1:CIHM0ogKEICAgICWoquVoQE%7C%7C?hl=ru,4.3,548,2022-02-22 01:20:11+00:00,199,1,0,0,0,0,1,0,0,0,0
Мутабор,ChZDSUhNMG9nS0VJQ0FnSURtMzlXSFZREAE,5,Мутабор король вечеринок! Техно-клуб в его лучшем представлении.,https://www.google.com/maps/reviews/data=!4m8!14m7!1m6!2m5!1sChZDSUhNMG9nS0VJQ0FnSURtMzlXSFZREAE!2m1!1s0x0:0x726d43a3b2972d9c!3m1!1s2@1:CIHM0ogKEICAgIDm39WHVQ%7C%7C?hl=ru,4.3,548,2022-02-13 22:15:40+00:00,64,0,0,0,0,0,0,0,0,0,0
Мутабор,ChZDSUhNMG9nS0VJQ0FnSURtemJLZkFREAE,3,"Атмосфера 5из5
Персонал 4из пяти понравилось все кроме барменов которое кого им внешне нравилось обслуживали вперёд.
И слабая организация для входов выходов, из-за это столпотворение было постоянно",https://www.google.com/maps/reviews/data=!4m8!14m7!1m6!2m5!1sChZDSUhNMG9nS0VJQ0FnSURtemJLZkFREAE!2m1!1s0x0:0x726d43a3b2972d9c!3m1!1s2@1:CIHM0ogKEICAgIDmzbKfAQ%7C%7C?hl=ru,4.3,548,2022-02-05 14:31:32+00:00,197,0,0,1,0,1,0,0,0,0,0
Мутабор,ChZDSUhNMG9nS0VJQ0FnSURtamZUUkJREAE,5,"хочу здесь жить
можно?
буду вашим котиком",https://www.google.com/maps/reviews/data=!4m8!14m7!1m6!2m5!1sChZDSUhNMG9nS0VJQ0FnSURtamZUUkJREAE!2m1!1s0x0:0x726d43a3b2972d9c!3m1!1s2@1:CIHM0ogKEICAgIDmjfTRBQ%7C%7C?hl=ru,4.3,548,2022-02-05 08:02:51+00:00,41,0,0,0,0,0,0,0,0,0,0
Мутабор,ChdDSUhNMG9nS0VJQ0FnSURtMWJXbXdBRRAB,5,Там нужно быть. Я читал много отзывов перед посещением. Но был всё равно приятно удивлён. Рэйв фо Пис😎,https://www.google.com/maps/reviews/data=!4m8!14m7!1m6!2m5!1sChdDSUhNMG9nS0VJQ0FnSURtMWJXbXdBRRAB!2m1!1s0x0:0x726d43a3b2972d9c!3m1!1s2@1:CIHM0ogKEICAgIDm1bWmwAE%7C%7C?hl=ru,4.3,548,2022-02-04 15:43:48+00:00,102,0,0,0,0,0,0,0,0,0,0
Мутабор,ChZDSUhNMG9nS0VJQ0FnSURtaFpMTU13EAE,3,"прос: атмосферная локация, возможность собрать огромное количество артистов под единой крышей;

конс: ни на сайте, ни на территории не было схемы заведения, из-за овербукинга самому исследовать локации возможности не было, например в очереди в туалет мы простояли около 22 минут, так же не исполнили обязательства перед випами, под натиском толпы охранник ушел с лестницы открыл доступ в вип ложу для всех, и последнее это бар, потратив 7200₽ на джинтоник я не получил ничего кроме лёгкого похмелья, будто выпил межсезонного стекломоя с крепостью 5 градусов.

От заведения ожидал куда большего.",https://www.google.com/maps/reviews/data=!4m8!14m7!1m6!2m5!1sChZDSUhNMG9nS0VJQ0FnSURtaFpMTU13EAE!2m1!1s0x0:0x726d43a3b2972d9c!3m1!1s2@1:CIHM0ogKEICAgIDmhZLMMw%7C%7C?hl=ru,4.3,548,2022-02-03 10:09:32+00:00,594,0,0,1,1,1,1,0,0,0,1
Мутабор,ChZDSUhNMG9nS0VJQ0FnSURtb2J6d05nEAE,5,"супер локация, был здесь на Недоступности. Все находится в здании завода, повсюду части механизмов что придаёт антуража. Звук супер, свет тоже. На мероприятии где я был было 3 сцены и можно было ходить между ними. Туалетов не очень много и из-за того что нет писуаров большие очереди туда. В барах можно покупать только по специальной карте которую лучше пополнять наличными, иначе можно вернуть неизрасходованные средства только с чеком. Но меня все равно обсчитали на 50р, небольшая сумма, но все равно неприятно.

По итогу мы все равно получаем одну из лучших, если не самую лучшую концертную площадку Москвы с очень крутыми завозами",https://www.google.com/maps/reviews/data=!4m8!14m7!1m6!2m5!1sChZDSUhNMG9nS0VJQ0FnSURtb2J6d05nEAE!2m1!1s0x0:0x726d43a3b2972d9c!3m1!1s2@1:CIHM0ogKEICAgIDmobzwNg%7C%7C?hl=ru,4.3,548,2022-01-30 20:24:43+00:00,636,0,0,0,0,1,1,0,0,0,0
Мутабор,ChZDSUhNMG9nS0VJQ0FnSURtdnVPUVp3EAE,1,"я в шоке от организации. ни войти ни выйти. такая толкучка, что кажется раздавят. артисты выступали не по порядку и не по указанным сценам, указано - выступление 40мин, по факту 10-15. я больше не вернусь в это место и вам не советую.",https://www.google.com/maps/reviews/data=!4m8!14m7!1m6!2m5!1sChZDSUhNMG9nS0VJQ0FnSURtdnVPUVp3EAE!2m1!1s0x0:0x726d43a3b2972d9c!3m1!1s2@1:CIHM0ogKEICAgIDmvuOQZw%7C%7C?hl=ru,4.3,548,2022-01-29 22:39:44+00:00,234,0,0,0,0,1,0,0,0,0,1
Мутабор,ChZDSUhNMG9nS0VJQ0FnSURtZ3E3M1JBEAE,5,Нос жалко(,https://www.google.com/maps/reviews/data=!4m8!14m7!1m6!2m5!1sChZDSUhNMG9nS0VJQ0FnSURtZ3E3M1JBEAE!2m1!1s0x0:0x726d43a3b2972d9c!3m1!1s2@1:CIHM0ogKEICAgIDmgq73RA%7C%7C?hl=ru,4.3,548,2022-01-22 16:29:14+00:00,10,0,0,0,0,0,0,0,0,0,0
Мутабор,ChdDSUhNMG9nS0VJQ0FnSURtLUk2UWlRRRAB,5,"Необычная локация, просторно",https://www.google.com/maps/reviews/data=!4m8!14m7!1m6!2m5!1sChdDSUhNMG9nS0VJQ0FnSURtLUk2UWlRRRAB!2m1!1s0x0:0x726d43a3b2972d9c!3m1!1s2@1:CIHM0ogKEICAgIDm-I6QiQE%7C%7C?hl=ru,4.3,548,2022-01-18 15:07:47+00:00,28,0,0,0,0,0,0,0,0,0,0
Мутабор,ChdDSUhNMG9nS0VJQ0FnSURtNklLdjFnRRAB,4,"система с покупкой в барах через карту отстойная, а в целом недурно",https://www.google.com/maps/reviews/data=!4m8!14m7!1m6!2m5!1sChdDSUhNMG9nS0VJQ0FnSURtNklLdjFnRRAB!2m1!1s0x0:0x726d43a3b2972d9c!3m1!1s2@1:CIHM0ogKEICAgIDm6IKv1gE%7C%7C?hl=ru,4.3,548,2022-01-17 16:31:35+00:00,67,0,0,0,0,0,0,0,0,0,1
Мутабор,ChdDSUhNMG9nS0VJQ0FnSUNtMTRQcGd3RRAB,4,"Была на новогодней вечеринке. Фейсконтроль пропустил без проблем, при мне никого не останавливали. QR код не просили. Во внутреннем дворе и на верхнем этаже есть небольшие кафе.",https://www.google.com/maps/reviews/data=!4m8!14m7!1m6!2m5!1sChdDSUhNMG9nS0VJQ0FnSUNtMTRQcGd3RRAB!2m1!1s0x0:0x726d43a3b2972d9c!3m1!1s2@1:CIHM0ogKEICAgICm14PpgwE%7C%7C?hl=ru,4.3,548,2022-01-12 14:06:27+00:00,177,0,0,0,0,0,0,0,0,0,0
Мутабор,ChdDSUhNMG9nS0VJQ0FnSUNtNDhLUmtnRRAB,1,"На фейсе ведёт себя как бог, решает кто может зайти кто нет. Я был с другом, трезвый и хорошо одетый, но решала не пустил, задав вопрос на кого идёте! Чушь, я просто хотел потанцевать, там играло около 15 диджеев",https://www.google.com/maps/reviews/data=!4m8!14m7!1m6!2m5!1sChdDSUhNMG9nS0VJQ0FnSUNtNDhLUmtnRRAB!2m1!1s0x0:0x726d43a3b2972d9c!3m1!1s2@1:CIHM0ogKEICAgICm48KRkgE%7C%7C?hl=ru,4.3,548,2022-01-08 00:55:47+00:00,212,1,0,0,0,0,0,0,0,0,0
Gazgolder Club & Tea Room,Ci9DQUlRQUNvZENodHljRjlvT21kQ01qVmZUVTluWnpaNFdXRmhhblJWV0Y4MU4yYxAB,1,"Охранники грубят, разворачиваю людей 50/50, нас развернули, пропустили двоих парней странной внешности, потом снова пропустили, подходят две девушки (прилично одетые) тоже разворачивают. По какому принципу пускают не известно, тут как повезет.",https://www.google.com/maps/reviews/data=!4m8!14m7!1m6!2m5!1sCi9DQUlRQUNvZENodHljRjlvT21kQ01qVmZUVTluWnpaNFdXRmhhblJWV0Y4MU4yYxAB!2m1!1s0x0:0xa78d31a76a77c337!3m1!1s2@1:CAIQACodChtycF9oOmdCMjVfTU9nZzZ4WWFhanRVWF81N2c%7C%7C?hl=ru,4.4,939,2025-08-30 20:07:35+00:00,243,1,0,0,0,0,0,0,0,0,0
Gazgolder Club & Tea Room,Ci9DQUlRQUNvZENodHljRjlvT2xFMGQwbDVhVTFJTm1oMGQxWTROVlZDWldGNlJrRRAB,5,Great techno club,https://www.google.com/maps/reviews/data=!4m8!14m7!1m6!2m5!1sCi9DQUlRQUNvZENodHljRjlvT2xFMGQwbDVhVTFJTm1oMGQxWTROVlZDWldGNlJrRRAB!2m1!1s0x0:0xa78d31a76a77c337!3m1!1s2@1:CAIQACodChtycF9oOlE0d0l5aU1INmh0d1Y4NVVCZWF6RkE%7C%7C?hl=ru,4.4,939,2025-08-10 01:11:30+00:00,17,0,0,0,0,0,0,0,0,0,0
Gazgolder Club & Tea Room,Ci9DQUlRQUNvZENodHljRjlvT2sxZlVtWXRSRzVJUkZsS1EzcGhNVjh4Ym5oRk1XYxAB,1,"Face control has not allowed me to enter with no visible reason.

I ve spend my time and money

0/10 . Nice people are not needed here",https://www.google.com/maps/reviews/data=!4m8!14m7!1m6!2m5!1sCi9DQUlRQUNvZENodHljRjlvT2sxZlVtWXRSRzVJUkZsS1EzcGhNVjh4Ym5oRk1XYxAB!2m1!1s0x0:0xa78d31a76a77c337!3m1!1s2@1:CAIQACodChtycF9oOk1fUmYtRG5IRFlKQ3phMV8xbnhFMWc%7C%7C?hl=ru,4.4,939,2025-06-14 17:55:55+00:00,134,1,0,0,0,0,0,0,0,0,0
Gazgolder Club & Tea Room,ChZDSUhNMG9nS0VJQ0FnTUNvbF92MUl3EAE,1,"Horrible staff. Rude, ignorant and simply unprofessional. Me & my friends were denied entry to the club without any explanation, although we had purchased tickets in advance. Nobody tried to help  us with translation either. Andrey, the man at the door was extremely rude. I'd not recommend anyone to visit this place, don't waste your time.",https://www.google.com/maps/reviews/data=!4m8!14m7!1m6!2m5!1sChZDSUhNMG9nS0VJQ0FnTUNvbF92MUl3EAE!2m1!1s0x0:0xa78d31a76a77c337!3m1!1s2@1:CIHM0ogKEICAgMCol_v1Iw%7C%7C?hl=ru,4.4,939,2025-04-20 14:40:04+00:00,341,1,0,0,0,0,0,0,0,0,0
Gazgolder Club & Tea Room,ChdDSUhNMG9nS0VJQ0FnSUNYcGVmQ25nRRAB,5,Еду в первый раз...),https://www.google.com/maps/reviews/data=!4m8!14m7!1m6!2m5!1sChdDSUhNMG9nS0VJQ0FnSUNYcGVmQ25nRRAB!2m1!1s0x0:0xa78d31a76a77c337!3m1!1s2@1:CIHM0ogKEICAgICXpefCngE%7C%7C?hl=ru,4.4,939,2024-10-18 19:11:15+00:00,20,0,0,0,0,0,0,0,0,0,0
Gazgolder Club & Tea Room,ChdDSUhNMG9nS0VJQ0FnSURUNmFuV3RRRRAB,1,Не пустили и не объяснили причину,https://www.google.com/maps/reviews/data=!4m8!14m7!1m6!2m5!1sChdDSUhNMG9nS0VJQ0FnSURUNmFuV3RRRRAB!2m1!1s0x0:0xa78d31a76a77c337!3m1!1s2@1:CIHM0ogKEICAgIDT6anWtQE%7C%7C?hl=ru,4.4,939,2024-05-25 20:59:14+00:00,33,1,0,0,0,0,0,0,0,0,0
Gazgolder Club & Tea Room,ChZDSUhNMG9nS0VJQ0FnSURqZ01mQklnEAE,1,"Люблю клубы в разных странах, хорошие клубы, с качественным алкоголем и диджеями которые умеют работать. А теперь отзыв о клубе Газгольдер:
1. Алкоголь - хороший, вкусный, дороговато, но без претензий.
2. Обслуживание - бармены не работают, как должны. Налили и свалили.
3. Атмосфера и звук - единственное что понравилось.
4. Диджеи и музыка - основа, которая решает в любом клубе, на которой держится все. Ваша попа должна идти в пляс как только диджей приступил к работе с аудиторией. В клубе который мы посетили атмосферу разрушали диджеи, отвратительная работа с аудиторией. Покрасоваться перед камерой и за 2 часа поставить 2 средних трека + не подготовиться к выступлению - это неуважение к гостям. Это было просто ужасно, так плохо не было даже в деревне на свадьбе.

Девушка (не могу сказать диджей, извините) «Valllencia» - прошу премировать данную особу, поскольку благодаря ей было выпито много алкоголя в баре, что бы абстрагироваться от ее ужасной работы. Господин «Елкин», научите пожалуйста девушку сводить треки и работать с эффектами - это было отвратительно. Люди на танцполе слышали и просто уходили из клуба.

Все вышеизложенное - факт с которым мне придется жить к сожалению, мы надеялись получить удовольствие от проведенного вечера в заведении. В итоге просто потеряли время, деньги и отвратительно отдохнули.
Если вдруг у РУКОВОДСТВА возникнут комментарии. Готов ответить за все вышесказанное.",https://www.google.com/maps/reviews/data=!4m8!14m7!1m6!2m5!1sChZDSUhNMG9nS0VJQ0FnSURqZ01mQklnEAE!2m1!1s0x0:0xa78d31a76a77c337!3m1!1s2@1:CIHM0ogKEICAgIDjgMfBIg%7C%7C?hl=ru,4.4,939,2024-04-27 23:11:49+00:00,1417,0,1,1,0,0,0,0,0,0,0
Gazgolder Club & Tea Room,ChdDSUhNMG9nS0VJQ0FnSUNqcnQzd2pRRRAB,1,"Был в Москве, спланировал заранее отдых. Люблю музыку разных жанров в т.ч. электронную. Каждые выходные танцую, как в своём городе, так и в других. Посещяю мероприятия  и фестивали музыки. Люблю танцевальный движ и позитивное общение, объединённое музыкой. Выбирая из представленных событий на момент моего приезда, купил билет в Gazgolder, с радостью читал приглащения в тг канале на мероприятия и предвкушал отдых в вашем заведении. Трезвый, опрятно одетый, с легкой улыбкой, на позитиве прибыл в назначенное время. На фейсконтроле женщина в чёрном (фейсконтроль) отказала в посещении. Причины не ясны, дресс код никак не обозначался нигде заранее, был очень удивлён и конечно знакомство с клубом не состоялось. Время упущено, мог бы потратить деньги на такси и билеты для посещения других клубов и вечеринок. Почему такое неуважение к людям, загадка. Почему сразу не обозначить тех кого вы желаете видеть на вечеринке, возраст, стиль одежды или что ВХОД ТОЛЬКО ПО СПИСКАМ., чтобы соответствовать или решить заранее подходит мне ваш отдых или нет. Из приглашений в соц. сетях, телеграме было понятно что ждут, приглашают, грандиозное событие, отличный состав диджеев и т.д.
Деньги за билет при покупке сняли мнгновенно, вернуть надо ждать, писать и т.д, расходы на дорогу забудь. Первый раз в жизни не прошел фейсконтроль 🤣

Ну да ладно танцы от меня не уйдут, есть еще места с качественным звуком и модной музыкой, где мне всегда рады.

Будущим гостям посоветую при желании посетить GAZ, спланировать запасной вариант отдыха в другом заведении, чтобы вечер не пропал и время не тратить на поиски, если вас также не впустят.
В тот вечер еще 2-3 человек не впустили одни были под шафе (оправдано), другие норм, не понятно...
Вместо отдыха и музыки слушал матерную брань в адрес фейсера от подпивших гостей которых не впустили. Высокая культура столицы и заведения
По спискам все заходили спокойно, с понурой головой, чтобы случайно не отшили.
*p.s. есть видео в ютюбе, где Камилла рассказывает о своём опыте фейсера.
Вообщем чтобы попасть на вечеринку надо ей понравиться, критерии могут быть ваша платёжеспособность, возраст, внешний вид, вежливость, возможная благодарность после вечеринки и т.д. так что если вы не в списке и вас впервые видят в глаза, не приглянулись ей в целом, как её гость..., шансы стремятся к нулю. Будте к этому готовы, чтобы не расстраиваться...

Будте на позитиве!
Всем добра!
Салют!",https://www.google.com/maps/reviews/data=!4m8!14m7!1m6!2m5!1sChdDSUhNMG9nS0VJQ0FnSUNqcnQzd2pRRRAB!2m1!1s0x0:0xa78d31a76a77c337!3m1!1s2@1:CIHM0ogKEICAgICjrt3wjQE%7C%7C?hl=ru,4.4,939,2024-04-21 20:02:12+00:00,2413,1,0,0,0,0,0,0,0,0,0
Gazgolder Club & Tea Room,ChdDSUhNMG9nS0VJQ0FnSUNEal9ud2tRRRAB,1,"Отвратительная организация. Берут предоплату за билеты, но на входе фейсконтроль. По возврату денег не выходят на связь.",https://www.google.com/maps/reviews/data=!4m8!14m7!1m6!2m5!1sChdDSUhNMG9nS0VJQ0FnSUNEal9ud2tRRRAB!2m1!1s0x0:0xa78d31a76a77c337!3m1!1s2@1:CIHM0ogKEICAgICDj_nwkQE%7C%7C?hl=ru,4.4,939,2024-04-03 09:00:51+00:00,120,1,0,0,0,0,1,0,0,0,1
Gazgolder Club & Tea Room,ChZDSUhNMG9nS0VJQ0FnSUM5ZzlDNUdREAE,1,"У барышни на ресепшене после охраны (которая принимает оплату за билеты) 8 марта явно был пмс, на ровном месте очень сильно нагрубила, у меня не ловила связь, я спросила, как можно еще перевести деньги за вход, на что была очень грубо послана. не рекомендую это место, очень разочарована, газ был моим домом, а стал нужником. Хотя раньше в газе была раз 30, впервые такое",https://www.google.com/maps/reviews/data=!4m8!14m7!1m6!2m5!1sChZDSUhNMG9nS0VJQ0FnSUM5ZzlDNUdREAE!2m1!1s0x0:0xa78d31a76a77c337!3m1!1s2@1:CIHM0ogKEICAgIC9g9C5GQ%7C%7C?hl=ru,4.4,939,2024-03-08 22:26:02+00:00,371,0,0,1,0,0,0,0,0,0,0
Gazgolder Club & Tea Room,ChZDSUhNMG9nS0VJQ0FnSUR0NnRhOFhnEAE,1,"Отвратительно встретили, только вышли из такси нам сразу сказали,что мы не проходим фейс-контроль.Мы были нормально одеты и трезвые",https://www.google.com/maps/reviews/data=!4m8!14m7!1m6!2m5!1sChZDSUhNMG9nS0VJQ0FnSUR0NnRhOFhnEAE!2m1!1s0x0:0xa78d31a76a77c337!3m1!1s2@1:CIHM0ogKEICAgIDt6ta8Xg%7C%7C?hl=ru,4.4,939,2024-02-03 21:20:00+00:00,131,1,0,0,0,0,0,0,0,0,0
Gazgolder Club & Tea Room,ChdDSUhNMG9nS0VJQ0FnSUNsMW9xMHl3RRAB,1,"Один бал за фэйс, не пускают, зачем тогда агитируют приходить.",https://www.google.com/maps/reviews/data=!4m8!14m7!1m6!2m5!1sChdDSUhNMG9nS0VJQ0FnSUNsMW9xMHl3RRAB!2m1!1s0x0:0xa78d31a76a77c337!3m1!1s2@1:CIHM0ogKEICAgICl1oq0ywE%7C%7C?hl=ru,4.4,939,2023-11-17 22:10:40+00:00,62,1,0,0,0,0,0,0,0,0,0
Gazgolder Club & Tea Room,ChdDSUhNMG9nS0VJQ0FnSUM1b1lEbnBBRRAB,1,"Мы с подругой симпатичные, стройные молодые девушки, не колхозницы. На руках была регистрация на событие (qr-код). Было холодно, поэтому поверх нашего клубного дресс-кода на нас были надеты свитера, и на мне был платок русский. Фейс нас не пустил, мы были трезвые, как стеклышко! Причин не объясняют. Испортили нам вечер, ощущение, что это место только для эскортниц с надутыми губами и нарощенными ресницами (мы с подругой за естественную красоту, максимум помада и гель для бровей). Других причин, почему нас не пустили, я не вижу. Никогда не пойду в это место, и всем друзьям скажу обходить его стороной.",https://www.google.com/maps/reviews/data=!4m8!14m7!1m6!2m5!1sChdDSUhNMG9nS0VJQ0FnSUM1b1lEbnBBRRAB!2m1!1s0x0:0xa78d31a76a77c337!3m1!1s2@1:CIHM0ogKEICAgIC5oYDnpAE%7C%7C?hl=ru,4.4,939,2023-10-14 11:07:11+00:00,607,1,0,0,0,0,0,0,0,1,0
Gazgolder Club & Tea Room,ChZDSUhNMG9nS0VJQ0FnSURaM1ltX0JnEAE,1,"На фейс контроле стоит страшная женщина , у которой давно не было сами знаете чего . Испорченный вечер",https://www.google.com/maps/reviews/data=!4m8!14m7!1m6!2m5!1sChZDSUhNMG9nS0VJQ0FnSURaM1ltX0JnEAE!2m1!1s0x0:0xa78d31a76a77c337!3m1!1s2@1:CIHM0ogKEICAgIDZ3Ym_Bg%7C%7C?hl=ru,4.4,939,2023-10-06 22:58:19+00:00,102,1,0,0,0,0,0,0,0,0,0
Gazgolder Club & Tea Room,ChZDSUhNMG9nS0VJQ0FnSURwdV95WFFREAE,5,"Einfach unvergesslich!!!!
2018 war das Gaz einfach top!!!!
Krasse Leute, krasse Mucke, krasse Atmosphäre. Kann ich jedem der es mit Electronic und House Musik hält, nur empfehlen. Einlasscheck ist streng, was aber nicht schadet. Weiter so.",https://www.google.com/maps/reviews/data=!4m8!14m7!1m6!2m5!1sChZDSUhNMG9nS0VJQ0FnSURwdV95WFFREAE!2m1!1s0x0:0xa78d31a76a77c337!3m1!1s2@1:CIHM0ogKEICAgIDpu_yXQQ%7C%7C?hl=ru,4.4,939,2023-08-29 21:35:58+00:00,239,0,0,0,0,0,0,0,0,0,0
Gazgolder Club & Tea Room,ChZDSUhNMG9nS0VJQ0FnSURwcmVyMFNnEAE,1,"Пришли с компанией друзей в клуб. Друг так сильно танцевал, что браслет порвался. Он подошёл к охране , чтобы сказать о проблеме и заменить браслет. Но женщина на входе, которые наклеивает браслеты, он сняла полупорвавшийся браслет и сказала ему, что у него больше нет браслета. И наш друг отказался платить за новый браслет. Так как он сопротивлялся этому охрана захотела его вывести. Но так как в клубе были друзья и его вещи, то он купил новый браслет. То есть друг разорился на новый браслет и тем самым выкинул в мусорку ещё 1650 руб. Хотя перед местом, где женщина клеит эти браслеты на входе есть камера. И это можно доказать. Извините, но 1650 руб. Никогда не бывают лишними!. Моё первое впечатление испортилось в последствии из за этой ситуации. Клуб тянет деньги любым способом, в том числе нечестным!!! Будьте осторожны",https://www.google.com/maps/reviews/data=!4m8!14m7!1m6!2m5!1sChZDSUhNMG9nS0VJQ0FnSURwcmVyMFNnEAE!2m1!1s0x0:0xa78d31a76a77c337!3m1!1s2@1:CIHM0ogKEICAgIDprer0Sg%7C%7C?hl=ru,4.4,939,2023-08-26 21:54:43+00:00,830,1,0,1,0,0,1,0,0,0,0
Gazgolder Club & Tea Room,ChdDSUhNMG9nS0VJQ0FnSURwa29taXhRRRAB,1,"Господа, место треш, фейс-контроль мальчик пубертатного возраста, решает кому зайти, кидают на билеты! Возврат пол стоимости. Кароче, кидок. Газгольдер умер и превратился в съем для ....",https://www.google.com/maps/reviews/data=!4m8!14m7!1m6!2m5!1sChdDSUhNMG9nS0VJQ0FnSURwa29taXhRRRAB!2m1!1s0x0:0xa78d31a76a77c337!3m1!1s2@1:CIHM0ogKEICAgIDpkomixQE%7C%7C?hl=ru,4.4,939,2023-08-19 02:13:36+00:00,186,1,0,0,0,0,1,1,0,0,0
Gazgolder Club & Tea Room,ChZDSUhNMG9nS0VJQ0FnSUNKMWZhQUZREAE,1,"Заведение слишком сильно набивает себе цену, за счёт некомпетентной работы охраны и фейс контроля. Не понятно, по какому принципу отсеивают/пропускают людей.. Нас развернули, не смотря на то, что была пройдена регистрация на двоих человек и был электронный билет. Впечатление испортилось, это место никому не посоветую.",https://www.google.com/maps/reviews/data=!4m8!14m7!1m6!2m5!1sChZDSUhNMG9nS0VJQ0FnSUNKMWZhQUZREAE!2m1!1s0x0:0xa78d31a76a77c337!3m1!1s2@1:CIHM0ogKEICAgICJ1faAFQ%7C%7C?hl=ru,4.4,939,2023-07-01 20:51:52+00:00,319,1,0,0,0,0,0,0,0,0,0
Gazgolder Club & Tea Room,ChZDSUhNMG9nS0VJQ0FnSURtei1LLUJREAE,5,"Необычная обстановка, много охраны, адекватные люди",https://www.google.com/maps/reviews/data=!4m8!14m7!1m6!2m5!1sChZDSUhNMG9nS0VJQ0FnSURtei1LLUJREAE!2m1!1s0x0:0xa78d31a76a77c337!3m1!1s2@1:CIHM0ogKEICAgIDmz-K-BQ%7C%7C?hl=ru,4.4,939,2022-02-13 00:30:58+00:00,51,0,0,0,0,0,0,0,0,0,0
Gazgolder Club & Tea Room,ChdDSUhNMG9nS0VJQ0FnSURtdmZLV2pBRRAB,5,"Отличный ночной клуб! Хороший звук на основном танцполе и на веранде. Все зависит от мероприятия, конечно же. Дизайн интерьера тоже классный. Если вы приходите для того, чтобы послушать музыку и потанцевать, а не торговать лицом - то вам точно сюда. Кучу классных вечеринок проводят промоутеры. Смело рекомендую!",https://www.google.com/maps/reviews/data=!4m8!14m7!1m6!2m5!1sChdDSUhNMG9nS0VJQ0FnSURtdmZLV2pBRRAB!2m1!1s0x0:0xa78d31a76a77c337!3m1!1s2@1:CIHM0ogKEICAgIDmvfKWjAE%7C%7C?hl=ru,4.4,939,2022-02-06 19:51:44+00:00,312,0,0,0,0,0,0,0,0,0,0
Gazgolder Club & Tea Room,ChZDSUhNMG9nS0VJQ0FnSURtc3N6TVV3EAE,4,"Отличный клуб в центре Москвы на площадке Арма.
Пара минусов, которые могу привести:
1. Небольшой по площади
2. Нет уединённого помещения, где можно было бы пообщаться по телефону или просто поговорить с человеком.
Конечно в клуб люди приходят потанцевать, но иногда встают такие моменты.

В остальном же все понравилось",https://www.google.com/maps/reviews/data=!4m8!14m7!1m6!2m5!1sChZDSUhNMG9nS0VJQ0FnSURtc3N6TVV3EAE!2m1!1s0x0:0xa78d31a76a77c337!3m1!1s2@1:CIHM0ogKEICAgIDmsszMUw%7C%7C?hl=ru,4.4,939,2022-01-24 05:30:41+00:00,320,0,0,0,0,1,0,0,0,0,0
Gazgolder Club & Tea Room,ChZDSUhNMG9nS0VJQ0FnSURta3NfektnEAE,5,Огонь,https://www.google.com/maps/reviews/data=!4m8!14m7!1m6!2m5!1sChZDSUhNMG9nS0VJQ0FnSURta3NfektnEAE!2m1!1s0x0:0xa78d31a76a77c337!3m1!1s2@1:CIHM0ogKEICAgIDmks_zKg%7C%7C?hl=ru,4.4,939,2022-01-23 20:33:59+00:00,5,0,0,0,0,0,0,0,0,0,0
Gazgolder Club & Tea Room,ChZDSUhNMG9nS0VJQ0FnSURtMlAzeFhBEAE,5,"Отличное место, душевная атмосфера",https://www.google.com/maps/reviews/data=!4m8!14m7!1m6!2m5!1sChZDSUhNMG9nS0VJQ0FnSURtMlAzeFhBEAE!2m1!1s0x0:0xa78d31a76a77c337!3m1!1s2@1:CIHM0ogKEICAgIDm2P3xXA%7C%7C?hl=ru,4.4,939,2022-01-18 07:08:22+00:00,34,0,0,0,0,0,0,0,0,0,0
Gazgolder Club & Tea Room,ChdDSUhNMG9nS0VJQ0FnSURtMExQcm9RRRAB,4,"Мало кабинок, но в целом норм.",https://www.google.com/maps/reviews/data=!4m8!14m7!1m6!2m5!1sChdDSUhNMG9nS0VJQ0FnSURtMExQcm9RRRAB!2m1!1s0x0:0xa78d31a76a77c337!3m1!1s2@1:CIHM0ogKEICAgIDm0LProQE%7C%7C?hl=ru,4.4,939,2022-01-16 10:03:42+00:00,30,0,0,0,0,1,0,0,0,0,0
Gazgolder Club & Tea Room,ChZDSUhNMG9nS0VJQ0FnSUNtdGVPMlp3EAE,5,"Просто супер, первый раз я был на такой огромной вечеринки, заряд позитива и куча впечатлений запомнятся надолго!!! Вообще кайф, атмосфера огонь, музыка класс, люди супер, рекомендую вам посетить газ, не пожалеете, несколько залов в каждом свой диджей, курилка, барные стойки с очень общительным персоналом!!! Я в восторге, посетите обязательно и вы не пожалеете",https://www.google.com/maps/reviews/data=!4m8!14m7!1m6!2m5!1sChZDSUhNMG9nS0VJQ0FnSUNtdGVPMlp3EAE!2m1!1s0x0:0xa78d31a76a77c337!3m1!1s2@1:CIHM0ogKEICAgICmteO2Zw%7C%7C?hl=ru,4.4,939,2022-01-05 03:04:06+00:00,362,0,0,0,0,0,0,0,0,0,0
Gazgolder Club & Tea Room,ChdDSUhNMG9nS0VJQ0FnSUNteWYzZGxRRRAB,3,Бесконечная очередь в туалет.,https://www.google.com/maps/reviews/data=!4m8!14m7!1m6!2m5!1sChdDSUhNMG9nS0VJQ0FnSUNteWYzZGxRRRAB!2m1!1s0x0:0xa78d31a76a77c337!3m1!1s2@1:CIHM0ogKEICAgICmyf3dlQE%7C%7C?hl=ru,4.4,939,2022-01-02 00:45:22+00:00,29,0,0,0,0,1,0,0,0,0,0
СМЕНА,Ci9DQUlRQUNvZENodHljRjlvT2xSeVNGaGpWSFY1UjFGRU9XdHZSbUZvUmxBeGRXYxAB,1,"Не понравилось то, что зал для рэп-концертов декорирован богаче рокерского, и то, что после концерта группы ""в себе"" на сцене выступал пошлый дед мороз.",https://www.google.com/maps/reviews/data=!4m8!14m7!1m6!2m5!1sCi9DQUlRQUNvZENodHljRjlvT2xSeVNGaGpWSFY1UjFGRU9XdHZSbUZvUmxBeGRXYxAB!2m1!1s0x0:0x8c59d3641653e23c!3m1!1s2@1:CAIQACodChtycF9oOlRySFhjVHV5R1FEOWtvRmFoRlAxdWc%7C%7C?hl=ru,3.4,93,2025-12-21 23:02:00+00:00,152,0,0,0,0,0,0,0,0,0,1
СМЕНА,Ci9DQUlRQUNvZENodHljRjlvT2s1M2F6WTNiREJ3U21kUFkwTTBOVnBSWDI5c01rRRAB,5,САМОЕ ЛУЧШЕЕ МЕСТО НА ПЛАНЕТЕ ЭВЕР!!!!11!!1!!1!!!1!11!!!,https://www.google.com/maps/reviews/data=!4m8!14m7!1m6!2m5!1sCi9DQUlRQUNvZENodHljRjlvT2s1M2F6WTNiREJ3U21kUFkwTTBOVnBSWDI5c01rRRAB!2m1!1s0x0:0x8c59d3641653e23c!3m1!1s2@1:CAIQACodChtycF9oOk53azY3bDBwSmdPY0M0NVpRX29sMkE%7C%7C?hl=ru,3.4,93,2025-06-28 18:06:38+00:00,56,0,0,0,0,0,0,0,0,0,0
СМЕНА,ChdDSUhNMG9nS0VNMjRwb1B3a1pYNHR3RRAB,1,"много хулиганов, опасное место",https://www.google.com/maps/reviews/data=!4m8!14m7!1m6!2m5!1sChdDSUhNMG9nS0VNMjRwb1B3a1pYNHR3RRAB!2m1!1s0x0:0x8c59d3641653e23c!3m1!1s2@1:CIHM0ogKEM24poPwkZX4twE%7C%7C?hl=ru,3.4,93,2025-06-16 07:29:27+00:00,30,0,0,0,0,0,0,0,1,1,0
СМЕНА,ChdDSUhNMG9nS0VJQ0FnSUNYZzZHdDJnRRAB,1,"Отвратительное место. В основном все впечатление портит охрана. Как ни странно, даже для тех, кто играет в этом «великолепном» клубе. Очень странные ребята с синдромом вахтера .",https://www.google.com/maps/reviews/data=!4m8!14m7!1m6!2m5!1sChdDSUhNMG9nS0VJQ0FnSUNYZzZHdDJnRRAB!2m1!1s0x0:0x8c59d3641653e23c!3m1!1s2@1:CIHM0ogKEICAgICXg6Gt2gE%7C%7C?hl=ru,3.4,93,2024-10-19 21:01:41+00:00,177,1,0,0,0,0,0,0,0,0,0
СМЕНА,ChZDSUhNMG9nS0VJQ0FnSUNibXV6cGRnEAE,1,"Это место уже долгие годы удерживает славу самого конченного клуба с самой конченой охраной в Москве.
Прикрываясь ""правилами"" которые противоречат номам закона о защите прав потребителя, они вымогают дополнительную плату за повторный вход, не смотря на то что у вас есть билет и штамп, которая может многократно превышать стоимость билета.  Еда отсутствует. Примитивные шоты и не слишком свежий лагер по цене от 350 рублей за 400 грамм, то есть с десятикратной наценкой.
Лично я бы вернулся в это место только если бы от этого зависела моя жизнь, да и то пришлось бы пересиливать себя.",https://www.google.com/maps/reviews/data=!4m8!14m7!1m6!2m5!1sChZDSUhNMG9nS0VJQ0FnSUNibXV6cGRnEAE!2m1!1s0x0:0x8c59d3641653e23c!3m1!1s2@1:CIHM0ogKEICAgICbmuzpdg%7C%7C?hl=ru,3.4,93,2024-07-26 00:18:57+00:00,585,1,0,0,1,0,1,1,0,0,0
СМЕНА,ChZDSUhNMG9nS0VJQ0FnSURydDRETUNnEAE,1,"Какой то кошмар. Музыка не сбалансированная, везде грязь. В каком то заброшенои сарае в подворотне напротив мусорных баков. В общем бомжатник. Не рекомендую от слова совсем.",https://www.google.com/maps/reviews/data=!4m8!14m7!1m6!2m5!1sChZDSUhNMG9nS0VJQ0FnSURydDRETUNnEAE!2m1!1s0x0:0x8c59d3641653e23c!3m1!1s2@1:CIHM0ogKEICAgIDrt4DMCg%7C%7C?hl=ru,3.4,93,2024-07-21 03:37:26+00:00,173,0,1,0,0,1,0,0,0,0,0
СМЕНА,ChZDSUhNMG9nS0VJQ0FnSUNUbTdfbUxREAE,5,"Офигенный клуб, есть несколько залов в помещении, и один на улице, говорят с бассейном) были в зале на ""Мочи новенького"" на выступлении какой-то группы! В целом нормальное место, только планировка дверей туалета явно была выполнена под кайфом, иначе туда зайти не так уж и просто, тесно и двери внутрь открываются, а так в целом круто😎🤘🏼🤘🏼",https://www.google.com/maps/reviews/data=!4m8!14m7!1m6!2m5!1sChZDSUhNMG9nS0VJQ0FnSUNUbTdfbUxREAE!2m1!1s0x0:0x8c59d3641653e23c!3m1!1s2@1:CIHM0ogKEICAgICTm7_mLQ%7C%7C?hl=ru,3.4,93,2024-05-19 12:57:07+00:00,339,0,0,0,0,1,0,0,0,0,0
СМЕНА,ChdDSUhNMG9nS0VJQ0FnSUM5eV9pWHdnRRAB,5,"Остались довольны отношением персонала 🙏начитались отзывов, ожидали худшего
Но очень заботливый персонал на самом деле",https://www.google.com/maps/reviews/data=!4m8!14m7!1m6!2m5!1sChdDSUhNMG9nS0VJQ0FnSUM5eV9pWHdnRRAB!2m1!1s0x0:0x8c59d3641653e23c!3m1!1s2@1:CIHM0ogKEICAgIC9y_iXwgE%7C%7C?hl=ru,3.4,93,2024-03-09 19:07:51+00:00,118,0,0,0,0,0,0,0,0,0,0
СМЕНА,ChdDSUhNMG9nS0VJQ0FnSUNWOWZ2LTZnRRAB,1,"Просто отвратительное место, крайне неприятно находится даже рядом, музыка ужасная, персонал не вежливый, атмосфера я вообще молчу, посетители представляют собой очень неприятных личностей, надеюсь его в скором времени закроют",https://www.google.com/maps/reviews/data=!4m8!14m7!1m6!2m5!1sChdDSUhNMG9nS0VJQ0FnSUNWOWZ2LTZnRRAB!2m1!1s0x0:0x8c59d3641653e23c!3m1!1s2@1:CIHM0ogKEICAgICV9fv-6gE%7C%7C?hl=ru,3.4,93,2023-12-08 17:46:22+00:00,226,0,1,1,0,0,0,0,0,1,0
СМЕНА,ChdDSUhNMG9nS0VJQ0FnSURaNklPNzJBRRAB,1,"Не пустили без объяснения причины, хотя билет на мероприятие был куплен. Охранник в балаклаве предложил зайти за снюс",https://www.google.com/maps/reviews/data=!4m8!14m7!1m6!2m5!1sChdDSUhNMG9nS0VJQ0FnSURaNklPNzJBRRAB!2m1!1s0x0:0x8c59d3641653e23c!3m1!1s2@1:CIHM0ogKEICAgIDZ6IO72AE%7C%7C?hl=ru,3.4,93,2023-09-23 16:02:09+00:00,117,1,0,0,0,0,0,0,0,0,0
СМЕНА,ChZDSUhNMG9nS0VJQ0FnSUNaaGVEZUd3EAE,5,Смена,https://www.google.com/maps/reviews/data=!4m8!14m7!1m6!2m5!1sChZDSUhNMG9nS0VJQ0FnSUNaaGVEZUd3EAE!2m1!1s0x0:0x8c59d3641653e23c!3m1!1s2@1:CIHM0ogKEICAgICZheDeGw%7C%7C?hl=ru,3.4,93,2023-09-14 04:08:51+00:00,5,0,0,0,0,0,0,0,0,0,0
СМЕНА,ChZDSUhNMG9nS0VJQ0FnSUNKdjcyQk5BEAE,5,"Был у вас вчера, потерял свой паспорт на имя ""Кенан Алиев"", скажите пожалуйста вы его находили ? Нашедшего просьба позвонить по номеру +79259270202",https://www.google.com/maps/reviews/data=!4m8!14m7!1m6!2m5!1sChZDSUhNMG9nS0VJQ0FnSUNKdjcyQk5BEAE!2m1!1s0x0:0x8c59d3641653e23c!3m1!1s2@1:CIHM0ogKEICAgICJv72BNA%7C%7C?hl=ru,3.4,93,2023-07-08 08:19:11+00:00,147,0,0,0,0,0,0,0,0,0,0
СМЕНА,ChZDSUhNMG9nS0VJQ0FnSURtdnJXQU53EAE,5,"Хороший клуб, рядом с метро, звук чёткий персонал адекватный",https://www.google.com/maps/reviews/data=!4m8!14m7!1m6!2m5!1sChZDSUhNMG9nS0VJQ0FnSURtdnJXQU53EAE!2m1!1s0x0:0x8c59d3641653e23c!3m1!1s2@1:CIHM0ogKEICAgIDmvrWANw%7C%7C?hl=ru,3.4,93,2022-01-29 21:57:38+00:00,60,0,0,0,0,0,0,0,0,0,0
RNDM,Ci9DQUlRQUNvZENodHljRjlvT2xab09FTkllRlp5WkRkRlpsQmhObGRWYTBwTVdHYxAB,5,Мой любимый клуб в Москвэ,https://www.google.com/maps/reviews/data=!4m8!14m7!1m6!2m5!1sCi9DQUlRQUNvZENodHljRjlvT2xab09FTkllRlp5WkRkRlpsQmhObGRWYTBwTVdHYxAB!2m1!1s0x0:0xaa7a8236037f8934!3m1!1s2@1:CAIQACodChtycF9oOlZoOENIeFZyZDdFZlBhNldVa0pMWGc%7C%7C?hl=ru,4.6,389,2026-06-12 16:41:38+00:00,25,0,0,0,0,0,0,0,0,0,0
RNDM,Ci9DQUlRQUNvZENodHljRjlvT25CWlRuRnhNRXA2VkROblVtWm1MVFpyWmtWYVQxRRAB,5,"потрясающее место со своей айдентикой, рекомендую, коктейли на высшем уровне",https://www.google.com/maps/reviews/data=!4m8!14m7!1m6!2m5!1sCi9DQUlRQUNvZENodHljRjlvT25CWlRuRnhNRXA2VkROblVtWm1MVFpyWmtWYVQxRRAB!2m1!1s0x0:0xaa7a8236037f8934!3m1!1s2@1:CAIQACodChtycF9oOnBZTnFxMEp6VDNnUmZmLTZrZkVaT1E%7C%7C?hl=ru,4.6,389,2025-12-25 22:00:15+00:00,76,0,0,0,0,0,0,0,0,0,0
RNDM,ChZDSUhNMG9nS0VJQ0FnSURUNmItZVV3EAE,5,"Бармены лапушки, однозначно лучший белый русский здесь! Артёму отдельно спасибо 🩷",https://www.google.com/maps/reviews/data=!4m8!14m7!1m6!2m5!1sChZDSUhNMG9nS0VJQ0FnSURUNmItZVV3EAE!2m1!1s0x0:0xaa7a8236037f8934!3m1!1s2@1:CIHM0ogKEICAgIDT6b-eUw%7C%7C?hl=ru,4.6,389,2024-05-25 21:35:05+00:00,81,0,0,0,0,0,0,0,0,0,0
RNDM,ChdDSUhNMG9nS0VJQ0FnSURKcTZDRWxRRRAB,1,"Маленький, уютный зал. Ужасные сапорт и работники. Хамоватые бармены. Дорогое меню, и от трети до половины нет ещё в наличии. Грустно и разочарованно.",https://www.google.com/maps/reviews/data=!4m8!14m7!1m6!2m5!1sChdDSUhNMG9nS0VJQ0FnSURKcTZDRWxRRRAB!2m1!1s0x0:0xaa7a8236037f8934!3m1!1s2@1:CIHM0ogKEICAgIDJq6CElQE%7C%7C?hl=ru,4.6,389,2023-07-22 22:35:00+00:00,150,0,0,1,1,0,1,0,0,0,0
RNDM,ChZDSUhNMG9nS0VJQ0FnSURtdF8tQkRnEAE,5,"Короче рандом, я у вас кучу раз был и в благородство играть не буду. Выполнишь пару условий - и мы в расчете. Хрен его знает на кой ляд вам эти дабстепы, джанглы, драмэндбейсы сдались, учитывая что вакантное место «русского трезора» сейчас свободно, дайте нам больше тееехна, ну поставьте там клеточку перед диджейкой, расставьте пару чб телевизоров, на определенных тусах можно камеры заклеивать, а то декорации на тусовках отличаются в основном только работой со светом, но я в чужие дела не лезу, это скорее вопрос к промо",https://www.google.com/maps/reviews/data=!4m8!14m7!1m6!2m5!1sChZDSUhNMG9nS0VJQ0FnSURtdF8tQkRnEAE!2m1!1s0x0:0xaa7a8236037f8934!3m1!1s2@1:CIHM0ogKEICAgIDmt_-BDg%7C%7C?hl=ru,4.6,389,2022-02-12 13:09:09+00:00,525,0,1,0,0,0,0,0,0,0,0
RNDM,ChdDSUhNMG9nS0VJQ0FnSURteTZYNDRnRRAB,5,отличное место для развлечений,https://www.google.com/maps/reviews/data=!4m8!14m7!1m6!2m5!1sChdDSUhNMG9nS0VJQ0FnSURteTZYNDRnRRAB!2m1!1s0x0:0xaa7a8236037f8934!3m1!1s2@1:CIHM0ogKEICAgIDmy6X44gE%7C%7C?hl=ru,4.6,389,2022-02-09 11:58:38+00:00,30,0,0,0,0,0,0,0,0,0,0
RNDM,ChdDSUhNMG9nS0VJQ0FnSUNtNzZTQnRnRRAB,5,"Крутое атмосферное место, чтобы получить максимальное удовольствие рекомендую заранее узнать формат пати на которое собираетесь.
Звук очень понравился. Находится максимально приятно.",https://www.google.com/maps/reviews/data=!4m8!14m7!1m6!2m5!1sChdDSUhNMG9nS0VJQ0FnSUNtNzZTQnRnRRAB!2m1!1s0x0:0xaa7a8236037f8934!3m1!1s2@1:CIHM0ogKEICAgICm76SBtgE%7C%7C?hl=ru,4.6,389,2022-01-13 20:10:30+00:00,182,0,0,0,0,0,0,0,0,0,0
RNDM,ChdDSUhNMG9nS0VJQ0FnSUNtX1l5Nm1nRRAB,5,"Самый впечатляющий рейв последнего времени, лучшие д'н'б диджеи)",https://www.google.com/maps/reviews/data=!4m8!14m7!1m6!2m5!1sChdDSUhNMG9nS0VJQ0FnSUNtX1l5Nm1nRRAB!2m1!1s0x0:0xaa7a8236037f8934!3m1!1s2@1:CIHM0ogKEICAgICm_Yy6mgE%7C%7C?hl=ru,4.6,389,2022-01-07 01:45:51+00:00,64,0,0,0,0,0,0,0,0,0,0
RNDM,ChZDSUhNMG9nS0VJQ0FnSUNtblllVmNREAE,5,"Нет раздевалки. Клуб маленький, но в общем и целом очень годный. Конечно, бывает столпотворения. Очень хороший звук и аппаратура. Пионерка наше всё :)",https://www.google.com/maps/reviews/data=!4m8!14m7!1m6!2m5!1sChZDSUhNMG9nS0VJQ0FnSUNtblllVmNREAE!2m1!1s0x0:0xaa7a8236037f8934!3m1!1s2@1:CIHM0ogKEICAgICmnYeVcQ%7C%7C?hl=ru,4.6,389,2022-01-06 13:20:38+00:00,150,0,0,0,0,1,0,0,0,0,0
RNDM,ChdDSUhNMG9nS0VJQ0FnSUNtNWVUOXZRRRAB,4,"Туалеты чёткие, камер хранения нет, поэтому снимаю звезду. Музыка улёт, с подружкой подрыгались нормально внатуре. Придём ещё.",https://www.google.com/maps/reviews/data=!4m8!14m7!1m6!2m5!1sChdDSUhNMG9nS0VJQ0FnSUNtNWVUOXZRRRAB!2m1!1s0x0:0xaa7a8236037f8934!3m1!1s2@1:CIHM0ogKEICAgICm5eT9vQE%7C%7C?hl=ru,4.6,389,2022-01-04 08:47:05+00:00,126,0,0,0,0,1,0,0,0,0,0
Микс Afterparty,Ci9DQUlRQUNvZENodHljRjlvT201emJsSkZjalV3T0ZZNE0zZE1UbTloTTJoUldHYxAB,5,"Super nice place, it has two floors, mostly techno music. I went alone as a foreigner and people in the entrance were very nice and helpful. Beautiful people inside and also drink prices are ok. It is open till super late in the morning. Recommend 100%",https://www.google.com/maps/reviews/data=!4m8!14m7!1m6!2m5!1sCi9DQUlRQUNvZENodHljRjlvT201emJsSkZjalV3T0ZZNE0zZE1UbTloTTJoUldHYxAB!2m1!1s0x0:0xe8425a43be3b09a9!3m1!1s2@1:CAIQACodChtycF9oOm5zblJFcjUwOFY4M3dMTm9hM2hRWGc%7C%7C?hl=ru,4.5,69,2026-08-29 10:48:58+00:00,252,0,0,0,0,0,0,0,0,0,0
Микс Afterparty,Ci9DQUlRQUNvZENodHljRjlvT21kU2NEaFdkRGRYUjBkR1QzQkdOWE5pVW0xeFpYYxAB,5,"Прекрасный клуб.
Хорошая барная карта.
Подача и вкус на высшем уровне.
Уборная для дам продумана до мелочей.
Желаю процветания, лояльных и щедрых гостей.",https://www.google.com/maps/reviews/data=!4m8!14m7!1m6!2m5!1sCi9DQUlRQUNvZENodHljRjlvT21kU2NEaFdkRGRYUjBkR1QzQkdOWE5pVW0xeFpYYxAB!2m1!1s0x0:0xe8425a43be3b09a9!3m1!1s2@1:CAIQACodChtycF9oOmdScDhWdDdXR0dGT3BGNXNiUm1xZXc%7C%7C?hl=ru,4.5,69,2026-06-26 23:10:15+00:00,153,0,0,0,0,0,0,0,0,0,0
Микс Afterparty,Ci9DQUlRQUNvZENodHljRjlvT201RE1UWnVZM2RqY0hWcVJDMUNSbkpFV2s5TlprRRAB,4,"Интересное место, Dj-сеты, Красивые люди Вкусные роллы, Переодически бываю здесь. Очень всё нравится",https://www.google.com/maps/reviews/data=!4m8!14m7!1m6!2m5!1sCi9DQUlRQUNvZENodHljRjlvT201RE1UWnVZM2RqY0hWcVJDMUNSbkpFV2s5TlprRRAB!2m1!1s0x0:0xe8425a43be3b09a9!3m1!1s2@1:CAIQACodChtycF9oOm5DMTZuY3djcHVqRC1CRnJEWk9NZkE%7C%7C?hl=ru,4.5,69,2026-05-11 00:42:51+00:00,100,0,0,0,0,0,0,0,0,0,0
Микс Afterparty,Ci9DQUlRQUNvZENodHljRjlvT21WTlRYTklYMncwWTBselowVTVNRkZrZW5ab2RXYxAB,5,"Место чтобы продолжить утренней веселье под крутую музыку , вкусно перекусить, выпить напитков от классных барменов.",https://www.google.com/maps/reviews/data=!4m8!14m7!1m6!2m5!1sCi9DQUlRQUNvZENodHljRjlvT21WTlRYTklYMncwWTBselowVTVNRkZrZW5ab2RXYxAB!2m1!1s0x0:0xe8425a43be3b09a9!3m1!1s2@1:CAIQACodChtycF9oOmVNTXNIX2w0Y0lzZ0U5MFFkenZodWc%7C%7C?hl=ru,4.5,69,2026-05-05 17:33:24+00:00,116,0,0,0,0,0,0,0,0,0,0
Микс Afterparty,Ci9DQUlRQUNvZENodHljRjlvT2xCSGJsODNNV0kwVkhCaFprTkNaVnBqT1ZsbFZWRRAB,5,Самое лучшее место. Чтобы отдохнуть и встретить интересных людей. Музыка очень модная. Охрана прекрасная. Люблю это место.,https://www.google.com/maps/reviews/data=!4m8!14m7!1m6!2m5!1sCi9DQUlRQUNvZENodHljRjlvT2xCSGJsODNNV0kwVkhCaFprTkNaVnBqT1ZsbFZWRRAB!2m1!1s0x0:0xe8425a43be3b09a9!3m1!1s2@1:CAIQACodChtycF9oOlBHbl83MWI0VHBhZkNCZVpjOVllVVE%7C%7C?hl=ru,4.5,69,2026-03-20 12:07:14+00:00,122,0,0,0,0,0,0,0,0,0,0
Микс Afterparty,Ci9DQUlRQUNvZENodHljRjlvT25kc1IzUlZlbVl6YnpGS1lXRjFjRE5TVDNWRmFHYxAB,5,"Andateci perché è qualcosa di speciale a Mosca
Buona techno belle ragazze e barmen molto preparate",https://www.google.com/maps/reviews/data=!4m8!14m7!1m6!2m5!1sCi9DQUlRQUNvZENodHljRjlvT25kc1IzUlZlbVl6YnpGS1lXRjFjRE5TVDNWRmFHYxAB!2m1!1s0x0:0xe8425a43be3b09a9!3m1!1s2@1:CAIQACodChtycF9oOndsR3RVemYzbzFKYWF1cDNST3VFaGc%7C%7C?hl=ru,4.5,69,2026-04-20 18:43:53+00:00,98,0,0,0,0,0,0,0,0,0,0
Микс Afterparty,Ci9DQUlRQUNvZENodHljRjlvT2pZd1ExVjJXa0pPWkd0b2JHbFJhVE5tYmkxRmVHYxAB,5,"Лучший клуб, особенно по музыке) обычно прихожу туда к 6 утра, когда все уже закрылось, а Микс как раз раскачался вовсю!",https://www.google.com/maps/reviews/data=!4m8!14m7!1m6!2m5!1sCi9DQUlRQUNvZENodHljRjlvT2pZd1ExVjJXa0pPWkd0b2JHbFJhVE5tYmkxRmVHYxAB!2m1!1s0x0:0xe8425a43be3b09a9!3m1!1s2@1:CAIQACodChtycF9oOjYwQ1V2WkJOZGtobGlRaTNmbi1FeGc%7C%7C?hl=ru,4.5,69,2026-04-18 20:53:27+00:00,120,0,0,0,0,0,0,0,0,0,0
Микс Afterparty,Ci9DQUlRQUNvZENodHljRjlvT25SWlNIVndXVkJUY1dKVk5HWlZkMTlhWTJkcVoxRRAB,5,"Один, из лучших клубов Москвы. Всегда актуальные привозы артистов , учтены все интересы гостей , все продуманно до мелочей , от самых удобных , оснащенных уборных , до полноценной безопасности , с огромным количеством квалифицированных охранников , разнообразное меню , бонусные карты , отличное обслуживание, комфортное расположение , все это удовлетворит , даже самых требовательных потребителей )",https://www.google.com/maps/reviews/data=!4m8!14m7!1m6!2m5!1sCi9DQUlRQUNvZENodHljRjlvT25SWlNIVndXVkJUY1dKVk5HWlZkMTlhWTJkcVoxRRAB!2m1!1s0x0:0xe8425a43be3b09a9!3m1!1s2@1:CAIQACodChtycF9oOnRZSHVwWVBTcWJVNGZVd19aY2dqZ1E%7C%7C?hl=ru,4.5,69,2026-04-18 02:54:45+00:00,399,0,0,0,0,0,0,0,0,0,0
Микс Afterparty,Ci9DQUlRQUNvZENodHljRjlvT21obFoyWmZlVFZJTkZGTWNubGtWRWxPYlMxWWFGRRAB,5,"Очень классное место ,отличная атмосфера и музыка 😍🫶🏻",https://www.google.com/maps/reviews/data=!4m8!14m7!1m6!2m5!1sCi9DQUlRQUNvZENodHljRjlvT21obFoyWmZlVFZJTkZGTWNubGtWRWxPYlMxWWFGRRAB!2m1!1s0x0:0xe8425a43be3b09a9!3m1!1s2@1:CAIQACodChtycF9oOmhlZ2ZfeTVINFFMcnlkVElObS1YaFE%7C%7C?hl=ru,4.5,69,2026-04-17 22:35:59+00:00,53,0,0,0,0,0,0,0,0,0,0
Микс Afterparty,Ci9DQUlRQUNvZENodHljRjlvT21SdkxXdHFXR2cyZEZKdFRHbGxSMkZOVUZSaVduYxAB,5,"Очень классное место, отличная музыка, атмосфера, выбор напитков, строгий фейсконтроль, что несомненно, большой плюс! Однозначно маст визит🔥",https://www.google.com/maps/reviews/data=!4m8!14m7!1m6!2m5!1sCi9DQUlRQUNvZENodHljRjlvT21SdkxXdHFXR2cyZEZKdFRHbGxSMkZOVUZSaVduYxAB!2m1!1s0x0:0xe8425a43be3b09a9!3m1!1s2@1:CAIQACodChtycF9oOmRvLWtqWGg2dFJtTGllR2FNUFRiWnc%7C%7C?hl=ru,4.5,69,2026-04-17 22:31:52+00:00,140,0,0,0,0,0,0,0,0,0,0
Микс Afterparty,Ci9DQUlRQUNvZENodHljRjlvT2xCUldrdE5VbE5HUkhnemR6bGFkbGx3ZGtoWWFGRRAB,5,"Прекрасное заведение, отличный персонал. Но самое главное качественная электронная музыка. Заведение обязательно к посещению 😎",https://www.google.com/maps/reviews/data=!4m8!14m7!1m6!2m5!1sCi9DQUlRQUNvZENodHljRjlvT2xCUldrdE5VbE5HUkhnemR6bGFkbGx3ZGtoWWFGRRAB!2m1!1s0x0:0xe8425a43be3b09a9!3m1!1s2@1:CAIQACodChtycF9oOlBRWktNUlNGRHgzdzladllwdkhYaFE%7C%7C?hl=ru,4.5,69,2026-04-17 22:25:47+00:00,126,0,0,0,0,0,0,0,0,0,0
Микс Afterparty,Ci9DQUlRQUNvZENodHljRjlvT2kxZmNHUk5NVVZ4ZUc5QlgzcEdkekZrTjBSM2EzYxAB,5,"Обожаю! Во всех смыслах! Музыка самая разъё… -ая) девочки на баре я вас люблю! Кристина, Мария…😘😘😘😘 резиденты клуба😘😘😘😘 самая  крутая  музыка в Москве, только в Микс!",https://www.google.com/maps/reviews/data=!4m8!14m7!1m6!2m5!1sCi9DQUlRQUNvZENodHljRjlvT2kxZmNHUk5NVVZ4ZUc5QlgzcEdkekZrTjBSM2EzYxAB!2m1!1s0x0:0xe8425a43be3b09a9!3m1!1s2@1:CAIQACodChtycF9oOi1fcGRNMUVxeG9BX3pGdzFkN0R3a3c%7C%7C?hl=ru,4.5,69,2026-04-17 19:35:54+00:00,166,0,0,0,0,0,0,0,0,0,0
Микс Afterparty,Ci9DQUlRQUNvZENodHljRjlvT2pCSlowUnhXR2hWYTBsNVVtUTBZMlJGWkVsaWNrRRAB,5,"ТУТ работаю лучшие люди вообще!! очень классное помещение, дружелюбная охрана, красивые люди, очень вежливые со рудники, диджеи отличные, светомузыка вообще прекрасная!",https://www.google.com/maps/reviews/data=!4m8!14m7!1m6!2m5!1sCi9DQUlRQUNvZENodHljRjlvT2pCSlowUnhXR2hWYTBsNVVtUTBZMlJGWkVsaWNrRRAB!2m1!1s0x0:0xe8425a43be3b09a9!3m1!1s2@1:CAIQACodChtycF9oOjBJZ0RxWGhVa0l5UmQ0Y2RFZElickE%7C%7C?hl=ru,4.5,69,2026-04-05 05:56:27+00:00,168,0,0,0,0,0,0,0,0,0,0
Микс Afterparty,Ci9DQUlRQUNvZENodHljRjlvT25vMFdWVk5OMWMxWlc1U1JuQkZNa3RZTVdsS1gzYxAB,5,"Маша просто самая обонятельная женщина этого заведения, а арт директор Миша, пере выполняет свои обязанности и делает слишком крутую атмосферу в этом прекрасном заведении",https://www.google.com/maps/reviews/data=!4m8!14m7!1m6!2m5!1sCi9DQUlRQUNvZENodHljRjlvT25vMFdWVk5OMWMxWlc1U1JuQkZNa3RZTVdsS1gzYxAB!2m1!1s0x0:0xe8425a43be3b09a9!3m1!1s2@1:CAIQACodChtycF9oOno0WVVNN1c1ZW5SRnBFMktYMWlKX3c%7C%7C?hl=ru,4.5,69,2026-04-05 05:56:03+00:00,170,0,0,0,0,0,0,0,0,0,0
Микс Afterparty,Ci9DQUlRQUNvZENodHljRjlvT2t0VloyRkZZMmN3U0VkWWRVWllRbkJ2YmpScmNXYxAB,5,"Замечательное заведение, Мария просто чудесна 😘",https://www.google.com/maps/reviews/data=!4m8!14m7!1m6!2m5!1sCi9DQUlRQUNvZENodHljRjlvT2t0VloyRkZZMmN3U0VkWWRVWllRbkJ2YmpScmNXYxAB!2m1!1s0x0:0xe8425a43be3b09a9!3m1!1s2@1:CAIQACodChtycF9oOktVZ2FFY2cwSEdYdUZYQnBvbjRrcWc%7C%7C?hl=ru,4.5,69,2026-04-04 04:58:44+00:00,47,0,0,0,0,0,0,0,0,0,0
Микс Afterparty,Ci9DQUlRQUNvZENodHljRjlvT25veU9EVmtkbUZmYm1Kd1FqUm9VR2QwY1Zac1ZHYxAB,5,"Был в клубе, атмосфера лучшая, рекомендую, еще раз советую всем приехать, афиопати лучшие",https://www.google.com/maps/reviews/data=!4m8!14m7!1m6!2m5!1sCi9DQUlRQUNvZENodHljRjlvT25veU9EVmtkbUZmYm1Kd1FqUm9VR2QwY1Zac1ZHYxAB!2m1!1s0x0:0xe8425a43be3b09a9!3m1!1s2@1:CAIQACodChtycF9oOnoyODVkdmFfbmJwQjRoUGd0cVZsVGc%7C%7C?hl=ru,4.5,69,2026-03-29 02:52:18+00:00,89,0,0,0,0,0,0,0,0,0,0
Микс Afterparty,Ci9DQUlRQUNvZENodHljRjlvT2t0TU1tcFBWbXRyWlZsRU1VOVZXa3B6VDNSNFpVRRAB,5,"Топовое место, чтобы провести классно время!",https://www.google.com/maps/reviews/data=!4m8!14m7!1m6!2m5!1sCi9DQUlRQUNvZENodHljRjlvT2t0TU1tcFBWbXRyWlZsRU1VOVZXa3B6VDNSNFpVRRAB!2m1!1s0x0:0xe8425a43be3b09a9!3m1!1s2@1:CAIQACodChtycF9oOktMMmpPVmtrZVlEMU9VWkpzT3R4ZUE%7C%7C?hl=ru,4.5,69,2026-03-27 20:42:30+00:00,44,0,0,0,0,0,0,0,0,0,0
Микс Afterparty,Ci9DQUlRQUNvZENodHljRjlvT25FNVFtdDZXbUZ5UXpad1RYUjNSV3haUWs5TWNXYxAB,5,"Мой любимый клуб! Отдыхаю только здесь! Отличная музыка, интерьер, бар, сервис, контингент и безопасность.  2 зала - с релакс-музыкой и танцевальной. Рекомендую это место и провожу время с друзьями уже 10 лет именно тут",https://www.google.com/maps/reviews/data=!4m8!14m7!1m6!2m5!1sCi9DQUlRQUNvZENodHljRjlvT25FNVFtdDZXbUZ5UXpad1RYUjNSV3haUWs5TWNXYxAB!2m1!1s0x0:0xe8425a43be3b09a9!3m1!1s2@1:CAIQACodChtycF9oOnE5Qmt6WmFyQzZwTXR3RWxZQk9McWc%7C%7C?hl=ru,4.5,69,2026-03-26 14:53:16+00:00,219,0,0,0,0,0,0,0,0,0,0
Микс Afterparty,Ci9DQUlRQUNvZENodHljRjlvT2xaM1ZUVmllbWs1Y3pSaldHMU5NSFY0ZERWU01WRRAB,5,"Великолепный клуб,крутая атмосфера, шикарный дизайн и обстановка! Честный бар, хороший фейс контроль. Контингент всегда допускается адекватный и прекрасно выглядевший! Всегда",https://www.google.com/maps/reviews/data=!4m8!14m7!1m6!2m5!1sCi9DQUlRQUNvZENodHljRjlvT2xaM1ZUVmllbWs1Y3pSaldHMU5NSFY0ZERWU01WRRAB!2m1!1s0x0:0xe8425a43be3b09a9!3m1!1s2@1:CAIQACodChtycF9oOlZ3VTViemk5czRjWG1NMHV4dDVSMVE%7C%7C?hl=ru,4.5,69,2026-03-26 14:48:46+00:00,174,0,0,0,0,0,0,0,0,0,0
Микс Afterparty,Ci9DQUlRQUNvZENodHljRjlvT2xscmNHbEpYM2N0WTJ3M2QwNXhOMjFHT1hVMFkxRRAB,5,"Шикарное месте ,рекомендую  ушел два раза не один",https://www.google.com/maps/reviews/data=!4m8!14m7!1m6!2m5!1sCi9DQUlRQUNvZENodHljRjlvT2xscmNHbEpYM2N0WTJ3M2QwNXhOMjFHT1hVMFkxRRAB!2m1!1s0x0:0xe8425a43be3b09a9!3m1!1s2@1:CAIQACodChtycF9oOllrcGlJX3ctY2w3d05xN21GOXU0Y1E%7C%7C?hl=ru,4.5,69,2026-03-22 17:08:30+00:00,49,0,0,0,0,0,0,0,0,0,0
Микс Afterparty,Ci9DQUlRQUNvZENodHljRjlvT210bFFVODFURE5qWjJsaWNUQnhiVk5NVlVkbFNtYxAB,5,Обожаю этот клуб,https://www.google.com/maps/reviews/data=!4m8!14m7!1m6!2m5!1sCi9DQUlRQUNvZENodHljRjlvT210bFFVODFURE5qWjJsaWNUQnhiVk5NVlVkbFNtYxAB!2m1!1s0x0:0xe8425a43be3b09a9!3m1!1s2@1:CAIQACodChtycF9oOmtlQU81TDNjZ2licTBxbVNMVUdlSmc%7C%7C?hl=ru,4.5,69,2026-03-22 04:51:16+00:00,16,0,0,0,0,0,0,0,0,0,0
Микс Afterparty,Ci9DQUlRQUNvZENodHljRjlvT205cWJtcFFUUzFYVTJsb2IxRjFXWHBDVEY5U05GRRAB,5,Очень хороший клуб,https://www.google.com/maps/reviews/data=!4m8!14m7!1m6!2m5!1sCi9DQUlRQUNvZENodHljRjlvT205cWJtcFFUUzFYVTJsb2IxRjFXWHBDVEY5U05GRRAB!2m1!1s0x0:0xe8425a43be3b09a9!3m1!1s2@1:CAIQACodChtycF9oOm9qbmpQTS1XU2lob1F1WXpCTF9SNFE%7C%7C?hl=ru,4.5,69,2026-03-22 04:48:03+00:00,18,0,0,0,0,0,0,0,0,0,0
Микс Afterparty,Ci9DQUlRQUNvZENodHljRjlvT2xaS05scDJSbll4VEZNNFozUXRZVk5vWm1KM1QxRRAB,5,роскошное заведение с мягкой и приятной музыкой. рекомендую к посещению! хостел заслуживают отдельного внимания!,https://www.google.com/maps/reviews/data=!4m8!14m7!1m6!2m5!1sCi9DQUlRQUNvZENodHljRjlvT2xaS05scDJSbll4VEZNNFozUXRZVk5vWm1KM1QxRRAB!2m1!1s0x0:0xe8425a43be3b09a9!3m1!1s2@1:CAIQACodChtycF9oOlZKNlp2RnYxTFM4Z3QtYVNoZmJ3T1E%7C%7C?hl=ru,4.5,69,2026-03-21 23:44:29+00:00,112,0,0,0,0,0,0,0,0,0,0
Микс Afterparty,Ci9DQUlRQUNvZENodHljRjlvT2xkS01sSXROVVV3UTNGbFlUaHhXbXBMYm14TFEwRRAB,5,"Очень классное место! Высший сервис ,музыка и еда❤️",https://www.google.com/maps/reviews/data=!4m8!14m7!1m6!2m5!1sCi9DQUlRQUNvZENodHljRjlvT2xkS01sSXROVVV3UTNGbFlUaHhXbXBMYm14TFEwRRAB!2m1!1s0x0:0xe8425a43be3b09a9!3m1!1s2@1:CAIQACodChtycF9oOldKMlItNUUwQ3FlYThxWmpLbmxLQ0E%7C%7C?hl=ru,4.5,69,2026-03-21 22:21:12+00:00,51,0,0,0,0,0,0,0,0,0,0
Микс Afterparty,Ci9DQUlRQUNvZENodHljRjlvT25OVFFtZHRiazlCTFRsSlpGcEJXRjk2VTJSSmVGRRAB,5,"Прекрасное место , диджеи великолепны , приду и не раз 💕",https://www.google.com/maps/reviews/data=!4m8!14m7!1m6!2m5!1sCi9DQUlRQUNvZENodHljRjlvT25OVFFtZHRiazlCTFRsSlpGcEJXRjk2VTJSSmVGRRAB!2m1!1s0x0:0xe8425a43be3b09a9!3m1!1s2@1:CAIQACodChtycF9oOnNTQmdtbk9BLTlJZFpBWF96U2RJeFE%7C%7C?hl=ru,4.5,69,2026-03-21 22:20:11+00:00,56,0,0,0,0,0,0,0,0,0,0
Микс Afterparty,Ci9DQUlRQUNvZENodHljRjlvT2pKNWRrZHNYMDB4VGtaR1VHdE1NRjlEZVZNMFVIYxAB,5,"Понравилось все! Классная музыка, приятный персонал и очень вкусные ролл. Очень рекомендую это место к посещению 😊",https://www.google.com/maps/reviews/data=!4m8!14m7!1m6!2m5!1sCi9DQUlRQUNvZENodHljRjlvT2pKNWRrZHNYMDB4VGtaR1VHdE1NRjlEZVZNMFVIYxAB!2m1!1s0x0:0xe8425a43be3b09a9!3m1!1s2@1:CAIQACodChtycF9oOjJ5dkdsX00xTkZGUGtMMF9DeVM0UHc%7C%7C?hl=ru,4.5,69,2026-03-21 22:18:50+00:00,114,0,0,0,0,0,0,0,0,0,0
Микс Afterparty,Ci9DQUlRQUNvZENodHljRjlvT21sU0xTMUdObEZDUm1sclVYZGlhM0JPYmpkR1YxRRAB,5,"Все супер! Персонал очень приятный, улыбчивый. Коктейли качественные, еда всегда на высоте! Место само красивое и очень эстетичное. Музыка радует, хочется танцевать и веселиться, рекомендую, одно из любимых мест в Москве❤️",https://www.google.com/maps/reviews/data=!4m8!14m7!1m6!2m5!1sCi9DQUlRQUNvZENodHljRjlvT21sU0xTMUdObEZDUm1sclVYZGlhM0JPYmpkR1YxRRAB!2m1!1s0x0:0xe8425a43be3b09a9!3m1!1s2@1:CAIQACodChtycF9oOmlSLS1GNlFCRmlrUXdia3BObjdGV1E%7C%7C?hl=ru,4.5,69,2026-03-21 21:05:52+00:00,222,0,0,0,0,0,0,0,0,0,0
Микс Afterparty,Ci9DQUlRQUNvZENodHljRjlvT20xM01HOU9WbEZMUVVONVNIcGhlbk5DVW1Ka1UwRRAB,5,"Каждые выходные посещаю данное заведение, музыка всегда новая , ребята на быре профессионалы своего дела. Всем рекомендую",https://www.google.com/maps/reviews/data=!4m8!14m7!1m6!2m5!1sCi9DQUlRQUNvZENodHljRjlvT20xM01HOU9WbEZMUVVONVNIcGhlbk5DVW1Ka1UwRRAB!2m1!1s0x0:0xe8425a43be3b09a9!3m1!1s2@1:CAIQACodChtycF9oOm13MG9OVlFLQUN5SHphenNCUmJkU0E%7C%7C?hl=ru,4.5,69,2026-03-21 00:49:23+00:00,121,0,0,0,0,0,0,0,0,0,0
Микс Afterparty,Ci9DQUlRQUNvZENodHljRjlvT25SYVZsODJiM0Z0ZUhGWGJHVXpUamhpV2t0M1JFRRAB,5,"Место манит своей атмосферой. Музыка, люди- всё на достойном уровне. Однозначно рекомендую",https://www.google.com/maps/reviews/data=!4m8!14m7!1m6!2m5!1sCi9DQUlRQUNvZENodHljRjlvT25SYVZsODJiM0Z0ZUhGWGJHVXpUamhpV2t0M1JFRRAB!2m1!1s0x0:0xe8425a43be3b09a9!3m1!1s2@1:CAIQACodChtycF9oOnRaVl82b3FteHFXbGUzTjhiWkt3REE%7C%7C?hl=ru,4.5,69,2026-03-20 22:00:07+00:00,90,0,0,0,0,0,0,0,0,0,0
Микс Afterparty,Ci9DQUlRQUNvZENodHljRjlvT2tSNlMwMWpiM2t4TWtwSU5FMU9iV2xwUmt3elluYxAB,4,"Атмосфера в Миксе интересная, музыка на высоте, привозы крутые! Жаль, что закрыли один из залов",https://www.google.com/maps/reviews/data=!4m8!14m7!1m6!2m5!1sCi9DQUlRQUNvZENodHljRjlvT2tSNlMwMWpiM2t4TWtwSU5FMU9iV2xwUmt3elluYxAB!2m1!1s0x0:0xe8425a43be3b09a9!3m1!1s2@1:CAIQACodChtycF9oOkR6S01jb3kxMkpINE1ObWlpRkwzYnc%7C%7C?hl=ru,4.5,69,2026-03-20 21:55:04+00:00,95,0,0,0,0,1,0,0,0,0,0
Микс Afterparty,Ci9DQUlRQUNvZENodHljRjlvT21oTlV6ZG5TR0paY0ZwSVVXWTFWMmhwVEdaU2IxRRAB,5,"Чудесный и очень комфортный во всех смыслах клуб с офигенной музыкой! Красивая публика, вежливая охрана, два этажа на выбор для отдыха. Очень люблю это место!",https://www.google.com/maps/reviews/data=!4m8!14m7!1m6!2m5!1sCi9DQUlRQUNvZENodHljRjlvT21oTlV6ZG5TR0paY0ZwSVVXWTFWMmhwVEdaU2IxRRAB!2m1!1s0x0:0xe8425a43be3b09a9!3m1!1s2@1:CAIQACodChtycF9oOmhNUzdnSGJZcFpIUWY1V2hpTGZSb1E%7C%7C?hl=ru,4.5,69,2026-03-20 16:20:40+00:00,158,0,0,0,0,0,0,0,0,0,0
Микс Afterparty,Ci9DQUlRQUNvZENodHljRjlvT25wbWFHeDFZVVl0YURaamFrMU9XRVowWDJwUmQwRRAB,5,"Лучший клуб столицы! Музыка, атмосфера и персонал однозначно на высоком уровне. Место, куда хочется возвращаться неоднократно.",https://www.google.com/maps/reviews/data=!4m8!14m7!1m6!2m5!1sCi9DQUlRQUNvZENodHljRjlvT25wbWFHeDFZVVl0YURaamFrMU9XRVowWDJwUmQwRRAB!2m1!1s0x0:0xe8425a43be3b09a9!3m1!1s2@1:CAIQACodChtycF9oOnpmaGx1YUYtaDZjak1OWEZ0X2pRd0E%7C%7C?hl=ru,4.5,69,2026-03-20 12:54:29+00:00,126,0,0,0,0,0,0,0,0,0,0
Микс Afterparty,Ci9DQUlRQUNvZENodHljRjlvT2xrd1ptczVkelpDZUZacFpISjBjbkZMWkdabVIyYxAB,5,👍❤️,https://www.google.com/maps/reviews/data=!4m8!14m7!1m6!2m5!1sCi9DQUlRQUNvZENodHljRjlvT2xrd1ptczVkelpDZUZacFpISjBjbkZMWkdabVIyYxAB!2m1!1s0x0:0xe8425a43be3b09a9!3m1!1s2@1:CAIQACodChtycF9oOlkwZms5dzZCeFZpZHJ0cnFLZGZmR2c%7C%7C?hl=ru,4.5,69,2026-03-09 02:47:34+00:00,3,0,0,0,0,0,0,0,0,0,0
Микс Afterparty,Ci9DQUlRQUNvZENodHljRjlvT2kwME1WWTFSMUZXVkU1bFFWUXhWVEZaWkhaRE5WRRAB,5,"Отличное заведение, вкусные коктейли, крутая музыка. Все на высшем уровне",https://www.google.com/maps/reviews/data=!4m8!14m7!1m6!2m5!1sCi9DQUlRQUNvZENodHljRjlvT2kwME1WWTFSMUZXVkU1bFFWUXhWVEZaWkhaRE5WRRAB!2m1!1s0x0:0xe8425a43be3b09a9!3m1!1s2@1:CAIQACodChtycF9oOi00MVY1R1FWVE5lQVQxVTFZZHZDNVE%7C%7C?hl=ru,4.5,69,2026-03-01 00:19:41+00:00,73,0,0,0,0,0,0,0,0,0,0
Микс Afterparty,Ci9DQUlRQUNvZENodHljRjlvT205SFpYZExSV3Q1YmtaNldqQkxOWEZ4T1ZsVGJuYxAB,5,"Очень нравится это место, каждый раз ходим с подругами, вкусно очень и коктейли супер",https://www.google.com/maps/reviews/data=!4m8!14m7!1m6!2m5!1sCi9DQUlRQUNvZENodHljRjlvT205SFpYZExSV3Q1YmtaNldqQkxOWEZ4T1ZsVGJuYxAB!2m1!1s0x0:0xe8425a43be3b09a9!3m1!1s2@1:CAIQACodChtycF9oOm9HZXdLRWt5bkZ6WjBLNXFxOVlTbnc%7C%7C?hl=ru,4.5,69,2026-03-01 00:17:39+00:00,85,0,0,0,0,0,0,0,0,0,0
Микс Afterparty,Ci9DQUlRQUNvZENodHljRjlvT25CdFduZzFiVFZPVTJSUmEzbERTSGxOZDJGTFoxRRAB,1,"Поскольку я была одна меня не пустили с комментарием, что им нужны девушки, разводящие мужчин на напитки и тд. Я вполне прилично выгляжу и могу себе купить бутылку Моет или Клико (не знаю что у них по алко и какие kpi, больше не пойду, неприятно, дешево и тд",https://www.google.com/maps/reviews/data=!4m8!14m7!1m6!2m5!1sCi9DQUlRQUNvZENodHljRjlvT25CdFduZzFiVFZPVTJSUmEzbERTSGxOZDJGTFoxRRAB!2m1!1s0x0:0xe8425a43be3b09a9!3m1!1s2@1:CAIQACodChtycF9oOnBtWng1bTVOU2RRa3lDSHlNd2FLZ1E%7C%7C?hl=ru,4.5,69,2026-02-14 05:12:16+00:00,258,1,0,0,0,0,0,0,0,0,0
Микс Afterparty,Ci9DQUlRQUNvZENodHljRjlvT2xGb056ZHhjMjlIYWtScWFuWm9jRVo2WVdwaWRtYxAB,1,"Ходили ровно год сюда. Писали восторженные отзывы. 27.12.25 ночь субботы после корпоратива заехали в микс, нас пустили и !!! через 5 мин охранник вывел нас . Хотите испортить себе настроение или праздник все микс всем не спать )))) Ни ногой! Бойкот. 2025 год спасибо что заблокировал двери микса навсегда для всех ))) исполнено",https://www.google.com/maps/reviews/data=!4m8!14m7!1m6!2m5!1sCi9DQUlRQUNvZENodHljRjlvT2xGb056ZHhjMjlIYWtScWFuWm9jRVo2WVdwaWRtYxAB!2m1!1s0x0:0xe8425a43be3b09a9!3m1!1s2@1:CAIQACodChtycF9oOlFoNzdxc29HakRqanZocEZ6YWpidmc%7C%7C?hl=ru,4.5,69,2025-12-29 05:48:16+00:00,327,1,0,0,0,0,0,0,0,0,0
Микс Afterparty,Ci9DQUlRQUNvZENodHljRjlvT2tKYVUwTkdVblZhUVRkWFkzTjRlbkU1VVV4VFYzYxAB,5,"Отличный клуб, были с подругой, вход бесплатный и даже дали карту постоянного гостя, где каждый вых можно тратить 3000, можно даже на еду, что приятно удивило! так на три коктейля за счет заведения и пару коктейлей от парней, было приятным бонусом. Диджеи были шикарные в догонку к коктейлям.",https://www.google.com/maps/reviews/data=!4m8!14m7!1m6!2m5!1sCi9DQUlRQUNvZENodHljRjlvT2tKYVUwTkdVblZhUVRkWFkzTjRlbkU1VVV4VFYzYxAB!2m1!1s0x0:0xe8425a43be3b09a9!3m1!1s2@1:CAIQACodChtycF9oOkJaU0NGUnVaQTdXY3N4enE5UUxTV3c%7C%7C?hl=ru,4.5,69,2025-10-28 11:32:52+00:00,292,0,0,0,0,0,0,0,0,0,0
Микс Afterparty,Ci9DQUlRQUNvZENodHljRjlvT25wQk4zWjNhRVpSY0VWZlJFRjRWbkpWYVRKWFVVRRAB,5,Все супер всегда отдыхаю . Персонал приветливый особенно менеджер Кристина всегда угощает очень приветливая,https://www.google.com/maps/reviews/data=!4m8!14m7!1m6!2m5!1sCi9DQUlRQUNvZENodHljRjlvT25wQk4zWjNhRVpSY0VWZlJFRjRWbkpWYVRKWFVVRRAB!2m1!1s0x0:0xe8425a43be3b09a9!3m1!1s2@1:CAIQACodChtycF9oOnpBN3Z3aEZRcEVfREF4VnJVaTJXUUE%7C%7C?hl=ru,4.5,69,2025-09-30 04:18:29+00:00,107,0,0,0,0,0,0,0,0,0,0
Микс Afterparty,ChdDSUhNMG9nS0VJQ0FnTURnOXQtejNBRRAB,4,"В ноябре 2024 года выдвинулись с товарищем в ночной клуб микс Afterparty на Маяковской в Москве .Приехали в 23:30.Фейс контрольщик  окинул нас взглядом снизу вверх и мы прошли в клуб .До 12 ночи вход бесплатный ,после 1тр .Были до 2 часов ночи.Я подвигался 1 -1:30часа на танцполе .Очень много охраны ,которая присутствует везде .Помимо танцпола ,есть несколько других помещений.Охранник постоянно присутствует у туалетов ,что наводит на определенные мысли .Стол стоит 30 тр ,чай 400 ,кофе 350 .У многих посетителей были шары ,они стоят по 1 тр.Музыка играла электронная с добавлением битов .Треки каждые 30 секунд не меняли ,два трека в один не сводили  как в некоторых других клубах .Это хорошо .Народа было по среднему ,мужчин больше 60 на 40 примерно .Процентов 70 из девушек и женщин были не одни .Публика танцевала в основном не энергично ,эмоционально не вовлеченно в происходящее ,за исключением пары человек .Когда я выходил из клуба ,то мне показалось ,что 2:30 часа играл один трек .На мой взгляд, ставить только одно направление музыки не вариант .Нужно ставить разные направления музыки (русская попса ,евро Дэнс ,мировые хиты ,хип -хоп ,электронная начиная с1990 до 2024 года ).Покрытие в клубе исключает танцевальный стиль шафл ,движения связанные со скольжением подошвы по полу .Ковер на танцполе  ,на мой взгляд,не вписывается в общую концепцию дизайна клуба ,также танцевать на ковре не совсем удобно.Писали ,что есть танцовщицы go go .Но их не было .Когда нет танцовщиц скучновато .Особенно если мало кто энергично двигается на танцполе .Эротические шоу не проводятся .Почему -то большинство клубов от этого отказались .Будто много вариантов как развлечь публику в ночном клубе .Между менеджерами клубов и посетителями нет обратной связи по музыке .Здесь просматривается некая ультимативная форма взаимодействия:вот есть такая музыка для вас ,а нравится,не нравится -ваши проблемы .Правда такой подход к бизнесу и рыночной экономике не имеет отношения.Бизнес ,рыночная экономика-это ориентация на клиентов ,а не самих себя ,свои идеи ,фантазии ,представления.С моей точки зрения ,музыку хотя бы частично должны определять посетители.Кто пришел в клуб ,могут зайти в группы в соцсетях и написать несколько треков ,которые хотели бы услышать.Это обеспечит  большую эмоциональную вовлеченность посетителей клуба в происходящее .Энергичнее и больше будут танцевать .Было бы интересно,если бы в ночных клубах были большие мониторы и посредством этих мониторов ночные клубы из разных городов и стран иногда между собой взаимодействовали в прямом эфире .Это также увеличит интерес к происходящему .Для клубов это взаимная реклама .Если для клуба дорого оплачивать танцовщиц ,то 2-3 клуба могут привезти их из другого города ,где цены ниже .

Таким образом ,эмоциональную вовлеченность публики в события происходящие в клубах можно увеличить:
1) установлением обратной связи между посетителями и менеджерами клубов ,диджеями на счет того какая музыка должна играть .

2) танцовщицы (танцоры )

3) эротические шоу

4) телемосты в прямом эфире между ночными клубами разных городов и стран

P.s. Написаное мной- является моим частным мнением ,которое сформировано на основе дефецита полной ,достоверной информации о людях ,клубах ,общественных процессах ,и всем том ,что нас окружает ,в рамках моих фантазий о всем происходящем .Кто дочитал и не уснул ,тот молодец )👍.",https://www.google.com/maps/reviews/data=!4m8!14m7!1m6!2m5!1sChdDSUhNMG9nS0VJQ0FnTURnOXQtejNBRRAB!2m1!1s0x0:0xe8425a43be3b09a9!3m1!1s2@1:CIHM0ogKEICAgMDg9t-z3AE%7C%7C?hl=ru,4.5,69,2025-02-24 17:31:29+00:00,3376,0,1,0,0,1,0,0,0,0,1
Микс Afterparty,ChdDSUhNMG9nS0VJQ0FnSURYbHZUUTlnRRAB,3,Оделась в «Армани» и не пустили в этот клуб. Зато эскортниц  впускают. Потрачено время и на такси в обе стороны,https://www.google.com/maps/reviews/data=!4m8!14m7!1m6!2m5!1sChdDSUhNMG9nS0VJQ0FnSURYbHZUUTlnRRAB!2m1!1s0x0:0xe8425a43be3b09a9!3m1!1s2@1:CIHM0ogKEICAgIDXlvTQ9gE%7C%7C?hl=ru,4.5,69,2024-10-26 23:10:55+00:00,111,1,0,0,0,0,0,0,0,0,0
Микс Afterparty,ChZDSUhNMG9nS0VJQ0FnSUM3ejhISFF3EAE,5,"Позитивное место, ненавязчивая охрана, да и публика норм)",https://www.google.com/maps/reviews/data=!4m8!14m7!1m6!2m5!1sChZDSUhNMG9nS0VJQ0FnSUM3ejhISFF3EAE!2m1!1s0x0:0xe8425a43be3b09a9!3m1!1s2@1:CIHM0ogKEICAgIC7z8HHQw%7C%7C?hl=ru,4.5,69,2024-08-19 08:41:46+00:00,57,0,0,0,0,0,0,0,0,0,0
Микс Afterparty,ChZDSUhNMG9nS0VJQ0FnSUR0NnEzUE9BEAE,5,"Любимый клуб в москве, поздравляю вас с 10ем...процветания ❤️🙏",https://www.google.com/maps/reviews/data=!4m8!14m7!1m6!2m5!1sChZDSUhNMG9nS0VJQ0FnSUR0NnEzUE9BEAE!2m1!1s0x0:0xe8425a43be3b09a9!3m1!1s2@1:CIHM0ogKEICAgIDt6q3POA%7C%7C?hl=ru,4.5,69,2024-02-03 21:45:36+00:00,62,0,0,0,0,0,0,0,0,0,0
Микс Afterparty,ChdDSUhNMG9nS0VJQ0FnSUR0MUxfb3NRRRAB,5,"Отличное заведение, если хотите хорошо отдохнуть, то это именно то заведение. Шикарная музыка и атмосфера в принципе. Бармены и официанты веселые и жизнерадостные на позитиве, поднимут настроение и качественно обслужат. О заведении осталось положительное впечатление, советую.",https://www.google.com/maps/reviews/data=!4m8!14m7!1m6!2m5!1sChdDSUhNMG9nS0VJQ0FnSUR0MUxfb3NRRRAB!2m1!1s0x0:0xe8425a43be3b09a9!3m1!1s2@1:CIHM0ogKEICAgIDt1L_osQE%7C%7C?hl=ru,4.5,69,2024-02-02 19:34:16+00:00,276,0,0,0,0,0,0,0,0,0,0
Микс Afterparty,ChdDSUhNMG9nS0VJQ0FnSUROeVp2MTZBRRAB,5,В эти выходные посетила с друзьями клуб Микс! Очень крутое заведение! Всем советую!,https://www.google.com/maps/reviews/data=!4m8!14m7!1m6!2m5!1sChdDSUhNMG9nS0VJQ0FnSUROeVp2MTZBRRAB!2m1!1s0x0:0xe8425a43be3b09a9!3m1!1s2@1:CIHM0ogKEICAgIDNyZv16AE%7C%7C?hl=ru,4.5,69,2024-01-23 17:11:21+00:00,83,0,0,0,0,0,0,0,0,0,0
Микс Afterparty,ChdDSUhNMG9nS0VJQ0FnSUNscGNyazZ3RRAB,5,Always enjoy here and have a great time.  Always an interesting atmosphere,https://www.google.com/maps/reviews/data=!4m8!14m7!1m6!2m5!1sChdDSUhNMG9nS0VJQ0FnSUNscGNyazZ3RRAB!2m1!1s0x0:0xe8425a43be3b09a9!3m1!1s2@1:CIHM0ogKEICAgIClpcrk6wE%7C%7C?hl=ru,4.5,69,2023-11-22 23:13:31+00:00,74,0,0,0,0,0,0,0,0,0,0
Микс Afterparty,ChZDSUhNMG9nS0VJQ0FnSUNsLWRuX1ZnEAE,5,"Здесь все потрясающе: и атмосфера, и напитки, и специальные цены.  Отличный клуб",https://www.google.com/maps/reviews/data=!4m8!14m7!1m6!2m5!1sChZDSUhNMG9nS0VJQ0FnSUNsLWRuX1ZnEAE!2m1!1s0x0:0xe8425a43be3b09a9!3m1!1s2@1:CIHM0ogKEICAgICl-dn_Vg%7C%7C?hl=ru,4.5,69,2023-11-22 13:01:47+00:00,80,0,0,0,0,0,0,0,0,0,0
Микс Afterparty,ChZDSUhNMG9nS0VJQ0FnSURGNjlyRFJ3EAE,5,"Не перестану восхищаться этим местом, на сколько высокий и качественный сервис! Еда очень вкусная и свежая, готов туда ходить на завтрак, обед и ужин😅 А благодаря атмосфере разных тематических вечеринок постоянный азарт, посещать это место снова и снова! Открывать для себя что то новое и знакомится с замечательными и красивыми людьми:)",https://www.google.com/maps/reviews/data=!4m8!14m7!1m6!2m5!1sChZDSUhNMG9nS0VJQ0FnSURGNjlyRFJ3EAE!2m1!1s0x0:0xe8425a43be3b09a9!3m1!1s2@1:CIHM0ogKEICAgIDF69rDRw%7C%7C?hl=ru,4.5,69,2023-11-10 09:30:35+00:00,337,0,0,0,0,0,0,0,0,0,0
Микс Afterparty,ChdDSUhNMG9nS0VJQ0FnSUNGNGZlQXBnRRAB,5,"Мне все очень понравилось.
Лучший клуб",https://www.google.com/maps/reviews/data=!4m8!14m7!1m6!2m5!1sChdDSUhNMG9nS0VJQ0FnSUNGNGZlQXBnRRAB!2m1!1s0x0:0xe8425a43be3b09a9!3m1!1s2@1:CIHM0ogKEICAgICF4feApgE%7C%7C?hl=ru,4.5,69,2023-10-28 15:37:17+00:00,38,0,0,0,0,0,0,0,0,0,0
Микс Afterparty,ChdDSUhNMG9nS0VJQ0FnSUQ1c3BySnBnRRAB,5,"Лучшее заведение в Москве , где можно на выходных реально отдыхать, всем советую , приезжайте !)))",https://www.google.com/maps/reviews/data=!4m8!14m7!1m6!2m5!1sChdDSUhNMG9nS0VJQ0FnSUQ1c3BySnBnRRAB!2m1!1s0x0:0xe8425a43be3b09a9!3m1!1s2@1:CIHM0ogKEICAgID5sprJpgE%7C%7C?hl=ru,4.5,69,2023-10-22 02:43:14+00:00,98,0,0,0,0,0,0,0,0,0,0
Микс Afterparty,ChdDSUhNMG9nS0VJQ0FnSUQ1c3NMYnBRRRAB,5,лучший клуб в мире!!,https://www.google.com/maps/reviews/data=!4m8!14m7!1m6!2m5!1sChdDSUhNMG9nS0VJQ0FnSUQ1c3NMYnBRRRAB!2m1!1s0x0:0xe8425a43be3b09a9!3m1!1s2@1:CIHM0ogKEICAgID5ssLbpQE%7C%7C?hl=ru,4.5,69,2023-10-22 02:17:16+00:00,20,0,0,0,0,0,0,0,0,0,0
Микс Afterparty,ChZDSUhNMG9nS0VJQ0FnSUQ1a3IzTWFREAE,5,"Лучшее афтэпати, музыка класс, публика порадовала! :)рекомендую",https://www.google.com/maps/reviews/data=!4m8!14m7!1m6!2m5!1sChZDSUhNMG9nS0VJQ0FnSUQ1a3IzTWFREAE!2m1!1s0x0:0xe8425a43be3b09a9!3m1!1s2@1:CIHM0ogKEICAgID5kr3MaQ%7C%7C?hl=ru,4.5,69,2023-10-21 19:05:36+00:00,63,0,0,0,0,0,0,0,0,0,0
Микс Afterparty,ChZDSUhNMG9nS0VJQ0FnSUM1MFpuX1lBEAE,5,"Голд панда форевер!
Не спать, не спать, всем в микс!
Отдых на высшем уровне",https://www.google.com/maps/reviews/data=!4m8!14m7!1m6!2m5!1sChZDSUhNMG9nS0VJQ0FnSUM1MFpuX1lBEAE!2m1!1s0x0:0xe8425a43be3b09a9!3m1!1s2@1:CIHM0ogKEICAgIC50Zn_YA%7C%7C?hl=ru,4.5,69,2023-10-15 00:23:50+00:00,75,0,0,0,0,0,0,0,0,0,0
Микс Afterparty,ChZDSUhNMG9nS0VJQ0FnSURSOFBlTVRREAE,1,"Клоповник и наркопритон. Охрана конченное быдло. Девушке в клубе стало плохо, а вместо того, чтобы вызвать скорую, они вынесли её на улицу и бросили на землю, вчетвером. Никто не вступился за неё. Наркопритон в самом центре Москвы.",https://www.google.com/maps/reviews/data=!4m8!14m7!1m6!2m5!1sChZDSUhNMG9nS0VJQ0FnSURSOFBlTVRREAE!2m1!1s0x0:0xe8425a43be3b09a9!3m1!1s2@1:CIHM0ogKEICAgIDR8PeMTQ%7C%7C?hl=ru,4.5,69,2023-04-16 08:30:00+00:00,231,1,0,0,0,0,0,0,1,0,0
Микс Afterparty,ChdDSUhNMG9nS0VJQ0FnSURtbHFYZDd3RRAB,5,Музыка Топ. Техно качает!!! Если любите электронную музыку советую заехать!,https://www.google.com/maps/reviews/data=!4m8!14m7!1m6!2m5!1sChdDSUhNMG9nS0VJQ0FnSURtbHFYZDd3RRAB!2m1!1s0x0:0xe8425a43be3b09a9!3m1!1s2@1:CIHM0ogKEICAgIDmlqXd7wE%7C%7C?hl=ru,4.5,69,2022-01-27 12:41:45+00:00,75,0,0,0,0,0,0,0,0,0,0
Микс Afterparty,ChZDSUhNMG9nS0VJQ0FnSURtMXZIVE13EAE,5,"Лучшее афтэпати, музыка класс, публика порадовала! :)",https://www.google.com/maps/reviews/data=!4m8!14m7!1m6!2m5!1sChZDSUhNMG9nS0VJQ0FnSURtMXZIVE13EAE!2m1!1s0x0:0xe8425a43be3b09a9!3m1!1s2@1:CIHM0ogKEICAgIDm1vHTMw%7C%7C?hl=ru,4.5,69,2022-01-27 16:56:24+00:00,53,0,0,0,0,0,0,0,0,0,0
Микс Afterparty,ChdDSUhNMG9nS0VJQ0FnSURtbHVYcDNRRRAB,5,Очень достойное место. Если вы хотите послушать качественную музыку и от души потанцевать то вам точно сюда. Чумовой  дизайн и вкусная кухня ещё один плюс этого заведения. Проверено лично,https://www.google.com/maps/reviews/data=!4m8!14m7!1m6!2m5!1sChdDSUhNMG9nS0VJQ0FnSURtbHVYcDNRRRAB!2m1!1s0x0:0xe8425a43be3b09a9!3m1!1s2@1:CIHM0ogKEICAgIDmluXp3QE%7C%7C?hl=ru,4.5,69,2022-01-27 12:43:42+00:00,187,0,0,0,0,0,0,0,0,0,0
Микс Afterparty,ChZDSUhNMG9nS0VJQ0FnSURtLXRQb0R3EAE,5,"Атмосферный, стильный клуб, в котором играет шикарная музыка! Отзывчивый персонал, вкусная кухня и отличный бар!",https://www.google.com/maps/reviews/data=!4m8!14m7!1m6!2m5!1sChZDSUhNMG9nS0VJQ0FnSURtLXRQb0R3EAE!2m1!1s0x0:0xe8425a43be3b09a9!3m1!1s2@1:CIHM0ogKEICAgIDm-tPoDw%7C%7C?hl=ru,4.5,69,2022-01-26 09:46:50+00:00,112,0,0,0,0,0,0,0,0,0,0
Микс Afterparty,ChZDSUhNMG9nS0VJQ0FnSURtLXU2RFN3EAE,5,"Были с друзьями в субботу. Отличное место с хорошей музыкой, интересным интерьером и доступными ценами (что приятно удивило). Вернёмся ещё. И вам рекомендуем сходить.",https://www.google.com/maps/reviews/data=!4m8!14m7!1m6!2m5!1sChZDSUhNMG9nS0VJQ0FnSURtLXU2RFN3EAE!2m1!1s0x0:0xe8425a43be3b09a9!3m1!1s2@1:CIHM0ogKEICAgIDm-u6DSw%7C%7C?hl=ru,4.5,69,2022-01-26 07:45:30+00:00,166,0,0,0,0,0,0,0,0,0,0
Микс Afterparty,ChdDSUhNMG9nS0VJQ0FnSURtbXJXRTZ3RRAB,5,"Лучший клуб в Москве, где играют техно 🔥 Постоянно приглашают разных диджеев, атмосфера супер, над кухней тоже постарались, обслуживание на уровне, спасибо что Вы есть❤️",https://www.google.com/maps/reviews/data=!4m8!14m7!1m6!2m5!1sChdDSUhNMG9nS0VJQ0FnSURtbXJXRTZ3RRAB!2m1!1s0x0:0xe8425a43be3b09a9!3m1!1s2@1:CIHM0ogKEICAgIDmmrWE6wE%7C%7C?hl=ru,4.5,69,2022-01-25 15:07:30+00:00,169,0,0,0,0,0,0,0,0,0,0
PAPA MOSCOW,Ci9DQUlRQUNvZENodHljRjlvT25ac2FqaFBUa3hITjNORlYybHlhVzVLZW5WWlozYxAB,5,"КЛАСНАЯ атмосвеха ночного клуба в центре Москвы музыка и диджеи каждая пятница и суббота с новой концепцией просторное пространство и больной танцпол Дружелюбные бармены, хостес и охрана",https://www.google.com/maps/reviews/data=!4m8!14m7!1m6!2m5!1sCi9DQUlRQUNvZENodHljRjlvT25ac2FqaFBUa3hITjNORlYybHlhVzVLZW5WWlozYxAB!2m1!1s0x0:0x35d81d86c6a429db!3m1!1s2@1:CAIQACodChtycF9oOnZsajhPTkxHN3NFV2lyaW5KenVZZ3c%7C%7C?hl=ru,4.5,399,2026-08-21 03:40:50+00:00,186,0,0,0,0,0,0,0,0,0,0
PAPA MOSCOW,Ci9DQUlRQUNvZENodHljRjlvT2xRMmQybEZiSE5oVWtWZlYwWlNNMlpGV2tSYWJHYxAB,1,"I had a very disappointing experience at this place. This is the second time I have been refused entry, while other people were allowed in. The security staff at the entrance treated me in a very disrespectful and unprofessional manner without giving me a clear reason. As a visitor, I expected to be treated with courtesy and respect. Unfortunately, the behavior of the staff made me feel unwelcome, and I hope the management looks into this and improves how guests are treat",https://www.google.com/maps/reviews/data=!4m8!14m7!1m6!2m5!1sCi9DQUlRQUNvZENodHljRjlvT2xRMmQybEZiSE5oVWtWZlYwWlNNMlpGV2tSYWJHYxAB!2m1!1s0x0:0x35d81d86c6a429db!3m1!1s2@1:CAIQACodChtycF9oOlQ2d2lFbHNhUkVfV0ZSM2ZFWkRabGc%7C%7C?hl=ru,4.5,399,2026-08-01 21:35:37+00:00,476,1,0,0,0,0,0,0,0,0,0
PAPA MOSCOW,Ci9DQUlRQUNvZENodHljRjlvT2tVd2N6QTJiMmRqYWxwWVNFbzNSbFJsVHpjMFJWRRAB,1,"не впустили, мол «мы на забронировали стол»,хотя после нас в очереди таких людей куча)
их впустили,хотя у них нет тоже брони)
возможно не устроило что не выглядели как ш)) очень обидно, больше не попытаемся",https://www.google.com/maps/reviews/data=!4m8!14m7!1m6!2m5!1sCi9DQUlRQUNvZENodHljRjlvT2tVd2N6QTJiMmRqYWxwWVNFbzNSbFJsVHpjMFJWRRAB!2m1!1s0x0:0x35d81d86c6a429db!3m1!1s2@1:CAIQACodChtycF9oOkUwczA2b2djalpYSEo3RlRlTzc0RVE%7C%7C?hl=ru,4.5,399,2026-05-16 22:03:52+00:00,206,1,0,0,0,0,0,0,0,0,0
PAPA MOSCOW,Ci9DQUlRQUNvZENodHljRjlvT2xRd2FqZEtSRFZRUmxkblVVMVdkbHA2ZGxNNE0wRRAB,5,Çok iyi mekan,https://www.google.com/maps/reviews/data=!4m8!14m7!1m6!2m5!1sCi9DQUlRQUNvZENodHljRjlvT2xRd2FqZEtSRFZRUmxkblVVMVdkbHA2ZGxNNE0wRRAB!2m1!1s0x0:0x35d81d86c6a429db!3m1!1s2@1:CAIQACodChtycF9oOlQwajdKRDVQRldnUU1Wdlp6dlM4M0E%7C%7C?hl=ru,4.5,399,2026-05-08 12:16:35+00:00,13,0,0,0,0,0,0,0,0,0,0
PAPA MOSCOW,Ci9DQUlRQUNvZENodHljRjlvT2pZME9GaENTRzkzUTBOclEwYzVUVlpoTVhObWJtYxAB,1,"Мы пошли на стант.ап сегодня 15 ноября. Место отличное, но уровень выступающих был убогим, мягко сказано",https://www.google.com/maps/reviews/data=!4m8!14m7!1m6!2m5!1sCi9DQUlRQUNvZENodHljRjlvT2pZME9GaENTRzkzUTBOclEwYzVUVlpoTVhObWJtYxAB!2m1!1s0x0:0x35d81d86c6a429db!3m1!1s2@1:CAIQACodChtycF9oOjY0OFhCSG93Q0NrQ0c5TVZhMXNmbmc%7C%7C?hl=ru,4.5,399,2025-11-15 21:50:45+00:00,104,0,0,0,0,0,0,0,0,0,1
PAPA MOSCOW,Ci9DQUlRQUNvZENodHljRjlvT2tWbmFWbHdjRW90YVhkRVRtcG1PRkZ6UW01dGExRRAB,5,все было на высшем уровне!,https://www.google.com/maps/reviews/data=!4m8!14m7!1m6!2m5!1sCi9DQUlRQUNvZENodHljRjlvT2tWbmFWbHdjRW90YVhkRVRtcG1PRkZ6UW01dGExRRAB!2m1!1s0x0:0x35d81d86c6a429db!3m1!1s2@1:CAIQACodChtycF9oOkVnaVlwcEotaXdETmpmOFFzQm5ta1E%7C%7C?hl=ru,4.5,399,2025-11-10 14:13:07+00:00,26,0,0,0,0,0,0,0,0,0,0
PAPA MOSCOW,Ci9DQUlRQUNvZENodHljRjlvT2pSTFQyRmphMFJmYkZwbFVrcHFhRUptZDJWS0xYYxAB,5,"Были в этом баре с друзьями в субботу. Отличное место, чтобы провести вечер после рабочей недели. Особенно впечатлила атмосфера. Просторный танцпол позволил отдохнуть без толкучки.",https://www.google.com/maps/reviews/data=!4m8!14m7!1m6!2m5!1sCi9DQUlRQUNvZENodHljRjlvT2pSTFQyRmphMFJmYkZwbFVrcHFhRUptZDJWS0xYYxAB!2m1!1s0x0:0x35d81d86c6a429db!3m1!1s2@1:CAIQACodChtycF9oOjRLT2Fja0RfbFplUkpqaEJmd2VKLXc%7C%7C?hl=ru,4.5,399,2025-10-22 05:55:31+00:00,180,0,0,0,0,0,0,0,0,0,0
PAPA MOSCOW,Ci9DQUlRQUNvZENodHljRjlvT25SeFFrcHZWa3g0ZDJJMVFTMTZhR2xzTTFCRk1sRRAB,5,"В пятницу впервые посетил Papa Moscow и мне очень понравилось! Интерьер современный, уютный, с приятным светом и неоном, создаёт отличную атмосферу. Музыка энергичная, диджей классно миксовал треки. Еда вкусная, блюда интересные и красиво поданы. Бармены готовили необычные и вкусные коктейли. Персонал вежливый и улыбчивый, что сделало вечер ещё приятнее.",https://www.google.com/maps/reviews/data=!4m8!14m7!1m6!2m5!1sCi9DQUlRQUNvZENodHljRjlvT25SeFFrcHZWa3g0ZDJJMVFTMTZhR2xzTTFCRk1sRRAB!2m1!1s0x0:0x35d81d86c6a429db!3m1!1s2@1:CAIQACodChtycF9oOnRxQkpvVkx4d2I1QS16aGlsM1BFMlE%7C%7C?hl=ru,4.5,399,2025-10-21 08:38:17+00:00,356,0,0,0,0,0,0,0,0,0,0
PAPA MOSCOW,Ci9DQUlRQUNvZENodHljRjlvT2xFNU1HSnlURlphY2xSS2QwdGpXa3RXVEdoSFdrRRAB,5,Ночной клуб в центре Москвы.Работаем в пятницу и субботу.У нас большой диско шар.Также есть фотозоны(разрешено с коктелями).Бармены очень отзывчивые и понимающие.Крутая подача коктейля.Кальян с разными вкусами и вип зона.,https://www.google.com/maps/reviews/data=!4m8!14m7!1m6!2m5!1sCi9DQUlRQUNvZENodHljRjlvT2xFNU1HSnlURlphY2xSS2QwdGpXa3RXVEdoSFdrRRAB!2m1!1s0x0:0x35d81d86c6a429db!3m1!1s2@1:CAIQACodChtycF9oOlE5MGJyTFZaclRKd0tjWktWTGhHWkE%7C%7C?hl=ru,4.5,399,2025-10-20 07:53:12+00:00,221,0,0,0,0,0,0,0,0,0,0
PAPA MOSCOW,Ci9DQUlRQUNvZENodHljRjlvT2pWU1pEVnRVR2RXYWxGUVl6UllMVEZoYm5OeU1GRRAB,5,"Были в PAPA MOSCOW — просто вау! Атмосфера классная: стильный интерьер, приятная музыка и очень уютно. Но самое главное — обслуживание! Ребята работают с улыбкой, всё быстро, вежливо и без лишней суеты. Коктейли отличные, кухня тоже порадовала. Мы провели шикарный вечер, обязательно придём ещё ❤️",https://www.google.com/maps/reviews/data=!4m8!14m7!1m6!2m5!1sCi9DQUlRQUNvZENodHljRjlvT2pWU1pEVnRVR2RXYWxGUVl6UllMVEZoYm5OeU1GRRAB!2m1!1s0x0:0x35d81d86c6a429db!3m1!1s2@1:CAIQACodChtycF9oOjVSZDVtUGdWalFQYzRYLTFhbnNyMFE%7C%7C?hl=ru,4.5,399,2025-10-20 06:25:31+00:00,297,0,0,0,0,0,0,0,0,0,0
PAPA MOSCOW,Ci9DQUlRQUNvZENodHljRjlvT2taNldYZGllR1Z6Y0VFM1FtaHNVbDlHUkZNMU9HYxAB,5,"Уже жду следующую пятницу, чтобы прийти сюда снова😎 Очень удивило меню, шикарный выбор и  очень вкусные коктели) Танцпол огромный просто) Диджей был супер, музыка - огонь!",https://www.google.com/maps/reviews/data=!4m8!14m7!1m6!2m5!1sCi9DQUlRQUNvZENodHljRjlvT2taNldYZGllR1Z6Y0VFM1FtaHNVbDlHUkZNMU9HYxAB!2m1!1s0x0:0x35d81d86c6a429db!3m1!1s2@1:CAIQACodChtycF9oOkZ6WXdieGVzcEE3QmhsUl9GRFM1OGc%7C%7C?hl=ru,4.5,399,2025-10-19 11:14:19+00:00,171,0,0,0,0,0,0,0,0,0,0
PAPA MOSCOW,Ci9DQUlRQUNvZENodHljRjlvT21kV01EZFVSbkU1YlhsaGJqRkViMG80U0hCdGEzYxAB,5,"очень хороший ночной клуб.
легко нашла друзей и повеселись на ура.
советую сходить в этот клуб",https://www.google.com/maps/reviews/data=!4m8!14m7!1m6!2m5!1sCi9DQUlRQUNvZENodHljRjlvT21kV01EZFVSbkU1YlhsaGJqRkViMG80U0hCdGEzYxAB!2m1!1s0x0:0x35d81d86c6a429db!3m1!1s2@1:CAIQACodChtycF9oOmdWMDdURnE5bXlhbjFEb0o4SHBta3c%7C%7C?hl=ru,4.5,399,2025-10-19 06:52:05+00:00,94,0,0,0,0,0,0,0,0,0,0
PAPA MOSCOW,Ci9DQUlRQUNvZENodHljRjlvT2s1SWFsZHFUSEpwYmtKcVMzUjJaWGxpWlU5VmNXYxAB,5,"Зашли с друзьями в Papa Moscow в субботу, чтобы оторваться после недели. Пространство большое, танцпол просторный, не чувствуешь себя как в давке. Музыка в этот вечер была просто огонь, диджей хорошо чувствовал зал. Кальян вкусный, плотный, принесли быстро. Бармены работают ловко, несмотря на аншлаг.",https://www.google.com/maps/reviews/data=!4m8!14m7!1m6!2m5!1sCi9DQUlRQUNvZENodHljRjlvT2s1SWFsZHFUSEpwYmtKcVMzUjJaWGxpWlU5VmNXYxAB!2m1!1s0x0:0x35d81d86c6a429db!3m1!1s2@1:CAIQACodChtycF9oOk5IaldqTHJpbkJqS3R2ZXliZU9VcWc%7C%7C?hl=ru,4.5,399,2025-10-18 09:43:00+00:00,301,0,0,0,0,0,0,0,0,0,0
PAPA MOSCOW,Ci9DQUlRQUNvZENodHljRjlvT2tsT1prZFNiR2RzV1ZRelgxTmllSE5VZVRkNkxVRRAB,5,"Был в этом клубе, он очень красивый, приятный, ребята, раьотающие в этом клубе прикольные, добрые, знают свое дело, цени приятные. Всем рекомендую!!",https://www.google.com/maps/reviews/data=!4m8!14m7!1m6!2m5!1sCi9DQUlRQUNvZENodHljRjlvT2tsT1prZFNiR2RzV1ZRelgxTmllSE5VZVRkNkxVRRAB!2m1!1s0x0:0x35d81d86c6a429db!3m1!1s2@1:CAIQACodChtycF9oOklOZkdSbGdsWVQzX1NieHNUeTd6LUE%7C%7C?hl=ru,4.5,399,2025-10-18 08:43:38+00:00,148,0,0,0,0,0,0,0,0,0,0
PAPA MOSCOW,Ci9DQUlRQUNvZENodHljRjlvT2xORVZtMW9kR1U1ZVdSSWNXRlJkVlY0WVhaM2VGRRAB,5,"Отличный клуб! Классная атмосфера, музыка супер. Всегда новая концепция, бармены на высоте. Места много, танцпол просторный - есть где разгуляться! Рекомендую.",https://www.google.com/maps/reviews/data=!4m8!14m7!1m6!2m5!1sCi9DQUlRQUNvZENodHljRjlvT2xORVZtMW9kR1U1ZVdSSWNXRlJkVlY0WVhaM2VGRRAB!2m1!1s0x0:0x35d81d86c6a429db!3m1!1s2@1:CAIQACodChtycF9oOlNEVm1odGU5eWRIcWFRdVV4YXZ3eFE%7C%7C?hl=ru,4.5,399,2025-10-17 14:28:18+00:00,159,0,0,0,0,0,0,0,0,0,0
PAPA MOSCOW,Ci9DQUlRQUNvZENodHljRjlvT2t4TlZVeEVTbkI1WDNkblYxaDJOVzVKTkVweU1WRRAB,5,"Спасибо! Отдохнули, каждую пятницу и субботу новая программа, классная атмосфера, музыка, а диджею отдельное спасибо - зажигал отменно.
Крутые коктейли, много новинок. Хорошее место!",https://www.google.com/maps/reviews/data=!4m8!14m7!1m6!2m5!1sCi9DQUlRQUNvZENodHljRjlvT2t4TlZVeEVTbkI1WDNkblYxaDJOVzVKTkVweU1WRRAB!2m1!1s0x0:0x35d81d86c6a429db!3m1!1s2@1:CAIQACodChtycF9oOkxNVUxESnB5X3dnV1h2NW5JNEpyMVE%7C%7C?hl=ru,4.5,399,2025-10-17 10:54:02+00:00,182,0,0,0,0,0,0,0,0,0,0
PAPA MOSCOW,Ci9DQUlRQUNvZENodHljRjlvT2xWUlRXcGhOSGszYlZsSmFGVnlRakYwWHpoSE4yYxAB,5,"Отличное место чтобы расслабиться вечером в выходные, танцпол большой",https://www.google.com/maps/reviews/data=!4m8!14m7!1m6!2m5!1sCi9DQUlRQUNvZENodHljRjlvT2xWUlRXcGhOSGszYlZsSmFGVnlRakYwWHpoSE4yYxAB!2m1!1s0x0:0x35d81d86c6a429db!3m1!1s2@1:CAIQACodChtycF9oOlVRTWphNHk3bVlJaFVyQjF0XzhHN2c%7C%7C?hl=ru,4.5,399,2025-10-17 04:45:26+00:00,69,0,0,0,0,0,0,0,0,0,0
PAPA MOSCOW,Ci9DQUlRQUNvZENodHljRjlvT2pob2EySnlkRGwzZUZkMFIxWnpSVWd3T1ZOQ1MyYxAB,5,"Посещение клуба оставило исключительно положительные впечатления! Атмосфера дружелюбная и уютная, музыка отличная, диджеи играют классные треки, а концепция мероприятий всегда новая и интересная. В клубе достаточно места для танцев. Сотрудники приветливы, бармены быстро выполняют заказы. Обязательно вернусь и рекомендую всем, кто хочет отлично провести время. Стоит попробовать коктейли, кальян и вкусную еду.",https://www.google.com/maps/reviews/data=!4m8!14m7!1m6!2m5!1sCi9DQUlRQUNvZENodHljRjlvT2pob2EySnlkRGwzZUZkMFIxWnpSVWd3T1ZOQ1MyYxAB!2m1!1s0x0:0x35d81d86c6a429db!3m1!1s2@1:CAIQACodChtycF9oOjhoa2JydDl3eFd0R1ZzRUgwOVNCS2c%7C%7C?hl=ru,4.5,399,2025-10-16 09:16:24+00:00,411,0,0,0,0,0,0,0,0,0,0
PAPA MOSCOW,Ci9DQUlRQUNvZENodHljRjlvT201UVZISldUMnd4VW1Sc0xXc3hTbkYyVjJjNGMxRRAB,5,"Хочется сказать пару слов о данном клубе. Имеется классная и отличная атмосфера, музыка всегда может порадовать, а сами диджеи всегда делают свое дело, что порадовало. Очень вкусная еда и напитки понравились хорошим вкусом.",https://www.google.com/maps/reviews/data=!4m8!14m7!1m6!2m5!1sCi9DQUlRQUNvZENodHljRjlvT201UVZISldUMnd4VW1Sc0xXc3hTbkYyVjJjNGMxRRAB!2m1!1s0x0:0x35d81d86c6a429db!3m1!1s2@1:CAIQACodChtycF9oOm5QVHJWT2wxUmRsLWsxSnF2V2c4c1E%7C%7C?hl=ru,4.5,399,2025-10-15 10:29:28+00:00,223,0,0,0,0,0,0,0,0,0,0
PAPA MOSCOW,Ci9DQUlRQUNvZENodHljRjlvT2xnM1Z6QjVha3RhVHpkTFZEQkNWMUYxTWtZemQzYxAB,5,Всё понравилось очень хорошо еда вкусная,https://www.google.com/maps/reviews/data=!4m8!14m7!1m6!2m5!1sCi9DQUlRQUNvZENodHljRjlvT2xnM1Z6QjVha3RhVHpkTFZEQkNWMUYxTWtZemQzYxAB!2m1!1s0x0:0x35d81d86c6a429db!3m1!1s2@1:CAIQACodChtycF9oOlg3VzB5aktaTzdLVDBCV1F1MkYzd3c%7C%7C?hl=ru,4.5,399,2025-10-12 08:55:39+00:00,40,0,0,0,0,0,0,0,0,0,0
PAPA MOSCOW,Ci9DQUlRQUNvZENodHljRjlvT2t4aWFYWjNXVEpzYWxKRWNtTlJTaTFaVjNVMlRXYxAB,5,"Была там с друзьями, время провели очень круто. Большой танцпол, кальян и необычные коктели сделали наш вечер еще веселее",https://www.google.com/maps/reviews/data=!4m8!14m7!1m6!2m5!1sCi9DQUlRQUNvZENodHljRjlvT2t4aWFYWjNXVEpzYWxKRWNtTlJTaTFaVjNVMlRXYxAB!2m1!1s0x0:0x35d81d86c6a429db!3m1!1s2@1:CAIQACodChtycF9oOkxiaXZ3WTJsalJEcmNRSi1ZV3U2TWc%7C%7C?hl=ru,4.5,399,2025-10-11 11:35:48+00:00,121,0,0,0,0,0,0,0,0,0,0
PAPA MOSCOW,Ci9DQUlRQUNvZENodHljRjlvT2xRdE9UQllWa1JIWVZvdFVuaFhkbXBuVG5ka2RFRRAB,5,Был в  этом месте . Еда прекрасная. Также  очень вежливый бармен. Очень кайфовая атмосфера и музыка диджея,https://www.google.com/maps/reviews/data=!4m8!14m7!1m6!2m5!1sCi9DQUlRQUNvZENodHljRjlvT2xRdE9UQllWa1JIWVZvdFVuaFhkbXBuVG5ka2RFRRAB!2m1!1s0x0:0x35d81d86c6a429db!3m1!1s2@1:CAIQACodChtycF9oOlQtOTBYVkRHYVotUnhXdmpnTndkdEE%7C%7C?hl=ru,4.5,399,2025-10-08 12:31:11+00:00,106,0,0,0,0,0,0,0,0,0,0
PAPA MOSCOW,Ci9DQUlRQUNvZENodHljRjlvT2xKaFRFVlJlalJZY2pGaVNuUjRWbVJYWkd4SlVGRRAB,5,"Не так давно посещал ночной клуб PAPA MOSCOW. Вкусная еда, музыка отличная, атмосфера прекрасная, отдохнуть получилось хорошо👍",https://www.google.com/maps/reviews/data=!4m8!14m7!1m6!2m5!1sCi9DQUlRQUNvZENodHljRjlvT2xKaFRFVlJlalJZY2pGaVNuUjRWbVJYWkd4SlVGRRAB!2m1!1s0x0:0x35d81d86c6a429db!3m1!1s2@1:CAIQACodChtycF9oOlJhTEVRejRYcjFiSnR4VmRXZGxJUFE%7C%7C?hl=ru,4.5,399,2025-10-08 08:36:52+00:00,126,0,0,0,0,0,0,0,0,0,0
PAPA MOSCOW,Ci9DQUlRQUNvZENodHljRjlvT2pOb2FIRmZNWHBETFZocVZFc3ljbFo1VmtkUWRtYxAB,5,"Суперский клуб! Приходишь сюда в субботу и заряжаешься энергией на всю неделю. Музыка, танцы, драйв - тут есть всё. Понравился просторный танцпол и уютная зона с кальянами. Персонал на высоте. Однозначно наша новая любимая точка для выходных.",https://www.google.com/maps/reviews/data=!4m8!14m7!1m6!2m5!1sCi9DQUlRQUNvZENodHljRjlvT2pOb2FIRmZNWHBETFZocVZFc3ljbFo1VmtkUWRtYxAB!2m1!1s0x0:0x35d81d86c6a429db!3m1!1s2@1:CAIQACodChtycF9oOjNoaHFfMXpDLVhqVEsyclZ5VkdQdmc%7C%7C?hl=ru,4.5,399,2025-10-07 12:44:45+00:00,242,0,0,0,0,0,0,0,0,0,0
PAPA MOSCOW,Ci9DQUlRQUNvZENodHljRjlvT2twQ01VNUpOa3gwYjA5emNubFRRekV3YmpoWU4wRRAB,5,Очень хороший клуб 👍,https://www.google.com/maps/reviews/data=!4m8!14m7!1m6!2m5!1sCi9DQUlRQUNvZENodHljRjlvT2twQ01VNUpOa3gwYjA5emNubFRRekV3YmpoWU4wRRAB!2m1!1s0x0:0x35d81d86c6a429db!3m1!1s2@1:CAIQACodChtycF9oOkpCMU5JNkx0b09zcnlTQzEwbjhYN0E%7C%7C?hl=ru,4.5,399,2025-10-07 11:21:33+00:00,20,0,0,0,0,0,0,0,0,0,0
PAPA MOSCOW,Ci9DQUlRQUNvZENodHljRjlvT2xGS2FEaHRURXRCZGs5dlNtdFdWbmw1TjJ4aGEwRRAB,5,"очень вкусная еда!! проезжая мимо заскочили в ""PAPA MOSCOW"" нам все понравилось,будем приходить сюда больше)",https://www.google.com/maps/reviews/data=!4m8!14m7!1m6!2m5!1sCi9DQUlRQUNvZENodHljRjlvT2xGS2FEaHRURXRCZGs5dlNtdFdWbmw1TjJ4aGEwRRAB!2m1!1s0x0:0x35d81d86c6a429db!3m1!1s2@1:CAIQACodChtycF9oOlFKaDhtTEtBdk9vSmtWVnl5N2xha0E%7C%7C?hl=ru,4.5,399,2025-10-07 06:59:18+00:00,108,0,0,0,0,0,0,0,0,0,0
PAPA MOSCOW,Ci9DQUlRQUNvZENodHljRjlvT2sxZlVrMHRVR28zYjJZNVEyZzVRbVY0Y1VneFRXYxAB,5,"Все супер! Отдыхали здесь на днях с друзьями. Приветливый персонал, приятная атмосфера, музыка тоже огонь. Большой просторный танцпол. Приятным моментом стало то, что можно заказать кальян. Оценка ""5"" заслужена",https://www.google.com/maps/reviews/data=!4m8!14m7!1m6!2m5!1sCi9DQUlRQUNvZENodHljRjlvT2sxZlVrMHRVR28zYjJZNVEyZzVRbVY0Y1VneFRXYxAB!2m1!1s0x0:0x35d81d86c6a429db!3m1!1s2@1:CAIQACodChtycF9oOk1fUk0tUGo3b2Y5Q2g5QmV4cUgxTWc%7C%7C?hl=ru,4.5,399,2025-10-05 09:43:12+00:00,210,0,0,0,0,0,0,0,0,0,0
PAPA MOSCOW,Ci9DQUlRQUNvZENodHljRjlvT21KcFpXVnNSVzh6VjFwWlMwSlNUamRoV1VWSlNXYxAB,1,Депозит 7к на человека. Абсолютно не соответствует заведению!,https://www.google.com/maps/reviews/data=!4m8!14m7!1m6!2m5!1sCi9DQUlRQUNvZENodHljRjlvT21KcFpXVnNSVzh6VjFwWlMwSlNUamRoV1VWSlNXYxAB!2m1!1s0x0:0x35d81d86c6a429db!3m1!1s2@1:CAIQACodChtycF9oOmJpZWVsRW8zV1pZS0JSTjdhWUVJSWc%7C%7C?hl=ru,4.5,399,2025-10-04 20:26:29+00:00,61,0,0,0,0,0,1,0,0,0,0
PAPA MOSCOW,Ci9DQUlRQUNvZENodHljRjlvT2tOd1JIcFRSazB5Unpod2RHSXpkM2xqV0VaYUxXYxAB,5,"Отлично правили свой вечер в этом клубе , топовая обстановка. Одельно стоит отметить еду , кухня на высоте",https://www.google.com/maps/reviews/data=!4m8!14m7!1m6!2m5!1sCi9DQUlRQUNvZENodHljRjlvT2tOd1JIcFRSazB5Unpod2RHSXpkM2xqV0VaYUxXYxAB!2m1!1s0x0:0x35d81d86c6a429db!3m1!1s2@1:CAIQACodChtycF9oOkNwRHpTRk0yRzhwdGIzd3ljWEZaLWc%7C%7C?hl=ru,4.5,399,2025-10-03 13:58:55+00:00,106,0,0,0,0,0,0,0,0,0,0
PAPA MOSCOW,Ci9DQUlRQUNvZENodHljRjlvT21WNFZXUnRaMDVhZW1OeVVWTndUblp3Y0RoT2RHYxAB,5,"Недавно посетил ночной клуб PAPA MOSCOW и остался под очень приятным впечатлением! Это место, где действительно чувствуется драйв и энергия выходных.
Что особенно запомнилось:
Атмосфера и музыка: PAPA MOSCOW – это идеальное сочетание качественной музыки и зажигательной атмосферы. Каждый уикенд здесь проходят новые концепции, что не дает заскучать и всегда предлагает что-то свежее. Диджеи отлично чувствуют публику, а плейлисты всегда на высоте.
Пространство и танцпол: Клуб очень просторный, что является огромным плюсом. Большой и удобный танцпол позволяет полностью отдаться музыке и танцам, не чувствуя себя стесненно.
Дополнительные опции: Наличие кальянов и большой выбор коктейлей делают отдых еще более комфортным и разнообразным. Можно отлично провести время, наслаждаясь любимыми напитками и дымными миксами.",https://www.google.com/maps/reviews/data=!4m8!14m7!1m6!2m5!1sCi9DQUlRQUNvZENodHljRjlvT21WNFZXUnRaMDVhZW1OeVVWTndUblp3Y0RoT2RHYxAB!2m1!1s0x0:0x35d81d86c6a429db!3m1!1s2@1:CAIQACodChtycF9oOmV4VWRtZ05aemNyUVNwTnZwcDhOdGc%7C%7C?hl=ru,4.5,399,2025-10-03 11:30:34+00:00,820,0,0,0,0,0,0,0,0,0,0
PAPA MOSCOW,Ci9DQUlRQUNvZENodHljRjlvT21SelpXMWFjRW8zWmt4eGIyUklNMWRMYW1kbWMwRRAB,5,"Отдыхала тут с подружками на выходных, просто улёт! Лучше места я не видела. В клубе большой танцпол, кальяны, коктейли, будто всё самое прикольное запихнули в одно заведение) ну просто золотая находка! Обязательно посетите, не упускайте шанс хорошо отдохнуть)",https://www.google.com/maps/reviews/data=!4m8!14m7!1m6!2m5!1sCi9DQUlRQUNvZENodHljRjlvT21SelpXMWFjRW8zWmt4eGIyUklNMWRMYW1kbWMwRRAB!2m1!1s0x0:0x35d81d86c6a429db!3m1!1s2@1:CAIQACodChtycF9oOmRzZW1acEo3Zkxxb2RIM1dLamdmc0E%7C%7C?hl=ru,4.5,399,2025-10-03 08:01:47+00:00,260,0,0,0,0,0,0,0,0,0,0
PAPA MOSCOW,Ci9DQUlRQUNvZENodHljRjlvT2pkVGJrbFlOWEEwWkVGVlJraG9VRFZVYkRWd1pIYxAB,5,"Были с подружками в PAPA MOSCOW. Атмосфера огонь 🔥! Большое пространство, танцпол, музыка классная, есть диджей!
Бармен красавчик!
Нравится, что есть кольян, много напитков",https://www.google.com/maps/reviews/data=!4m8!14m7!1m6!2m5!1sCi9DQUlRQUNvZENodHljRjlvT2pkVGJrbFlOWEEwWkVGVlJraG9VRFZVYkRWd1pIYxAB!2m1!1s0x0:0x35d81d86c6a429db!3m1!1s2@1:CAIQACodChtycF9oOjdTbklYNXA0ZEFVRkhoUDVUbDVwZHc%7C%7C?hl=ru,4.5,399,2025-10-02 12:06:06+00:00,172,0,0,0,0,0,0,0,0,0,0
PAPA MOSCOW,Ci9DQUlRQUNvZENodHljRjlvT25KeE0yMDVVa3hMWWtKcVNUWmhjRTgxWTBoR1pXYxAB,5,"Приятное место.
Всё на уровне.
Еда вкусная, музыка не бьёт по ушам, персонал симпатичный.",https://www.google.com/maps/reviews/data=!4m8!14m7!1m6!2m5!1sCi9DQUlRQUNvZENodHljRjlvT25KeE0yMDVVa3hMWWtKcVNUWmhjRTgxWTBoR1pXYxAB!2m1!1s0x0:0x35d81d86c6a429db!3m1!1s2@1:CAIQACodChtycF9oOnJxM205UkxLYkJqSTZhcE81Y0hGZWc%7C%7C?hl=ru,4.5,399,2025-10-02 10:56:41+00:00,89,0,0,0,0,0,0,0,0,0,0
PAPA MOSCOW,Ci9DQUlRQUNvZENodHljRjlvT2t3MU9HdDVNREZvV2tWQ016ZHZaSEpJYzE5TllYYxAB,5,"Хорошее место для того чтобы отдохнуть. Понравились кальяны, они вообще зачетные
Также есть коктели, еда и тд
Бармен вообще красавчик, мужик прям
Клуб понравился, жаль что работает только по пятницам и суботам в первую очередь понравилось атмосфера. Музыка и игра света кайф. Всем доволен",https://www.google.com/maps/reviews/data=!4m8!14m7!1m6!2m5!1sCi9DQUlRQUNvZENodHljRjlvT2t3MU9HdDVNREZvV2tWQ016ZHZaSEpJYzE5TllYYxAB!2m1!1s0x0:0x35d81d86c6a429db!3m1!1s2@1:CAIQACodChtycF9oOkw1OGt5MDFoWkVCMzdvZHJIc19NYXc%7C%7C?hl=ru,4.5,399,2025-10-02 08:33:27+00:00,288,0,0,0,0,0,0,0,0,0,0
PAPA MOSCOW,Ci9DQUlRQUNvZENodHljRjlvT2pWVFJrTlFXVEpJTFROSVpIUXdRa3RwYTNSWk1uYxAB,5,"Приятное место, понравилось что есть большой танцпол, хорошая музыка. Понравилось барное меню, есть из чего выбрать. Контигент приличный, мы остались довольны!",https://www.google.com/maps/reviews/data=!4m8!14m7!1m6!2m5!1sCi9DQUlRQUNvZENodHljRjlvT2pWVFJrTlFXVEpJTFROSVpIUXdRa3RwYTNSWk1uYxAB!2m1!1s0x0:0x35d81d86c6a429db!3m1!1s2@1:CAIQACodChtycF9oOjVTRkNQWTJILTNIZHQwQktpa3RZMnc%7C%7C?hl=ru,4.5,399,2025-10-01 09:37:41+00:00,159,0,0,0,0,0,0,0,0,0,0
PAPA MOSCOW,Ci9DQUlRQUNvZENodHljRjlvT21kbVVGaFZXVmN3U0c5aE0waDFhMFU0VFVaNVJFRRAB,5,"Еда очень вкусная готовка идинальная без единого минуса, а также очень понравился сервис обсуживонья очень качествено. Атмосфера очень уютная красивая очень удобные стулья очень хорошие цены спасибо все понравились",https://www.google.com/maps/reviews/data=!4m8!14m7!1m6!2m5!1sCi9DQUlRQUNvZENodHljRjlvT21kbVVGaFZXVmN3U0c5aE0waDFhMFU0VFVaNVJFRRAB!2m1!1s0x0:0x35d81d86c6a429db!3m1!1s2@1:CAIQACodChtycF9oOmdmUFhVWVcwSG9hM0h1a0U4TUZ5REE%7C%7C?hl=ru,4.5,399,2025-09-29 12:29:35+00:00,214,0,0,0,0,0,0,0,0,0,0
PAPA MOSCOW,Ci9DQUlRQUNvZENodHljRjlvT2pOb1lVRmpRazQ1U3pWR2NWOWFlakZLVEdWQ2JYYxAB,5,"Классное и модное место. Музыку чередуют так, чтобы угодить и молодым и более взрослым. Девушки красивые. Охрана работает отлично.",https://www.google.com/maps/reviews/data=!4m8!14m7!1m6!2m5!1sCi9DQUlRQUNvZENodHljRjlvT2pOb1lVRmpRazQ1U3pWR2NWOWFlakZLVEdWQ2JYYxAB!2m1!1s0x0:0x35d81d86c6a429db!3m1!1s2@1:CAIQACodChtycF9oOjNoYUFjQk45SzVGcV9aejFKTGVCbXc%7C%7C?hl=ru,4.5,399,2025-09-23 18:36:50+00:00,130,0,0,0,0,0,0,0,0,0,0
PAPA MOSCOW,Ci9DQUlRQUNvZENodHljRjlvT2sxdFZFMU5PRWR3TFZkU1YwMWZiR1F4ZG1wU1NHYxAB,5,"Хорошее место
Чисто, приятно находится, интересный интерьер, не смотря на характер заведения и большое количество посетителей очень чуткий и внимательный персонал",https://www.google.com/maps/reviews/data=!4m8!14m7!1m6!2m5!1sCi9DQUlRQUNvZENodHljRjlvT2sxdFZFMU5PRWR3TFZkU1YwMWZiR1F4ZG1wU1NHYxAB!2m1!1s0x0:0x35d81d86c6a429db!3m1!1s2@1:CAIQACodChtycF9oOk1tVE1NOEdwLVdSV01fbGQxdmpSSGc%7C%7C?hl=ru,4.5,399,2025-09-23 14:04:40+00:00,162,0,0,0,0,0,0,0,0,0,0
PAPA MOSCOW,Ci9DQUlRQUNvZENodHljRjlvT2pGSFQzZEJOV0paU2pKc1NqQnFhSEpvTVZjMlFrRRAB,5,"Понравилась атмосфера в данном заведении, хорошая музыка, лучшее место, чтобы повеселиться с друзьями.",https://www.google.com/maps/reviews/data=!4m8!14m7!1m6!2m5!1sCi9DQUlRQUNvZENodHljRjlvT2pGSFQzZEJOV0paU2pKc1NqQnFhSEpvTVZjMlFrRRAB!2m1!1s0x0:0x35d81d86c6a429db!3m1!1s2@1:CAIQACodChtycF9oOjFHT3dBNWJZSjJsSjBqaHJoMVc2QkE%7C%7C?hl=ru,4.5,399,2025-09-17 13:15:38+00:00,102,0,0,0,0,0,0,0,0,0,0
PAPA MOSCOW,Ci9DQUlRQUNvZENodHljRjlvT21sV2JGcENaMlpCU1ZwWU5YWlJRVmRYUTFCYWEzYxAB,5,клуб огонь!!! атмосфера и коктейли на высоте))  если хотите провести время с друзьями-это место отличный вариант,https://www.google.com/maps/reviews/data=!4m8!14m7!1m6!2m5!1sCi9DQUlRQUNvZENodHljRjlvT21sV2JGcENaMlpCU1ZwWU5YWlJRVmRYUTFCYWEzYxAB!2m1!1s0x0:0x35d81d86c6a429db!3m1!1s2@1:CAIQACodChtycF9oOmlWbFpCZ2ZBSVpYNXZRQVdXQ1Baa3c%7C%7C?hl=ru,4.5,399,2025-09-17 11:10:56+00:00,112,0,0,0,0,0,0,0,0,0,0
PAPA MOSCOW,Ci9DQUlRQUNvZENodHljRjlvT2paelMwSTFXVzkxZVRaTWFHWjROa3RzTm1Sak0zYxAB,5,"Пришла в этот клуб с подругой на выходных. Музыка была современная и подходящая под атмосферу клуба, меню напитков было очень разнообразное. Также там были кальяны, которые поднимали наше настроение.",https://www.google.com/maps/reviews/data=!4m8!14m7!1m6!2m5!1sCi9DQUlRQUNvZENodHljRjlvT2paelMwSTFXVzkxZVRaTWFHWjROa3RzTm1Sak0zYxAB!2m1!1s0x0:0x35d81d86c6a429db!3m1!1s2@1:CAIQACodChtycF9oOjZzS0I1WW91eTZMaGZ4NktsNmRjM3c%7C%7C?hl=ru,4.5,399,2025-09-16 12:36:30+00:00,199,0,0,0,0,0,0,0,0,0,0
PAPA MOSCOW,Ci9DQUlRQUNvZENodHljRjlvT25SV1ZGVmpVbWM0YjFsVGJUbEtVVUp0TldKNlRWRRAB,5,"Для меня это был первый опыт хождения по ночным клубам) Друзья позвали в этот на день рождения. Крутая атмосфера, музыка разнообразная и есть очень вкусные, сладкие коктейли. Люди не толпились, как это обычно бывает в клубах, потому что пространство для танцев огромное. Рекомедую провести тут приятный вечер!",https://www.google.com/maps/reviews/data=!4m8!14m7!1m6!2m5!1sCi9DQUlRQUNvZENodHljRjlvT25SV1ZGVmpVbWM0YjFsVGJUbEtVVUp0TldKNlRWRRAB!2m1!1s0x0:0x35d81d86c6a429db!3m1!1s2@1:CAIQACodChtycF9oOnRWVFVjUmc4b1lTbTlKUUJtNWJ6TVE%7C%7C?hl=ru,4.5,399,2025-09-16 06:29:59+00:00,309,0,0,0,0,0,0,0,0,0,0
PAPA MOSCOW,Ci9DQUlRQUNvZENodHljRjlvT2xoRk1rdzJkV016ZHpFMVYySmxTUzFtUkdOd1FuYxAB,5,"Это лучший клуб, в котором я был. Как только зашёл сразу заиграла любимая музыка. Люблю ходить с друзьями после работы и на выходных, так как у них в клубе всегда что-то новое. Персонал вежливый, хороший. Кальян, вкусная еда, пиво - здесь всё, что нужно! Тем, кто не пробовал, рекомендую)",https://www.google.com/maps/reviews/data=!4m8!14m7!1m6!2m5!1sCi9DQUlRQUNvZENodHljRjlvT2xoRk1rdzJkV016ZHpFMVYySmxTUzFtUkdOd1FuYxAB!2m1!1s0x0:0x35d81d86c6a429db!3m1!1s2@1:CAIQACodChtycF9oOlhFMkw2dWMzdzE1V2JlSS1mRGNwQnc%7C%7C?hl=ru,4.5,399,2025-09-13 12:47:47+00:00,288,0,0,0,0,0,0,0,0,0,0
PAPA MOSCOW,Ci9DQUlRQUNvZENodHljRjlvT2xKbVZrVmFORGxJV0d0eVdXWjVOV3BKWjFaclZHYxAB,5,Заведение прикольно бармен был вежлив аккуратен и приветливый охранники хорошо делали свою работу еда вкусная и цены низкие а закусок было большой выбор,https://www.google.com/maps/reviews/data=!4m8!14m7!1m6!2m5!1sCi9DQUlRQUNvZENodHljRjlvT2xKbVZrVmFORGxJV0d0eVdXWjVOV3BKWjFaclZHYxAB!2m1!1s0x0:0x35d81d86c6a429db!3m1!1s2@1:CAIQACodChtycF9oOlJmVkVaNDlIWGtyWWZ5NWpJZ1ZrVGc%7C%7C?hl=ru,4.5,399,2025-09-12 07:32:46+00:00,152,0,0,0,0,0,0,0,0,0,0
PAPA MOSCOW,Ci9DQUlRQUNvZENodHljRjlvT2w5Q1UyMTBXV1oyT1VadGFGRmllVWRWYTJWWUxXYxAB,5,"Хорошее место, чтобы провести вечер. Порадовал большой танцпол -  наконец-то можно танцевать, не боясь затеть кого-то. Атмосфера лëгкая. Люди приятные. Кальян нам принесли быстро, он был достаточно свежим. В целом, всë прошло комфортно.",https://www.google.com/maps/reviews/data=!4m8!14m7!1m6!2m5!1sCi9DQUlRQUNvZENodHljRjlvT2w5Q1UyMTBXV1oyT1VadGFGRmllVWRWYTJWWUxXYxAB!2m1!1s0x0:0x35d81d86c6a429db!3m1!1s2@1:CAIQACodChtycF9oOl9CU210WWZ2OUZtaFFieUdVa2VYLWc%7C%7C?hl=ru,4.5,399,2025-09-11 12:57:55+00:00,236,0,0,0,0,0,0,0,0,0,0
PAPA MOSCOW,Ci9DQUlRQUNvZENodHljRjlvT2pCNk9XMDBNbms0ZGtrdFUybG9lQzFmT0RoU05HYxAB,5,"Люблю заходить в эту кафешку ночную! Особенно после пятницы и на выходных. Бармены добрые, не хамят. Вкусная еда и напитки, буду заходить как можно чаще",https://www.google.com/maps/reviews/data=!4m8!14m7!1m6!2m5!1sCi9DQUlRQUNvZENodHljRjlvT2pCNk9XMDBNbms0ZGtrdFUybG9lQzFmT0RoU05HYxAB!2m1!1s0x0:0x35d81d86c6a429db!3m1!1s2@1:CAIQACodChtycF9oOjB6OW00Mnk4dkktU2loeC1fODhSNGc%7C%7C?hl=ru,4.5,399,2025-09-10 15:31:29+00:00,152,0,0,0,0,0,0,0,0,0,0
PAPA MOSCOW,Ci9DQUlRQUNvZENodHljRjlvT2tZdFVWRmtkMUJ0TlRRMVl6TlhYMHBFTVVoS2MzYxAB,5,"Всё супер, вежливый персонал, вкусно готовят, быстро,",https://www.google.com/maps/reviews/data=!4m8!14m7!1m6!2m5!1sCi9DQUlRQUNvZENodHljRjlvT2tZdFVWRmtkMUJ0TlRRMVl6TlhYMHBFTVVoS2MzYxAB!2m1!1s0x0:0x35d81d86c6a429db!3m1!1s2@1:CAIQACodChtycF9oOkYtUVFkd1BtNTQ1YzNXX0pEMUhKc3c%7C%7C?hl=ru,4.5,399,2025-09-10 13:32:59+00:00,53,0,0,0,0,0,0,0,0,0,0
PAPA MOSCOW,Ci9DQUlRQUNvZENodHljRjlvT2pkU2FWVjJVR3hOV1V0a05sWm5Wa1pZTkRsdWFrRRAB,5,"PAPA MOSCOW идеальное место собраться с друзьями и потусить! Диджей просто отжигает так, что хочется танцевать всё время! Очень приятная атмосфера,дизайн и многое другое! Также приятные бармены, вкусные коктейли и еда. Любим приходить туда с компанией по выходным, там всегда новая концепция и атмосфера. Мне очень понравился клуб, для меня он самый лучший!",https://www.google.com/maps/reviews/data=!4m8!14m7!1m6!2m5!1sCi9DQUlRQUNvZENodHljRjlvT2pkU2FWVjJVR3hOV1V0a05sWm5Wa1pZTkRsdWFrRRAB!2m1!1s0x0:0x35d81d86c6a429db!3m1!1s2@1:CAIQACodChtycF9oOjdSaVV2UGxNWUtkNlZnVkZYNDluakE%7C%7C?hl=ru,4.5,399,2025-09-09 08:55:16+00:00,357,0,0,0,0,0,0,0,0,0,0
PAPA MOSCOW,Ci9DQUlRQUNvZENodHljRjlvT21KR2FESjBVSGxYYUd0TVZqWkdSMmhVU25aTlgxRRAB,5,"Отзыв:

Недавно посетил ночной клуб ""Papa Moscow"" в центре Москвы и остался очень доволен. Клуб работает по пятницам и субботам, и каждый выходной там новая концепция, что делает посещение особенно интересным. Атмосфера в клубе классическая, с отличной музыкой и ди-джеями, что создает отличное настроение для отдыха.

Пространство клуба большое и просторное, что позволяет комфортно танцевать и общаться с друзьями. Особо хочу отметить работу бармена, который приготовил великолепные коктейли, и хостес, которая помогла нам быстро и удобно разместиться.

Кальян и еда также на высоте, что делает данное заведение отличным местом для вечернего отдыха. Рекомендую этот клуб всем, кто ищет качественное времяпрепровождение в центре Москвы.",https://www.google.com/maps/reviews/data=!4m8!14m7!1m6!2m5!1sCi9DQUlRQUNvZENodHljRjlvT21KR2FESjBVSGxYYUd0TVZqWkdSMmhVU25aTlgxRRAB!2m1!1s0x0:0x35d81d86c6a429db!3m1!1s2@1:CAIQACodChtycF9oOmJGaDJ0UHlXaGtMVjZGR2hUSnZNX1E%7C%7C?hl=ru,4.5,399,2025-09-08 13:40:41+00:00,737,0,0,0,0,0,0,0,0,0,0
PAPA MOSCOW,Ci9DQUlRQUNvZENodHljRjlvT201UVNGcFNSWFJZYm1WeE1EWXlkV0pCWHpjMVVIYxAB,5,"Были в этом клубе в прошлую субботу. Место действительно интересное, каждую неделю что-то новое, что заставляет возвращаться. В этот раз была приятная атмосфера, хорошая подборка музыки от диджея — играли то, что подходит для танцев, но при этом можно было спокойно общаться.
Понравилось, что пространство большое, не чувствуешь себя как в аквариуме. Танцпол просторный, даже когда много народа, есть где разойтись. Делали заказ у бара — коктейли получились качественные, чувствуется, что бармен знает свое дело. Также брали кальян, подавали быстро, хорошо собран, дымный и вкусный. Персонал на входе и внутри вежливый, все вопросы решали оперативно.
В целом, провели время хорошо, без нареканий. Если ищете место для выходных с друзьями, чтобы потанцевать и посидеть, стоит рассмотреть этот вариант.",https://www.google.com/maps/reviews/data=!4m8!14m7!1m6!2m5!1sCi9DQUlRQUNvZENodHljRjlvT201UVNGcFNSWFJZYm1WeE1EWXlkV0pCWHpjMVVIYxAB!2m1!1s0x0:0x35d81d86c6a429db!3m1!1s2@1:CAIQACodChtycF9oOm5QSFpSRXRYbmVxMDYydWJBXzc1UHc%7C%7C?hl=ru,4.5,399,2025-09-07 13:34:02+00:00,800,0,0,0,0,0,0,0,0,0,0
PAPA MOSCOW,Ci9DQUlRQUNvZENodHljRjlvT25wNFlsWmtlRk5vTldRNU5FaGhjV2RDVVZOMU4xRRAB,5,"Посетил ночной клуб  и осталась довольна. Атмосфера действительно располагающая и музыка отлична подобрана под нее. Приятно удивило большое пространство. Большой танцпол Коктейли и кальяны на уровне, а обслуживание быстрое. Каждые выходные новая концепция добавляет интереса. В целом, место, куда стоит заглянуть, если ищете хороший вечер в центре",https://www.google.com/maps/reviews/data=!4m8!14m7!1m6!2m5!1sCi9DQUlRQUNvZENodHljRjlvT25wNFlsWmtlRk5vTldRNU5FaGhjV2RDVVZOMU4xRRAB!2m1!1s0x0:0x35d81d86c6a429db!3m1!1s2@1:CAIQACodChtycF9oOnp4YlZkeFNoNWQ5NEhhcWdCUVN1N1E%7C%7C?hl=ru,4.5,399,2025-09-07 12:18:26+00:00,347,0,0,0,0,0,0,0,0,0,0
PAPA MOSCOW,Ci9DQUlRQUNvZENodHljRjlvT214R1REWnFPVmc0WmsxcmNYVnliMWRCWlVWVFZHYxAB,1,"Персонал обманывает на деньги
Отвратительно
Взяли деньги за вход и сразу же вывели из клуба",https://www.google.com/maps/reviews/data=!4m8!14m7!1m6!2m5!1sCi9DQUlRQUNvZENodHljRjlvT214R1REWnFPVmc0WmsxcmNYVnliMWRCWlVWVFZHYxAB!2m1!1s0x0:0x35d81d86c6a429db!3m1!1s2@1:CAIQACodChtycF9oOmxGTDZqOVg4Zk1rcXVyb1dBZUVTVGc%7C%7C?hl=ru,4.5,399,2025-09-06 16:39:32+00:00,91,1,0,1,0,0,1,1,0,0,0
PAPA MOSCOW,Ci9DQUlRQUNvZENodHljRjlvT2s5Sk1qVTVhVWxEVm1kM1VIUjVTMWQzTTB0VVlYYxAB,5,"Все было на высшем уровне!
Музыка, атмосфера- TOP!
Конечно официанта ждали какое-то время, но это ничего страшного, он бедный там забегался. А когда моя подруга расплакалась из-за опьянения, он ее пожалел и подбодрил! 😄
В целом всё очень понравилось!",https://www.google.com/maps/reviews/data=!4m8!14m7!1m6!2m5!1sCi9DQUlRQUNvZENodHljRjlvT2s5Sk1qVTVhVWxEVm1kM1VIUjVTMWQzTTB0VVlYYxAB!2m1!1s0x0:0x35d81d86c6a429db!3m1!1s2@1:CAIQACodChtycF9oOk9JMjU5aUlDVmd3UHR5S1d3M0tUYXc%7C%7C?hl=ru,4.5,399,2025-09-05 13:25:04+00:00,250,0,0,0,0,0,0,0,0,0,0
PAPA MOSCOW,Ci9DQUlRQUNvZENodHljRjlvT25obmFWbHpabnA1VTFWdVZHbFZjV0ZuVEhZMVVVRRAB,5,"ходили с друзьями в этот клуб, в данном заведении классная атмосфера, диджеи и вкусные напитки, всем советую!!",https://www.google.com/maps/reviews/data=!4m8!14m7!1m6!2m5!1sCi9DQUlRQUNvZENodHljRjlvT25obmFWbHpabnA1VTFWdVZHbFZjV0ZuVEhZMVVVRRAB!2m1!1s0x0:0x35d81d86c6a429db!3m1!1s2@1:CAIQACodChtycF9oOnhnaVlzZnp5U1VuVGlVcWFnTHY1UUE%7C%7C?hl=ru,4.5,399,2025-09-05 08:54:09+00:00,110,0,0,0,0,0,0,0,0,0,0
PAPA MOSCOW,Ci9DQUlRQUNvZENodHljRjlvT2pSZllVcFdRMTluWXpCRlowaHZWMFJqVGxZMVMwRRAB,5,"Отличный клуб! Каждый раз, приходя в это место, чувствуешь незабываемую атмосферу. Персонал ведёт себя дружелюбно и гостеприимно.",https://www.google.com/maps/reviews/data=!4m8!14m7!1m6!2m5!1sCi9DQUlRQUNvZENodHljRjlvT2pSZllVcFdRMTluWXpCRlowaHZWMFJqVGxZMVMwRRAB!2m1!1s0x0:0x35d81d86c6a429db!3m1!1s2@1:CAIQACodChtycF9oOjRfYUpWQ19nYzBFZ0hvV0RjTlY1S0E%7C%7C?hl=ru,4.5,399,2025-09-04 14:57:02+00:00,129,0,0,0,0,0,0,0,0,0,0
PAPA MOSCOW,Ci9DQUlRQUNvZENodHljRjlvT2t4U1MxcDNjVTlGT0ZOblJWQkRaRTFHZUhsVE9HYxAB,5,"Хороший клуб, отличные коктейли и еда. Рекомендую посетить кампанией",https://www.google.com/maps/reviews/data=!4m8!14m7!1m6!2m5!1sCi9DQUlRQUNvZENodHljRjlvT2t4U1MxcDNjVTlGT0ZOblJWQkRaRTFHZUhsVE9HYxAB!2m1!1s0x0:0x35d81d86c6a429db!3m1!1s2@1:CAIQACodChtycF9oOkxSS1p3cU9FOFNnRVBDZE1GeHlTOGc%7C%7C?hl=ru,4.5,399,2025-09-04 12:17:44+00:00,68,0,0,0,0,0,0,0,0,0,0
PAPA MOSCOW,Ci9DQUlRQUNvZENodHljRjlvT2xjdFQzVmxUalJEVG1GcFpGbzRMVmxhVEhSSlZYYxAB,5,Очень круто вкусно и атмосферно,https://www.google.com/maps/reviews/data=!4m8!14m7!1m6!2m5!1sCi9DQUlRQUNvZENodHljRjlvT2xjdFQzVmxUalJEVG1GcFpGbzRMVmxhVEhSSlZYYxAB!2m1!1s0x0:0x35d81d86c6a429db!3m1!1s2@1:CAIQACodChtycF9oOlctT3VlTjRDTmFpZFo4LVlaTHRJVXc%7C%7C?hl=ru,4.5,399,2025-09-04 08:43:29+00:00,31,0,0,0,0,0,0,0,0,0,0
PAPA MOSCOW,Ci9DQUlRQUNvZENodHljRjlvT21od1Qwb3hYMlZJZUdwblZVSTRka0Y2YlRsSk4xRRAB,5,"Недавно посещали этот клуб и хочу сказать, что данное заведение оставило положительные впечатления. Приятная атмосфера располагает к отдыху в кругу друзей, хорошая музыкальная программа для танцев и веселья, еда и напитки порадовали разнообразием и вкусом. Вечер оставил приятные воспоминания, хочется вернуться вновь",https://www.google.com/maps/reviews/data=!4m8!14m7!1m6!2m5!1sCi9DQUlRQUNvZENodHljRjlvT21od1Qwb3hYMlZJZUdwblZVSTRka0Y2YlRsSk4xRRAB!2m1!1s0x0:0x35d81d86c6a429db!3m1!1s2@1:CAIQACodChtycF9oOmhwT0oxX2VIeGpnVUI4dkF6bTlJN1E%7C%7C?hl=ru,4.5,399,2025-09-03 11:45:41+00:00,317,0,0,0,0,0,0,0,0,0,0
PAPA MOSCOW,Ci9DQUlRQUNvZENodHljRjlvT2xaQ2JXeHVXaTFLZG1oTWJuZGZiVzV3TnkxMFJXYxAB,5,"музыка — огонь! Кальян не советую, а вот коктейли вообще убойные)) Спасибо парню охраннику, что помог найти телефон, там вся моя жизнь)) приезжал один отдыхать, все понравилось, крепкий топ уровень по сервису, атмосфере и контингенту",https://www.google.com/maps/reviews/data=!4m8!14m7!1m6!2m5!1sCi9DQUlRQUNvZENodHljRjlvT2xaQ2JXeHVXaTFLZG1oTWJuZGZiVzV3TnkxMFJXYxAB!2m1!1s0x0:0x35d81d86c6a429db!3m1!1s2@1:CAIQACodChtycF9oOlZCbWxuWi1KdmhMbndfbW5wNy10RWc%7C%7C?hl=ru,4.5,399,2025-09-02 11:41:12+00:00,233,0,0,0,1,0,0,0,0,0,0
PAPA MOSCOW,Ci9DQUlRQUNvZENodHljRjlvT2pWblNWcFBVV0YyUlVjM01ERndhV05uTUUxeWRHYxAB,5,"Хорошее место, все понравилось. Рекомендую",https://www.google.com/maps/reviews/data=!4m8!14m7!1m6!2m5!1sCi9DQUlRQUNvZENodHljRjlvT2pWblNWcFBVV0YyUlVjM01ERndhV05uTUUxeWRHYxAB!2m1!1s0x0:0x35d81d86c6a429db!3m1!1s2@1:CAIQACodChtycF9oOjVnSVpPUWF2RUc3MDFwaWNnME1ydGc%7C%7C?hl=ru,4.5,399,2025-09-02 08:43:44+00:00,42,0,0,0,0,0,0,0,0,0,0
PAPA MOSCOW,Ci9DQUlRQUNvZENodHljRjlvT2xRMVJYQnBWRVZLY25WdVJXbG1XWEJUTUhSRVQyYxAB,5,"Прекрасно провели время, еда супер, напитки тоже, радует, что много охраны и есть чувство безопасности. Музыка прекрасная, кайф!",https://www.google.com/maps/reviews/data=!4m8!14m7!1m6!2m5!1sCi9DQUlRQUNvZENodHljRjlvT2xRMVJYQnBWRVZLY25WdVJXbG1XWEJUTUhSRVQyYxAB!2m1!1s0x0:0x35d81d86c6a429db!3m1!1s2@1:CAIQACodChtycF9oOlQ1RXBpVEVKcnVuRWlmWXBTMHRET2c%7C%7C?hl=ru,4.5,399,2025-09-02 08:22:53+00:00,128,0,0,0,0,0,0,0,0,0,0
PAPA MOSCOW,Ci9DQUlRQUNvZENodHljRjlvT21Od1RFUnJVMFIzUTFKSWFtbG9hVmxhY1hoTGVGRRAB,5,"Очень хорошая музыка и атмосфера, качество еды на высшем уровне, всем советую пойти туда.",https://www.google.com/maps/reviews/data=!4m8!14m7!1m6!2m5!1sCi9DQUlRQUNvZENodHljRjlvT21Od1RFUnJVMFIzUTFKSWFtbG9hVmxhY1hoTGVGRRAB!2m1!1s0x0:0x35d81d86c6a429db!3m1!1s2@1:CAIQACodChtycF9oOmNwTERrU0R3Q1JIamloaVlacXhLeFE%7C%7C?hl=ru,4.5,399,2025-09-01 11:50:12+00:00,89,0,0,0,0,0,0,0,0,0,0
PAPA MOSCOW,Ci9DQUlRQUNvZENodHljRjlvT2tKWFpGZHdMVTlWVUdKcVRGRk9kSEJTTVdoRk9HYxAB,5,"Очень хороший сервис, столик дали хороший, еда очень даже вкусная, уютная отмосфера, все супер)",https://www.google.com/maps/reviews/data=!4m8!14m7!1m6!2m5!1sCi9DQUlRQUNvZENodHljRjlvT2tKWFpGZHdMVTlWVUdKcVRGRk9kSEJTTVdoRk9HYxAB!2m1!1s0x0:0x35d81d86c6a429db!3m1!1s2@1:CAIQACodChtycF9oOkJXZFdwLU9VUGJqTFFOdHBSMWhFOGc%7C%7C?hl=ru,4.5,399,2025-08-30 10:08:14+00:00,95,0,0,0,0,0,0,0,0,0,0
PAPA MOSCOW,Ci9DQUlRQUNvZENodHljRjlvT2tGSU4waHNXbmhVY1cxdU4yc3RWMDVPU0VrMlJFRRAB,5,"Доброжелательный и уютный клуб! Как только пришел в клуб, сразу появилась насыщенная атмосфера и уют с классной музыкой и диджеями, такое не увидишь в каждом клубе.Люблю приходить на выходные т.к. у них всегда новая концепция и ещё есть очень большое пространство с танцполом.В целом сотрудники приветливые и вежливые, бармены очень быстро делают свои заказы. Рекомендую впервые попробовать  Кальян, коктейли и можно ещё еду, она там самая лучшая!",https://www.google.com/maps/reviews/data=!4m8!14m7!1m6!2m5!1sCi9DQUlRQUNvZENodHljRjlvT2tGSU4waHNXbmhVY1cxdU4yc3RWMDVPU0VrMlJFRRAB!2m1!1s0x0:0x35d81d86c6a429db!3m1!1s2@1:CAIQACodChtycF9oOkFIN0hsWnhUcW1uN2stV05OSEk2REE%7C%7C?hl=ru,4.5,399,2025-08-29 11:50:45+00:00,447,0,0,0,0,0,0,0,0,0,0
PAPA MOSCOW,Ci9DQUlRQUNvZENodHljRjlvT25aNlJEVmhWazlQUzFCeGRtSjZaWEExVkZKRmJtYxAB,5,"клуб ""PAPA MOSCOW"" мне очень понравился ,назидилась я там с друзьями, атмосфера приятная,бар отличный .всем советую прийти в этот замечательный клуб",https://www.google.com/maps/reviews/data=!4m8!14m7!1m6!2m5!1sCi9DQUlRQUNvZENodHljRjlvT25aNlJEVmhWazlQUzFCeGRtSjZaWEExVkZKRmJtYxAB!2m1!1s0x0:0x35d81d86c6a429db!3m1!1s2@1:CAIQACodChtycF9oOnZ6RDVhVk9PS1BxdmJ6ZXA1VFJFbmc%7C%7C?hl=ru,4.5,399,2025-08-28 08:29:17+00:00,148,0,0,0,0,0,0,0,0,0,0
Lookin Rooms,ChZDSUhNMG9nS0VJQ0FnSUQ5X3ZDUGF3EAE,1,"Сидела изумлялась скудоумным комментариям администрации под отзывами клиентов, да и в целом сомнительным ситуациям, а потом выяснилось, что клуб сгорел, лол. Надеюсь, колхозники уже переустроились в пятёрочку, где им и место)",https://www.google.com/maps/reviews/data=!4m8!14m7!1m6!2m5!1sChZDSUhNMG9nS0VJQ0FnSUQ5X3ZDUGF3EAE!2m1!1s0x0:0x2941b02568748e1a!3m1!1s2@1:CIHM0ogKEICAgID9_vCPaw%7C%7C?hl=ru,3.9,1059,2024-03-17 08:55:14+00:00,225,0,0,0,0,0,0,0,0,0,0
Lookin Rooms,ChZDSUhNMG9nS0VJQ0FnSURkMWMtOGVREAE,1,Заведение с огоньком,https://www.google.com/maps/reviews/data=!4m8!14m7!1m6!2m5!1sChZDSUhNMG9nS0VJQ0FnSURkMWMtOGVREAE!2m1!1s0x0:0x2941b02568748e1a!3m1!1s2@1:CIHM0ogKEICAgIDd1c-8eQ%7C%7C?hl=ru,3.9,1059,2024-02-25 20:47:59+00:00,20,0,0,0,0,0,0,0,0,0,0
Lookin Rooms,ChZDSUhNMG9nS0VJQ0FnSURkNlpiYlp3EAE,1,"откинулся с нар, решил посетить сие заведение. Забронировал столик за 174 тысячи, пришёл ночью и увидел что клуб сгорел и соответственно мои деньги тоже. лучше бы на ставки залил. не рекомендую",https://www.google.com/maps/reviews/data=!4m8!14m7!1m6!2m5!1sChZDSUhNMG9nS0VJQ0FnSURkNlpiYlp3EAE!2m1!1s0x0:0x2941b02568748e1a!3m1!1s2@1:CIHM0ogKEICAgIDd6ZbbZw%7C%7C?hl=ru,3.9,1059,2024-02-24 23:54:30+00:00,193,0,0,0,0,1,1,0,0,0,1
Lookin Rooms,ChdDSUhNMG9nS0VJQ0FnSURkNlphWXRnRRAB,1,"Сгорел , пришлось идти в бизи где нас выгнали охранники и отправил в кпз шатать режим ,",https://www.google.com/maps/reviews/data=!4m8!14m7!1m6!2m5!1sChdDSUhNMG9nS0VJQ0FnSURkNlphWXRnRRAB!2m1!1s0x0:0x2941b02568748e1a!3m1!1s2@1:CIHM0ogKEICAgIDd6ZaYtgE%7C%7C?hl=ru,3.9,1059,2024-02-24 23:53:36+00:00,87,1,0,0,0,0,0,0,0,0,0
Lookin Rooms,ChZDSUhNMG9nS0VJQ0FnSUNkNE1iMkJ3EAE,1,На редкость высокомерный и агрессивный сервис,https://www.google.com/maps/reviews/data=!4m8!14m7!1m6!2m5!1sChZDSUhNMG9nS0VJQ0FnSUNkNE1iMkJ3EAE!2m1!1s0x0:0x2941b02568748e1a!3m1!1s2@1:CIHM0ogKEICAgICd4Mb2Bw%7C%7C?hl=ru,3.9,1059,2024-02-09 16:19:29+00:00,45,0,0,1,0,0,0,0,0,0,0
Lookin Rooms,ChZDSUhNMG9nS0VJQ0FnSUN0LUwzdUZnEAE,1,"С 2020 года посещали данное заведение порядка 10 раз без каких либо проблем, музыка не впечатляла, так же как и большое скопление, 27.01 решили спустя год после последнего визита снова посетить данный клуб, оделись опрятно, стильно, отстояли очередь, под возрастную категорию вписывались(21 год), развернули без объяснения причины, в первые сталкиваюсь с таким в данном в заведение, попробовали зайти по проходке или депу, отказали в обоих случаях, рассказал всем знакомых, реакция очевидна, это просто смех, что с таким приходится сталкиваться в lookin rooms, где фэйса толком и не было нормального никогда)",https://www.google.com/maps/reviews/data=!4m8!14m7!1m6!2m5!1sChZDSUhNMG9nS0VJQ0FnSUN0LUwzdUZnEAE!2m1!1s0x0:0x2941b02568748e1a!3m1!1s2@1:CIHM0ogKEICAgICt-L3uFg%7C%7C?hl=ru,3.9,1059,2024-01-28 22:37:16+00:00,608,1,0,0,0,0,0,0,0,0,0
Lookin Rooms,ChZDSUhNMG9nS0VJQ0FnSUNOamJlb0tREAE,1,"Были в данном заведение в ночь 13.01.2024 на 14.01.2024гг. Приветливые девочки посадили нас за стол ранее забронированный, официантки обслуживали хорошо, еда и алкоголь на хорошем уровне. Вся наша компания была в трезвом состоянии, вели себя все культурно и просто отдыхали, два человека из нашей компании отошли на верхний этаж для того что бы пообщаться в помещении где музыка тише играет, прошло около полу часа и еще один человек пошел что бы позвать их назад за стол, там на него просто беспричинно сзади напал один из охранников и просто начал бить по лицу, туда же подтянулись еще 4 охранника, схватили за руки и за ноги и начали выносить из заведения при этом избивая, выкинули на улицу в одной рубашке в -26 градусов, не объясняя никакой причины, как только мы об этом узнали, мы выбежали на улицу и сразу же вызвали скорую и полицию. В отделении мы поняли что с руки были сняты часы и на шее большие синяки от цепочки, которую явно пытались сорвать. Ну а дальше все понятно. Так что, если хотите себе веселую, бурную ночку, то конечно сходите.",https://www.google.com/maps/reviews/data=!4m8!14m7!1m6!2m5!1sChZDSUhNMG9nS0VJQ0FnSUNOamJlb0tREAE!2m1!1s0x0:0x2941b02568748e1a!3m1!1s2@1:CIHM0ogKEICAgICNjbeoKQ%7C%7C?hl=ru,3.9,1059,2024-01-16 18:10:16+00:00,1053,1,0,0,0,0,0,0,1,0,0
Lookin Rooms,ChRDSUhNMG9nS0VJQ0FnSUQxNlp3eRAB,1,"Контингент - ребята еле-еле достигшие двадцати лет. В туалетах происходит Бог знает что, охрана - взрослые мужчины без понимания элементарных норм приличия, грубят, толкаются и так далее.
Ценник в баре для такого заведения и такого ужасного качества алкоголя невероятно завышен. Три-четыре коктейля - и следующий день в состоянии ""овоща"" вам обеспечен.",https://www.google.com/maps/reviews/data=!4m8!14m7!1m6!2m5!1sChRDSUhNMG9nS0VJQ0FnSUQxNlp3eRAB!2m1!1s0x0:0x2941b02568748e1a!3m1!1s2@1:CIHM0ogKEICAgID16Zwy%7C%7C?hl=ru,3.9,1059,2024-01-08 08:32:28+00:00,352,1,0,0,1,1,1,0,0,1,0
Lookin Rooms,ChZDSUhNMG9nS0VJQ0FnSUMxb2ZUak5BEAE,1,"Был забронирован столик, но нервная и злая скорее всего администратор не впустила, сказав «отказано, без объяснений»
Тогда надо было бронь не принимать вовсе, зря время потеряли",https://www.google.com/maps/reviews/data=!4m8!14m7!1m6!2m5!1sChZDSUhNMG9nS0VJQ0FnSUMxb2ZUak5BEAE!2m1!1s0x0:0x2941b02568748e1a!3m1!1s2@1:CIHM0ogKEICAgIC1ofTjNA%7C%7C?hl=ru,3.9,1059,2023-12-30 23:20:06+00:00,177,1,0,0,0,0,0,0,0,0,0
Lookin Rooms,ChdDSUhNMG9nS0VJQ0FnSURWaXFtenVnRRAB,2,"Организация - это что-то. Оформил проходку на их официальном сайте, прихожу ,и они говорят что по их сайту нельзя. По какой причине никто не знает . Вышла какая-то странная девушка , начала тыкать во всех пальцем и кричать , что те не проходят без объяснения причины , также и с людьми которые забронировали столик . Знайте вы можете просто так без причины и объяснений оставить там деньги за бронь и уйти домой .
Внутри классно , но организаторы портят все(",https://www.google.com/maps/reviews/data=!4m8!14m7!1m6!2m5!1sChdDSUhNMG9nS0VJQ0FnSURWaXFtenVnRRAB!2m1!1s0x0:0x2941b02568748e1a!3m1!1s2@1:CIHM0ogKEICAgIDViqmzugE%7C%7C?hl=ru,3.9,1059,2023-12-12 05:21:28+00:00,458,1,0,1,0,0,0,0,0,0,1
Lookin Rooms,ChZDSUhNMG9nS0VJQ0FnSUNsZ2RIeGJREAE,1,"Отказ без объяснения причин. Двое девушек и парень, не пьяные, одеты адекватно, проходка оформлена. Фейсконтроль — довольно грубые мужчины. Перед входом до этого пришлось постоять минут 15, при этом непонятно, это толпа вышедших покурить, или очередь в клуб — персонала либо не было, либо они просто стояли в ожидании непонятно чего (никаких опознавательных знаков у них не было, так что могли и не заметить). До нас отказали конвенционально красивой девушке с аргументом ""в ботинках не пускаем, только в кроссовках"" (любопытно, зимой тоже так?). Изначально происходящее воспринялось как плохая шутка, но нет. До этого из клуба вышла девушка, которой было откровенно плохо (прошло всего 1,5 часа с открытия), чувство, что ещё до входа она была нетрезвой (снова вопросы к фейсконтролю). Помогали ей ребята из очереди, стаффу было плевать.  Ещё стоя на улице можно сделать вывод о музыке — очень-очень слабо для клуба с таким описанием. Создаётся впечатление, что здесь скорее ищут ""рабочих девочек"", что вызывает сомнения в безопасности тех, кого пропустили.",https://www.google.com/maps/reviews/data=!4m8!14m7!1m6!2m5!1sChZDSUhNMG9nS0VJQ0FnSUNsZ2RIeGJREAE!2m1!1s0x0:0x2941b02568748e1a!3m1!1s2@1:CIHM0ogKEICAgIClgdHxbQ%7C%7C?hl=ru,3.9,1059,2023-11-19 22:23:10+00:00,1057,1,1,1,0,0,0,0,1,0,0
Lookin Rooms,ChZDSUhNMG9nS0VJQ0FnSUNsZ0xibEtREAE,1,"Ужасное место . Были там с подругами и все остались с негативными эмоциями, очень жалко потраченную 1000 рублей . Музыка то есть , биты , были просто отвратительными , под них даже танцевать нельзя было , хотя большинство малолеток не находило в этом проблемы и дрыгались под эту непонятную дичь , видимо были настолько пьяные, что это пришлось им по душе . Хотелось попеть песенки и потанцевать , но как же мы ошиблись с выбором клуба, Напитки дорогие и невкусные , девушке стало не хорошо после 2 маленьких напитков , так как они были тошнотворными . Присесть было негде , приходилось просто стоять возле бара и надеяться , что наконец-то диджей решит поставить нормальную музыку , но не дождались . За 4 часа нашего пребывания мы услышали  в его лишь 4 трека, в остальное время- биты .Вообщем никому не советую данное заведение , если вы хотите хорошо и весело провести время , и получить хорошие эмоции , а не разочарование .",https://www.google.com/maps/reviews/data=!4m8!14m7!1m6!2m5!1sChZDSUhNMG9nS0VJQ0FnSUNsZ0xibEtREAE!2m1!1s0x0:0x2941b02568748e1a!3m1!1s2@1:CIHM0ogKEICAgIClgLblKQ%7C%7C?hl=ru,3.9,1059,2023-11-12 12:32:03+00:00,929,0,1,0,1,1,1,1,0,1,0
Lookin Rooms,ChZDSUhNMG9nS0VJQ0FnSURGcUpiX0t3EAE,1,"Ребята делают проходки а фейсконтроль не пропускает без объяснения причины, хотя других девочек пропускали. Не советую ехать туда и трать время",https://www.google.com/maps/reviews/data=!4m8!14m7!1m6!2m5!1sChZDSUhNMG9nS0VJQ0FnSURGcUpiX0t3EAE!2m1!1s0x0:0x2941b02568748e1a!3m1!1s2@1:CIHM0ogKEICAgIDFqJb_Kw%7C%7C?hl=ru,3.9,1059,2023-11-04 12:26:54+00:00,143,1,0,0,0,0,0,0,0,0,0
Lookin Rooms,ChdDSUhNMG9nS0VJQ0FnSURGME1tSG1nRRAB,1,"С каких пор права не являются удостоверением личности? Непонятно) фэйс контроль очень посредственный и грубый, также предлагали заплатить какому-то парню, чтобы пустили по водительским правам, слов нет)!Думаю вывод о самом заведении понятен)) никому не рекомендуем + контингент 17-18-лет (как и «охрана»😁 )",https://www.google.com/maps/reviews/data=!4m8!14m7!1m6!2m5!1sChdDSUhNMG9nS0VJQ0FnSURGME1tSG1nRRAB!2m1!1s0x0:0x2941b02568748e1a!3m1!1s2@1:CIHM0ogKEICAgIDF0MmHmgE%7C%7C?hl=ru,3.9,1059,2023-11-04 00:12:33+00:00,306,1,0,0,0,0,0,1,0,1,0
Lookin Rooms,ChRDSUhNMG9nS0VJQ0FnSUNGLVpFVhAB,1,"Ужасный сервис, проблемы с депозитом, отвратительные настойки-если вам такое нравится, велком в данное заведение;)",https://www.google.com/maps/reviews/data=!4m8!14m7!1m6!2m5!1sChRDSUhNMG9nS0VJQ0FnSUNGLVpFVhAB!2m1!1s0x0:0x2941b02568748e1a!3m1!1s2@1:CIHM0ogKEICAgICF-ZEV%7C%7C?hl=ru,3.9,1059,2023-10-29 15:30:22+00:00,114,0,0,1,1,0,1,0,0,0,0
Lookin Rooms,ChdDSUhNMG9nS0VJQ0FnSUNGdWFuRHRRRRAB,1,"Ужасное место, начну с того, что для входа обязательна уплата депозита (проблемы в платном входе, тем более, если это депозит я не вижу, если бы он работал). Примерно с 10 вечера до 2 часов ночи не работала оплата по депозиту, персонал показал максимальную некомпетентность, вопрос решать отказывался, все время ссылаясь на то, что через 10 мин все заработает, все хорошо. На просьбу обналичить депозит или обменять депозитную карточку с деньгами на алкоголь в баре, да в целом на любое решение данной ситуации, администратор отвечал, что услуга нам предоставляется, а при сдаче депозитной карты она более не будет доступна нам и необходимо будет покинуть заведение. Алкоголь в баре ужасный, коктейли далеко не самые вкусные, а про настойки я вообще молчу, даже допить не смогли, настолько они были ужасные. В целом по данному заведению можно сказать следующее, что персонал абсолютно неклиентоориентированный, музыка исключительно электронная и однотипная, алкоголь ужасный.",https://www.google.com/maps/reviews/data=!4m8!14m7!1m6!2m5!1sChdDSUhNMG9nS0VJQ0FnSUNGdWFuRHRRRRAB!2m1!1s0x0:0x2941b02568748e1a!3m1!1s2@1:CIHM0ogKEICAgICFuanDtQE%7C%7C?hl=ru,3.9,1059,2023-10-29 12:59:24+00:00,975,0,1,1,1,0,1,1,0,0,0
Lookin Rooms,ChZDSUhNMG9nS0VJQ0FnSUNGNmJfTVFnEAE,1,"Не фейсконтроль, а ад какой-то. Пришли в клуб на хэллоуин, с картами за 2к, оплаченными заранее. В итоге почти 45 минут простояли на улице. Сначала отказали ""без объяснения причины"", хотя всем было за 18 лет, были костюмы, грим и опрятная одежда. И оплаченные билеты, к слову. Потом еле как нашли паренька, который смог помочь разобраться в ситуации. Еле как прошли в клуб, отстояв огромную очередь. Хамское отношение персонала испортило впечатление.",https://www.google.com/maps/reviews/data=!4m8!14m7!1m6!2m5!1sChZDSUhNMG9nS0VJQ0FnSUNGNmJfTVFnEAE!2m1!1s0x0:0x2941b02568748e1a!3m1!1s2@1:CIHM0ogKEICAgICF6b_MQg%7C%7C?hl=ru,3.9,1059,2023-10-29 04:43:58+00:00,450,1,0,1,0,0,0,0,0,0,0
Lookin Rooms,ChdDSUhNMG9nS0VJQ0FnSUNGMnMtY3V3RRAB,5,Очень вежливая официантка Лиза скрасила вечер ! Спасибо обслуживание и высокий сервис ! Любимка 🥰,https://www.google.com/maps/reviews/data=!4m8!14m7!1m6!2m5!1sChdDSUhNMG9nS0VJQ0FnSUNGMnMtY3V3RRAB!2m1!1s0x0:0x2941b02568748e1a!3m1!1s2@1:CIHM0ogKEICAgICF2s-cuwE%7C%7C?hl=ru,3.9,1059,2023-10-27 23:06:23+00:00,97,0,0,0,0,0,0,0,0,0,0
Lookin Rooms,ChdDSUhNMG9nS0VJQ0FnSUNGMm9HZjJ3RRAB,5,"Официант Лиза просто 🔥💋🤩😍 хочу от неё детей …
Спасибо большое за прекрасный вечер.  Прекрасная хостес встретила как родных 🤗
Музыка 10/10
Кухня 10/10
Атмосфера 10/10
Компетентная охрана 10/10
Коктейли 10/10
Лучшее место в Москве
Обожаю вас 💦💦💦💦😏",https://www.google.com/maps/reviews/data=!4m8!14m7!1m6!2m5!1sChdDSUhNMG9nS0VJQ0FnSUNGMm9HZjJ3RRAB!2m1!1s0x0:0x2941b02568748e1a!3m1!1s2@1:CIHM0ogKEICAgICF2oGf2wE%7C%7C?hl=ru,3.9,1059,2023-10-27 23:00:04+00:00,245,0,0,0,0,0,0,0,0,0,0
Lookin Rooms,ChZDSUhNMG9nS0VJQ0FnSUQ1MHY3ckh3EAE,1,Отвратмтельное место,https://www.google.com/maps/reviews/data=!4m8!14m7!1m6!2m5!1sChZDSUhNMG9nS0VJQ0FnSUQ1MHY3ckh3EAE!2m1!1s0x0:0x2941b02568748e1a!3m1!1s2@1:CIHM0ogKEICAgID50v7rHw%7C%7C?hl=ru,3.9,1059,2023-10-21 22:09:28+00:00,20,0,0,0,0,0,0,0,0,0,0
Lookin Rooms,ChdDSUhNMG9nS0VJQ0FnSURaanBIOTd3RRAB,1,"Место не для всех, те кто любит клубняк оценят, остальные вообще мимо",https://www.google.com/maps/reviews/data=!4m8!14m7!1m6!2m5!1sChdDSUhNMG9nS0VJQ0FnSURaanBIOTd3RRAB!2m1!1s0x0:0x2941b02568748e1a!3m1!1s2@1:CIHM0ogKEICAgIDZjpH97wE%7C%7C?hl=ru,3.9,1059,2023-09-30 23:00:01+00:00,69,0,0,0,0,0,0,0,0,0,0
Lookin Rooms,ChdDSUhNMG9nS0VJQ0FnSURadUpPNF93RRAB,1,"Посещали с подругой данный клуб раза 2, изначально не особо понравилось это место из-за атмосферы, музыка тоже так себе, но не в этом главная суть. Приехали на 3-й раз( пригласили друзья), и нас не пустили, якобы без объяснения причины, как оказалось все дело в том , что ты просто не подходишь под типичные стандарты фейсконтроля , ахахаха, меня это конечно не оскорбило никак, но есть люди, которые могут после такого отношения очень загоняться и получить новые комплексы! Но как я заметила, в этом клубе нет такого понятия как этика и воспитанность.
Дальнейшего «гниения» вашему заведению))🫶🏼",https://www.google.com/maps/reviews/data=!4m8!14m7!1m6!2m5!1sChdDSUhNMG9nS0VJQ0FnSURadUpPNF93RRAB!2m1!1s0x0:0x2941b02568748e1a!3m1!1s2@1:CIHM0ogKEICAgIDZuJO4_wE%7C%7C?hl=ru,3.9,1059,2023-09-24 05:36:31+00:00,595,1,1,0,0,0,0,0,0,0,0
Lookin Rooms,ChZDSUhNMG9nS0VJQ0FnSUNaOEpXY2R3EAE,1,"Местно, где практически открыто продаются наркотики. В шариках.
И полиции по барабану, она видимо в деле.",https://www.google.com/maps/reviews/data=!4m8!14m7!1m6!2m5!1sChZDSUhNMG9nS0VJQ0FnSUNaOEpXY2R3EAE!2m1!1s0x0:0x2941b02568748e1a!3m1!1s2@1:CIHM0ogKEICAgICZ8JWcdw%7C%7C?hl=ru,3.9,1059,2023-09-02 20:41:10+00:00,105,0,0,0,0,0,0,0,1,0,0
Lookin Rooms,ChdDSUhNMG9nS0VJQ0FnSURwcmIzRjB3RRAB,1,"Приехали с подругой отдохнуть в данное заведение. Были настроены очень позитивно и хотелось оставить хорошие воспоминания, тем не менее наши ожидания совсем не оправдались. Отстояли очередь, при первом контроле стали досконально изучать паспортные данные и затем перевернули на станицу прописки, что уже немного смутило, никогда подобного не видела. Далее, подойдя к парню на фейсконтроле, мы столкнулись с максимально осуждающим, презрительным и мерзким взглядом (с каким мы никогда не сталкивались) и услышали ""вы не проходите по фейсконтролю без объяснения причины"". В итоге обескураженные мы поехали домой с испорченным настроением и решили почитать отзывы, вдруг что-то выясним и тут мы очень пожалели, что не сделали этого раньше. Оказывается, если у тебя есть лишние килограммы, то к тебе будут относится, как к низшему сорту людей и ничего тебе не поможет пройти. Во-первых об этом можно было бы где-то упомянуть, если вы ищите потенциальных ""рабочих"" девочек, во-вторых мы живем давно в современном обществе, где лишние килограммы это не что-то ужасное, тем более не могу сказать, что мы плохо выглядим, учитвая мнения совершенно незнакомых людей. Подводя итог, хочу сказать, никогда бы в жизни не посоветовала данное заведение, даже людям с модельной внешностью, так как тут всего 2 варианта. Либо тебя развернут сразу, потому что ты не выглядишь, как объект ""имения"", либо на тебя будут смотреть, как на добычу. Есть куча других заведений, где вас не унизят и не испортят настроение. Ещё и ко всему прочему ответы заведения на негативные отзывы оставляют желать лучшего",https://www.google.com/maps/reviews/data=!4m8!14m7!1m6!2m5!1sChdDSUhNMG9nS0VJQ0FnSURwcmIzRjB3RRAB!2m1!1s0x0:0x2941b02568748e1a!3m1!1s2@1:CIHM0ogKEICAgIDprb3F0wE%7C%7C?hl=ru,3.9,1059,2023-08-26 23:57:34+00:00,1580,1,0,0,0,0,0,0,0,0,0
Lookin Rooms,ChZDSUhNMG9nS0VJQ0FnSURwNWNQMWFBEAE,1,"Хотели прийти с подругами потанцевать, но нас не впустили и причину не объяснили, при входе попросили раскрыть куртку, подруга была в майке и рубашке, сказали что она не может пройти и указали на выход. Очень обидно, хотели провести хорошо время, а в итоге получили испорченное настроение.",https://www.google.com/maps/reviews/data=!4m8!14m7!1m6!2m5!1sChZDSUhNMG9nS0VJQ0FnSURwNWNQMWFBEAE!2m1!1s0x0:0x2941b02568748e1a!3m1!1s2@1:CIHM0ogKEICAgIDp5cP1aA%7C%7C?hl=ru,3.9,1059,2023-08-25 22:27:48+00:00,289,1,0,0,0,0,0,0,0,0,0
Lookin Rooms,ChZDSUhNMG9nS0VJQ0FnSURwdHRXUGNREAE,1,Мало места,https://www.google.com/maps/reviews/data=!4m8!14m7!1m6!2m5!1sChZDSUhNMG9nS0VJQ0FnSURwdHRXUGNREAE!2m1!1s0x0:0x2941b02568748e1a!3m1!1s2@1:CIHM0ogKEICAgIDpttWPcQ%7C%7C?hl=ru,3.9,1059,2023-08-21 17:53:38+00:00,10,0,0,0,0,1,0,0,0,0,0
Lookin Rooms,ChdDSUhNMG9nS0VJQ0FnSUNwNzZLVndnRRAB,1,"С подругой пришли и нас не пустили «без объяснения причины»,в очень грубой форме.Хотя парень на фейсконтроле похож на н@рк0мана,ну видимо какой персонал,такие и посетили должны быть.В очереди в основном обгашенные малолетки,что странно ведь насколько я знаю владелец Лукин и Джипси один и тот же,а в Джипси мы были и там куда комфортнее.Не рекомендую этот клуб,лучше сходить в место подороже,но остаться довольными.",https://www.google.com/maps/reviews/data=!4m8!14m7!1m6!2m5!1sChdDSUhNMG9nS0VJQ0FnSUNwNzZLVndnRRAB!2m1!1s0x0:0x2941b02568748e1a!3m1!1s2@1:CIHM0ogKEICAgICp76KVwgE%7C%7C?hl=ru,3.9,1059,2023-08-13 03:57:57+00:00,415,1,0,0,0,0,0,0,0,1,0
Lookin Rooms,ChdDSUhNMG9nS0VJQ0FnSUNwZ2JEVHJnRRAB,1,"Просто не пускают ""без объяснения причин"" Как оказалось охране просто нужно дать взятку",https://www.google.com/maps/reviews/data=!4m8!14m7!1m6!2m5!1sChdDSUhNMG9nS0VJQ0FnSUNwZ2JEVHJnRRAB!2m1!1s0x0:0x2941b02568748e1a!3m1!1s2@1:CIHM0ogKEICAgICpgbDTrgE%7C%7C?hl=ru,3.9,1059,2023-08-04 19:57:39+00:00,87,1,0,0,0,0,0,1,0,0,0
Lookin Rooms,ChdDSUhNMG9nS0VJQ0FnSURKaTVtQnNRRRAB,5,"Была в Lookin Rooms всего 4 раза, т.к. сама к сожалению, не из Москвы.
Однако очень полюбила это место!
Всегда поднимает мне настроение, потому что атмосфера пушка🔥
Люди вокруг приятные и красивые, конфликтных ситуаций не было.
К фейс контролю претензий нет (кого попало не пускают, это огромный +)
Алкоголь вкусный, цены средние.
Персонал доброжелательный.
Обязательно вернусь сюда ещё и ещё!",https://www.google.com/maps/reviews/data=!4m8!14m7!1m6!2m5!1sChdDSUhNMG9nS0VJQ0FnSURKaTVtQnNRRRAB!2m1!1s0x0:0x2941b02568748e1a!3m1!1s2@1:CIHM0ogKEICAgIDJi5mBsQE%7C%7C?hl=ru,3.9,1059,2023-07-22 17:26:41+00:00,393,0,0,0,0,0,0,0,0,0,0
Lookin Rooms,ChdDSUhNMG9nS0VJQ0FnSUNKOVpUeDlnRRAB,1,"24.07.23 пришла в данное заведение что бы отметить день рождение подруги и разочаровалась.. вечер был испорчен хамским отношением сотрудников уже на входе, в алкогольном коктеле не было алкоголя. Никакой дисциплины и уважения к людям которые приносят им деньги.",https://www.google.com/maps/reviews/data=!4m8!14m7!1m6!2m5!1sChdDSUhNMG9nS0VJQ0FnSUNKOVpUeDlnRRAB!2m1!1s0x0:0x2941b02568748e1a!3m1!1s2@1:CIHM0ogKEICAgICJ9ZTx9gE%7C%7C?hl=ru,3.9,1059,2023-07-02 05:50:13+00:00,261,1,0,0,1,0,0,0,0,0,0
Lookin Rooms,ChdDSUhNMG9nS0VJQ0FnSUNKMWY3RzdnRRAB,1,"Очень дискриминируют девушек с полным весом, просто не пускают вне зависимости от наличия билета или столика, если видят, что девушка не соответствует субъективному мнению фейсконтрольщика о красоте девушек",https://www.google.com/maps/reviews/data=!4m8!14m7!1m6!2m5!1sChdDSUhNMG9nS0VJQ0FnSUNKMWY3RzdnRRAB!2m1!1s0x0:0x2941b02568748e1a!3m1!1s2@1:CIHM0ogKEICAgICJ1f7G7gE%7C%7C?hl=ru,3.9,1059,2023-07-01 21:07:33+00:00,206,1,0,0,0,0,0,0,0,0,0
Lookin Rooms,ChdDSUhNMG9nS0VJQ0FnSUNKMVk3VWhnRRAB,1,"Ужасный клуб, особенно фейсконтроль! Мы пришли с подругами с надеждой просто потанцевать и отлично провести время, но одну из девчонок просто не пустили не объясняя причину. Было слишком очевидно, что все из-за того, что она не супер худая (хотя у нее очень сочная фигура, она довольно обаятельная и харизматичная девушка). Более того, на фейсконтроле парень почему-то решил, что имеет право комментировать нас как друзей, что было максимально неуместно и дискомфортно. Никому не советую сюда приходить, только потратите нервы и получите кучу неприятных эмоций в подарок((",https://www.google.com/maps/reviews/data=!4m8!14m7!1m6!2m5!1sChdDSUhNMG9nS0VJQ0FnSUNKMVk3VWhnRRAB!2m1!1s0x0:0x2941b02568748e1a!3m1!1s2@1:CIHM0ogKEICAgICJ1Y7UhgE%7C%7C?hl=ru,3.9,1059,2023-07-01 20:53:59+00:00,572,1,0,0,0,0,0,0,0,0,0
Lookin Rooms,ChdDSUhNMG9nS0VJQ0FnSUR4MzczMHdBRRAB,1,"Просто бред , а не клуб, музыка старье, расчет на имение раздетых Пьяных мадам в туалете. Если вы не похожи на объект «имения» вас просто не пустят))0)0) работают мальчики лет 18 максимум на фейс контроле. В общем не тратьте свое время если конечно не едете за указанной выше целью! Рекомендую всем КИЛФИШ , больше удовольствия и безопасности))) тем более в Лукине вы даже выпить не сможете , цены как за чугунный мост. Еще раз скажу что фейс контроль черти))) реально очень грубое и унизительное отношение к клиентам, особенно со стороны мальчика с крыльями на голове, отвратительное поведение , портят лицо заведения не успев даже впустить в него",https://www.google.com/maps/reviews/data=!4m8!14m7!1m6!2m5!1sChdDSUhNMG9nS0VJQ0FnSUR4MzczMHdBRRAB!2m1!1s0x0:0x2941b02568748e1a!3m1!1s2@1:CIHM0ogKEICAgIDx3730wAE%7C%7C?hl=ru,3.9,1059,2023-06-18 00:27:23+00:00,648,1,1,0,0,0,1,0,0,0,0
Lookin Rooms,ChdDSUhNMG9nS0VJQ0FnSUR4cWV5MW53RRAB,1,"С удовольствием поставила бы ноль, фейс контроль отказал без причины в проходе,  очень оскорбило
Абсолютно трезвые, совершеннолетние девушки, красиво и опрятно одетые. Были вынуждены отказаться от посещения этого заведения в дальнейшем, не рекомендую.",https://www.google.com/maps/reviews/data=!4m8!14m7!1m6!2m5!1sChdDSUhNMG9nS0VJQ0FnSUR4cWV5MW53RRAB!2m1!1s0x0:0x2941b02568748e1a!3m1!1s2@1:CIHM0ogKEICAgIDxqey1nwE%7C%7C?hl=ru,3.9,1059,2023-06-11 01:30:34+00:00,251,1,0,0,0,0,0,0,0,0,0
Lookin Rooms,ChdDSUhNMG9nS0VJQ0FnSURSNWItbnZnRRAB,5,"Лучшее место!!!  Фейс контроль: адекватный, не пустят только если одеты как на шашлыки. Персонал:  официанты регулярно проходят по столам, администратор запрашивает что понравилось, что нет. Для именинников есть особый бонус, который лично меня тронул. Цены: средние(при этом качество алкоголя и еды отличное). Спасибо большое!",https://www.google.com/maps/reviews/data=!4m8!14m7!1m6!2m5!1sChdDSUhNMG9nS0VJQ0FnSURSNWItbnZnRRAB!2m1!1s0x0:0x2941b02568748e1a!3m1!1s2@1:CIHM0ogKEICAgIDR5b-nvgE%7C%7C?hl=ru,3.9,1059,2023-04-30 06:43:40+00:00,327,0,0,0,0,0,0,0,0,0,0
Lookin Rooms,ChdDSUhNMG9nS0VJQ0FnSUR4akpQVjBBRRAB,1,"Худшее заведение, в котором доводилось побывать. Половина контингента быдло, другая половина нефары и какие-то дети. Никому не советую ни в коем случае посещать это место",https://www.google.com/maps/reviews/data=!4m8!14m7!1m6!2m5!1sChdDSUhNMG9nS0VJQ0FnSUR4akpQVjBBRRAB!2m1!1s0x0:0x2941b02568748e1a!3m1!1s2@1:CIHM0ogKEICAgIDxjJPV0AE%7C%7C?hl=ru,3.9,1059,2023-06-03 04:44:53+00:00,170,0,0,0,0,0,0,0,0,1,0
Lookin Rooms,ChZDSUhNMG9nS0VJQ0FnSURSNWUtNFFBEAE,3,"Нармальная клубная музыка, хороший персонал, на фейсконтроле никаких проблем не возникло (кроме того, что забрали мой маленький энергетик), всё испортили коктейли, они не вкусные, ни один до конца не допил ни я, ни девушка, которая была со мной.",https://www.google.com/maps/reviews/data=!4m8!14m7!1m6!2m5!1sChZDSUhNMG9nS0VJQ0FnSURSNWUtNFFBEAE!2m1!1s0x0:0x2941b02568748e1a!3m1!1s2@1:CIHM0ogKEICAgIDR5e-4QA%7C%7C?hl=ru,3.9,1059,2023-04-30 06:34:43+00:00,245,0,0,0,1,0,0,0,0,0,0
Lookin Rooms,ChdDSUhNMG9nS0VJQ0FnSURScGRYNXBRRRAB,1,"Самое ущербное заведение в мире,не впускать из-за цвета волос и из-за веса
Вы дно ,таких дыр Как ваш клуб еще на Камчатке поискать надо
Такими темпами закроетесь к чертям
Даже одну звезду жалко вам ставить .",https://www.google.com/maps/reviews/data=!4m8!14m7!1m6!2m5!1sChdDSUhNMG9nS0VJQ0FnSURScGRYNXBRRRAB!2m1!1s0x0:0x2941b02568748e1a!3m1!1s2@1:CIHM0ogKEICAgIDRpdX5pQE%7C%7C?hl=ru,3.9,1059,2023-04-29 22:57:02+00:00,207,1,0,0,0,0,0,0,0,0,0
Lookin Rooms,ChdDSUhNMG9nS0VJQ0FnSUNXa05uZTF3RRAB,5,"Очень концептуальное и интересное место. Был с друзьями, никаких проблем со входом не было, фейс контроль оценивает по факту . Разная музыка в разных залах , и при этом они не мешают друг другу, заходя в другой зал, сразу попадаешь в другую атмосферу. Замечательный бар , а точнее 3 бара!!! Сотрудникам спасибо за атмосферу)))",https://www.google.com/maps/reviews/data=!4m8!14m7!1m6!2m5!1sChdDSUhNMG9nS0VJQ0FnSUNXa05uZTF3RRAB!2m1!1s0x0:0x2941b02568748e1a!3m1!1s2@1:CIHM0ogKEICAgICWkNne1wE%7C%7C?hl=ru,3.9,1059,2022-02-15 11:18:47+00:00,326,0,0,0,0,0,0,0,0,0,0
LASKI ВИНО И ПЛЯСКИ,Ci9DQUlRQUNvZENodHljRjlvT2xNMmJWTTFSMHBUY1c5TFRUZHRaakV4Y0RGVFZsRRAB,1,"I want to leave a detailed review about the situation, which showed the real attitude of the club's management towards people.

After the restaurant closed, I picked up the bouquet of flowers that the DJ had left. These flowers were not stolen, there was no conflict, aggression or any damage to the club. Despite this, on the next visit, the senior manager rudely informed me that I was on the ""blacklist"", without providing any clear explanations for the reasons.

For all my attempts to calmly understand the situation and hear the specific reasons for the ban, I have not received a single adequate response. Instead of dialogue, there is an arrogant tone, irritation and a complete unwillingness to explain their actions.

It is especially unpleasant that I was associated with this place, even worked here, and expected at least basic respect. But in fact, it turned out that the decision to ban entry can be made at the personal whim of the manager, without arguments, without trial and without respect for the person.

The main problem is not even in the ban itself, but in relation to:
— lack of transparency,
— lack of respect,
— abuse of authority,
— humiliating communication with guests.

When a person is simply told: ""You're on the blacklist,"" without explaining the reasons, demonstrates an extremely low level of management and service. If the administration allows itself to treat even those who were loyal to the institution in this way, then it's worth considering how they treat ordinary guests.

I'm very disappointed. I consider it unacceptable when a manager's personal emotions are put above professionalism and respect for people. I hope the management will pay attention to the working methods of their employees, because such behavior undermines the reputation of the institution much more than any negative review.

Хочу оставить подробный отзыв о ситуации, которая показала реальное отношение руководства клуба к людям.

После закрытия заведения я забрал букет цветов, который оставался у DJ. Эти цветы не были украдены, не было конфликта, агрессии или какого-либо ущерба клубу. Несмотря на это, при следующем посещении старший менеджер в грубой форме сообщил мне, что я нахожусь в «чёрном списке», при этом не предоставив никаких внятных объяснений причин.

На все мои попытки спокойно разобраться в ситуации и услышать конкретные основания запрета я не получил ни одного адекватного ответа. Вместо диалога — высокомерный тон, раздражение и полное нежелание объяснять свои действия.

Особенно неприятно то, что я был связан с этим местом, даже работал здесь, и рассчитывал хотя бы на элементарное уважение. Но по факту оказалось, что решение о запрете входа может быть принято по личной прихоти менеджера, без аргументов, без разбирательства и без уважения к человеку.

Главная проблема даже не в самом запрете, а в отношении:
— отсутствие прозрачности,
— отсутствие уважения,
— злоупотребление полномочиями,
— унизительное общение с гостями.

Когда человеку просто говорят: «Ты в чёрном списке», не объясняя причин, — это демонстрирует крайне низкий уровень управления и сервиса. Если администрация позволяет себе так обращаться даже с теми, кто был лоялен к заведению, то стоит задуматься, как они относятся к обычным гостям.

Очень разочарован. Считаю недопустимым, когда личные эмоции менеджера ставятся выше профессионализма и уважительного отношения к людям. Надеюсь, руководство обратит внимание на методы работы своих сотрудников, потому что подобное поведение подрывает репутацию заведения намного сильнее любого негативного отзыва.",https://www.google.com/maps/reviews/data=!4m8!14m7!1m6!2m5!1sCi9DQUlRQUNvZENodHljRjlvT2xNMmJWTTFSMHBUY1c5TFRUZHRaakV4Y0RGVFZsRRAB!2m1!1s0x0:0xc734d0f0004678dc!3m1!1s2@1:CAIQACodChtycF9oOlM2bVM1R0pTcW9LTTdtZjExcDFTVlE%7C%7C?hl=ru,4.7,37,2026-04-19 01:24:08+00:00,3572,1,0,1,0,0,0,0,0,0,0
LASKI ВИНО И ПЛЯСКИ,Ci9DQUlRQUNvZENodHljRjlvT21GVVoxVndRVUZxYWtaNlRGOXZhREpvVWtwblNHYxAB,5,"Классное место, где действительно можно забыть о времени! Пришли с друзьями в субботу и не заметили, как пробыли до самого утра. Музыка на высоте - звук чистый, мощный, играли классные диджеи. Бармены настоящие профи, посоветовали нам авторские коктейли, которые оказались восхитительными.

Особенно приятно удивил подарок при бронировании стола - +20% к депозиту, это было очень кстати. А когда основная программа закончилась, мы остались на афтерпати - и не пожалели! Атмосфера там нереальная, расслабленная, с лучшим звуком и особым настроением. Без преувеличения - лучшее афтерпати в Москве! Обязательно вернемся снова.",https://www.google.com/maps/reviews/data=!4m8!14m7!1m6!2m5!1sCi9DQUlRQUNvZENodHljRjlvT21GVVoxVndRVUZxYWtaNlRGOXZhREpvVWtwblNHYxAB!2m1!1s0x0:0xc734d0f0004678dc!3m1!1s2@1:CAIQACodChtycF9oOmFUZ1VwQUFqakZ6TF9vaDJoUkpnSGc%7C%7C?hl=ru,4.7,37,2025-11-15 09:30:38+00:00,623,0,0,0,0,0,0,0,0,0,0
LASKI ВИНО И ПЛЯСКИ,Ci9DQUlRQUNvZENodHljRjlvT21Ga2FGZFNNVzV1YVRCWmFXSnBla3RXZEhBNGJuYxAB,5,"Очень уютное место днём! К вечеру играет диджей . Танцпол большой, есть где потанцевать . Возраст 30+! Что немаловажно!",https://www.google.com/maps/reviews/data=!4m8!14m7!1m6!2m5!1sCi9DQUlRQUNvZENodHljRjlvT21Ga2FGZFNNVzV1YVRCWmFXSnBla3RXZEhBNGJuYxAB!2m1!1s0x0:0xc734d0f0004678dc!3m1!1s2@1:CAIQACodChtycF9oOmFkaFdSMW5uaTBZaWJpektWdHA4bnc%7C%7C?hl=ru,4.7,37,2025-11-08 20:39:29+00:00,119,0,0,0,0,0,0,0,0,0,0
LASKI ВИНО И ПЛЯСКИ,Ci9DQUlRQUNvZENodHljRjlvT21GVkxVSnVZa2hJUkhvM1VVWldkMk0yZHpFM1MxRRAB,5,"Посетил клуб LASKI впервые - и остался под сильным подложительным впечатлением! Атмосфера здесь просто на высоте: стильный интерьер, качественный звук и невероятно позитивная публика. Музыкальный подбор радует - диджеи чувствуют настроение зала и создают настоящий драйв. Особенно понравилось, что можно выбрать между активным танцполом и более спокойной зоной отдыха. Бар заслуживает отдельного упоминания - коктейли не только вкусные, но и красиво подаются. Персонал внимательный, всё делают быстро и с улыбкой. Был приятно удивлён уровнем сервиса - чувствуется, что в клубе ценят каждого гостя. Еда отличная, кухня работает даже поздно ночью, что огромный плюс. Отдельное спасибо за приятный бонус при бронировании стола! Провёл вечер максимально комфортно, зарядился энергией на всю неделю. Теперь это моё любимое место для отдыха. Рекомендую всем, кто ценит стиль, атмосферу и качественный отдых!",https://www.google.com/maps/reviews/data=!4m8!14m7!1m6!2m5!1sCi9DQUlRQUNvZENodHljRjlvT21GVkxVSnVZa2hJUkhvM1VVWldkMk0yZHpFM1MxRRAB!2m1!1s0x0:0xc734d0f0004678dc!3m1!1s2@1:CAIQACodChtycF9oOmFVLUJuYkhIRHo3UUZWd2M2dzE3S1E%7C%7C?hl=ru,4.7,37,2025-11-05 16:47:55+00:00,901,0,0,0,0,0,0,0,0,0,0
LASKI ВИНО И ПЛЯСКИ,Ci9DQUlRQUNvZENodHljRjlvT2tKb2VYVm5SVFZPZGxRMGVEWmZiSFZsVW5wRE5GRRAB,5,"Были в вашем клубе в прошлые выходные — получили море удовольствия! Отдельно хочется отметить качественный звук — слышно каждый инструмент, при этом можно спокойно разговаривать у бара. Бармены настоящие профессионалы: быстро работают и знают, как сбалансировать коктейль. При бронировании стола получили приятный бонус +20% к депозиту — приятный жест. Но главное — это атмосфера афтерпати до 11 утра: расслабленная музыка, мягкий свет и особенная утренняя энергетика. Лучшее место в Москве, чтобы плавно завершить ночь! Обязательно вернемся.",https://www.google.com/maps/reviews/data=!4m8!14m7!1m6!2m5!1sCi9DQUlRQUNvZENodHljRjlvT2tKb2VYVm5SVFZPZGxRMGVEWmZiSFZsVW5wRE5GRRAB!2m1!1s0x0:0xc734d0f0004678dc!3m1!1s2@1:CAIQACodChtycF9oOkJoeXVnRTVOdlQ0eDZfbHVlUnpDNFE%7C%7C?hl=ru,4.7,37,2025-10-29 16:45:21+00:00,542,0,0,0,0,0,0,0,0,0,0
LASKI ВИНО И ПЛЯСКИ,Ci9DQUlRQUNvZENodHljRjlvT21velZXaHhVREI1ZGxoSVJYTlpSM28xUXpFMU4xRRAB,5,"Были с друзьями на афтерпати — это просто бомба! После закрытия других клубов именно здесь продолжается настоящая тусовка. Музыка с 5 утра до 11, диджеи задают нереальный вайб, свет и звук просто идеальные. Атмосфера расслабленная, публика красивая и доброжелательная. Отличный бар, вкусные коктейли, персонал всегда с улыбкой. Лучшее афтерпати в Москве, без преувеличения.",https://www.google.com/maps/reviews/data=!4m8!14m7!1m6!2m5!1sCi9DQUlRQUNvZENodHljRjlvT21velZXaHhVREI1ZGxoSVJYTlpSM28xUXpFMU4xRRAB!2m1!1s0x0:0xc734d0f0004678dc!3m1!1s2@1:CAIQACodChtycF9oOmozVWhxUDB5dlhIRXNZR3o1QzE1N1E%7C%7C?hl=ru,4.7,37,2025-10-24 10:20:00+00:00,373,0,0,0,0,0,0,0,0,0,0
LASKI ВИНО И ПЛЯСКИ,Ci9DQUlRQUNvZENodHljRjlvT2paUE0yaGFSSE10UmtkVGNuRkRWVEJsYVZaR1lWRRAB,1,"Позвонил по телефону днем .Девушка сказала вход бесплатный.Приехал ,на входе сказали депозит пять тысяч .Не люблю такой подход к клиентам .",https://www.google.com/maps/reviews/data=!4m8!14m7!1m6!2m5!1sCi9DQUlRQUNvZENodHljRjlvT2paUE0yaGFSSE10UmtkVGNuRkRWVEJsYVZaR1lWRRAB!2m1!1s0x0:0xc734d0f0004678dc!3m1!1s2@1:CAIQACodChtycF9oOjZPM2haRHMtRkdTcnFDVTBlaVZGYVE%7C%7C?hl=ru,4.7,37,2025-09-27 20:12:39+00:00,139,0,0,0,0,0,1,1,0,0,0
LASKI ВИНО И ПЛЯСКИ,Ci9DQUlRQUNvZENodHljRjlvT2xFek1raHZURTlTWDJKWE0zUkZVR2RLUTB0U1ZVRRAB,5,"Были с друзьями в Laski впервые — и остались в восторге! Музыка отличная, освещение создаёт классное настроение. Персонал внимательный, напитки приносят быстро. Танцпол просторный, удобно перемещаться между зонами. Настоящее место для весёлого и яркого вечера.",https://www.google.com/maps/reviews/data=!4m8!14m7!1m6!2m5!1sCi9DQUlRQUNvZENodHljRjlvT2xFek1raHZURTlTWDJKWE0zUkZVR2RLUTB0U1ZVRRAB!2m1!1s0x0:0xc734d0f0004678dc!3m1!1s2@1:CAIQACodChtycF9oOlEzMkhvTE9SX2JXM3RFUGdKQ0tSVUE%7C%7C?hl=ru,4.7,37,2025-09-25 15:41:41+00:00,260,0,0,0,0,0,0,0,0,0,0
LASKI ВИНО И ПЛЯСКИ,Ci9DQUlRQUNvZENodHljRjlvT2tsTlUyaHdZMlZTYVZaVWJGWjFSMU5YWTNGZmFtYxAB,5,"Laski — одно из моих любимых мест для ночных выходов. Классная музыка, яркий свет, качественный звук и вкусный бар создают атмосферу праздника. Особенно приятно, что при брони стола дают +20% к депозиту. Единственный маленький минус — в выходные очень много людей, но это показатель популярности клуба.",https://www.google.com/maps/reviews/data=!4m8!14m7!1m6!2m5!1sCi9DQUlRQUNvZENodHljRjlvT2tsTlUyaHdZMlZTYVZaVWJGWjFSMU5YWTNGZmFtYxAB!2m1!1s0x0:0xc734d0f0004678dc!3m1!1s2@1:CAIQACodChtycF9oOklNU2hwY2VSaVZUbFZ1R1NXY3Ffamc%7C%7C?hl=ru,4.7,37,2025-09-20 11:20:31+00:00,302,0,0,0,0,1,0,0,0,0,0
LASKI ВИНО И ПЛЯСКИ,Ci9DQUlRQUNvZENodHljRjlvT21reVNWSTRTMlkyYkhSNVdYSlhXbVIxTFRKR2QzYxAB,5,✨✨✨суперр,https://www.google.com/maps/reviews/data=!4m8!14m7!1m6!2m5!1sCi9DQUlRQUNvZENodHljRjlvT21reVNWSTRTMlkyYkhSNVdYSlhXbVIxTFRKR2QzYxAB!2m1!1s0x0:0xc734d0f0004678dc!3m1!1s2@1:CAIQACodChtycF9oOmkySVI4S2Y2bHR5WXJXWmR1LTJGd3c%7C%7C?hl=ru,4.7,37,2025-09-12 20:48:46+00:00,9,0,0,0,0,0,0,0,0,0,0
LASKI ВИНО И ПЛЯСКИ,Ci9DQUlRQUNvZENodHljRjlvT21WdVRGOW9iazh6VUVOMk9VMXhjMFpuYjFkWmNFRRAB,5,"Уже третью неделю отдыхаю в данном заведение.
Все нравится от еды до музыки.
Однозначно мое любимое заведение в Москве.",https://www.google.com/maps/reviews/data=!4m8!14m7!1m6!2m5!1sCi9DQUlRQUNvZENodHljRjlvT21WdVRGOW9iazh6VUVOMk9VMXhjMFpuYjFkWmNFRRAB!2m1!1s0x0:0xc734d0f0004678dc!3m1!1s2@1:CAIQACodChtycF9oOmVuTF9obk8zUEN2OU1xc0Znb1dZcEE%7C%7C?hl=ru,4.7,37,2025-09-12 20:16:40+00:00,119,0,0,0,0,0,0,0,0,0,0
LASKI ВИНО И ПЛЯСКИ,Ci9DQUlRQUNvZENodHljRjlvT2paeFRXNTFRblZCWVRSck9EaHpTRnBoU25Fd1dVRRAB,5,Удобная локация можно быстро добраться с любой точки города. Атмосфера крутая - часто тут бываем с другом. Музыка хорошая. Бар с большим выбором напитков,https://www.google.com/maps/reviews/data=!4m8!14m7!1m6!2m5!1sCi9DQUlRQUNvZENodHljRjlvT2paeFRXNTFRblZCWVRSck9EaHpTRnBoU25Fd1dVRRAB!2m1!1s0x0:0xc734d0f0004678dc!3m1!1s2@1:CAIQACodChtycF9oOjZxTW51QnVBYTRrODhzSFphSnEwWUE%7C%7C?hl=ru,4.7,37,2025-07-14 08:31:46+00:00,153,0,0,0,0,0,0,0,0,0,0
LASKI ВИНО И ПЛЯСКИ,Ci9DQUlRQUNvZENodHljRjlvT2xka1JWcG5XbmhPYUdJNFVGaElUR053YUVGbVdXYxAB,5,"Были тут с подругой уже неоднократно, Удобная Лока быстро можно добраться. Ну и конечно сама атмосфера и широкая винная карта. Было весело и круто",https://www.google.com/maps/reviews/data=!4m8!14m7!1m6!2m5!1sCi9DQUlRQUNvZENodHljRjlvT2xka1JWcG5XbmhPYUdJNFVGaElUR053YUVGbVdXYxAB!2m1!1s0x0:0xc734d0f0004678dc!3m1!1s2@1:CAIQACodChtycF9oOldkRVpnWnhOaGI4UFhITGNwaEFmWWc%7C%7C?hl=ru,4.7,37,2025-06-21 17:16:42+00:00,146,0,0,0,0,0,0,0,0,0,0
LASKI ВИНО И ПЛЯСКИ,Ci9DQUlRQUNvZENodHljRjlvT21Wb1JuazFOWEpyUzFWSGVEZGZWMGhwTUVsUVoyYxAB,5,"Все классно) достаточно легко пройти, доброжелательная атмосфера, без пафоса как в соседних местах, можно вкусно поесть внутри, потанцевать, музыка движовая, а также есть комната где можно подышать)
Кому не понравилось - вы просто рано пришли!))",https://www.google.com/maps/reviews/data=!4m8!14m7!1m6!2m5!1sCi9DQUlRQUNvZENodHljRjlvT21Wb1JuazFOWEpyUzFWSGVEZGZWMGhwTUVsUVoyYxAB!2m1!1s0x0:0xc734d0f0004678dc!3m1!1s2@1:CAIQACodChtycF9oOmVoRnk1NXJrS1VHeDdfV0hpMElQZ2c%7C%7C?hl=ru,4.7,37,2025-06-15 18:39:49+00:00,245,0,0,0,0,0,0,0,0,0,0
LASKI ВИНО И ПЛЯСКИ,ChZDSUhNMG9nS0VMX2RyTmV6NXBIcmV3EAE,5,"Красиво, приятно, вкусная еда и топ кальяны
Адекватный контингент - это тоже очень важно

Можно отлично провести время с друзьями, для этого все имеется)",https://www.google.com/maps/reviews/data=!4m8!14m7!1m6!2m5!1sChZDSUhNMG9nS0VMX2RyTmV6NXBIcmV3EAE!2m1!1s0x0:0xc734d0f0004678dc!3m1!1s2@1:CIHM0ogKEL_drNez5pHrew%7C%7C?hl=ru,4.7,37,2025-05-27 09:39:33+00:00,153,0,0,0,0,0,0,0,0,0,0
LASKI ВИНО И ПЛЯСКИ,ChZDSUhNMG9nS0VJeTY3c3I3eEtLM1V3EAE,5,"Были впервые в этом клубе, впечатления остались весьма хорошие. Во-первых приличный контингент, музыку разную включают динамичную и спокойную. Коктейли на баре вообще пушка, хотелось все попробовать, но уже не тот возраст)))) Обслуживание на высшем уровне, начиная от ресепшина и заканчивая официантами. Отмечали день рождение и плюс получили хорошую скидку. Мне понравилось, приеду еще.",https://www.google.com/maps/reviews/data=!4m8!14m7!1m6!2m5!1sChZDSUhNMG9nS0VJeTY3c3I3eEtLM1V3EAE!2m1!1s0x0:0xc734d0f0004678dc!3m1!1s2@1:CIHM0ogKEIy67sr7xKK3Uw%7C%7C?hl=ru,4.7,37,2025-05-09 11:14:17+00:00,387,0,0,0,0,0,0,0,0,0,0
LASKI ВИНО И ПЛЯСКИ,ChZDSUhNMG9nS0VMUzhvNTNKanJlc0pREAE,5,"Отмечал тут день рождения. Все очень понравилось, в подарок дали надбавку к депозиту, да еще и поздравили всем персоналом клуба, с фаэрами и бутылкой игристого. Музыка и атмосфера просто супер. Персонал знает свою работу на 5+. Еда и напитки на высшем уровне. Это был лучший день рождения в моей жизни, спасибо Laski )))",https://www.google.com/maps/reviews/data=!4m8!14m7!1m6!2m5!1sChZDSUhNMG9nS0VMUzhvNTNKanJlc0pREAE!2m1!1s0x0:0xc734d0f0004678dc!3m1!1s2@1:CIHM0ogKELS8o53JjresJQ%7C%7C?hl=ru,4.7,37,2025-05-08 11:54:56+00:00,320,0,0,0,0,0,0,0,0,0,0
LASKI ВИНО И ПЛЯСКИ,ChZDSUhNMG9nS0VJQ0FnTUNZLWNDcEhnEAE,5,"Клёвый уютный клуб! Еда супер, персонал классный. Место тоже отличное.",https://www.google.com/maps/reviews/data=!4m8!14m7!1m6!2m5!1sChZDSUhNMG9nS0VJQ0FnTUNZLWNDcEhnEAE!2m1!1s0x0:0xc734d0f0004678dc!3m1!1s2@1:CIHM0ogKEICAgMCY-cCpHg%7C%7C?hl=ru,4.7,37,2025-05-05 15:03:37+00:00,70,0,0,0,0,0,0,0,0,0,0
LASKI ВИНО И ПЛЯСКИ,ChdDSUhNMG9nS0VJQ0FnTUNZdWFmWnZ3RRAB,5,"Норм место, заказали столик заранее, по брони прошли без очереди, кормят вкусно, ценник на уровне.",https://www.google.com/maps/reviews/data=!4m8!14m7!1m6!2m5!1sChdDSUhNMG9nS0VJQ0FnTUNZdWFmWnZ3RRAB!2m1!1s0x0:0xc734d0f0004678dc!3m1!1s2@1:CIHM0ogKEICAgMCYuafZvwE%7C%7C?hl=ru,4.7,37,2025-05-05 14:54:50+00:00,98,0,0,0,0,0,0,0,0,0,0
LASKI ВИНО И ПЛЯСКИ,ChdDSUhNMG9nS0VJQ0FnSUN2OUx2YXVBRRAB,5,"Зажигательная музыка, профессиональные бармены (коктейли – шедевры!), вкусная еда, отличная атмосфера, куча красивых людей – всё это о вашем клубе! Еще и подарок за бронь стола — прикольно! А афтерпати до 11 утра… лучше в Москве просто нет! Спасибо за потрясающий вечер! Вернемся снова!",https://www.google.com/maps/reviews/data=!4m8!14m7!1m6!2m5!1sChdDSUhNMG9nS0VJQ0FnSUN2OUx2YXVBRRAB!2m1!1s0x0:0xc734d0f0004678dc!3m1!1s2@1:CIHM0ogKEICAgICv9LvauAE%7C%7C?hl=ru,4.7,37,2024-12-08 13:38:09+00:00,286,0,0,0,0,0,0,0,0,0,0
LASKI ВИНО И ПЛЯСКИ,ChdDSUhNMG9nS0VJQ0FnSUMzXzZDZV9BRRAB,5,"Клуб что надо, всё разделено правильно на зоны, есть место где потанцевать, а есть где посидеть, заказать напитки и перекусить. И я скажу, меню здесь разнообразное, может угодить самому придирчивому.",https://www.google.com/maps/reviews/data=!4m8!14m7!1m6!2m5!1sChdDSUhNMG9nS0VJQ0FnSUMzXzZDZV9BRRAB!2m1!1s0x0:0xc734d0f0004678dc!3m1!1s2@1:CIHM0ogKEICAgIC3_6Ce_AE%7C%7C?hl=ru,4.7,37,2024-11-10 20:42:59+00:00,199,0,0,0,0,0,0,0,0,0,0
LASKI ВИНО И ПЛЯСКИ,ChdDSUhNMG9nS0VJQ0FnSUMzMjVyUHZ3RRAB,5,Отличное место с приятной атмосферой и музыкой . Регулярно сюда ходим .,https://www.google.com/maps/reviews/data=!4m8!14m7!1m6!2m5!1sChdDSUhNMG9nS0VJQ0FnSUMzMjVyUHZ3RRAB!2m1!1s0x0:0xc734d0f0004678dc!3m1!1s2@1:CIHM0ogKEICAgIC325rPvwE%7C%7C?hl=ru,4.7,37,2024-11-09 13:50:39+00:00,71,0,0,0,0,0,0,0,0,0,0
LASKI ВИНО И ПЛЯСКИ,ChdDSUhNMG9nS0VJQ0FnSUMzcU42NHFRRRAB,5,"Недавно посетили клуб Laski и были в восторге! Музыка звучала просто отлично, а атмосфера была настолько зажигательной, что не хотелось уходить. Официанты были очень внимательны и быстро приносили заказы, а бармены готовили вкуснейшие коктейли. Бонус за бронь стола с +20% к депозиту приятно удивил. А афтерпати в Laski - это просто бомба! Музыка звучала до самого утра, а атмосфера была настолько живой и заряженной позитивом, что мы просто не могли уйти. Обязательно вернемся снова!",https://www.google.com/maps/reviews/data=!4m8!14m7!1m6!2m5!1sChdDSUhNMG9nS0VJQ0FnSUMzcU42NHFRRRAB!2m1!1s0x0:0xc734d0f0004678dc!3m1!1s2@1:CIHM0ogKEICAgIC3qN64qQE%7C%7C?hl=ru,4.7,37,2024-11-02 10:33:52+00:00,484,0,0,0,0,0,0,0,0,0,0
LASKI ВИНО И ПЛЯСКИ,ChdDSUhNMG9nS0VJQ0FnSURIc3ZtRjNBRRAB,5,"Отличное место, чтобы отдохнуть с друзьями. Хожу сюда пару раз в месяц, всегда всё на высоте. Классная музыка, манящая атмосфера и нельзя не отметить очень вкусные коктейли и закуски.",https://www.google.com/maps/reviews/data=!4m8!14m7!1m6!2m5!1sChdDSUhNMG9nS0VJQ0FnSURIc3ZtRjNBRRAB!2m1!1s0x0:0xc734d0f0004678dc!3m1!1s2@1:CIHM0ogKEICAgIDHsvmF3AE%7C%7C?hl=ru,4.7,37,2024-09-14 10:42:23+00:00,183,0,0,0,0,0,0,0,0,0,0
LASKI ВИНО И ПЛЯСКИ,ChdDSUhNMG9nS0VJQ0FnSUNMaC0tNG1nRRAB,5,"It’s a great club with good service and friendly staff, Mr. Sergay he was more than perfect DJ ever, I liked the time we spent there",https://www.google.com/maps/reviews/data=!4m8!14m7!1m6!2m5!1sChdDSUhNMG9nS0VJQ0FnSUNMaC0tNG1nRRAB!2m1!1s0x0:0xc734d0f0004678dc!3m1!1s2@1:CIHM0ogKEICAgICLh--4mgE%7C%7C?hl=ru,4.7,37,2024-06-23 15:38:08+00:00,132,0,0,0,0,0,0,0,0,0,0
LASKI ВИНО И ПЛЯСКИ,ChZDSUhNMG9nS0VJQ0FnSURUdjRtdUp3EAE,5,"Освещение в помещении завораживает, соответствует настроению клуба. Еда в самом клубе на приличном уровне, не как в забегаловке, советую бронировать столик заранее, чтобы получить бонус к взносу.",https://www.google.com/maps/reviews/data=!4m8!14m7!1m6!2m5!1sChZDSUhNMG9nS0VJQ0FnSURUdjRtdUp3EAE!2m1!1s0x0:0xc734d0f0004678dc!3m1!1s2@1:CIHM0ogKEICAgIDTv4muJw%7C%7C?hl=ru,4.7,37,2024-05-29 14:08:50+00:00,195,0,0,0,0,0,0,0,0,0,0
LASKI ВИНО И ПЛЯСКИ,ChdDSUhNMG9nS0VJQ0FnSURUODhXcHR3RRAB,5,"Очень замечательный клуб !
Советую туда приехать и насладится атмосферой
Сам, бываю очень часто",https://www.google.com/maps/reviews/data=!4m8!14m7!1m6!2m5!1sChdDSUhNMG9nS0VJQ0FnSURUODhXcHR3RRAB!2m1!1s0x0:0xc734d0f0004678dc!3m1!1s2@1:CIHM0ogKEICAgIDT88WptwE%7C%7C?hl=ru,4.7,37,2024-05-27 19:37:19+00:00,95,0,0,0,0,0,0,0,0,0,0
LASKI ВИНО И ПЛЯСКИ,ChdDSUhNMG9nS0VJQ0FnSURUdlBQR2pBRRAB,5,Клуб пушка чётко отдохнули с друзьями всем рекомендую 🔥,https://www.google.com/maps/reviews/data=!4m8!14m7!1m6!2m5!1sChdDSUhNMG9nS0VJQ0FnSURUdlBQR2pBRRAB!2m1!1s0x0:0xc734d0f0004678dc!3m1!1s2@1:CIHM0ogKEICAgIDTvPPGjAE%7C%7C?hl=ru,4.7,37,2024-05-23 10:17:11+00:00,55,0,0,0,0,0,0,0,0,0,0
LASKI ВИНО И ПЛЯСКИ,ChZDSUhNMG9nS0VJQ0FnSURUc0pxQlJnEAE,5,"Провели друзьями здесь один из своих выходных. Куб классный, напитки блюда из меню нам тоже понравились и даже делали повторный заказ – вкусно. Музыка в меру, перепонки не вылетают, всё прям в тему.",https://www.google.com/maps/reviews/data=!4m8!14m7!1m6!2m5!1sChZDSUhNMG9nS0VJQ0FnSURUc0pxQlJnEAE!2m1!1s0x0:0xc734d0f0004678dc!3m1!1s2@1:CIHM0ogKEICAgIDTsJqBRg%7C%7C?hl=ru,4.7,37,2024-05-21 16:29:08+00:00,198,0,0,0,0,0,0,0,0,0,0
LASKI ВИНО И ПЛЯСКИ,ChdDSUhNMG9nS0VJQ0FnSUNUZ0tlYXhnRRAB,1,"Когда увидела комментарий девушки в 2ГИС о разбитом лице, подумала: «что там такого должно было произойти, чтобы случилось подобное?».

Ведь мне никогда не доводилось сталкиваться с такими вещами, и это просто не вписывается в мою картину мира.

Кажется, что если заведение приличное и расположено в хорошем районе, то там всё в порядке. Однако я глубоко ошибалась. Так я тоже столкнулась с насилием в данном заведении.

Меня били об стол и не раз, несмотря на мою невиновность и то, что с моей стороны не было агрессивных действий.

Но даже если бы они были, какое право даёт мужчине избивать женщину, особенно в такой священный день, как Пасха? Но самое ужасное – это последствия. Теперь у меня появились ПТСР и подозрения на сотрясение мозга.

Но что меня ещё больше шокировало, так это отношение персонала. В тот момент администрация проигнорировала мои просьбы о помощи и даже выгнала меня на улицу, оставив в ожидании полиции. И я жутко замёрзла.

Теперь я задаюсь вопросом: это всё дело одного человека? Почему в других приличных заведениях такого не происходит, а у вас это не первый случай? И, возможно, даже не второй!?

***И это еще не все. Тот мужчина и его окружение не раз упоминали о своих дружеских связях с владельцем заведения.",https://www.google.com/maps/reviews/data=!4m8!14m7!1m6!2m5!1sChdDSUhNMG9nS0VJQ0FnSUNUZ0tlYXhnRRAB!2m1!1s0x0:0xc734d0f0004678dc!3m1!1s2@1:CIHM0ogKEICAgICTgKeaxgE%7C%7C?hl=ru,4.7,37,2024-05-09 15:44:31+00:00,1245,0,0,1,0,0,0,0,1,0,0
LASKI ВИНО И ПЛЯСКИ,ChZDSUhNMG9nS0VJQ0FnSUNscTRyMVVBEAE,5,"Была в пятницу в клубе Laski, осталась очень довольна! Вкуснейшие качественные коктейли, достойная публика, свежайшая еда, нереальное качество звука, красивые девушки в стразах - получила огромное эстетическое и акустическое удовольствие) понравилась концепция с баром для девушек где в определенные слоты времени целых 3 бесплатных коктейля можно взять на баре-это подкупает)
Роллы Филадельфия с красной икрой-свежейшие)
Я очень довольна и всем рекомендую посетить данное место если вы цените качество во всех его смыслах!",https://www.google.com/maps/reviews/data=!4m8!14m7!1m6!2m5!1sChZDSUhNMG9nS0VJQ0FnSUNscTRyMVVBEAE!2m1!1s0x0:0xc734d0f0004678dc!3m1!1s2@1:CIHM0ogKEICAgIClq4r1UA%7C%7C?hl=ru,4.7,37,2023-11-27 08:50:00+00:00,523,0,0,0,0,0,0,0,0,0,0
"Бар ""Club Liberty""",Ci9DQUlRQUNvZENodHljRjlvT2padVFtOW1VMWhSVVVkb2JFMWFPR0kzT1RocVduYxAB,5,"Классное заведение!Есть тут девочка наимилейшая, Дарья зовут!!! Прекрасная девушка , лапушка)",https://www.google.com/maps/reviews/data=!4m8!14m7!1m6!2m5!1sCi9DQUlRQUNvZENodHljRjlvT2padVFtOW1VMWhSVVVkb2JFMWFPR0kzT1RocVduYxAB!2m1!1s0x0:0x7ab621136bac2665!3m1!1s2@1:CAIQACodChtycF9oOjZuQm9mU1hRUUdobE1aOGI3OThqWnc%7C%7C?hl=ru,4.3,1544,2026-07-31 22:02:00+00:00,93,0,0,0,0,0,0,0,0,0,0
"Бар ""Club Liberty""",Ci9DQUlRQUNvZENodHljRjlvT2pac1gxTnFNVEpZWDJSbU5YUlVaWEpEYlZWS1JrRRAB,1,"Хотели сходить в это место по Биглиону. Купили купон, позвонили в бар чтобы забронировать стол на вечер. Ответил оператор  молодой человек (Максим). Мы поинтересовались есть ли места, Максим, что-то путано начал говорить. В итоге выяснилось, что во время когда мы хотели посидеть в баре будет проходить квиз, мы обозначили оператору, что при наличии мест нас он не будет смущать. Максим сказал, ему нужно уточнить количество мест и он обязательно через 5 минут перезвонит. В итоге, конечно, никто не перезвонил. Мы позвонили через 30 минут и оказалось, что по Биглиону они сегодня не принимают и у них резко, параллельно с квизом забронировали банкет на 27 человек!!
И когда я спросил Максима, прям сейчас у Вас появилась бронь на 27 человек? На что он мне ответил, ДА, А ЧТО?!
Нас откровенно  слили!
Не покупайте купоны в это заведение! А лучше подумайте, нужно ли вообще сюда идти?!",https://www.google.com/maps/reviews/data=!4m8!14m7!1m6!2m5!1sCi9DQUlRQUNvZENodHljRjlvT2pac1gxTnFNVEpZWDJSbU5YUlVaWEpEYlZWS1JrRRAB!2m1!1s0x0:0x7ab621136bac2665!3m1!1s2@1:CAIQACodChtycF9oOjZsX1NqMTJYX2RmNXRUZXJDbVVKRkE%7C%7C?hl=ru,4.3,1544,2026-01-24 13:37:31+00:00,884,0,0,1,0,0,0,0,0,0,1
"Бар ""Club Liberty""",Ci9DQUlRQUNvZENodHljRjlvT2t4SFlVMXFka1E0TXpSQlNFaG9WbDlOZDNOU1JWRRAB,1,"Была вчера в данном баре с семьёй, попали случайно, были сильно голодными и это было ближайшее место. Однако сильно пожалели,из положительных впечатлений только мужчина,встречающий на входе, очень приятный и радушный,а также официант Султан. Еда была просто ужасной,  не вкусно абсолютно всё. По ощущениям 5000 рублей , которые просто развеяли по ветру. Больше точно не вернёмся и не советую любителям нормально покушать",https://www.google.com/maps/reviews/data=!4m8!14m7!1m6!2m5!1sCi9DQUlRQUNvZENodHljRjlvT2t4SFlVMXFka1E0TXpSQlNFaG9WbDlOZDNOU1JWRRAB!2m1!1s0x0:0x7ab621136bac2665!3m1!1s2@1:CAIQACodChtycF9oOkxHYU1qdkQ4MzRBSEhoVl9Nd3NSRVE%7C%7C?hl=ru,4.3,1544,2026-01-04 12:47:19+00:00,420,0,0,0,1,0,1,0,0,0,0
"Бар ""Club Liberty""",Ci9DQUlRQUNvZENodHljRjlvT2twQlNFWlBYM0I1VFhnM2NXTXpUMHhPTjFneFNGRRAB,4,"От латинского осталась только кухня . Музыка русская и американская в большинстве своем . Ди Джеи прям огонь зажигают  . Взяла Пину коладу было похоже на водку с молоком и все в малюсеньком стакане  за 750 . Тысячу раз подумаю перед тем как пить в этом заведении снова . Еду можешь заказать и сесть за стол  только если внес  депозит 5000 . На мой взгляд глупо : мы были вдвоем , одна  хотела есть и пришлось ей есть в баре  при пустующих  вокруг столах . Вход бесплатный . Много иранцев и других иностранцев обычно наблюдаю  . Локация прикольная :  Рядом со станцией метро и ночных автобусов . А еще рядом куча других прикольных заведений ( караоке , рюмочная и т д )",https://www.google.com/maps/reviews/data=!4m8!14m7!1m6!2m5!1sCi9DQUlRQUNvZENodHljRjlvT2twQlNFWlBYM0I1VFhnM2NXTXpUMHhPTjFneFNGRRAB!2m1!1s0x0:0x7ab621136bac2665!3m1!1s2@1:CAIQACodChtycF9oOkpBSEZPX3B5TXg3cWMzT0xON1gxSFE%7C%7C?hl=ru,4.3,1544,2025-12-28 21:11:09+00:00,668,0,0,0,1,0,1,0,0,0,0
"Бар ""Club Liberty""",Ci9DQUlRQUNvZENodHljRjlvT25SWVlXdFdaWG93WjJKQ1JIVmlkR2t0WnpOT1VWRRAB,4,"Единственная придирка что все коктейли бодяжены, я работал барменом 3 года и ещё 5 лет работаю с алкоголем ,.Могу сказать если хотите поймать хорошое настроение то коктейли не заказывайте ! Заказал стрипсы ну так себе, соли нет перца тоже, салат Цезарь нормальный на 4-",https://www.google.com/maps/reviews/data=!4m8!14m7!1m6!2m5!1sCi9DQUlRQUNvZENodHljRjlvT25SWVlXdFdaWG93WjJKQ1JIVmlkR2t0WnpOT1VWRRAB!2m1!1s0x0:0x7ab621136bac2665!3m1!1s2@1:CAIQACodChtycF9oOnRYYWtWZXowZ2JCRHVidGktZzNOUVE%7C%7C?hl=ru,4.3,1544,2025-09-28 00:19:43+00:00,269,0,0,0,1,0,0,0,0,0,0
"Бар ""Club Liberty""",Ci9DQUlRQUNvZENodHljRjlvT25sSmFucDFSa1JQYjNwWldUZ3hUV1ZqTjBOTlluYxAB,4,"Ходим часто туда, так как у нас там интелектуальные игры.
Однажды в салате попался длинный то ли волос, то ли нитка, но я не жалуюсь, было вкусно, и то это был первый и последний раз, тем более принесли новый за счет заведения.
Сервис не плохой. Однажды один официант не очень хорошо себя вел. Но думаю он устал. Сойдет ладно. Атмосфера не плохая, только все в плотную друг к другу. А так нормис.",https://www.google.com/maps/reviews/data=!4m8!14m7!1m6!2m5!1sCi9DQUlRQUNvZENodHljRjlvT25sSmFucDFSa1JQYjNwWldUZ3hUV1ZqTjBOTlluYxAB!2m1!1s0x0:0x7ab621136bac2665!3m1!1s2@1:CAIQACodChtycF9oOnlJanp1RkRPb3pZWTgxTWVjN0NNYnc%7C%7C?hl=ru,4.3,1544,2025-07-24 15:28:33+00:00,396,0,0,0,0,1,0,0,0,0,0
"Бар ""Club Liberty""",ChdDSUhNMG9nS0VJQ0FnTUR3bkxPUjJ3RRAB,5,Awesome! I really liked it all! Thank you,https://www.google.com/maps/reviews/data=!4m8!14m7!1m6!2m5!1sChdDSUhNMG9nS0VJQ0FnTUR3bkxPUjJ3RRAB!2m1!1s0x0:0x7ab621136bac2665!3m1!1s2@1:CIHM0ogKEICAgMDwnLOR2wE%7C%7C?hl=ru,4.3,1544,2025-03-24 11:33:07+00:00,41,0,0,0,0,0,0,0,0,0,0
"Бар ""Club Liberty""",ChZDSUhNMG9nS0VJQ0FnSUR2aDZEN09nEAE,5,Отличная локация для вечеринок! Неплохие блюда! Красиво! Дружелюбно! Нормальная публика! Весело!,https://www.google.com/maps/reviews/data=!4m8!14m7!1m6!2m5!1sChZDSUhNMG9nS0VJQ0FnSUR2aDZEN09nEAE!2m1!1s0x0:0x7ab621136bac2665!3m1!1s2@1:CIHM0ogKEICAgIDvh6D7Og%7C%7C?hl=ru,4.3,1544,2024-12-24 14:31:15+00:00,96,0,0,0,0,0,0,0,0,0,0
"Бар ""Club Liberty""",ChZDSUhNMG9nS0VJQ0FnSUMzaEl1Q0hREAE,1,"Охрана не пустила в клуб по депозиту 5.000 рублей за двоих тк в гардеробе отказались платить 100 рублей ща пакет. Ну честно аж до смешного, компания готова потерять минимум 5тыс за вход если не заплатишь 100 рублей за пакет! Охрана на входе просто быдло, общается с гостями как с мусором. В первые сталкиваюсь с таким отвратительным отношением. Я не в первый раз прихожу в этот клуб, но после вчерашнего общения с вашим коллективом это был точно последний раз! Никому не советую посещение данного места тк будет испорчен вечер! Надеюсь хоть как-то и кому то поможет мой отзыв не посещать данное заведение",https://www.google.com/maps/reviews/data=!4m8!14m7!1m6!2m5!1sChZDSUhNMG9nS0VJQ0FnSUMzaEl1Q0hREAE!2m1!1s0x0:0x7ab621136bac2665!3m1!1s2@1:CIHM0ogKEICAgIC3hIuCHQ%7C%7C?hl=ru,4.3,1544,2024-11-02 20:42:22+00:00,604,1,0,0,0,0,0,0,0,0,0
"Бар ""Club Liberty""",ChZDSUhNMG9nS0VJQ0FnSUNXeGZDWWJnEAE,1,"Плохой сервис, очень плохой",https://www.google.com/maps/reviews/data=!4m8!14m7!1m6!2m5!1sChZDSUhNMG9nS0VJQ0FnSUNXeGZDWWJnEAE!2m1!1s0x0:0x7ab621136bac2665!3m1!1s2@1:CIHM0ogKEICAgICWxfCYbg%7C%7C?hl=ru,4.3,1544,2022-03-02 18:04:00+00:00,27,0,0,1,0,0,0,0,0,0,0
"Бар ""Club Liberty""",ChdDSUhNMG9nS0VJQ0FnSUNUNFp2dF9nRRAB,5,"Отличное место. Были на игре типа Квиз. К заведению претензий никаких!
И очень близко от метро!",https://www.google.com/maps/reviews/data=!4m8!14m7!1m6!2m5!1sChdDSUhNMG9nS0VJQ0FnSUNUNFp2dF9nRRAB!2m1!1s0x0:0x7ab621136bac2665!3m1!1s2@1:CIHM0ogKEICAgICT4Zvt_gE%7C%7C?hl=ru,4.3,1544,2024-05-15 19:21:24+00:00,95,0,0,0,0,0,0,0,0,0,0
"Бар ""Club Liberty""",ChZDSUhNMG9nS0VJQ0FnSURqMG8yQVNnEAE,5,"Отличное место . Попали первый раз . Хорошая музыка , кухня , персонал",https://www.google.com/maps/reviews/data=!4m8!14m7!1m6!2m5!1sChZDSUhNMG9nS0VJQ0FnSURqMG8yQVNnEAE!2m1!1s0x0:0x7ab621136bac2665!3m1!1s2@1:CIHM0ogKEICAgIDj0o2ASg%7C%7C?hl=ru,4.3,1544,2024-05-01 09:32:45+00:00,70,0,0,0,0,0,0,0,0,0,0
"Бар ""Club Liberty""",ChZDSUhNMG9nS0VJQ0FnSUREdklTMkhREAE,1,Осин плохо !,https://www.google.com/maps/reviews/data=!4m8!14m7!1m6!2m5!1sChZDSUhNMG9nS0VJQ0FnSUREdklTMkhREAE!2m1!1s0x0:0x7ab621136bac2665!3m1!1s2@1:CIHM0ogKEICAgIDDvIS2HQ%7C%7C?hl=ru,4.3,1544,2024-04-06 22:26:17+00:00,12,0,0,0,0,0,0,0,0,0,1
"Бар ""Club Liberty""",ChZDSUhNMG9nS0VJQ0FnSURkNzlyTUl3EAE,2,"Были семьёй на квизе. Ждали официанта почти час, и потом ещё примерно столько же ждали заказ (бургер, салат, чай и кесадилью). Бургер дождались под самый конец игры уже. Если не умеете работать с полной загрузкой зала, то не нажобраться за квизы!",https://www.google.com/maps/reviews/data=!4m8!14m7!1m6!2m5!1sChZDSUhNMG9nS0VJQ0FnSURkNzlyTUl3EAE!2m1!1s0x0:0x7ab621136bac2665!3m1!1s2@1:CIHM0ogKEICAgIDd79rMIw%7C%7C?hl=ru,4.3,1544,2024-02-28 18:21:51+00:00,246,0,0,1,0,0,0,0,0,0,0
"Бар ""Club Liberty""",ChZDSUhNMG9nS0VJQ0FnSUNkOEtfQ1lBEAE,1,"Бронировали столик для празднования дня рождения ещё в понедельник, (сегодня суббота), за 4 часа до сбора в баре позвонили и сказали, что разместить нас не смогут. На вопрос «а как так получилось?» ответили: «ну вот так». Клиентоориентированность на уровне, ребята! Так держать. Никому не рекомендую возлагать на данное заведение какие-либо надежды, чтобы потом не рвать волосы на голове с глазами по пять рублей и не искать, куда бы приткнуться в праздник.",https://www.google.com/maps/reviews/data=!4m8!14m7!1m6!2m5!1sChZDSUhNMG9nS0VJQ0FnSUNkOEtfQ1lBEAE!2m1!1s0x0:0x7ab621136bac2665!3m1!1s2@1:CIHM0ogKEICAgICd8K_CYA%7C%7C?hl=ru,4.3,1544,2024-02-10 13:15:33+00:00,457,0,0,1,0,0,0,0,0,0,0
"Бар ""Club Liberty""",ChZDSUhNMG9nS0VJQ0FnSURaOGVtZEJ3EAE,3,"Don’t come for food, it’s plain bad. Tex Mex burger I had was apparently just a regular burger with jalapeños added. The peppers didn’t save the dry burger though. Tomato soup was meh. Drinking there might not be a good idea either, as the place lacks fresh air and looks weary.",https://www.google.com/maps/reviews/data=!4m8!14m7!1m6!2m5!1sChZDSUhNMG9nS0VJQ0FnSURaOGVtZEJ3EAE!2m1!1s0x0:0x7ab621136bac2665!3m1!1s2@1:CIHM0ogKEICAgIDZ8emdBw%7C%7C?hl=ru,4.3,1544,2023-10-03 11:12:20+00:00,278,0,0,0,1,1,0,0,0,0,0
"Бар ""Club Liberty""",ChdDSUhNMG9nS0VJQ0FnSURaOGQ3VnZBRRAB,5,"Arkaşımızın doğum günü için 29/09/2023 günü gittik. Mükemmel bir mekan. Yiyecekler , içeçecekler herşey çok güzeldi. Servis çok başarılı. Güvenlik ekibinden servis yapanlara kadar hepsi çok başarılı. Kesinlikle tavsiye ederim.",https://www.google.com/maps/reviews/data=!4m8!14m7!1m6!2m5!1sChdDSUhNMG9nS0VJQ0FnSURaOGQ3VnZBRRAB!2m1!1s0x0:0x7ab621136bac2665!3m1!1s2@1:CIHM0ogKEICAgIDZ8d7VvAE%7C%7C?hl=ru,4.3,1544,2023-10-03 10:53:18+00:00,226,0,0,0,0,0,0,0,0,0,0
"Бар ""Club Liberty""",ChdDSUhNMG9nS0VJQ0FnSURwOGRLMjRRRRAB,5,"Атмосфера: Бар ""Club Liberty"" создает приятную и энергичную атмосферу. Он имеет стильный и современный интерьер с уютными столиками и пространством для танцев. Также, музыка, которая играет в баре, подходит для различных вкусов и создает отличную атмосферу для отдыха.

Качество напитков: Бар ""Club Liberty"" предлагает широкий выбор напитков, включая коктейли, вино и пиво. Я был очень доволен качеством и вкусом напитков, которые я заказывал. Бармены быстро и профессионально приготовляли напитки и предлагали интересные вариации.

Обслуживание: Обслуживание в баре ""Club Liberty"" было отличным. Сотрудники были вежливыми, дружелюбными и внимательными к потребностям клиентов. Они быстро принимали заказы и оперативно обслуживали нас. Все мои вопросы и запросы были решены с улыбкой и профессионализмом.

В целом, я очень доволен своим визитом в бар ""Club Liberty"". Это отличное место для проведения вечера в компании друзей или для танцев. Я рекомендую его всем, кто ищет хороший бар с отличной атмосферой и отличным обслуживанием.",https://www.google.com/maps/reviews/data=!4m8!14m7!1m6!2m5!1sChdDSUhNMG9nS0VJQ0FnSURwOGRLMjRRRRAB!2m1!1s0x0:0x7ab621136bac2665!3m1!1s2@1:CIHM0ogKEICAgIDp8dK24QE%7C%7C?hl=ru,4.3,1544,2023-08-24 04:53:59+00:00,1033,0,0,0,0,0,0,0,0,0,0
"Бар ""Club Liberty""",ChZDSUhNMG9nS0VJQ0FnSURKeTd5RklREAE,5,Очень вкусные коктели,https://www.google.com/maps/reviews/data=!4m8!14m7!1m6!2m5!1sChZDSUhNMG9nS0VJQ0FnSURKeTd5RklREAE!2m1!1s0x0:0x7ab621136bac2665!3m1!1s2@1:CIHM0ogKEICAgIDJy7yFIQ%7C%7C?hl=ru,4.3,1544,2023-07-22 19:33:50+00:00,21,0,0,0,0,0,0,0,0,0,0
"Бар ""Club Liberty""",ChdDSUhNMG9nS0VJQ0FnSUN4d2VmanZRRRAB,5,"Атмосфера Кубы, глоток свободы в образе.",https://www.google.com/maps/reviews/data=!4m8!14m7!1m6!2m5!1sChdDSUhNMG9nS0VJQ0FnSUN4d2VmanZRRRAB!2m1!1s0x0:0x7ab621136bac2665!3m1!1s2@1:CIHM0ogKEICAgICxwefjvQE%7C%7C?hl=ru,4.3,1544,2023-05-19 06:42:53+00:00,40,0,0,0,0,0,0,0,0,0,0
"Бар ""Club Liberty""",ChdDSUhNMG9nS0VJQ0FnSUNXb2FuZHBBRRAB,1,ОЧЕНЬ ВКУСНО СПАСИБО,https://www.google.com/maps/reviews/data=!4m8!14m7!1m6!2m5!1sChdDSUhNMG9nS0VJQ0FnSUNXb2FuZHBBRRAB!2m1!1s0x0:0x7ab621136bac2665!3m1!1s2@1:CIHM0ogKEICAgICWoandpAE%7C%7C?hl=ru,4.3,1544,2022-02-28 22:00:36+00:00,20,0,0,0,0,0,0,0,0,0,0
"Бар ""Club Liberty""",ChdDSUhNMG9nS0VJQ0FnSUNXcW9URC1BRRAB,2,"Деревенская дискотека. Плейлист, видимо, рандомный из всех возможных стилей. Пиво, как моча.
Больше сюда ни ногой.",https://www.google.com/maps/reviews/data=!4m8!14m7!1m6!2m5!1sChdDSUhNMG9nS0VJQ0FnSUNXcW9URC1BRRAB!2m1!1s0x0:0x7ab621136bac2665!3m1!1s2@1:CIHM0ogKEICAgICWqoTD-AE%7C%7C?hl=ru,4.3,1544,2022-02-23 15:57:32+00:00,114,0,1,0,1,0,0,0,0,0,0
"Бар ""Club Liberty""",ChZDSUhNMG9nS0VJQ0FnSUNXa3RXOWNBEAE,5,"Хорошее атмосферное заведение. Есть громкий/тихий зал, отдельный бар. Хорошее заведение для различного времяпровождения (выпить, поесть, потанцевать или все разом)",https://www.google.com/maps/reviews/data=!4m8!14m7!1m6!2m5!1sChZDSUhNMG9nS0VJQ0FnSUNXa3RXOWNBEAE!2m1!1s0x0:0x7ab621136bac2665!3m1!1s2@1:CIHM0ogKEICAgICWktW9cA%7C%7C?hl=ru,4.3,1544,2022-02-22 11:58:15+00:00,163,0,0,0,0,0,0,0,0,0,0
"Бар ""Club Liberty""",ChZDSUhNMG9nS0VJQ0FnSURtOTR1T0NnEAE,5,"Прикольное место, очень атмосферное! Еда вкусная! Вино отличное)))",https://www.google.com/maps/reviews/data=!4m8!14m7!1m6!2m5!1sChZDSUhNMG9nS0VJQ0FnSURtOTR1T0NnEAE!2m1!1s0x0:0x7ab621136bac2665!3m1!1s2@1:CIHM0ogKEICAgIDm94uOCg%7C%7C?hl=ru,4.3,1544,2022-02-12 16:45:55+00:00,66,0,0,0,0,0,0,0,0,0,0
"Бар ""Club Liberty""",ChZDSUhNMG9nS0VJQ0FnSURtLTR2M1dnEAE,3,Еда супер вкусная. Официанты приятные. Но нам попалась разбавленная выпивка. Брали текилу,https://www.google.com/maps/reviews/data=!4m8!14m7!1m6!2m5!1sChZDSUhNMG9nS0VJQ0FnSURtLTR2M1dnEAE!2m1!1s0x0:0x7ab621136bac2665!3m1!1s2@1:CIHM0ogKEICAgIDm-4v3Wg%7C%7C?hl=ru,4.3,1544,2022-02-10 19:41:51+00:00,89,0,0,0,1,0,0,0,0,0,0
"Бар ""Club Liberty""",ChdDSUhNMG9nS0VJQ0FnSURtLTl2YjFBRRAB,4,Лучше чем ожидала после многочисленных негативных отзывов.,https://www.google.com/maps/reviews/data=!4m8!14m7!1m6!2m5!1sChdDSUhNMG9nS0VJQ0FnSURtLTl2YjFBRRAB!2m1!1s0x0:0x7ab621136bac2665!3m1!1s2@1:CIHM0ogKEICAgIDm-9vb1AE%7C%7C?hl=ru,4.3,1544,2022-02-10 19:53:46+00:00,58,0,0,0,0,0,0,0,0,0,0
"Бар ""Club Liberty""",ChdDSUhNMG9nS0VJQ0FnSURtdTZiVjZRRRAB,4,Nice,https://www.google.com/maps/reviews/data=!4m8!14m7!1m6!2m5!1sChdDSUhNMG9nS0VJQ0FnSURtdTZiVjZRRRAB!2m1!1s0x0:0x7ab621136bac2665!3m1!1s2@1:CIHM0ogKEICAgIDmu6bV6QE%7C%7C?hl=ru,4.3,1544,2022-02-10 13:56:14+00:00,4,0,0,0,0,0,0,0,0,0,0
"Бар ""Club Liberty""",ChdDSUhNMG9nS0VJQ0FnSURtN2VlRmtnRRAB,5,Lo mejor para los domingos,https://www.google.com/maps/reviews/data=!4m8!14m7!1m6!2m5!1sChdDSUhNMG9nS0VJQ0FnSURtN2VlRmtnRRAB!2m1!1s0x0:0x7ab621136bac2665!3m1!1s2@1:CIHM0ogKEICAgIDm7eeFkgE%7C%7C?hl=ru,4.3,1544,2022-02-06 07:10:21+00:00,26,0,0,0,0,0,0,0,0,0,0
"Бар ""Club Liberty""",ChdDSUhNMG9nS0VJQ0FnSURtNlpPSDVBRRAB,5,Super cool Club❤️And most important: The music is nice 😍,https://www.google.com/maps/reviews/data=!4m8!14m7!1m6!2m5!1sChdDSUhNMG9nS0VJQ0FnSURtNlpPSDVBRRAB!2m1!1s0x0:0x7ab621136bac2665!3m1!1s2@1:CIHM0ogKEICAgIDm6ZOH5AE%7C%7C?hl=ru,4.3,1544,2022-02-02 06:32:28+00:00,56,0,0,0,0,0,0,0,0,0,0
"Бар ""Club Liberty""",ChZDSUhNMG9nS0VJQ0FnSURtcnB1aktREAE,5,Прекрасно!!  Весело!,https://www.google.com/maps/reviews/data=!4m8!14m7!1m6!2m5!1sChZDSUhNMG9nS0VJQ0FnSURtcnB1aktREAE!2m1!1s0x0:0x7ab621136bac2665!3m1!1s2@1:CIHM0ogKEICAgIDmrpujKQ%7C%7C?hl=ru,4.3,1544,2022-01-28 23:02:39+00:00,20,0,0,0,0,0,0,0,0,0,0
"Бар ""Club Liberty""",ChdDSUhNMG9nS0VJQ0FnSURtcm9QUjBnRRAB,2,"Посетили на днях бар, до этого Были год назад и разница просто огромная, стало дороже, но при этом упало качество и сервис…
Хотели воспользоваться купоном на скидку, хотели забронировать стол, администратор по телефону сказала, что бронь не обязательна и приезжайте так, мечта есть. В итоге по приезду, сказали, что места только за барной стойкой, внятно объяснить, почему нельзя было забронировать заранее так никто и не смог. По итогу в купоне нам отказали, так как нет брони и надо было предупреждать официанта заранее.
Коктейли безвкусные…2 звёзды чисто за еду и музыку
Вряд ли вернёмся",https://www.google.com/maps/reviews/data=!4m8!14m7!1m6!2m5!1sChdDSUhNMG9nS0VJQ0FnSURtcm9QUjBnRRAB!2m1!1s0x0:0x7ab621136bac2665!3m1!1s2@1:CIHM0ogKEICAgIDmroPR0gE%7C%7C?hl=ru,4.3,1544,2022-01-28 22:21:52+00:00,590,0,0,1,1,0,1,0,0,0,0
"Бар ""Club Liberty""",ChZDSUhNMG9nS0VJQ0FnSURtZ3BEMVlnEAE,5,"Находится в самом центре города, достаточно вместительный, стилизован под кубинский паб. Порции блюд большие, очень вкусно и подают оперативно. Мы обедали по купону, поэтому счёт порадовал. По полной стоимости, конечно, дороговато (((",https://www.google.com/maps/reviews/data=!4m8!14m7!1m6!2m5!1sChZDSUhNMG9nS0VJQ0FnSURtZ3BEMVlnEAE!2m1!1s0x0:0x7ab621136bac2665!3m1!1s2@1:CIHM0ogKEICAgIDmgpD1Yg%7C%7C?hl=ru,4.3,1544,2022-01-22 14:24:53+00:00,234,0,0,0,0,0,1,0,0,0,0
"Бар ""Club Liberty""",ChdDSUhNMG9nS0VJQ0FnSURtN0tHSjhnRRAB,4,"Весело, по залу ходит девушка у которой каждая третья текила или ром бесплатно",https://www.google.com/maps/reviews/data=!4m8!14m7!1m6!2m5!1sChdDSUhNMG9nS0VJQ0FnSURtN0tHSjhnRRAB!2m1!1s0x0:0x7ab621136bac2665!3m1!1s2@1:CIHM0ogKEICAgIDm7KGJ8gE%7C%7C?hl=ru,4.3,1544,2022-01-21 13:06:17+00:00,78,0,0,0,0,0,0,0,0,0,0
"Бар ""Club Liberty""",ChdDSUhNMG9nS0VJQ0FnSURtaElyc3R3RRAB,5,"Классное заведение, были в первый раз компанией. Без проблем заняли столик, очень приветливые официанты. Меню понравилось и блюда тоже. Ценник, как в Питере, особой разницы не увидела. Чисто, что круто. Заведение с антуражем, конечно) Расположение тоже удобным  оказалось. Музыка хорошая звучала, если при баре сидеть, то можно и пообщаться. В целом понравилось всё",https://www.google.com/maps/reviews/data=!4m8!14m7!1m6!2m5!1sChdDSUhNMG9nS0VJQ0FnSURtaElyc3R3RRAB!2m1!1s0x0:0x7ab621136bac2665!3m1!1s2@1:CIHM0ogKEICAgIDmhIrstwE%7C%7C?hl=ru,4.3,1544,2022-01-18 19:01:56+00:00,365,0,0,0,0,0,0,0,0,0,0
"Бар ""Club Liberty""",ChZDSUhNMG9nS0VJQ0FnSUNtMTRESk1REAE,3,"Коротко о ланче.
1. Официанта можно ждать 15 минут.
2. Еду можно ждать по 20 минут каждое блюдо.
3. Иногда нарушается порядок подачи.
4. Вкусная еда.
5. Недорого.
Несмотря на недостатки хорошее место для ланча.",https://www.google.com/maps/reviews/data=!4m8!14m7!1m6!2m5!1sChZDSUhNMG9nS0VJQ0FnSUNtMTRESk1REAE!2m1!1s0x0:0x7ab621136bac2665!3m1!1s2@1:CIHM0ogKEICAgICm14DJMQ%7C%7C?hl=ru,4.3,1544,2022-01-12 10:22:40+00:00,210,0,0,1,0,0,0,0,0,0,0
"Бар ""Club Liberty""",ChZDSUhNMG9nS0VJQ0FnSUNtNTVyLVZ3EAE,5,Замечательная атмосфера на вторничной Сальса - вечеринке.,https://www.google.com/maps/reviews/data=!4m8!14m7!1m6!2m5!1sChZDSUhNMG9nS0VJQ0FnSUNtNTVyLVZ3EAE!2m1!1s0x0:0x7ab621136bac2665!3m1!1s2@1:CIHM0ogKEICAgICm55r-Vw%7C%7C?hl=ru,4.3,1544,2022-01-11 22:50:41+00:00,57,0,0,0,0,0,0,0,0,0,0
"Бар ""Club Liberty""",ChZDSUhNMG9nS0VJQ0FnSUNtbTZ6Sk9nEAE,5,"Небольшой бар, с уклоном в социальные танцы. Можно как посидеть с друзьями, так и придти потанцевать. Танцпол небольшой, поэтому если много народу бывает тесновато.",https://www.google.com/maps/reviews/data=!4m8!14m7!1m6!2m5!1sChZDSUhNMG9nS0VJQ0FnSUNtbTZ6Sk9nEAE!2m1!1s0x0:0x7ab621136bac2665!3m1!1s2@1:CIHM0ogKEICAgICmm6zJOg%7C%7C?hl=ru,4.3,1544,2022-01-10 09:13:48+00:00,164,0,0,0,0,1,0,0,0,0,0
"Бар ""Club Liberty""",ChZDSUhNMG9nS0VJQ0FnSUNtNjkyVkR3EAE,1,Ужасно,https://www.google.com/maps/reviews/data=!4m8!14m7!1m6!2m5!1sChZDSUhNMG9nS0VJQ0FnSUNtNjkyVkR3EAE!2m1!1s0x0:0x7ab621136bac2665!3m1!1s2@1:CIHM0ogKEICAgICm692VDw%7C%7C?hl=ru,4.3,1544,2022-01-10 06:11:21+00:00,6,0,0,0,0,0,0,0,0,0,0
"Бар ""Club Liberty""",ChZDSUhNMG9nS0VJQ0FnSUNteS1hZkxREAE,5,Отличная музыка ))),https://www.google.com/maps/reviews/data=!4m8!14m7!1m6!2m5!1sChZDSUhNMG9nS0VJQ0FnSUNteS1hZkxREAE!2m1!1s0x0:0x7ab621136bac2665!3m1!1s2@1:CIHM0ogKEICAgICmy-afLQ%7C%7C?hl=ru,4.3,1544,2022-01-09 14:58:05+00:00,19,0,0,0,0,0,0,0,0,0,0
"Бар ""Club Liberty""",ChZDSUhNMG9nS0VJQ0FnSUNta19mRGRnEAE,5,"Хорошее место как просто отдохнуть, так и потанцевать социальные нанцы по средам и воскресеньям.",https://www.google.com/maps/reviews/data=!4m8!14m7!1m6!2m5!1sChZDSUhNMG9nS0VJQ0FnSUNta19mRGRnEAE!2m1!1s0x0:0x7ab621136bac2665!3m1!1s2@1:CIHM0ogKEICAgICmk_fDdg%7C%7C?hl=ru,4.3,1544,2022-01-08 12:10:53+00:00,96,0,0,0,0,0,0,0,0,0,0
"Бар ""Club Liberty""",ChZDSUhNMG9nS0VJQ0FnSUNtdmJmcWNREAE,3,"Very strange music. Expensive bar, diluted cocktails",https://www.google.com/maps/reviews/data=!4m8!14m7!1m6!2m5!1sChZDSUhNMG9nS0VJQ0FnSUNtdmJmcWNREAE!2m1!1s0x0:0x7ab621136bac2665!3m1!1s2@1:CIHM0ogKEICAgICmvbfqcQ%7C%7C?hl=ru,4.3,1544,2022-01-06 23:49:27+00:00,52,0,1,0,1,0,1,0,0,0,0
"Бар ""Club Liberty""",ChZDSUhNMG9nS0VJQ0FnSUNtemJydWJREAE,5,Всё отлично. Вечеринки душевные. Коктейли не дорогие. Потанцевать есть с кем😊,https://www.google.com/maps/reviews/data=!4m8!14m7!1m6!2m5!1sChZDSUhNMG9nS0VJQ0FnSUNtemJydWJREAE!2m1!1s0x0:0x7ab621136bac2665!3m1!1s2@1:CIHM0ogKEICAgICmzbrubQ%7C%7C?hl=ru,4.3,1544,2022-01-05 16:51:44+00:00,77,0,0,0,0,0,0,0,0,0,0
"Бар ""Club Liberty""",ChZDSUhNMG9nS0VJQ0FnSUNtMmZTb01nEAE,1,"Ужасно , притом вход 2тыс.руб того не стоит зашли и вышли интерьер 70х . Не для модных ну сорри.  Значит такие место до сих пор существует в Москве жаль . Не для молодёжи , не для приличных людей ну вообще-то нет слов (",https://www.google.com/maps/reviews/data=!4m8!14m7!1m6!2m5!1sChZDSUhNMG9nS0VJQ0FnSUNtMmZTb01nEAE!2m1!1s0x0:0x7ab621136bac2665!3m1!1s2@1:CIHM0ogKEICAgICm2fSoMg%7C%7C?hl=ru,4.3,1544,2022-01-02 22:29:58+00:00,219,0,0,0,0,1,1,1,0,1,0
"Бар ""Club Liberty""",ChZDSUhNMG9nS0VJQ0FnSUNtbWVyTENBEAE,5,Очень понравилось,https://www.google.com/maps/reviews/data=!4m8!14m7!1m6!2m5!1sChZDSUhNMG9nS0VJQ0FnSUNtbWVyTENBEAE!2m1!1s0x0:0x7ab621136bac2665!3m1!1s2@1:CIHM0ogKEICAgICmmerLCA%7C%7C?hl=ru,4.3,1544,2022-01-02 17:24:47+00:00,17,0,0,0,0,0,0,0,0,0,0
Бар 1929,Ci9DQUlRQUNvZENodHljRjlvT2xob1dXbHBUVjl1VkRaQ1VXWkJaMjFxU1RCR2FsRRAB,5,"Хорошее место, приятная музыка",https://www.google.com/maps/reviews/data=!4m8!14m7!1m6!2m5!1sCi9DQUlRQUNvZENodHljRjlvT2xob1dXbHBUVjl1VkRaQ1VXWkJaMjFxU1RCR2FsRRAB!2m1!1s0x0:0xa78c1220e0268d3a!3m1!1s2@1:CAIQACodChtycF9oOlhoWWlpTV9uVDZCUWZBZ21qSTBGalE%7C%7C?hl=ru,4.0,1540,2026-07-05 00:44:02+00:00,30,0,0,0,0,0,0,0,0,0,0
Бар 1929,Ci9DQUlRQUNvZENodHljRjlvT2xGdlIwZDFPVU5wTW1OMlFqWmhiM2R0VDJGTFlrRRAB,5,"Играет музыка и царит атмосфера начала выходных 💃 По еде мне всё понравилось, приготовили быстро. Здорово что выбор блюд разнообразный, да и музыка тоже, приходить сюда большой компанией комфортно 👍",https://www.google.com/maps/reviews/data=!4m8!14m7!1m6!2m5!1sCi9DQUlRQUNvZENodHljRjlvT2xGdlIwZDFPVU5wTW1OMlFqWmhiM2R0VDJGTFlrRRAB!2m1!1s0x0:0xa78c1220e0268d3a!3m1!1s2@1:CAIQACodChtycF9oOlFvR0d1OUNpMmN2QjZhb3dtT2FLYkE%7C%7C?hl=ru,4.0,1540,2026-07-03 12:23:55+00:00,198,0,0,0,0,0,0,0,0,0,0
Бар 1929,Ci9DQUlRQUNvZENodHljRjlvT2t0Zk5FZExaR0ZGZUhGVFlrTm5iVTlxVDFocFQzYxAB,5,"Отлично следят за столами, официанты быстро приносят напитки и еду, несколько раз отмечали тут др, всегда всё нравилось, спасибо за то что вы есть 🫶",https://www.google.com/maps/reviews/data=!4m8!14m7!1m6!2m5!1sCi9DQUlRQUNvZENodHljRjlvT2t0Zk5FZExaR0ZGZUhGVFlrTm5iVTlxVDFocFQzYxAB!2m1!1s0x0:0xa78c1220e0268d3a!3m1!1s2@1:CAIQACodChtycF9oOktfNEdLZGFFeHFTYkNnbU9qT1hpT3c%7C%7C?hl=ru,4.0,1540,2026-06-30 09:34:12+00:00,148,0,0,0,0,0,0,0,0,0,0
Бар 1929,Ci9DQUlRQUNvZENodHljRjlvT25KWFREaEpVakpyVTJOeE0wUnpUbU5FVm1aVGJHYxAB,5,"Надежда — самая лучшая в этом клубе, создающая атмосферу вечеров!!!!",https://www.google.com/maps/reviews/data=!4m8!14m7!1m6!2m5!1sCi9DQUlRQUNvZENodHljRjlvT25KWFREaEpVakpyVTJOeE0wUnpUbU5FVm1aVGJHYxAB!2m1!1s0x0:0xa78c1220e0268d3a!3m1!1s2@1:CAIQACodChtycF9oOnJXTDhJUjJrU2NxM0RzTmNEVmZTbGc%7C%7C?hl=ru,4.0,1540,2026-06-27 23:11:09+00:00,68,0,0,0,0,0,0,0,0,0,0
Бар 1929,Ci9DQUlRQUNvZENodHljRjlvT25aQ2FuaEtkV3A1T1VGbldFSnZUM1V6YkVoMlgwRRAB,5,"Без преувеличений хорошо прям всё, вкусная еда, приятные коктейли, замечательная музыка (как будто свой плейлист слушали), быстрое и качественное обслуживание.",https://www.google.com/maps/reviews/data=!4m8!14m7!1m6!2m5!1sCi9DQUlRQUNvZENodHljRjlvT25aQ2FuaEtkV3A1T1VGbldFSnZUM1V6YkVoMlgwRRAB!2m1!1s0x0:0xa78c1220e0268d3a!3m1!1s2@1:CAIQACodChtycF9oOnZCanhKdWp5OUFnWEJvT3UzbEh2X0E%7C%7C?hl=ru,4.0,1540,2026-06-20 11:59:17+00:00,159,0,0,0,0,0,0,0,0,0,0
Бар 1929,Ci9DQUlRQUNvZENodHljRjlvT25CdFMzWmtObFJEYWxadFVuRjJObFJ4YVRBeE5FRRAB,5,"Праздновала день рождения, бронировала стол на 6 человек. План был тусить всю ночь и отдыхать, и он полностью удался благодаря опытному и доброжелательному персоналу, крутому диджею и, конечно, моим подругам. )))

Порадовало, что не было никакого техно — играли песни, которым можно подпевать и кайфовать. Кухня очень вкусная, а скидка 25% на день рождения особенно порадовала!

Отдельное спасибо официантке Валерии!! Она всегда была рядом, консультировала, если что-то интересовало, и стол всегда был в чистоте. Очень отзывчивый персонал: когда договаривалась насчёт брони, шли мне навстречу и всё подробно объясняли.

Также кальян был просто бомба 💣 Жаль, я забыла имя кальянщика, но он реально постарался — мы были в восторге!!!

В час ночи меня поздравили с днём рождения, было очень приятно. Кусочек тортика оказался очень вкусным.

Благодаря всему этому все остались довольны, а ушли мы только к открытию метро. День рождения удался, спасибо бару 1929!!!!!!",https://www.google.com/maps/reviews/data=!4m8!14m7!1m6!2m5!1sCi9DQUlRQUNvZENodHljRjlvT25CdFMzWmtObFJEYWxadFVuRjJObFJ4YVRBeE5FRRAB!2m1!1s0x0:0xa78c1220e0268d3a!3m1!1s2@1:CAIQACodChtycF9oOnBtS3ZkNlRDalZtUnF2NlRxaTAxNEE%7C%7C?hl=ru,4.0,1540,2026-05-18 21:10:39+00:00,963,0,0,0,0,0,0,0,0,0,0
Бар 1929,Ci9DQUlRQUNvZENodHljRjlvT205SFVXcFlUSFZmTWtsRmFHcFhVekJ2ZFhjMU1YYxAB,5,"Супер бар, отличный ужин и просто обалденные настойки это будет, наш любимый бар, а официант Даша сверх всех похвал очень внимательная, предложила вкусные настойки)))",https://www.google.com/maps/reviews/data=!4m8!14m7!1m6!2m5!1sCi9DQUlRQUNvZENodHljRjlvT205SFVXcFlUSFZmTWtsRmFHcFhVekJ2ZFhjMU1YYxAB!2m1!1s0x0:0xa78c1220e0268d3a!3m1!1s2@1:CAIQACodChtycF9oOm9HUWpYTHVfMklFaGpXUzBvdXc1MXc%7C%7C?hl=ru,4.0,1540,2026-04-24 17:51:33+00:00,166,0,0,0,0,0,0,0,0,0,0
Бар 1929,Ci9DQUlRQUNvZENodHljRjlvT21OelNWZFRVMnRUZFhaUE1VRjRhVmx4ZHpJME5XYxAB,1,"Охранники слишком наглые, не позволяют посетителям даже подождать такси внутри при температуре -30",https://www.google.com/maps/reviews/data=!4m8!14m7!1m6!2m5!1sCi9DQUlRQUNvZENodHljRjlvT21OelNWZFRVMnRUZFhaUE1VRjRhVmx4ZHpJME5XYxAB!2m1!1s0x0:0xa78c1220e0268d3a!3m1!1s2@1:CAIQACodChtycF9oOmNzSVdTU2tTdXZPMUF4aVlxdzI0NWc%7C%7C?hl=ru,4.0,1540,2026-02-01 01:21:19+00:00,98,1,0,0,0,0,0,0,0,0,0
Бар 1929,Ci9DQUlRQUNvZENodHljRjlvT21adWRHOVNSRWd6ZG14cldXdG5TekJmVEVRNFIyYxAB,5,"Бар для настоящих мужчин
Когда играл Егор Крид – я держался
Когда играло розовое вино – я тоже держался, но с трудом
Когда начала играть Дора – я был готов отдать им все свои деньги

диджею руки целовал",https://www.google.com/maps/reviews/data=!4m8!14m7!1m6!2m5!1sCi9DQUlRQUNvZENodHljRjlvT21adWRHOVNSRWd6ZG14cldXdG5TekJmVEVRNFIyYxAB!2m1!1s0x0:0xa78c1220e0268d3a!3m1!1s2@1:CAIQACodChtycF9oOmZudG9SREgzdmxrWWtnSzBfTEQ4R2c%7C%7C?hl=ru,4.0,1540,2025-07-28 21:42:16+00:00,202,0,0,0,0,0,0,0,0,0,0
Бар 1929,ChZDSUhNMG9nS0VJQ0FnSUR0NEppTGJ3EAE,5,Konakladığım yere yakındı burası .Sokakta karşılaştığım iki kıza buranın nasıl bir yer olduğunu sordum ve onlarda oraya gitmemi önerdiler .Bende bundan dolayı geldim.Barmeniniz sıcak kanlı insanlardı kapıda ki çalışan arkadaşta öyleydi bana bir sıkıntı çıkarmadılar. Zaten benimde amacım sıkıntı çıkarmak değildi. Biraz otelden uzaklaşıp bir şeyler içmek istiyordum.Kendimi güvensiz hissetmedim işletmenizde .Tekrar şehrinize gelirsem uğrayıp yine birşeyler içmek isteyeceğim biryer .Türk arkadaşınızdan selamlar umarım yakında tekrar görüşürüz👋,https://www.google.com/maps/reviews/data=!4m8!14m7!1m6!2m5!1sChZDSUhNMG9nS0VJQ0FnSUR0NEppTGJ3EAE!2m1!1s0x0:0xa78c1220e0268d3a!3m1!1s2@1:CIHM0ogKEICAgIDt4JiLbw%7C%7C?hl=ru,4.0,1540,2024-02-02 00:09:31+00:00,545,0,0,0,0,0,0,0,0,0,0
Бар 1929,ChdDSUhNMG9nS0VJQ0FnSUN2NksyUzl3RRAB,5,"Отличный бар !!! Классная музыка, Персонал на высшем уровне! Место где можно круто провести выходные",https://www.google.com/maps/reviews/data=!4m8!14m7!1m6!2m5!1sChdDSUhNMG9nS0VJQ0FnSUN2NksyUzl3RRAB!2m1!1s0x0:0xa78c1220e0268d3a!3m1!1s2@1:CIHM0ogKEICAgICv6K2S9wE%7C%7C?hl=ru,4.0,1540,2024-12-07 17:49:58+00:00,100,0,0,0,0,0,0,0,0,0,0
Бар 1929,ChdDSUhNMG9nS0VJQ0FnSUNQdXFMU3hBRRAB,5,"Отличное место, очень атмосферное, часто играем в данном баре в квизы. Официанты всегда подходят, отвечают на все вопросы. Еда и напитки очень вкусные. Звук отличный.",https://www.google.com/maps/reviews/data=!4m8!14m7!1m6!2m5!1sChdDSUhNMG9nS0VJQ0FnSUNQdXFMU3hBRRAB!2m1!1s0x0:0xa78c1220e0268d3a!3m1!1s2@1:CIHM0ogKEICAgICPuqLSxAE%7C%7C?hl=ru,4.0,1540,2024-11-23 14:04:00+00:00,166,0,0,0,0,0,0,0,0,0,0
Бар 1929,ChZDSUhNMG9nS0VJQ0FnSUM3bE9HNWJREAE,1,"Обманули с депозитом, потратили больше лимита, не дали сесть за стол",https://www.google.com/maps/reviews/data=!4m8!14m7!1m6!2m5!1sChZDSUhNMG9nS0VJQ0FnSUM3bE9HNWJREAE!2m1!1s0x0:0xa78c1220e0268d3a!3m1!1s2@1:CIHM0ogKEICAgIC7lOG5bQ%7C%7C?hl=ru,4.0,1540,2024-08-12 20:32:30+00:00,68,0,0,0,0,1,1,0,0,0,0
Бар 1929,ChZDSUhNMG9nS0VJQ0FnSURqX3E2NkZnEAE,1,"Говорят, что депозита нет, а по факту охрана требует депозит. А ведь спецом писал в официальную группу ВК и спрашивал.",https://www.google.com/maps/reviews/data=!4m8!14m7!1m6!2m5!1sChZDSUhNMG9nS0VJQ0FnSURqX3E2NkZnEAE!2m1!1s0x0:0xa78c1220e0268d3a!3m1!1s2@1:CIHM0ogKEICAgIDj_q66Fg%7C%7C?hl=ru,4.0,1540,2024-05-03 20:33:43+00:00,118,1,0,0,0,0,1,1,0,0,0
Бар 1929,ChdDSUhNMG9nS0VJQ0FnSUR0aXVxUXBBRRAB,5,Отличное место! И что немаловажно - приятная охрана. Атмосферно. Можно и выпить и покушать и потанцевать. Дешевые кальяны и очень вкусные. Кальянщик вообще волшебник 🪄,https://www.google.com/maps/reviews/data=!4m8!14m7!1m6!2m5!1sChdDSUhNMG9nS0VJQ0FnSUR0aXVxUXBBRRAB!2m1!1s0x0:0xa78c1220e0268d3a!3m1!1s2@1:CIHM0ogKEICAgIDtiuqQpAE%7C%7C?hl=ru,4.0,1540,2024-02-03 17:19:18+00:00,167,0,0,0,0,0,0,0,0,0,0
Бар 1929,ChZDSUhNMG9nS0VJQ0FnSUMxa1BMT0ZnEAE,5,"Хорошее заведение. Но вчера небольшой казус произошел.
После работы хотел выпить пива. Пришел, сказали, что все пиво кончилось. Пришел какой-то Одиссей (t.me/doge) и все выпил, ссылаясь на подготовку какого-то пампа.
Заказал покушать, спасибо!",https://www.google.com/maps/reviews/data=!4m8!14m7!1m6!2m5!1sChZDSUhNMG9nS0VJQ0FnSUMxa1BMT0ZnEAE!2m1!1s0x0:0xa78c1220e0268d3a!3m1!1s2@1:CIHM0ogKEICAgIC1kPLOFg%7C%7C?hl=ru,4.0,1540,2023-12-20 16:14:17+00:00,243,0,0,0,1,0,0,0,0,0,0
Бар 1929,ChZDSUhNMG9nS0VJQ0FnSUNGX2Fydk1REAE,4,"Все понравилось кроме еды 🙃
Ходили на Хэлуин (депозит за випку 20тыс и если больше 6 человек то еще нужно платить 10% за сервис)
Музыка понравилась
Все было безопасно, охрана на уровне",https://www.google.com/maps/reviews/data=!4m8!14m7!1m6!2m5!1sChZDSUhNMG9nS0VJQ0FnSUNGX2Fydk1REAE!2m1!1s0x0:0xa78c1220e0268d3a!3m1!1s2@1:CIHM0ogKEICAgICF_arvMQ%7C%7C?hl=ru,4.0,1540,2023-10-31 22:09:21+00:00,184,0,0,0,1,0,0,0,0,0,0
Бар 1929,ChdDSUhNMG9nS0VJQ0FnSURwZ3RQc3dnRRAB,5,"Visited this place on a Monday evening, the place wasn't very crowded although i met some interesting people, the bartender was very friendly too.",https://www.google.com/maps/reviews/data=!4m8!14m7!1m6!2m5!1sChdDSUhNMG9nS0VJQ0FnSURwZ3RQc3dnRRAB!2m1!1s0x0:0xa78c1220e0268d3a!3m1!1s2@1:CIHM0ogKEICAgIDpgtPswgE%7C%7C?hl=ru,4.0,1540,2023-08-18 13:26:27+00:00,146,0,0,0,0,0,0,0,0,0,0
Бар 1929,ChdDSUhNMG9nS0VJQ0FnSUR4aTdDcHd3RRAB,1,"Одно из самых ужасных заведений в Москве.Понятно почему нет свежих отзывов и при этом навязчивая реклама ,например,вконтакте.
Охрана на входе -самое классное ,что есть в этом клубе.Дальше-полный отстой!!
Людей мало 2.00 в субботу ,полно свободных столиков,но на каждом -резерв.Ладно,сели за барную стойку.Музыка для такого времени-отстой..Потанцевали немного только наша компания ,без нас танцпол в самый разгар -пустой.
Коктейли -такого нигде не встречали до этого.Рецепт прост:50% льда,29% воды,11% алкоголя и 10% красителя..
Вам самим от себя не противно?????А именно напыщенным и хамотивым барменам а также их руководителям!!
Вместо активной рекламы в соцсетях и ярких попыток заманивания людей,может лучше делать качественые и вкусные коктейли,танцевальную музыку и приветливый персонал??",https://www.google.com/maps/reviews/data=!4m8!14m7!1m6!2m5!1sChdDSUhNMG9nS0VJQ0FnSUR4aTdDcHd3RRAB!2m1!1s0x0:0xa78c1220e0268d3a!3m1!1s2@1:CIHM0ogKEICAgIDxi7CpwwE%7C%7C?hl=ru,4.0,1540,2023-06-14 19:49:59+00:00,793,0,1,1,1,0,0,0,0,0,0
Бар 1929,ChdDSUhNMG9nS0VJQ0FnSUN4MjV2ZzF3RRAB,1,"Самый мудацкий клуб!
А вот этот п*""""""о - его предводитель!!",https://www.google.com/maps/reviews/data=!4m8!14m7!1m6!2m5!1sChdDSUhNMG9nS0VJQ0FnSUN4MjV2ZzF3RRAB!2m1!1s0x0:0xa78c1220e0268d3a!3m1!1s2@1:CIHM0ogKEICAgICx25vg1wE%7C%7C?hl=ru,4.0,1540,2023-05-26 22:41:00+00:00,59,0,0,0,0,0,0,0,0,0,1
Бар 1929,ChZDSUhNMG9nS0VJQ0FnSUNXb2VPUWJ3EAE,4,еда на вкус была довольно кровавой,https://www.google.com/maps/reviews/data=!4m8!14m7!1m6!2m5!1sChZDSUhNMG9nS0VJQ0FnSUNXb2VPUWJ3EAE!2m1!1s0x0:0xa78c1220e0268d3a!3m1!1s2@1:CIHM0ogKEICAgICWoeOQbw%7C%7C?hl=ru,4.0,1540,2022-02-28 22:29:35+00:00,34,0,0,0,1,0,0,0,0,0,0
Бар 1929,ChdDSUhNMG9nS0VJQ0FnSUNXOHJ5TnRBRRAB,1,"Охранники быдло. Впускают хрен пойми по какому принципу. Людей с луком на 100к не пустили. Просто смех. Были в трезвом состоянии. Паспорт был с собой, но охранника это не волновало. Если владельца хоть чуточку заботит его бизнес, гнать таких с работы",https://www.google.com/maps/reviews/data=!4m8!14m7!1m6!2m5!1sChdDSUhNMG9nS0VJQ0FnSUNXOHJ5TnRBRRAB!2m1!1s0x0:0xa78c1220e0268d3a!3m1!1s2@1:CIHM0ogKEICAgICW8ryNtAE%7C%7C?hl=ru,4.0,1540,2022-02-22 22:39:30+00:00,250,1,0,0,0,0,0,0,0,0,0
Бар 1929,ChdDSUhNMG9nS0VJQ0FnSUNXeklmSXh3RRAB,1,Охраники не пускают без объяснения причины,https://www.google.com/maps/reviews/data=!4m8!14m7!1m6!2m5!1sChdDSUhNMG9nS0VJQ0FnSUNXeklmSXh3RRAB!2m1!1s0x0:0xa78c1220e0268d3a!3m1!1s2@1:CIHM0ogKEICAgICWzIfIxwE%7C%7C?hl=ru,4.0,1540,2022-02-19 22:55:02+00:00,42,1,0,0,0,0,0,0,0,0,0
Бар 1929,ChZDSUhNMG9nS0VJQ0FnSUNXNkl2LVdBEAE,5,"Приходили с подругой в ночь с 13 по 14 февраля. При входе стоял очень приятный молодой человек, уважительно проконсультировал нас по данному месту, рассказал что можем хорошо отдохнуть в данном заведение. После чего мы спустились к гардеробу, чтоб сдать вещи, когда повернулись нас уже ждал менеджер Данила чтобы уважить наши потребности, выбрал нам самый шикарный столик, и официант Рафаэль очень быстро, и грамотно сориентировал по меню. К сожалению мы чутка перебрали, и по нелепой ошибке потеряли телефон с ключами, охранник Александр к которому мы обратились за помощью, быстро отреагировал на нашу просьбу, и так же быстро решил нашу просьбу. Самое что удивляет нас в этом заведение, это очень вежливая охрана, ни в одном месте не видел таких адекватных ребят.",https://www.google.com/maps/reviews/data=!4m8!14m7!1m6!2m5!1sChZDSUhNMG9nS0VJQ0FnSUNXNkl2LVdBEAE!2m1!1s0x0:0xa78c1220e0268d3a!3m1!1s2@1:CIHM0ogKEICAgICW6Iv-WA%7C%7C?hl=ru,4.0,1540,2022-02-16 23:24:08+00:00,766,0,0,0,0,0,0,0,0,0,0
Бар 1929,ChZDSUhNMG9nS0VJQ0FnSURtei1XV0lnEAE,5,Спасибо бару загостеприимность. На входе встречает приятная охрана. В зале работают профессионалы своего дела! Сервис лучший в москве. Официанты обслуживают на 5+,https://www.google.com/maps/reviews/data=!4m8!14m7!1m6!2m5!1sChZDSUhNMG9nS0VJQ0FnSURtei1XV0lnEAE!2m1!1s0x0:0xa78c1220e0268d3a!3m1!1s2@1:CIHM0ogKEICAgIDmz-WWIg%7C%7C?hl=ru,4.0,1540,2022-02-13 03:02:32+00:00,162,0,0,0,0,0,0,0,0,0,0
Бар 1929,ChZDSUhNMG9nS0VJQ0FnSURtaDZMTVNnEAE,1,Не пустили. Бред. Место хлам.,https://www.google.com/maps/reviews/data=!4m8!14m7!1m6!2m5!1sChZDSUhNMG9nS0VJQ0FnSURtaDZMTVNnEAE!2m1!1s0x0:0xa78c1220e0268d3a!3m1!1s2@1:CIHM0ogKEICAgIDmh6LMSg%7C%7C?hl=ru,4.0,1540,2022-02-10 22:06:15+00:00,29,1,0,0,0,0,0,0,0,0,0
Бар 1929,ChdDSUhNMG9nS0VJQ0FnSURtZzRHbnhBRRAB,4,"Большое пространство для больших компаний, удобная мебель..немного дороговаты закуски",https://www.google.com/maps/reviews/data=!4m8!14m7!1m6!2m5!1sChdDSUhNMG9nS0VJQ0FnSURtZzRHbnhBRRAB!2m1!1s0x0:0xa78c1220e0268d3a!3m1!1s2@1:CIHM0ogKEICAgIDmg4GnxAE%7C%7C?hl=ru,4.0,1540,2022-02-07 11:02:58+00:00,85,0,0,0,0,0,1,0,0,0,0
Бар 1929,ChdDSUhNMG9nS0VJQ0FnSURtcmYzQXNRRRAB,5,"Приятные бармены, хорошая музыка.
Очень понравилась атмосфера",https://www.google.com/maps/reviews/data=!4m8!14m7!1m6!2m5!1sChdDSUhNMG9nS0VJQ0FnSURtcmYzQXNRRRAB!2m1!1s0x0:0xa78c1220e0268d3a!3m1!1s2@1:CIHM0ogKEICAgIDmrf3AsQE%7C%7C?hl=ru,4.0,1540,2022-02-05 22:23:34+00:00,61,0,0,0,0,0,0,0,0,0,0
Бар 1929,ChZDSUhNMG9nS0VJQ0FnSURtOWFHNEJ3EAE,1,"Ударили, охрана послала матом, защищают только постоянных гостей, если ты там в первые можешь не надеяться на помощь, запись с камер не смотрят, не важно если ты прав. Полный зал в подвальном помещении, в принципе как был быдло пати так и остался, хорошо уехали в другое достойное заведение. Больше туда не ногой!",https://www.google.com/maps/reviews/data=!4m8!14m7!1m6!2m5!1sChZDSUhNMG9nS0VJQ0FnSURtOWFHNEJ3EAE!2m1!1s0x0:0xa78c1220e0268d3a!3m1!1s2@1:CIHM0ogKEICAgIDm9aG4Bw%7C%7C?hl=ru,4.0,1540,2022-02-05 03:14:04+00:00,313,1,0,0,0,1,0,0,1,1,0
Бар 1929,ChdDSUhNMG9nS0VJQ0FnSURtM3Etb2hBRRAB,5,"Вадим-самый лучший бармен!!
Очень приятное обслуживание и вкусные коктейли",https://www.google.com/maps/reviews/data=!4m8!14m7!1m6!2m5!1sChdDSUhNMG9nS0VJQ0FnSURtM3Etb2hBRRAB!2m1!1s0x0:0xa78c1220e0268d3a!3m1!1s2@1:CIHM0ogKEICAgIDm3q-ohAE%7C%7C?hl=ru,4.0,1540,2022-01-29 18:28:18+00:00,74,0,0,0,0,0,0,0,0,0,0
Бар 1929,ChZDSUhNMG9nS0VJQ0FnSURtdnFxWUFREAE,5,"Если хотите потрясающие обслуживание и наивкуснейшие коктейли, вам к Вадиму…он ещё и разговор поддержит)))",https://www.google.com/maps/reviews/data=!4m8!14m7!1m6!2m5!1sChZDSUhNMG9nS0VJQ0FnSURtdnFxWUFREAE!2m1!1s0x0:0xa78c1220e0268d3a!3m1!1s2@1:CIHM0ogKEICAgIDmvqqYAQ%7C%7C?hl=ru,4.0,1540,2022-01-29 19:52:07+00:00,106,0,0,0,0,0,0,0,0,0,0
Бар 1929,ChdDSUhNMG9nS0VJQ0FnSURtaXZtd2t3RRAB,5,Рекомендую!!!,https://www.google.com/maps/reviews/data=!4m8!14m7!1m6!2m5!1sChdDSUhNMG9nS0VJQ0FnSURtaXZtd2t3RRAB!2m1!1s0x0:0xa78c1220e0268d3a!3m1!1s2@1:CIHM0ogKEICAgIDmivmwkwE%7C%7C?hl=ru,4.0,1540,2022-01-24 17:52:35+00:00,13,0,0,0,0,0,0,0,0,0,0
Бар 1929,ChdDSUhNMG9nS0VJQ0FnSURtbE5pRzVRRRAB,4,"Ну что вам сказать...
Дорого, коктейли плохие, алкоголь в них явно не доливают :(
Казалось бы, уже за это стоило снять звезды так 4, но если вы любите бл*дки-колядки так же, как и я, то вы будете возвращаться сюда снова и снова
Супер популярная музыка из 00-х и 10-х в совокупности с работой диджея заслуживает отдельного лайка

UPD: увидел ответ владельца: ""Ясно.""
Меня очень порадовало, что на мой отзыв обратили внимание
Хочу его дополнить комментарием. Говоря о ""бл*дках-колядках"" я не имею ввиду ничего пошлого и вульгарного, в моём случае это танцы с друзьями и наблюдение за разнообразием в поведении гостей сего  заведения. Я всё таки социолог😅

Надеюсь, что Вам, уважаемый владелец, ясно, что персонал по своей воле или по вашему указанию не доливает алкоголь.",https://www.google.com/maps/reviews/data=!4m8!14m7!1m6!2m5!1sChdDSUhNMG9nS0VJQ0FnSURtbE5pRzVRRRAB!2m1!1s0x0:0xa78c1220e0268d3a!3m1!1s2@1:CIHM0ogKEICAgIDmlNiG5QE%7C%7C?hl=ru,4.0,1540,2022-01-19 16:59:51+00:00,769,0,0,1,1,0,1,0,0,0,0
Бар 1929,ChdDSUhNMG9nS0VJQ0FnSURtNEx6XzRnRRAB,5,"Восхитительный бармен, очень приятный молодой человек, сделал настолько вкусные коктейли!!! Всем советую😍",https://www.google.com/maps/reviews/data=!4m8!14m7!1m6!2m5!1sChdDSUhNMG9nS0VJQ0FnSURtNEx6XzRnRRAB!2m1!1s0x0:0xa78c1220e0268d3a!3m1!1s2@1:CIHM0ogKEICAgIDm4Lz_4gE%7C%7C?hl=ru,4.0,1540,2022-01-15 18:55:17+00:00,105,0,0,0,0,0,0,0,0,0,0
Бар 1929,ChZDSUhNMG9nS0VJQ0FnSUNtbVltVEFREAE,1,"Мое любимое место, но охранник очень грубый, я и мои друзья были в субботу, и он не впустил нас, и он очень грубо с нами разговаривал",https://www.google.com/maps/reviews/data=!4m8!14m7!1m6!2m5!1sChZDSUhNMG9nS0VJQ0FnSUNtbVltVEFREAE!2m1!1s0x0:0xa78c1220e0268d3a!3m1!1s2@1:CIHM0ogKEICAgICmmYmTAQ%7C%7C?hl=ru,4.0,1540,2022-01-02 18:38:25+00:00,133,1,0,0,0,0,0,0,0,0,0
Бар 1929,ChdDSUhNMG9nS0VJQ0FnSUNteWJMc3ZRRRAB,5,"Был впервые. Всё понравилось.
Охрана великолепная, бар превосходный,  музыка отличная.",https://www.google.com/maps/reviews/data=!4m8!14m7!1m6!2m5!1sChdDSUhNMG9nS0VJQ0FnSUNteWJMc3ZRRRAB!2m1!1s0x0:0xa78c1220e0268d3a!3m1!1s2@1:CIHM0ogKEICAgICmybLsvQE%7C%7C?hl=ru,4.0,1540,2022-01-01 20:58:12+00:00,86,0,0,0,0,0,0,0,0,0,0
DeFAQto,Ci9DQUlRQUNvZENodHljRjlvT21SaFRqVTRXV1JOV1dRNU1qVk9jRlV4ZEdWemVIYxAB,5,Бармен делает очень хорошую маргариту! Рекомендую!,https://www.google.com/maps/reviews/data=!4m8!14m7!1m6!2m5!1sCi9DQUlRQUNvZENodHljRjlvT21SaFRqVTRXV1JOV1dRNU1qVk9jRlV4ZEdWemVIYxAB!2m1!1s0x0:0x52dd3e2c7b133997!3m1!1s2@1:CAIQACodChtycF9oOmRhTjU4WWRNWWQ5MjVOcFUxdGVzeHc%7C%7C?hl=ru,4.6,1058,2025-11-16 17:58:49+00:00,50,0,0,0,0,0,0,0,0,0,0
DeFAQto,Ci9DQUlRQUNvZENodHljRjlvT2pFMVUyNUpNbGMxZEZoQlMyOHpWVUY1UzBsSmJrRRAB,4,"fun place, music’s good, drinks a bit pricey but expected. atmosphere is lively, lots of people on weekends.
sometimes hard to get a table, but overall had a great night.",https://www.google.com/maps/reviews/data=!4m8!14m7!1m6!2m5!1sCi9DQUlRQUNvZENodHljRjlvT2pFMVUyNUpNbGMxZEZoQlMyOHpWVUY1UzBsSmJrRRAB!2m1!1s0x0:0x52dd3e2c7b133997!3m1!1s2@1:CAIQACodChtycF9oOjE1U25JMlc1dFhBS28zVUF5S0lJbkE%7C%7C?hl=ru,4.6,1058,2025-10-03 11:58:59+00:00,170,0,0,0,0,1,0,0,0,0,0
DeFAQto,Ci9DQUlRQUNvZENodHljRjlvT21kZldrOVpUMmx0Ym1GUFJWcDRkSFowUjBSbVkyYxAB,5,Любимое место!,https://www.google.com/maps/reviews/data=!4m8!14m7!1m6!2m5!1sCi9DQUlRQUNvZENodHljRjlvT21kZldrOVpUMmx0Ym1GUFJWcDRkSFowUjBSbVkyYxAB!2m1!1s0x0:0x52dd3e2c7b133997!3m1!1s2@1:CAIQACodChtycF9oOmdfWk9ZT2ltbmFPRVp4dHZ0R0RmY2c%7C%7C?hl=ru,4.6,1058,2025-09-22 10:45:59+00:00,14,0,0,0,0,0,0,0,0,0,0
DeFAQto,Ci9DQUlRQUNvZENodHljRjlvT2xkZlZsTTRWRlJ5WVZCQ2RHbFpiRU5JWVhjd1pXYxAB,5,Лучший ночной клуб в Москве в котором я бывал,https://www.google.com/maps/reviews/data=!4m8!14m7!1m6!2m5!1sCi9DQUlRQUNvZENodHljRjlvT2xkZlZsTTRWRlJ5WVZCQ2RHbFpiRU5JWVhjd1pXYxAB!2m1!1s0x0:0x52dd3e2c7b133997!3m1!1s2@1:CAIQACodChtycF9oOldfVlM4VFRyYVBCdGlZbENIYXcwZWc%7C%7C?hl=ru,4.6,1058,2025-08-11 13:25:07+00:00,45,0,0,0,0,0,0,0,0,0,0
DeFAQto,Ci9DQUlRQUNvZENodHljRjlvT25RMU5tVTFWa3A0U0VGak5uUnlMWHAyV1RoTldIYxAB,5,Всë на высшем уровне нам понравилось советую,https://www.google.com/maps/reviews/data=!4m8!14m7!1m6!2m5!1sCi9DQUlRQUNvZENodHljRjlvT25RMU5tVTFWa3A0U0VGak5uUnlMWHAyV1RoTldIYxAB!2m1!1s0x0:0x52dd3e2c7b133997!3m1!1s2@1:CAIQACodChtycF9oOnQ1NmU1Vkp4SEFjNnRyLXp2WThNWHc%7C%7C?hl=ru,4.6,1058,2025-08-11 10:12:59+00:00,44,0,0,0,0,0,0,0,0,0,0
DeFAQto,Ci9DQUlRQUNvZENodHljRjlvT2xneVZITTBXbFpsYXpaWlJrTjNVbTF3Y2tGQ2QxRRAB,5,хороший,https://www.google.com/maps/reviews/data=!4m8!14m7!1m6!2m5!1sCi9DQUlRQUNvZENodHljRjlvT2xneVZITTBXbFpsYXpaWlJrTjNVbTF3Y2tGQ2QxRRAB!2m1!1s0x0:0x52dd3e2c7b133997!3m1!1s2@1:CAIQACodChtycF9oOlgyVHM0WlZlazZZRkN3Um1wckFCd1E%7C%7C?hl=ru,4.6,1058,2025-07-15 12:59:33+00:00,7,0,0,0,0,0,0,0,0,0,0
DeFAQto,Ci9DQUlRQUNvZENodHljRjlvT2s1bU5XaE1NRTFvV0hVeE5WWjRWM0JuUTB0VE1GRRAB,5,Отличное атмосферное заведение,https://www.google.com/maps/reviews/data=!4m8!14m7!1m6!2m5!1sCi9DQUlRQUNvZENodHljRjlvT2s1bU5XaE1NRTFvV0hVeE5WWjRWM0JuUTB0VE1GRRAB!2m1!1s0x0:0x52dd3e2c7b133997!3m1!1s2@1:CAIQACodChtycF9oOk5mNWhMME1oWHUxNVZ4V3BnQ0tTMFE%7C%7C?hl=ru,4.6,1058,2025-07-02 10:24:22+00:00,30,0,0,0,0,0,0,0,0,0,0
DeFAQto,Ci9DQUlRQUNvZENodHljRjlvT2tWaFdEVnpWVXhwTTBZeWRFRkJiR05sTjBwRVEzYxAB,5,"Хороший ночной клуб,все хорошо,еда вкусная,персонал добрый!",https://www.google.com/maps/reviews/data=!4m8!14m7!1m6!2m5!1sCi9DQUlRQUNvZENodHljRjlvT2tWaFdEVnpWVXhwTTBZeWRFRkJiR05sTjBwRVEzYxAB!2m1!1s0x0:0x52dd3e2c7b133997!3m1!1s2@1:CAIQACodChtycF9oOkVhWDVzVUxpM0YydEFBbGNlN0pEQ3c%7C%7C?hl=ru,4.6,1058,2025-06-30 13:10:56+00:00,59,0,0,0,0,0,0,0,0,0,0
DeFAQto,Ci9DQUlRQUNvZENodHljRjlvT201WU9YaHZkbWhCU3pCNVZVbGhZM0ZmVjFVd1gzYxAB,5,"Прекрасный ночной клуб, музыка, сервис на высшем уровне, буду рекомендовать близким и друзьям",https://www.google.com/maps/reviews/data=!4m8!14m7!1m6!2m5!1sCi9DQUlRQUNvZENodHljRjlvT201WU9YaHZkbWhCU3pCNVZVbGhZM0ZmVjFVd1gzYxAB!2m1!1s0x0:0x52dd3e2c7b133997!3m1!1s2@1:CAIQACodChtycF9oOm5YOXhvdmhBSzB5VUlhY3FfV1UwX3c%7C%7C?hl=ru,4.6,1058,2025-06-28 16:42:58+00:00,93,0,0,0,0,0,0,0,0,0,0
DeFAQto,Ci9DQUlRQUNvZENodHljRjlvT2xwS1VWWkJNelZYU1ZwbGQwaEZjVXh0ZVhOSlUwRRAB,5,"После посещения этого клуба остались хорошие и только положительные впечатления. Атмосфера - яркая и весёлая, зажигательная и подвижная музыка. Официанты - доброжелательные, быстро реагирует на заказы и недлительное время ожидания. Еда и напитки были не только вкусными, но и красиво украшенными. Мне всё понравилось и я осталась довольна, обязательно порекомендую этот клуб своим друзьям.",https://www.google.com/maps/reviews/data=!4m8!14m7!1m6!2m5!1sCi9DQUlRQUNvZENodHljRjlvT2xwS1VWWkJNelZYU1ZwbGQwaEZjVXh0ZVhOSlUwRRAB!2m1!1s0x0:0x52dd3e2c7b133997!3m1!1s2@1:CAIQACodChtycF9oOlpKUVZBMzVXSVpld0hFcUxteXNJU0E%7C%7C?hl=ru,4.6,1058,2025-06-23 10:47:29+00:00,389,0,0,0,0,0,0,0,0,0,0
DeFAQto,Ci9DQUlRQUNvZENodHljRjlvT2xGdmFqTmZVelJuWlZaQ01FSTFWSFpLYTNWMWMzYxAB,5,"Очень хороший бар, можно посидеть с девушкой выпить коктели, потанцевать, рекомендую.",https://www.google.com/maps/reviews/data=!4m8!14m7!1m6!2m5!1sCi9DQUlRQUNvZENodHljRjlvT2xGdmFqTmZVelJuWlZaQ01FSTFWSFpLYTNWMWMzYxAB!2m1!1s0x0:0x52dd3e2c7b133997!3m1!1s2@1:CAIQACodChtycF9oOlFvajNfUzRnZVZCMEI1VHZKa3V1c3c%7C%7C?hl=ru,4.6,1058,2025-06-18 10:20:04+00:00,85,0,0,0,0,0,0,0,0,0,0
DeFAQto,Ci9DQUlRQUNvZENodHljRjlvT2psVFdEZElVMEk0TW5aSlVGSjZZVkZaYlV0c1luYxAB,5,"Мне кажется, клуб Супер чтобы посидеть с друзьями и повеселиться!",https://www.google.com/maps/reviews/data=!4m8!14m7!1m6!2m5!1sCi9DQUlRQUNvZENodHljRjlvT2psVFdEZElVMEk0TW5aSlVGSjZZVkZaYlV0c1luYxAB!2m1!1s0x0:0x52dd3e2c7b133997!3m1!1s2@1:CAIQACodChtycF9oOjlTWDdIU0I4MnZJUFJ6YVFZbUtsYnc%7C%7C?hl=ru,4.6,1058,2025-06-13 10:00:27+00:00,65,0,0,0,0,0,0,0,0,0,0
DeFAQto,ChZDSUhNMG9nS0VNTEpvNmVhcmJ5QUpnEAE,5,Мне все понравилось,https://www.google.com/maps/reviews/data=!4m8!14m7!1m6!2m5!1sChZDSUhNMG9nS0VNTEpvNmVhcmJ5QUpnEAE!2m1!1s0x0:0x52dd3e2c7b133997!3m1!1s2@1:CIHM0ogKEMLJo6earbyAJg%7C%7C?hl=ru,4.6,1058,2025-06-07 14:43:39+00:00,19,0,0,0,0,0,0,0,0,0,0
DeFAQto,ChdDSUhNMG9nS0VJQ0FnTUNZNXJiX193RRAB,4,"Сегодня поселили с товарищем бар DeFAQto на Чистых прудах в Москве .Вход бесплатный .До 0:30 выступала группа .Пела известные песни.Потом началась дискотека.Места для танцев совсем мало .Женщин и мужчин было примерно поровну.Возраст публики разный .Музыкальные треки меняли каждые 30 секунд .Временами публика двигалась достаточно энергично и эмоционально.Танцевали в основном женщины.Я немножко подвигался у входа ,чем привлек внимание некоторых женщин .Одна из них направила телефон как бы на свою подругу за столом ,но самом деле решила меня поснимать )После дискотеки ,на улице у клуба подошел к трем посетительницам данного заведения и начал читать стихотворение в немного измененном формате :»Скажите дамы ,ведь недаром ,
Москва ,спаленная пожаром ,
Французам отдана была ?»

К моему удивлению,они знали продолжение стихотворения и начали мне его зачитывать )
Правда номер телефона или координаты в соцсетях не оставили )",https://www.google.com/maps/reviews/data=!4m8!14m7!1m6!2m5!1sChdDSUhNMG9nS0VJQ0FnTUNZNXJiX193RRAB!2m1!1s0x0:0x52dd3e2c7b133997!3m1!1s2@1:CIHM0ogKEICAgMCY5rb__wE%7C%7C?hl=ru,4.6,1058,2025-05-04 01:44:09+00:00,927,0,0,0,0,1,0,0,0,0,0
DeFAQto,ChdDSUhNMG9nS0VJQ0FnTURBaHVLcXFnRRAB,5,Amazing place with nice and warm people,https://www.google.com/maps/reviews/data=!4m8!14m7!1m6!2m5!1sChdDSUhNMG9nS0VJQ0FnTURBaHVLcXFnRRAB!2m1!1s0x0:0x52dd3e2c7b133997!3m1!1s2@1:CIHM0ogKEICAgMDAhuKqqgE%7C%7C?hl=ru,4.6,1058,2025-02-08 13:03:03+00:00,39,0,0,0,0,0,0,0,0,0,0
DeFAQto,ChdDSUhNMG9nS0VJQ0FnSURIdXBLTzNBRRAB,2,"Смешно , что посредственный “фейс контроль”  решил вдруг не впускать людей, имеющих лишь аксессуары на годовую их зарплату. Отдыхаем в других местах просто и легко для всех, решили зайти по температуре отдыха в это заведение - имеем только негатив полностью , еще и поставить личную машину с проблемой, с таким сервисом вам долго ждать высокие чеки",https://www.google.com/maps/reviews/data=!4m8!14m7!1m6!2m5!1sChdDSUhNMG9nS0VJQ0FnSURIdXBLTzNBRRAB!2m1!1s0x0:0x52dd3e2c7b133997!3m1!1s2@1:CIHM0ogKEICAgIDHupKO3AE%7C%7C?hl=ru,4.6,1058,2024-09-15 01:58:55+00:00,348,1,0,0,0,0,0,0,0,0,0
DeFAQto,ChdDSUhNMG9nS0VJQ0FnSUM5azlEUmh3RRAB,1,Еда и музыка отличные! Одна звезда за хамское поведение охраны. В заведении в центре Москвы считаю такое поведение охраны неприемлемым.,https://www.google.com/maps/reviews/data=!4m8!14m7!1m6!2m5!1sChdDSUhNMG9nS0VJQ0FnSUM5azlEUmh3RRAB!2m1!1s0x0:0x52dd3e2c7b133997!3m1!1s2@1:CIHM0ogKEICAgIC9k9DRhwE%7C%7C?hl=ru,4.6,1058,2024-03-09 08:25:26+00:00,135,1,0,0,0,0,0,0,0,0,0
DeFAQto,ChZDSUhNMG9nS0VJQ0FnSUM5dzdUcVJnEAE,1,"Место в целом не плохое, но охрана быдлятина полнейшее. Если вы хотите по танцевать, то это не сюда. Настоятельно не рекомендуем данное заведение.
Персонал 5+
Охрана 1

Спасибо за испорченый праздник👍",https://www.google.com/maps/reviews/data=!4m8!14m7!1m6!2m5!1sChZDSUhNMG9nS0VJQ0FnSUM5dzdUcVJnEAE!2m1!1s0x0:0x52dd3e2c7b133997!3m1!1s2@1:CIHM0ogKEICAgIC9w7TqRg%7C%7C?hl=ru,4.6,1058,2024-03-09 01:21:03+00:00,200,1,0,0,0,0,0,0,0,0,0
DeFAQto,ChdDSUhNMG9nS0VJQ0FnSUM5Z19fSmlBRRAB,1,"Отвратительное место, охрана ни за что не отвечает, нет ни камер хранения, ни адекватного поведение персонала охраны. Украли подарочную бутылку, заставили оставить её на входе вместо того чтобы убрать в сохранное место. Охрана хамит и повышает голос. Места в клубе мало, невозможно танцевать, все натыканы как селёдки в бочке. Самое худшее место в Москве. Никому не рекомендую",https://www.google.com/maps/reviews/data=!4m8!14m7!1m6!2m5!1sChdDSUhNMG9nS0VJQ0FnSUM5Z19fSmlBRRAB!2m1!1s0x0:0x52dd3e2c7b133997!3m1!1s2@1:CIHM0ogKEICAgIC9g__JiAE%7C%7C?hl=ru,4.6,1058,2024-03-09 00:53:18+00:00,376,1,0,0,0,1,0,0,1,0,0
DeFAQto,ChdDSUhNMG9nS0VJQ0FnSUM5aE0tanVRRRAB,5,"Охрана супер!  Очень бдительны!
Молодцы!",https://www.google.com/maps/reviews/data=!4m8!14m7!1m6!2m5!1sChdDSUhNMG9nS0VJQ0FnSUM5aE0tanVRRRAB!2m1!1s0x0:0x52dd3e2c7b133997!3m1!1s2@1:CIHM0ogKEICAgIC9hM-juQE%7C%7C?hl=ru,4.6,1058,2024-03-02 03:31:27+00:00,40,0,0,0,0,0,0,0,0,0,0
DeFAQto,ChZDSUhNMG9nS0VJQ0FnSURWbGE2SE53EAE,4,"Достаточно хорошие бизнес ланчи. В соотношении цена-качество, бизнес ланч очень хорош. Вкусный немецкий суп. Помещение уставшее и рошарпанное, наверное это в стилистике данного заведения.",https://www.google.com/maps/reviews/data=!4m8!14m7!1m6!2m5!1sChZDSUhNMG9nS0VJQ0FnSURWbGE2SE53EAE!2m1!1s0x0:0x52dd3e2c7b133997!3m1!1s2@1:CIHM0ogKEICAgIDVla6HNw%7C%7C?hl=ru,4.6,1058,2023-12-14 12:18:44+00:00,187,0,0,0,0,1,0,0,0,0,0
DeFAQto,ChdDSUhNMG9nS0VJQ0FnSURwNHRxcjNRRRAB,5,"Потрясающая атмосфера. Заводные бармены. Отличный звук и атмосфера.
Рекомендую всем и каждому! 😜",https://www.google.com/maps/reviews/data=!4m8!14m7!1m6!2m5!1sChdDSUhNMG9nS0VJQ0FnSURwNHRxcjNRRRAB!2m1!1s0x0:0x52dd3e2c7b133997!3m1!1s2@1:CIHM0ogKEICAgIDp4tqr3QE%7C%7C?hl=ru,4.6,1058,2023-08-18 20:38:03+00:00,96,0,0,0,0,0,0,0,0,0,0
DeFAQto,ChdDSUhNMG9nS0VJQ0FnSUN4NGJ1Z21BRRAB,5,"Дефакто one love! Супер место, живая музыка, цены",https://www.google.com/maps/reviews/data=!4m8!14m7!1m6!2m5!1sChdDSUhNMG9nS0VJQ0FnSUN4NGJ1Z21BRRAB!2m1!1s0x0:0x52dd3e2c7b133997!3m1!1s2@1:CIHM0ogKEICAgICx4bugmAE%7C%7C?hl=ru,4.6,1058,2023-05-19 13:57:29+00:00,49,0,0,0,0,0,0,0,0,0,0
DeFAQto,ChZDSUhNMG9nS0VJQ0FnSUNXbEwyb0pnEAE,5,Вкусно и весело,https://www.google.com/maps/reviews/data=!4m8!14m7!1m6!2m5!1sChZDSUhNMG9nS0VJQ0FnSUNXbEwyb0pnEAE!2m1!1s0x0:0x52dd3e2c7b133997!3m1!1s2@1:CIHM0ogKEICAgICWlL2oJg%7C%7C?hl=ru,4.6,1058,2022-02-18 22:27:08+00:00,15,0,0,0,0,0,0,0,0,0,0
DeFAQto,ChZDSUhNMG9nS0VJQ0FnSURtZzlLNERREAE,5,Отличный бар. Веселое местечко.,https://www.google.com/maps/reviews/data=!4m8!14m7!1m6!2m5!1sChZDSUhNMG9nS0VJQ0FnSURtZzlLNERREAE!2m1!1s0x0:0x52dd3e2c7b133997!3m1!1s2@1:CIHM0ogKEICAgIDmg9K4DQ%7C%7C?hl=ru,4.6,1058,2022-02-07 09:51:21+00:00,31,0,0,0,0,0,0,0,0,0,0
DeFAQto,ChZDSUhNMG9nS0VJQ0FnSURtdGZTdWNnEAE,5,"Это уникальное заведение в своем роде! В бар можно заглянуть в одиночку, и при этом будешь чувствовать в кругу старых друзей! Очень дружелюбная публика и удобное место для потанцевать) Когда выступают группы - звук прекрасный. Обстановка безопасная, много ответственных смотрителей бара))) Официанты приветливые, даже к 4 утра)) Теперь этот бар в моем сердце навсегда))",https://www.google.com/maps/reviews/data=!4m8!14m7!1m6!2m5!1sChZDSUhNMG9nS0VJQ0FnSURtdGZTdWNnEAE!2m1!1s0x0:0x52dd3e2c7b133997!3m1!1s2@1:CIHM0ogKEICAgIDmtfSucg%7C%7C?hl=ru,4.6,1058,2022-02-04 18:05:55+00:00,369,0,0,0,0,0,0,0,0,0,0
DeFAQto,ChdDSUhNMG9nS0VJQ0FnSURtaW8ybGlRRRAB,5,Обожаю это место,https://www.google.com/maps/reviews/data=!4m8!14m7!1m6!2m5!1sChdDSUhNMG9nS0VJQ0FnSURtaW8ybGlRRRAB!2m1!1s0x0:0x52dd3e2c7b133997!3m1!1s2@1:CIHM0ogKEICAgIDmio2liQE%7C%7C?hl=ru,4.6,1058,2022-01-24 18:14:30+00:00,16,0,0,0,0,0,0,0,0,0,0
DeFAQto,ChZDSUhNMG9nS0VJQ0FnSURtaU5EWVFnEAE,5,"Если интересует шумная и веселая атмосфера, то вам сюда) реально здоровский настрой получаешь находясь тут. Место очень популярное, так что лучше своё посещение планировать заранее, а то может оказаться так, что предложат место у бара, и то не факт.",https://www.google.com/maps/reviews/data=!4m8!14m7!1m6!2m5!1sChZDSUhNMG9nS0VJQ0FnSURtaU5EWVFnEAE!2m1!1s0x0:0x52dd3e2c7b133997!3m1!1s2@1:CIHM0ogKEICAgIDmiNDYQg%7C%7C?hl=ru,4.6,1058,2022-01-16 21:42:55+00:00,249,0,0,0,0,0,0,0,0,0,0
DeFAQto,ChZDSUhNMG9nS0VJQ0FnSURtOEtHQUd3EAE,5,Чудесное место!,https://www.google.com/maps/reviews/data=!4m8!14m7!1m6!2m5!1sChZDSUhNMG9nS0VJQ0FnSURtOEtHQUd3EAE!2m1!1s0x0:0x52dd3e2c7b133997!3m1!1s2@1:CIHM0ogKEICAgIDm8KGAGw%7C%7C?hl=ru,4.6,1058,2022-01-16 18:43:55+00:00,15,0,0,0,0,0,0,0,0,0,0
DeFAQto,ChZDSUhNMG9nS0VJQ0FnSURta0xDRlJREAE,5,Замечательное заведение,https://www.google.com/maps/reviews/data=!4m8!14m7!1m6!2m5!1sChZDSUhNMG9nS0VJQ0FnSURta0xDRlJREAE!2m1!1s0x0:0x52dd3e2c7b133997!3m1!1s2@1:CIHM0ogKEICAgIDmkLCFRQ%7C%7C?hl=ru,4.6,1058,2022-01-15 22:37:34+00:00,23,0,0,0,0,0,0,0,0,0,0
DeFAQto,ChZDSUhNMG9nS0VJQ0FnSURtNEsyaVBnEAE,5,"Нам очень понравилось, вкусные коктейли, замечательный общительный бармен. Крепкое спиртное вообще не жалеют в коктейли, интересное выступление было импровизации и стендап. Очень рекомендую!!!",https://www.google.com/maps/reviews/data=!4m8!14m7!1m6!2m5!1sChZDSUhNMG9nS0VJQ0FnSURtNEsyaVBnEAE!2m1!1s0x0:0x52dd3e2c7b133997!3m1!1s2@1:CIHM0ogKEICAgIDm4K2iPg%7C%7C?hl=ru,4.6,1058,2022-01-15 20:48:35+00:00,192,0,0,0,0,0,0,0,0,0,0
DeFAQto,ChZDSUhNMG9nS0VJQ0FnSUNtcDVHSUNnEAE,1,"Коктейли делаются из водички с лимонной кислотой, а не лимонного фреша, качество льда отвратительное, посуда грязная, места мало",https://www.google.com/maps/reviews/data=!4m8!14m7!1m6!2m5!1sChZDSUhNMG9nS0VJQ0FnSUNtcDVHSUNnEAE!2m1!1s0x0:0x52dd3e2c7b133997!3m1!1s2@1:CIHM0ogKEICAgICmp5GICg%7C%7C?hl=ru,4.6,1058,2022-01-11 18:17:03+00:00,128,0,0,0,1,1,0,0,0,0,0
DeFAQto,ChdDSUhNMG9nS0VJQ0FnSUNtZzdTcnZ3RRAB,3,"Маленький зал. столы слишком близко и столы очень маленькие,есть не удобно.",https://www.google.com/maps/reviews/data=!4m8!14m7!1m6!2m5!1sChdDSUhNMG9nS0VJQ0FnSUNtZzdTcnZ3RRAB!2m1!1s0x0:0x52dd3e2c7b133997!3m1!1s2@1:CIHM0ogKEICAgICmg7SrvwE%7C%7C?hl=ru,4.6,1058,2022-01-07 08:52:24+00:00,75,0,0,0,0,1,0,0,0,0,0
DeFAQto,ChZDSUhNMG9nS0VJQ0FnSUNtclpqbFJ3EAE,5,"Очень понравилось здесь! Протанцевала весь вечер. Столы все были заняты, поэтому не ела. Только бар. Один бармен очень строгий))) Второй милый) Я пью безалкогольное. Поэтому про алкоголь не знаю. В следующий раз поём здесь!",https://www.google.com/maps/reviews/data=!4m8!14m7!1m6!2m5!1sChZDSUhNMG9nS0VJQ0FnSUNtclpqbFJ3EAE!2m1!1s0x0:0x52dd3e2c7b133997!3m1!1s2@1:CIHM0ogKEICAgICmrZjlRw%7C%7C?hl=ru,4.6,1058,2022-01-05 20:19:16+00:00,223,0,0,0,0,0,0,0,0,0,0
DeFAQto,ChZDSUhNMG9nS0VJQ0FnSUNteFl5Q1VREAE,5,Замечательное камерное место с живой музыкой и вкусными коктейлями.,https://www.google.com/maps/reviews/data=!4m8!14m7!1m6!2m5!1sChZDSUhNMG9nS0VJQ0FnSUNteFl5Q1VREAE!2m1!1s0x0:0x52dd3e2c7b133997!3m1!1s2@1:CIHM0ogKEICAgICmxYyCUQ%7C%7C?hl=ru,4.6,1058,2022-01-03 20:44:20+00:00,67,0,0,0,0,0,0,0,0,0,0
Live Stars,Ci9DQUlRQUNvZENodHljRjlvT2xSQ1gyUkxaV2RvUVVSbk9FTmtiVTVEVlVScExXYxAB,5,"Все понравилось, персонал хорош и поздравлял меня с днем рождения.",https://www.google.com/maps/reviews/data=!4m8!14m7!1m6!2m5!1sCi9DQUlRQUNvZENodHljRjlvT2xSQ1gyUkxaV2RvUVVSbk9FTmtiVTVEVlVScExXYxAB!2m1!1s0x0:0x76d7a230aa48faad!3m1!1s2@1:CAIQACodChtycF9oOlRCX2RLZWdoQURnOENkbU5DVURpLWc%7C%7C?hl=ru,4.2,1283,2026-05-25 13:01:21+00:00,66,0,0,0,0,0,0,0,0,0,0
Live Stars,Ci9DQUlRQUNvZENodHljRjlvT2kxTlgwTXdVRmxsVlc1TVNrOHRNRXRzY0VkeFdrRRAB,5,Межгалактический концерт был просто огонь!!,https://www.google.com/maps/reviews/data=!4m8!14m7!1m6!2m5!1sCi9DQUlRQUNvZENodHljRjlvT2kxTlgwTXdVRmxsVlc1TVNrOHRNRXRzY0VkeFdrRRAB!2m1!1s0x0:0x76d7a230aa48faad!3m1!1s2@1:CAIQACodChtycF9oOi1NX0MwUFllVW5MSk8tMEtscEdxWkE%7C%7C?hl=ru,4.2,1283,2025-11-30 19:25:39+00:00,43,0,0,0,0,0,0,0,0,0,0
Live Stars,Ci9DQUlRQUNvZENodHljRjlvT2xGSE5tWXhTMWt6TkhOa1VYVjFUMGRPZG5ocWRGRRAB,1,"7 августа посетили заведение. Кроме как отвратительно сказать не чего. В 19 часов приняли заказ на пасту карбонара. В 21 час ее так и не принесли. Потом оказалось, что ее вообще нет.
Сообщить об этом нам не торопились. Книги жалоб и предложений так и не дали. Сказали, что они перевели ее в электронный формат. Основания для этого не нашлось. Видимо, законы РФ им не указ.
Кроме того в заведении жуткая антисанитария. Везде грязь и разбросаны тряпки.
Если цените свое время  - не рекомендую посещать заведение.",https://www.google.com/maps/reviews/data=!4m8!14m7!1m6!2m5!1sCi9DQUlRQUNvZENodHljRjlvT2xGSE5tWXhTMWt6TkhOa1VYVjFUMGRPZG5ocWRGRRAB!2m1!1s0x0:0x76d7a230aa48faad!3m1!1s2@1:CAIQACodChtycF9oOlFHNmYxS1kzNHNkUXV1T0dOdnhqdFE%7C%7C?hl=ru,4.2,1283,2025-08-07 18:15:50+00:00,510,0,0,1,1,1,0,0,0,0,1
Live Stars,ChdDSUhNMG9nS0VJQ0FnTUNvNllqWjd3RRAB,5,"классный и уютный клуб, с интересными программами, неформальное место, вполне может стать культовым и легендарным.",https://www.google.com/maps/reviews/data=!4m8!14m7!1m6!2m5!1sChdDSUhNMG9nS0VJQ0FnTUNvNllqWjd3RRAB!2m1!1s0x0:0x76d7a230aa48faad!3m1!1s2@1:CIHM0ogKEICAgMCo6YjZ7wE%7C%7C?hl=ru,4.2,1283,2025-04-18 06:07:31+00:00,114,0,0,0,0,0,0,0,0,0,0
Live Stars,ChdDSUhNMG9nS0VJQ0FnSUNYNVliMHlRRRAB,5,"Я люблю это заведение , тут самая ламповая атмосфера.  Отличные мероприятия. Самый лучший бар) на самый притязательный вкус😊",https://www.google.com/maps/reviews/data=!4m8!14m7!1m6!2m5!1sChdDSUhNMG9nS0VJQ0FnSUNYNVliMHlRRRAB!2m1!1s0x0:0x76d7a230aa48faad!3m1!1s2@1:CIHM0ogKEICAgICX5Yb0yQE%7C%7C?hl=ru,4.2,1283,2024-10-18 20:04:58+00:00,124,0,0,0,0,0,0,0,0,0,0
Live Stars,ChZDSUhNMG9nS0VJQ0FnSUMxOE9iUmNnEAE,5,"Не самый пафосный подвал.

Копия ночного клуба ""21 век"" в Саратовской области.

Не нашёл полотенце в туалете, а в остальном норм.

Хороший кофе.",https://www.google.com/maps/reviews/data=!4m8!14m7!1m6!2m5!1sChZDSUhNMG9nS0VJQ0FnSUMxOE9iUmNnEAE!2m1!1s0x0:0x76d7a230aa48faad!3m1!1s2@1:CIHM0ogKEICAgIC18ObRcg%7C%7C?hl=ru,4.2,1283,2023-12-21 06:52:09+00:00,144,0,0,0,0,1,0,0,0,0,0
Live Stars,ChZDSUhNMG9nS0VJQ0FnSUNKZzRMdktnEAE,5,"Это не еда! Это здание бывшей кондитерской фабрики Красный октябрь. Она же, Эйнем, ещë в дореволюционное время.",https://www.google.com/maps/reviews/data=!4m8!14m7!1m6!2m5!1sChZDSUhNMG9nS0VJQ0FnSUNKZzRMdktnEAE!2m1!1s0x0:0x76d7a230aa48faad!3m1!1s2@1:CIHM0ogKEICAgICJg4LvKg%7C%7C?hl=ru,4.2,1283,2023-07-03 16:23:30+00:00,111,0,0,0,0,0,0,0,0,0,0
Live Stars,ChZDSUhNMG9nS0VJQ0FnSUNKZ01UeEF3EAE,2,"Я в ужасе с охраны. В этом клубе проводятся аниме вечеринки и все бы ничего если бы не охрана, которая ведёт себя просто хуже настоящего скота. Они обзывают посетителей, кидают непонятные претензии без причины. Самое наверное ужасное что в помещении нет кондиционера работающего, очень жарко и душно, невозможно находится на месте.
Еда вот очень вкусная, особенно фри и пиццы которые там подают, очень все понравилось, но вот бар дай бог на 2 потянет, алкоголь очень дешёвый, а ученик бармена не умеет смешивать «Коктейль от бармена» абсолютное отсутствие вкуса.",https://www.google.com/maps/reviews/data=!4m8!14m7!1m6!2m5!1sChZDSUhNMG9nS0VJQ0FnSUNKZ01UeEF3EAE!2m1!1s0x0:0x76d7a230aa48faad!3m1!1s2@1:CIHM0ogKEICAgICJgMTxAw%7C%7C?hl=ru,4.2,1283,2023-06-18 10:35:56+00:00,562,1,0,1,1,1,0,0,0,0,0
Live Stars,ChdDSUhNMG9nS0VJQ0FnSURtMjh2cjFnRRAB,5,Отличное заведение!!!,https://www.google.com/maps/reviews/data=!4m8!14m7!1m6!2m5!1sChdDSUhNMG9nS0VJQ0FnSURtMjh2cjFnRRAB!2m1!1s0x0:0x76d7a230aa48faad!3m1!1s2@1:CIHM0ogKEICAgIDm28vr1gE%7C%7C?hl=ru,4.2,1283,2022-02-10 11:11:58+00:00,21,0,0,0,0,0,0,0,0,0,0
Live Stars,ChdDSUhNMG9nS0VJQ0FnSURtMHREMDV3RRAB,5,Гут!,https://www.google.com/maps/reviews/data=!4m8!14m7!1m6!2m5!1sChdDSUhNMG9nS0VJQ0FnSURtMHREMDV3RRAB!2m1!1s0x0:0x76d7a230aa48faad!3m1!1s2@1:CIHM0ogKEICAgIDm0tD05wE%7C%7C?hl=ru,4.2,1283,2022-01-23 21:07:24+00:00,4,0,0,0,0,0,0,0,0,0,0
Live Stars,ChZDSUhNMG9nS0VJQ0FnSUNtdmZlR0lBEAE,5,Замечательно,https://www.google.com/maps/reviews/data=!4m8!14m7!1m6!2m5!1sChZDSUhNMG9nS0VJQ0FnSUNtdmZlR0lBEAE!2m1!1s0x0:0x76d7a230aa48faad!3m1!1s2@1:CIHM0ogKEICAgICmvfeGIA%7C%7C?hl=ru,4.2,1283,2022-01-06 23:53:08+00:00,12,0,0,0,0,0,0,0,0,0,0
Live Stars,ChZDSUhNMG9nS0VJQ0FnSUNtMmJESGNnEAE,4,"Неплохой клуб. Был на фесте ""Всё идёт по панку"" 11.12.2021. Звук был хороший, бар тоже ничего, цены относительно демократичный. Внутри была тату-студия - не знаю, разовая ли это акция от ребят из группы ""Чёртово колесо инженера Ферриса"", которые бьют татухи помимо музыкальной деятельности, но идея крутая. На входе ставили печать ""пожалуйста, носите маски"" - прикольный ход. 4 за то, что, очевидно, владельцы продешевили на персонале, вследствие чего все - и девушки за барной стойкой, и охрана - были завалены работой, постоянно нервничали. Охрана была хамоватая. В целом - клуб прекрасный, если бы у них было бы буквально на пару больше человек персонала - цены бы не было.",https://www.google.com/maps/reviews/data=!4m8!14m7!1m6!2m5!1sChZDSUhNMG9nS0VJQ0FnSUNtMmJESGNnEAE!2m1!1s0x0:0x76d7a230aa48faad!3m1!1s2@1:CIHM0ogKEICAgICm2bDHcg%7C%7C?hl=ru,4.2,1283,2022-01-02 21:35:43+00:00,676,1,0,1,0,0,0,0,0,0,0
Fantomas Rooftop,ChdDSUhNMG9nS0VJQ0FnSUNXcmN6TDlBRRAB,5,Ukraine,https://www.google.com/maps/reviews/data=!4m8!14m7!1m6!2m5!1sChdDSUhNMG9nS0VJQ0FnSUNXcmN6TDlBRRAB!2m1!1s0x0:0x69df2cac3edfd627!3m1!1s2@1:CIHM0ogKEICAgICWrczL9AE%7C%7C?hl=ru,4.0,48,2022-03-04 07:32:46+00:00,7,0,0,0,0,0,0,0,0,0,0
Fantomas Rooftop,ChdDSUhNMG9nS0VJQ0FnSUNaNXFqT3pBRRAB,1,"Разочарована.

Неприятное место. Раньше 20.00 в зал не пускают, хотя уже начало указано в 20.00. У нас была еще какая-то ""техническая заминка"", и томительное ожидание входа продлилось ещё  дольше. Создается очередь на входе, на лестнице. Дамы на каблуках - будьте осторожны!  При мне женщина подскользнулась неудачно. Концерт начался через 45 минут после заявленного начала. Люди в танц.зоне стоят в плащах и пальто. Нет не то что стула - даже вешалки, чтобы повесить верхнюю одежду. Или организаторы предполагают, что это нормально - танцевать в пальто? Или мы должны были сложить пальто и куртки в центре круга, как в пионерском детстве? Непонятно. Это вопрос к организаторам.
Выглядит все это неэстетично.
Туалеты есть, хорошо.   Охранники невежливые.. За каждым шагом следят, не дай бог ты сделал шаг не в ту зону, за которую заплатил.
Ощущение не на вечере отдыха за немалые деньги, а ... не знаю... на зоне так?

Место не выглядит как дорогое, увы.
Пока были эти 45 минут, успела написать этот печальный отзыв.
Еду не стала брать, не могу сказать о качестве,  только бокал вина (все как обычно).
Разочарована.",https://www.google.com/maps/reviews/data=!4m8!14m7!1m6!2m5!1sChdDSUhNMG9nS0VJQ0FnSUNaNXFqT3pBRRAB!2m1!1s0x0:0x69df2cac3edfd627!3m1!1s2@1:CIHM0ogKEICAgICZ5qjOzAE%7C%7C?hl=ru,4.0,48,2023-09-09 17:48:14+00:00,1115,1,0,0,0,1,0,0,0,0,1
Fantomas Rooftop,ChZDSUhNMG9nS0VJQ0FnSUNwcWRpMGVnEAE,5,"Best night in Moscow, good vibes nice and friendly people",https://www.google.com/maps/reviews/data=!4m8!14m7!1m6!2m5!1sChZDSUhNMG9nS0VJQ0FnSUNwcWRpMGVnEAE!2m1!1s0x0:0x69df2cac3edfd627!3m1!1s2@1:CIHM0ogKEICAgICpqdi0eg%7C%7C?hl=ru,4.0,48,2023-08-06 07:10:34+00:00,57,0,0,0,0,0,0,0,0,0,0
Fantomas Rooftop,ChdDSUhNMG9nS0VJQ0FnSUNwanFEOHJ3RRAB,1,"Это отвратительное место, хуже в Мск просто нет. Начиная от организации мероприятий до оплаты только наличными или переводом.",https://www.google.com/maps/reviews/data=!4m8!14m7!1m6!2m5!1sChdDSUhNMG9nS0VJQ0FnSUNwanFEOHJ3RRAB!2m1!1s0x0:0x69df2cac3edfd627!3m1!1s2@1:CIHM0ogKEICAgICpjqD8rwE%7C%7C?hl=ru,4.0,48,2023-08-03 16:28:07+00:00,125,0,0,0,0,0,0,0,0,0,1
Fantomas Rooftop,ChZDSUhNMG9nS0VJQ0FnSURKODRYUGJREAE,1,"Ни ногой сюда, не ходите! Просто какая то жесть, как это место до сих пор живо - не понятно, еда невкусная, порции маленькие, но самое ужасное - сервис, хамят по-верному просто 🫠 Везде все грязное, меню ужасно грязное. Фото главного хамло заведения прикрепляются",https://www.google.com/maps/reviews/data=!4m8!14m7!1m6!2m5!1sChZDSUhNMG9nS0VJQ0FnSURKODRYUGJREAE!2m1!1s0x0:0x69df2cac3edfd627!3m1!1s2@1:CIHM0ogKEICAgIDJ84XPbQ%7C%7C?hl=ru,4.0,48,2023-07-22 14:40:34+00:00,262,0,0,1,1,1,0,0,0,0,0
Fantomas Rooftop,ChZDSUhNMG9nS0VJQ0FnSUR4dnFPUkNnEAE,5,𝐓𝐡𝐞 𝐛𝐞𝐬𝐭 𝐜𝐥𝐮𝐛 𝐢𝐧 𝐌𝐨𝐬𝐜𝐨𝐰 𝐚𝐧𝐝 𝐝𝐣𝐬),https://www.google.com/maps/reviews/data=!4m8!14m7!1m6!2m5!1sChZDSUhNMG9nS0VJQ0FnSUR4dnFPUkNnEAE!2m1!1s0x0:0x69df2cac3edfd627!3m1!1s2@1:CIHM0ogKEICAgIDxvqORCg%7C%7C?hl=ru,4.0,48,2023-06-09 06:09:41+00:00,32,0,0,0,0,0,0,0,0,0,0
Молодёжь,Ci9DQUlRQUNvZENodHljRjlvT25CNVIyRnBiRGg0Y0RaS1NIZGhURGhGVWtkc00wRRAB,1,This is the worst place. The guard makes racist mochi joke and sexual gestures. Tells me it’s all full even it’s not full you still can’t get in. Why would such a place still runs regularly?,https://www.google.com/maps/reviews/data=!4m8!14m7!1m6!2m5!1sCi9DQUlRQUNvZENodHljRjlvT25CNVIyRnBiRGg0Y0RaS1NIZGhURGhGVWtkc00wRRAB!2m1!1s0x0:0x43bfdca058fe564e!3m1!1s2@1:CAIQACodChtycF9oOnB5R2FpbDh4cDZKSHdhTDhFUkdsM0E%7C%7C?hl=ru,4.7,7511,2026-09-07 19:17:14+00:00,190,1,0,0,0,0,0,0,0,0,0
Молодёжь,Ci9DQUlRQUNvZENodHljRjlvT2tOeldVSXphRXBPVDI1UWJXdFRhVTlKUWxKMVNrRRAB,5,Самое лучшее заведение где мне удалось побывать в Москве,https://www.google.com/maps/reviews/data=!4m8!14m7!1m6!2m5!1sCi9DQUlRQUNvZENodHljRjlvT2tOeldVSXphRXBPVDI1UWJXdFRhVTlKUWxKMVNrRRAB!2m1!1s0x0:0x43bfdca058fe564e!3m1!1s2@1:CAIQACodChtycF9oOkNzWUIzaEpOT25QbWtTaU9JQlJ1SkE%7C%7C?hl=ru,4.7,7511,2026-09-05 06:40:21+00:00,56,0,0,0,0,0,0,0,0,0,0
Молодёжь,Ci9DQUlRQUNvZENodHljRjlvT2kwM2JFOUxWMjFLZFc5dkxVRm1RMDFCWmtadlluYxAB,5,Классное заведение !! Вкусная еда и прекрасная кухня!обязательно вернусь,https://www.google.com/maps/reviews/data=!4m8!14m7!1m6!2m5!1sCi9DQUlRQUNvZENodHljRjlvT2kwM2JFOUxWMjFLZFc5dkxVRm1RMDFCWmtadlluYxAB!2m1!1s0x0:0x43bfdca058fe564e!3m1!1s2@1:CAIQACodChtycF9oOi03bE9LV21KdW9vLUFmQ01BZkZvYnc%7C%7C?hl=ru,4.7,7511,2026-09-04 23:34:55+00:00,72,0,0,0,0,0,0,0,0,0,0
Молодёжь,Ci9DQUlRQUNvZENodHljRjlvT2tWalVEQjBUbXRDVUZGT05IcFpSME41U0ZZeFMwRRAB,5,"Низкие цены, приятная атмосфера заведения, приятный и отзывчивый персонал, вкусная еда и коктейли🔥🔥🔥",https://www.google.com/maps/reviews/data=!4m8!14m7!1m6!2m5!1sCi9DQUlRQUNvZENodHljRjlvT2tWalVEQjBUbXRDVUZGT05IcFpSME41U0ZZeFMwRRAB!2m1!1s0x0:0x43bfdca058fe564e!3m1!1s2@1:CAIQACodChtycF9oOkVjUDB0TmtCUFFONHpZR0N5SFYxS0E%7C%7C?hl=ru,4.7,7511,2026-09-04 23:30:44+00:00,100,0,0,0,0,0,0,0,0,0,0
Молодёжь,ChdDSUhNMG9nS0VJQ0FnSUNMaTVMN2tRRRAB,5,"Хорошее место, чтобы отдохнуть и потанцевать. Хорошие коктейли!!!! ❤️❤️❤️",https://www.google.com/maps/reviews/data=!4m8!14m7!1m6!2m5!1sChdDSUhNMG9nS0VJQ0FnSUNMaTVMN2tRRRAB!2m1!1s0x0:0x43bfdca058fe564e!3m1!1s2@1:CIHM0ogKEICAgICLi5L7kQE%7C%7C?hl=ru,4.7,7511,2024-06-23 02:50:16+00:00,73,0,0,0,0,0,0,0,0,0,0
Молодёжь,Ci9DQUlRQUNvZENodHljRjlvT210T2VraHhaVkpCTkRaSFYydEZRV2RrV1hKWlpYYxAB,5,"Самое лучшее место куда мы ходили с друзьями в последнее время . Очень клевая музыка , персонал на высоте . Кухня отдельная история , все очень вкусно",https://www.google.com/maps/reviews/data=!4m8!14m7!1m6!2m5!1sCi9DQUlRQUNvZENodHljRjlvT210T2VraHhaVkpCTkRaSFYydEZRV2RrV1hKWlpYYxAB!2m1!1s0x0:0x43bfdca058fe564e!3m1!1s2@1:CAIQACodChtycF9oOmtOekhxZVJBNDZHV2tFQWdkWXJZZXc%7C%7C?hl=ru,4.7,7511,2026-09-03 14:12:30+00:00,150,0,0,0,0,0,0,0,0,0,0
Молодёжь,Ci9DQUlRQUNvZENodHljRjlvT2pJMGIxRkdielI1WmxsUk1WTlVWMFEzVUdvMlRrRRAB,5,Очень крутое место хочется приходить сюда снова и снова. Я в восторге от данного заведения,https://www.google.com/maps/reviews/data=!4m8!14m7!1m6!2m5!1sCi9DQUlRQUNvZENodHljRjlvT2pJMGIxRkdielI1WmxsUk1WTlVWMFEzVUdvMlRrRRAB!2m1!1s0x0:0x43bfdca058fe564e!3m1!1s2@1:CAIQACodChtycF9oOjI0b1FGbzR5ZllRMVNUV0Q3UGo2TkE%7C%7C?hl=ru,4.7,7511,2026-09-03 14:11:01+00:00,90,0,0,0,0,0,0,0,0,0,0
Молодёжь,Ci9DQUlRQUNvZENodHljRjlvT2xnelFscFhPRUpGVVVGcE1HWjBORkpaYlhsNFpYYxAB,5,"Хорошее заведение, добрый обслуживающий персонал",https://www.google.com/maps/reviews/data=!4m8!14m7!1m6!2m5!1sCi9DQUlRQUNvZENodHljRjlvT2xnelFscFhPRUpGVVVGcE1HWjBORkpaYlhsNFpYYxAB!2m1!1s0x0:0x43bfdca058fe564e!3m1!1s2@1:CAIQACodChtycF9oOlgzQlpXOEJFUUFpMGZ0NFJZbXl4ZXc%7C%7C?hl=ru,4.7,7511,2026-09-02 23:41:15+00:00,48,0,0,0,0,0,0,0,0,0,0
Молодёжь,Ci9DQUlRQUNvZENodHljRjlvT21oc2VHVlJRbWh6TnpSdFZ6UmtiRmhKVm5wQ2RtYxAB,5,Я выпил текилу и мне очень стало хорошо советую заведение и музыка хорошая,https://www.google.com/maps/reviews/data=!4m8!14m7!1m6!2m5!1sCi9DQUlRQUNvZENodHljRjlvT21oc2VHVlJRbWh6TnpSdFZ6UmtiRmhKVm5wQ2RtYxAB!2m1!1s0x0:0x43bfdca058fe564e!3m1!1s2@1:CAIQACodChtycF9oOmhseGVRQmhzNzRtVzRkbFhJVnpCdmc%7C%7C?hl=ru,4.7,7511,2026-09-02 23:40:46+00:00,74,0,0,0,0,0,0,0,0,0,0
Молодёжь,Ci9DQUlRQUNvZENodHljRjlvT2tSSmVUVkRObGMxU0dSMmVUWXhlVzV3VjBSUllXYxAB,5,"Интересное заведение с ярким контингентом, Ярослав тащил этот вечер своими настойками и настроением! Повеселились на ура!",https://www.google.com/maps/reviews/data=!4m8!14m7!1m6!2m5!1sCi9DQUlRQUNvZENodHljRjlvT2tSSmVUVkRObGMxU0dSMmVUWXhlVzV3VjBSUllXYxAB!2m1!1s0x0:0x43bfdca058fe564e!3m1!1s2@1:CAIQACodChtycF9oOkRJeTVDNlc1SGR2eTYxeW5wV0RRYWc%7C%7C?hl=ru,4.7,7511,2026-08-22 03:42:14+00:00,121,0,0,0,0,0,0,0,0,0,0
Молодёжь,Ci9DQUlRQUNvZENodHljRjlvT2tWalJYUTRYMTlRWmw4MFEyTkhYMlJHWldsUGJHYxAB,5,Хорошее заведение!вкусные напитки и прекрасный персонал,https://www.google.com/maps/reviews/data=!4m8!14m7!1m6!2m5!1sCi9DQUlRQUNvZENodHljRjlvT2tWalJYUTRYMTlRWmw4MFEyTkhYMlJHWldsUGJHYxAB!2m1!1s0x0:0x43bfdca058fe564e!3m1!1s2@1:CAIQACodChtycF9oOkVjRXQ4X19QZl80Q2NHX2RGZWlPbGc%7C%7C?hl=ru,4.7,7511,2026-08-21 18:30:30+00:00,55,0,0,0,0,0,0,0,0,0,0
Молодёжь,Ci9DQUlRQUNvZENodHljRjlvT21OUWRIQlVWbnA2ZDNZMGJEUnlZbmxZT1dGbGVWRRAB,5,"Самый лучший бар в Москве! Если ты хочешь с удовольствием провести время, классно потусить, вкусно выпить, познакомиться с разными людьми, — обязательно приходи . Атмосфера 100/100. Много постоянных гостей. Все честно и дружелюбно) танцы, караоке, тематические вечеринки; все под рукой)",https://www.google.com/maps/reviews/data=!4m8!14m7!1m6!2m5!1sCi9DQUlRQUNvZENodHljRjlvT21OUWRIQlVWbnA2ZDNZMGJEUnlZbmxZT1dGbGVWRRAB!2m1!1s0x0:0x43bfdca058fe564e!3m1!1s2@1:CAIQACodChtycF9oOmNQdHBUVnp6d3Y0bDRyYnlYOWFleVE%7C%7C?hl=ru,4.7,7511,2026-07-08 06:35:08+00:00,286,0,0,0,0,0,0,0,0,0,0
Молодёжь,Ci9DQUlRQUNvZENodHljRjlvT25OaVJHcG5SM0pGUjFCYVRYbE9VMFpQVEdnemNVRRAB,5,"Хорошая музыка, много людей 🔥❤️",https://www.google.com/maps/reviews/data=!4m8!14m7!1m6!2m5!1sCi9DQUlRQUNvZENodHljRjlvT25OaVJHcG5SM0pGUjFCYVRYbE9VMFpQVEdnemNVRRAB!2m1!1s0x0:0x43bfdca058fe564e!3m1!1s2@1:CAIQACodChtycF9oOnNiRGpnR3JFR1BaTXlOU0ZPTGgzcUE%7C%7C?hl=ru,4.7,7511,2026-08-21 02:18:33+00:00,31,0,0,0,0,0,0,0,0,0,0
Молодёжь,Ci9DQUlRQUNvZENodHljRjlvT2kxRU1tVk9PSE5ZYlVwcU1GZEtTMkZyWW1vMlgxRRAB,5,"Приятный бар, хороший персонал, богатый выбор алкоголя!",https://www.google.com/maps/reviews/data=!4m8!14m7!1m6!2m5!1sCi9DQUlRQUNvZENodHljRjlvT2kxRU1tVk9PSE5ZYlVwcU1GZEtTMkZyWW1vMlgxRRAB!2m1!1s0x0:0x43bfdca058fe564e!3m1!1s2@1:CAIQACodChtycF9oOi1EMmVOOHNYbUpqMFdKS2FrYmo2X1E%7C%7C?hl=ru,4.7,7511,2026-08-16 01:23:11+00:00,55,0,0,0,0,0,0,0,0,0,0
Молодёжь,Ci9DQUlRQUNvZENodHljRjlvT25aYVZEZHdPSGR3ZEU5S2JIUlpkblJDZEZsalpIYxAB,5,"Отличное место, всем советую посетить! Все очень позитивно,персонал супер!!!!!!!!!",https://www.google.com/maps/reviews/data=!4m8!14m7!1m6!2m5!1sCi9DQUlRQUNvZENodHljRjlvT25aYVZEZHdPSGR3ZEU5S2JIUlpkblJDZEZsalpIYxAB!2m1!1s0x0:0x43bfdca058fe564e!3m1!1s2@1:CAIQACodChtycF9oOnZaVDdwOHdwdE9KbHRZdnRCdFljZHc%7C%7C?hl=ru,4.7,7511,2025-09-28 03:01:42+00:00,82,0,0,0,0,0,0,0,0,0,0
Молодёжь,Ci9DQUlRQUNvZENodHljRjlvT21vNFNuaFphVGxRVm5wNWVHOXFRVzh6Wm5KcFVIYxAB,5,"Отличное место для того чтобы провести вечер в компании друзей!
Приятная атмосфера, хорошая музыка/сервис!
Отдельно стоит отметить напитки, невероятно вкусные:)
рекомендую посетить данное заведение",https://www.google.com/maps/reviews/data=!4m8!14m7!1m6!2m5!1sCi9DQUlRQUNvZENodHljRjlvT21vNFNuaFphVGxRVm5wNWVHOXFRVzh6Wm5KcFVIYxAB!2m1!1s0x0:0x43bfdca058fe564e!3m1!1s2@1:CAIQACodChtycF9oOmo4SnhZaTlQVnp5eG9qQW8zZnJpUHc%7C%7C?hl=ru,4.7,7511,2026-08-14 23:09:23+00:00,197,0,0,0,0,0,0,0,0,0,0
Молодёжь,Ci9DQUlRQUNvZENodHljRjlvT2xkWWFEWjFhM056VnpOWGIzVnVPRkZTYTFoVmIwRRAB,5,"Если ищите место , чтобы классно провести вечер пятницы , то вам сюда! Вежливый персонал и потрясающие эмоции залог успеха вашего вечера !",https://www.google.com/maps/reviews/data=!4m8!14m7!1m6!2m5!1sCi9DQUlRQUNvZENodHljRjlvT2xkWWFEWjFhM056VnpOWGIzVnVPRkZTYTFoVmIwRRAB!2m1!1s0x0:0x43bfdca058fe564e!3m1!1s2@1:CAIQACodChtycF9oOldYaDZ1a3NzVzNXb3VuOFFSa1hVb0E%7C%7C?hl=ru,4.7,7511,2026-08-14 22:19:48+00:00,138,0,0,0,0,0,0,0,0,0,0
Молодёжь,Ci9DQUlRQUNvZENodHljRjlvT21SVk5IVTFUa1pQY0ZKaE5WSTRRbVZMYjFkWlpXYxAB,5,bester club in moskau!!,https://www.google.com/maps/reviews/data=!4m8!14m7!1m6!2m5!1sCi9DQUlRQUNvZENodHljRjlvT21SVk5IVTFUa1pQY0ZKaE5WSTRRbVZMYjFkWlpXYxAB!2m1!1s0x0:0x43bfdca058fe564e!3m1!1s2@1:CAIQACodChtycF9oOmRVNHU1TkZPcFJhNVI4QmVLb1dZZWc%7C%7C?hl=ru,4.7,7511,2026-08-14 00:21:07+00:00,23,0,0,0,0,0,0,0,0,0,0
Молодёжь,Ci9DQUlRQUNvZENodHljRjlvT2pSS2NEbDJOVFZQUzNkVWFTMVVWakJMU2xoNlVFRRAB,5,"Сегодня посетила клуб «Молодежь». Прекрасное место для хорошего вечера с девочками, всем советую. Персонал очень отзывчивый, обслуживание быстрое, еда и напитки вкусные.",https://www.google.com/maps/reviews/data=!4m8!14m7!1m6!2m5!1sCi9DQUlRQUNvZENodHljRjlvT2pSS2NEbDJOVFZQUzNkVWFTMVVWakJMU2xoNlVFRRAB!2m1!1s0x0:0x43bfdca058fe564e!3m1!1s2@1:CAIQACodChtycF9oOjRKcDl2NTVPS3dUaS1UVjBLSlh6UEE%7C%7C?hl=ru,4.7,7511,2026-08-12 20:03:52+00:00,169,0,0,0,0,0,0,0,0,0,0
Молодёжь,Ci9DQUlRQUNvZENodHljRjlvT21kNWNtOUNkVXBFUWt4MGNVSjBkM040VW5jeU5WRRAB,5,Все отлично!,https://www.google.com/maps/reviews/data=!4m8!14m7!1m6!2m5!1sCi9DQUlRQUNvZENodHljRjlvT21kNWNtOUNkVXBFUWt4MGNVSjBkM040VW5jeU5WRRAB!2m1!1s0x0:0x43bfdca058fe564e!3m1!1s2@1:CAIQACodChtycF9oOmd5cm9CdUpEQkx0cUJ0d3N4UncyNVE%7C%7C?hl=ru,4.7,7511,2026-08-09 22:15:53+00:00,12,0,0,0,0,0,0,0,0,0,0
Молодёжь,Ci9DQUlRQUNvZENodHljRjlvT2xRNVJqazRRbE0xUkVJMlVFVnZWVWhVVEdaSGMyYxAB,5,"Спасибо большое за хороший вечер, напитки и еда были просто на высшем классе, и официанты были очень хорошими, отзывами и порядочными.",https://www.google.com/maps/reviews/data=!4m8!14m7!1m6!2m5!1sCi9DQUlRQUNvZENodHljRjlvT2xRNVJqazRRbE0xUkVJMlVFVnZWVWhVVEdaSGMyYxAB!2m1!1s0x0:0x43bfdca058fe564e!3m1!1s2@1:CAIQACodChtycF9oOlQ5Rjk4QlM1REI2UEVvVUhUTGZHc2c%7C%7C?hl=ru,4.7,7511,2026-08-08 03:04:34+00:00,134,0,0,0,0,0,0,0,0,0,0
Молодёжь,Ci9DQUlRQUNvZENodHljRjlvT201MVYwNTJTREJJYTAxUlJVcHdPRGhUTFMweFlWRRAB,5,"Как же здесь атмосферно, я не могу",https://www.google.com/maps/reviews/data=!4m8!14m7!1m6!2m5!1sCi9DQUlRQUNvZENodHljRjlvT201MVYwNTJTREJJYTAxUlJVcHdPRGhUTFMweFlWRRAB!2m1!1s0x0:0x43bfdca058fe564e!3m1!1s2@1:CAIQACodChtycF9oOm51V052SDBIa01RRUpwODhTLS0xYVE%7C%7C?hl=ru,4.7,7511,2026-08-05 21:52:26+00:00,34,0,0,0,0,0,0,0,0,0,0
Молодёжь,Ci9DQUlRQUNvZENodHljRjlvT25vdGFWUjRiWHAwUm5OcllVZzFSbnBXY1dSRU5uYxAB,5,"Будем приходить еще, отличное место :)",https://www.google.com/maps/reviews/data=!4m8!14m7!1m6!2m5!1sCi9DQUlRQUNvZENodHljRjlvT25vdGFWUjRiWHAwUm5OcllVZzFSbnBXY1dSRU5uYxAB!2m1!1s0x0:0x43bfdca058fe564e!3m1!1s2@1:CAIQACodChtycF9oOnotaVR4bXp0RnNrYUg1RnpWcWRENnc%7C%7C?hl=ru,4.7,7511,2026-06-21 10:53:56+00:00,38,0,0,0,0,0,0,0,0,0,0
Молодёжь,Ci9DQUlRQUNvZENodHljRjlvT2xWaU5IWTJYM05GZHpoWlMwMXpXSFJzU0ZCRldrRRAB,5,Отличное заведение. Обязательно внрнемся. Персонал и охрана очень приветлиые,https://www.google.com/maps/reviews/data=!4m8!14m7!1m6!2m5!1sCi9DQUlRQUNvZENodHljRjlvT2xWaU5IWTJYM05GZHpoWlMwMXpXSFJzU0ZCRldrRRAB!2m1!1s0x0:0x43bfdca058fe564e!3m1!1s2@1:CAIQACodChtycF9oOlViNHY2X3NFdzhZS01zWHRsSFBFWkE%7C%7C?hl=ru,4.7,7511,2026-08-01 01:28:39+00:00,76,0,0,0,0,0,0,0,0,0,0
Молодёжь,Ci9DQUlRQUNvZENodHljRjlvT21SMWRVOUlWREJsWWxoMU1FZFpTakpEVkZsNFVrRRAB,5,Место топ!,https://www.google.com/maps/reviews/data=!4m8!14m7!1m6!2m5!1sCi9DQUlRQUNvZENodHljRjlvT21SMWRVOUlWREJsWWxoMU1FZFpTakpEVkZsNFVrRRAB!2m1!1s0x0:0x43bfdca058fe564e!3m1!1s2@1:CAIQACodChtycF9oOmR1dU9IVDBlYlh1MEdZSjJDVFl4UkE%7C%7C?hl=ru,4.7,7511,2026-07-25 03:42:43+00:00,10,0,0,0,0,0,0,0,0,0,0
Молодёжь,Ci9DQUlRQUNvZENodHljRjlvT2pCdWJ6Sm9UVXBETlRSTFFWcFplbk10VFhwUlJXYxAB,5,"Супер, все молодцы
Лиза респект",https://www.google.com/maps/reviews/data=!4m8!14m7!1m6!2m5!1sCi9DQUlRQUNvZENodHljRjlvT2pCdWJ6Sm9UVXBETlRSTFFWcFplbk10VFhwUlJXYxAB!2m1!1s0x0:0x43bfdca058fe564e!3m1!1s2@1:CAIQACodChtycF9oOjBubzJoTUpDNTRLQVpZenMtTXpRRWc%7C%7C?hl=ru,4.7,7511,2026-07-24 22:40:30+00:00,31,0,0,0,0,0,0,0,0,0,0
Молодёжь,Ci9DQUlRQUNvZENodHljRjlvT2pSNVVrRkZNREJXYm5kRmJtNVZhSFZUTm5aUmRuYxAB,5,"Место довольно миленькое , вроде бы все удобно , чисто. Работники милые , будем приходить ещё",https://www.google.com/maps/reviews/data=!4m8!14m7!1m6!2m5!1sCi9DQUlRQUNvZENodHljRjlvT2pSNVVrRkZNREJXYm5kRmJtNVZhSFZUTm5aUmRuYxAB!2m1!1s0x0:0x43bfdca058fe564e!3m1!1s2@1:CAIQACodChtycF9oOjR5UkFFMDBWbndFbm5VaHVTNnZRdnc%7C%7C?hl=ru,4.7,7511,2026-07-19 18:59:05+00:00,93,0,0,0,0,0,0,0,0,0,0
Молодёжь,Ci9DQUlRQUNvZENodHljRjlvT2w4M2MyRXdlVGxmYmt0b2VISXdNaTFpZHpjdFpIYxAB,5,"Хорошая вкусная еда, не первый раз в этом месте. Выпивка тоже на хорошем уровне",https://www.google.com/maps/reviews/data=!4m8!14m7!1m6!2m5!1sCi9DQUlRQUNvZENodHljRjlvT2w4M2MyRXdlVGxmYmt0b2VISXdNaTFpZHpjdFpIYxAB!2m1!1s0x0:0x43bfdca058fe564e!3m1!1s2@1:CAIQACodChtycF9oOl83c2EweTlfbktoeHIwMi1idzctZHc%7C%7C?hl=ru,4.7,7511,2026-07-19 18:53:48+00:00,79,0,0,0,0,0,0,0,0,0,0
Молодёжь,Ci9DQUlRQUNvZENodHljRjlvT2pWWVJVdGljRlZXUms5UVVqbE1YMVZyU0hVd1FsRRAB,5,"Отличное заведение, приятный персонал и кайфовая атмосфера. Отдельный лайк за музыку и весёлые конкурсы!",https://www.google.com/maps/reviews/data=!4m8!14m7!1m6!2m5!1sCi9DQUlRQUNvZENodHljRjlvT2pWWVJVdGljRlZXUms5UVVqbE1YMVZyU0hVd1FsRRAB!2m1!1s0x0:0x43bfdca058fe564e!3m1!1s2@1:CAIQACodChtycF9oOjVYRUticFVWRk9QUjlMX1VrSHUwQlE%7C%7C?hl=ru,4.7,7511,2026-07-17 22:48:15+00:00,104,0,0,0,0,0,0,0,0,0,0
Молодёжь,Ci9DQUlRQUNvZENodHljRjlvT2t0SWExQlBZbWd0YW1VeFRGbG5MVXhLYTIxRWNVRRAB,5,"Веселое, классное место! С качественной музыкой! Хотелось бы, чтобы танцпол был больше)",https://www.google.com/maps/reviews/data=!4m8!14m7!1m6!2m5!1sCi9DQUlRQUNvZENodHljRjlvT2t0SWExQlBZbWd0YW1VeFRGbG5MVXhLYTIxRWNVRRAB!2m1!1s0x0:0x43bfdca058fe564e!3m1!1s2@1:CAIQACodChtycF9oOktIa1BPYmgtamUxTFlnLUxKa21EcUE%7C%7C?hl=ru,4.7,7511,2026-07-17 22:42:41+00:00,87,0,0,0,0,1,0,0,0,0,0
Молодёжь,Ci9DQUlRQUNvZENodHljRjlvT2pOVUxXbHlVVFU1VlVac2IwOVFWbmRsYjBSNVFuYxAB,5,"Классный бар, вернусь сюда ещё",https://www.google.com/maps/reviews/data=!4m8!14m7!1m6!2m5!1sCi9DQUlRQUNvZENodHljRjlvT2pOVUxXbHlVVFU1VlVac2IwOVFWbmRsYjBSNVFuYxAB!2m1!1s0x0:0x43bfdca058fe564e!3m1!1s2@1:CAIQACodChtycF9oOjNULWlyUTU5VUZsb09QVndlb0R5Qnc%7C%7C?hl=ru,4.7,7511,2026-07-15 21:11:37+00:00,30,0,0,0,0,0,0,0,0,0,0
Молодёжь,Ci9DQUlRQUNvZENodHljRjlvT214aWFuZHVUbXB4UVhsMVdGaG9YMEZJZEhsSFdFRRAB,3,"Бар супер налили, правда предложи пкекас, 1337р было дорого для пару лоток с цицек :(",https://www.google.com/maps/reviews/data=!4m8!14m7!1m6!2m5!1sCi9DQUlRQUNvZENodHljRjlvT214aWFuZHVUbXB4UVhsMVdGaG9YMEZJZEhsSFdFRRAB!2m1!1s0x0:0x43bfdca058fe564e!3m1!1s2@1:CAIQACodChtycF9oOmxianduTmpxQXl1WFhoX0FIdHlHWEE%7C%7C?hl=ru,4.7,7511,2026-07-15 20:05:09+00:00,85,0,0,0,1,0,1,0,0,0,0
Молодёжь,Ci9DQUlRQUNvZENodHljRjlvT2pGVWFHZEpha2hHTjJoRmJYQmlVR2hKTmxnNVJXYxAB,1,"ОБХОДИТЕ СТОРОНОЙ!!!!
Если хотите сохранить свои нервы и голосовые связки — ОБХОДИТЕ ЭТО МЕСТО СТОРОНОЙ!

Пришли праздновать День Рождения, а попали в кошмар. Караоке-зал — это просто ужас: звук настолько плохой, что петь невозможно, только орать.

Но особенно хочется отметить диджея. Видимо, он думал, что его наняли не работать, а сидеть в телефоне за наш счет. Гости сами носятся по залу с микрофонами, как курьеры. Попросишь помочь — получишь агрессию и хамство. Создается впечатление, что он делает нам одолжение своим присутствием. Никогда не видела такого неуважения к клиентам.

Отмечали праздник, но кроме дежурного коктейля (и то без поздравления!) никто и не вспомнил, что у нас событие. Официантов нет, бегай сам за ними по всему залу. Песни найти невозможно, нормальных песен нет.

В общем, мы быстро поняли, что попали не туда, и уехали догуливать в другое место. Деньги на ветер и испорченный вечер. Больше ни ногой!",https://www.google.com/maps/reviews/data=!4m8!14m7!1m6!2m5!1sCi9DQUlRQUNvZENodHljRjlvT2pGVWFHZEpha2hHTjJoRmJYQmlVR2hKTmxnNVJXYxAB!2m1!1s0x0:0x43bfdca058fe564e!3m1!1s2@1:CAIQACodChtycF9oOjFUaGdJakhGN2hFbXBiUGhJNlg5RWc%7C%7C?hl=ru,4.7,7511,2026-07-10 19:33:43+00:00,932,0,1,1,0,0,1,0,0,0,0
Молодёжь,Ci9DQUlRQUNvZENodHljRjlvT210Qk5UQk1RbU5QVDNGTVdFSkJWMEZIUVVKNldWRRAB,5,Кайфовое заведение! Весело! Вау!,https://www.google.com/maps/reviews/data=!4m8!14m7!1m6!2m5!1sCi9DQUlRQUNvZENodHljRjlvT210Qk5UQk1RbU5QVDNGTVdFSkJWMEZIUVVKNldWRRAB!2m1!1s0x0:0x43bfdca058fe564e!3m1!1s2@1:CAIQACodChtycF9oOmtBNTBMQmNPT3FMWEJBV0FHQUJ6WVE%7C%7C?hl=ru,4.7,7511,2026-07-08 20:33:20+00:00,32,0,0,0,0,0,0,0,0,0,0
Молодёжь,Ci9DQUlRQUNvZENodHljRjlvT25OcGQzcFRibVU0YlhrMVFtUm9YMmxFWWt4V1RVRRAB,5,"Атмосферный бар, хорошо посидели с подругами за вкусными коктейлями.
Ангелина профессионально отжигает на сцене и заряжает своей энергетикой на весь вечер 🥰
Однозначно рекомендую к посещению)",https://www.google.com/maps/reviews/data=!4m8!14m7!1m6!2m5!1sCi9DQUlRQUNvZENodHljRjlvT25OcGQzcFRibVU0YlhrMVFtUm9YMmxFWWt4V1RVRRAB!2m1!1s0x0:0x43bfdca058fe564e!3m1!1s2@1:CAIQACodChtycF9oOnNpd3pTbmU4bXk1QmRoX2lEYkxWTUE%7C%7C?hl=ru,4.7,7511,2026-07-08 19:49:28+00:00,191,0,0,0,0,0,0,0,0,0,0
Молодёжь,Ci9DQUlRQUNvZENodHljRjlvT25BelgyeFpZVTUyU2tWb1NIcFVjbXg0TVdac1EzYxAB,5,"Отличный бар! Хороший сет диджея , с удовольствием отдохнули. Коктейли супер 👍",https://www.google.com/maps/reviews/data=!4m8!14m7!1m6!2m5!1sCi9DQUlRQUNvZENodHljRjlvT25BelgyeFpZVTUyU2tWb1NIcFVjbXg0TVdac1EzYxAB!2m1!1s0x0:0x43bfdca058fe564e!3m1!1s2@1:CAIQACodChtycF9oOnAzX2xZYU52SkVoSHpUcmx4MWZsQ3c%7C%7C?hl=ru,4.7,7511,2026-07-08 17:45:14+00:00,78,0,0,0,0,0,0,0,0,0,0
Молодёжь,Ci9DQUlRQUNvZENodHljRjlvT21KUVQxcDJlbWt5T0c1aVZVZzJVMVJPTVhOQlRHYxAB,5,"Прекрасное место для отдыха, очень вкусная еда. Были сегодня с друзьями, отмечали др. Персонал - лучшие!!!!",https://www.google.com/maps/reviews/data=!4m8!14m7!1m6!2m5!1sCi9DQUlRQUNvZENodHljRjlvT21KUVQxcDJlbWt5T0c1aVZVZzJVMVJPTVhOQlRHYxAB!2m1!1s0x0:0x43bfdca058fe564e!3m1!1s2@1:CAIQACodChtycF9oOmJQT1p2emkyOG5iVUg2U1ROMXNBTGc%7C%7C?hl=ru,4.7,7511,2026-07-08 06:39:56+00:00,107,0,0,0,0,0,0,0,0,0,0
Молодёжь,Ci9DQUlRQUNvZENodHljRjlvT2pOZmFrbGFkeTFHVkZaVWEwNVNTMDV5WkZKcFNXYxAB,5,"Отличное место! Хорошая цена за коктейли, вкусные. Приятная атмосфера, обслуживание на уровне❤️",https://www.google.com/maps/reviews/data=!4m8!14m7!1m6!2m5!1sCi9DQUlRQUNvZENodHljRjlvT2pOZmFrbGFkeTFHVkZaVWEwNVNTMDV5WkZKcFNXYxAB!2m1!1s0x0:0x43bfdca058fe564e!3m1!1s2@1:CAIQACodChtycF9oOjNfaklady1GVFZUa05SS05yZFJpSWc%7C%7C?hl=ru,4.7,7511,2026-07-07 19:48:17+00:00,95,0,0,0,0,0,0,0,0,0,0
Молодёжь,Ci9DQUlRQUNvZENodHljRjlvT25kaFdHRnVZVWd3UjJWa1ExQlFkME5RTWtGemFuYxAB,5,"Хороший клуб, хороший персонал и охрана, музыка огонь",https://www.google.com/maps/reviews/data=!4m8!14m7!1m6!2m5!1sCi9DQUlRQUNvZENodHljRjlvT25kaFdHRnVZVWd3UjJWa1ExQlFkME5RTWtGemFuYxAB!2m1!1s0x0:0x43bfdca058fe564e!3m1!1s2@1:CAIQACodChtycF9oOndhWGFuYUgwR2VkQ1BQd0NQMkFzanc%7C%7C?hl=ru,4.7,7511,2026-07-07 01:35:53+00:00,53,0,0,0,0,0,0,0,0,0,0
Молодёжь,Ci9DQUlRQUNvZENodHljRjlvT25kUldtcGFjMXAxZFdoUlVVTkpkV3BXYjNKSlRYYxAB,5,супер место!!! приду еще,https://www.google.com/maps/reviews/data=!4m8!14m7!1m6!2m5!1sCi9DQUlRQUNvZENodHljRjlvT25kUldtcGFjMXAxZFdoUlVVTkpkV3BXYjNKSlRYYxAB!2m1!1s0x0:0x43bfdca058fe564e!3m1!1s2@1:CAIQACodChtycF9oOndRWmpac1p1dWhRUUNJdWpWb3JJTXc%7C%7C?hl=ru,4.7,7511,2026-07-01 00:39:35+00:00,24,0,0,0,0,0,0,0,0,0,0
Молодёжь,Ci9DQUlRQUNvZENodHljRjlvT2t0V1dHVklkV0U1T1hCbVMxVjNTamg2YVV0Q1VWRRAB,1,Трезвым тут делать нечего. Музыка не качает,https://www.google.com/maps/reviews/data=!4m8!14m7!1m6!2m5!1sCi9DQUlRQUNvZENodHljRjlvT2t0V1dHVklkV0U1T1hCbVMxVjNTamg2YVV0Q1VWRRAB!2m1!1s0x0:0x43bfdca058fe564e!3m1!1s2@1:CAIQACodChtycF9oOktWWGVIdWE5OXBmS1V3Sjh6aUtCUVE%7C%7C?hl=ru,4.7,7511,2026-06-28 21:33:16+00:00,43,0,1,0,0,0,0,0,0,0,0
Молодёжь,Ci9DQUlRQUNvZENodHljRjlvT2xaUVdFazRNMFpvVGtrd01tdGpUR3BmVjFOSVNIYxAB,5,"The evening shift employee mockingly asked me for 5,000 to enter, along with his friends.",https://www.google.com/maps/reviews/data=!4m8!14m7!1m6!2m5!1sCi9DQUlRQUNvZENodHljRjlvT2xaUVdFazRNMFpvVGtrd01tdGpUR3BmVjFOSVNIYxAB!2m1!1s0x0:0x43bfdca058fe564e!3m1!1s2@1:CAIQACodChtycF9oOlZQWEk4M0ZoTkkwMmtjTGpfV1NISHc%7C%7C?hl=ru,4.7,7511,2026-06-25 12:39:49+00:00,89,1,0,0,0,0,1,1,0,0,0
Молодёжь,Ci9DQUlRQUNvZENodHljRjlvT21GNlpHTjZka1JGZFZFemNEZFhPVXRKWWxjMmJGRRAB,5,Отличное место,https://www.google.com/maps/reviews/data=!4m8!14m7!1m6!2m5!1sCi9DQUlRQUNvZENodHljRjlvT21GNlpHTjZka1JGZFZFemNEZFhPVXRKWWxjMmJGRRAB!2m1!1s0x0:0x43bfdca058fe564e!3m1!1s2@1:CAIQACodChtycF9oOmF6ZGN6dkRFdVEzcDdXOUtJYlc2bFE%7C%7C?hl=ru,4.7,7511,2026-06-21 19:32:50+00:00,14,0,0,0,0,0,0,0,0,0,0
Молодёжь,Ci9DQUlRQUNvZENodHljRjlvT2sxWmRucGFTVFZRUVhOeWRtaG9hVjlhVm5aS1kyYxAB,5,крутое место,https://www.google.com/maps/reviews/data=!4m8!14m7!1m6!2m5!1sCi9DQUlRQUNvZENodHljRjlvT2sxWmRucGFTVFZRUVhOeWRtaG9hVjlhVm5aS1kyYxAB!2m1!1s0x0:0x43bfdca058fe564e!3m1!1s2@1:CAIQACodChtycF9oOk1ZdnpaSTVQQXNydmhoaV9aVnZKY2c%7C%7C?hl=ru,4.7,7511,2026-06-21 04:11:42+00:00,12,0,0,0,0,0,0,0,0,0,0
Молодёжь,Ci9DQUlRQUNvZENodHljRjlvT214S1JuUkpWVmhPY1ZGSVRVdFRVMmxEVkdaQ1UxRRAB,5,"очень понравилось в заведении, атмосфера тусовки, музыка отличная, вкусная еда и очень отзывчивый персонал, обязательно приду еще не раз!",https://www.google.com/maps/reviews/data=!4m8!14m7!1m6!2m5!1sCi9DQUlRQUNvZENodHljRjlvT214S1JuUkpWVmhPY1ZGSVRVdFRVMmxEVkdaQ1UxRRAB!2m1!1s0x0:0x43bfdca058fe564e!3m1!1s2@1:CAIQACodChtycF9oOmxKRnRJVVhOcVFITUtTU2lDVGZCU1E%7C%7C?hl=ru,4.7,7511,2025-11-14 04:02:49+00:00,137,0,0,0,0,0,0,0,0,0,0
Молодёжь,Ci9DQUlRQUNvZENodHljRjlvT2xWd1N6WkZXRlJIV1U5T056SjJSa1pVTVdkbFQwRRAB,5,"Хорошее место, рекомендую, хорошие сотрудники)",https://www.google.com/maps/reviews/data=!4m8!14m7!1m6!2m5!1sCi9DQUlRQUNvZENodHljRjlvT2xWd1N6WkZXRlJIV1U5T056SjJSa1pVTVdkbFQwRRAB!2m1!1s0x0:0x43bfdca058fe564e!3m1!1s2@1:CAIQACodChtycF9oOlVwSzZFWFRHWU9ONzJ2RkZUMWdlT0E%7C%7C?hl=ru,4.7,7511,2026-06-02 20:57:57+00:00,46,0,0,0,0,0,0,0,0,0,0
Молодёжь,Ci9DQUlRQUNvZENodHljRjlvT2s1NFlsOWZVa1YwYlRFd2RITkpPRk5wYW1aRmNuYxAB,5,"Очень классное место, пришли отмечать с подругами день рождения, подарили много бонусов!!! Всем советую молодежь!",https://www.google.com/maps/reviews/data=!4m8!14m7!1m6!2m5!1sCi9DQUlRQUNvZENodHljRjlvT2s1NFlsOWZVa1YwYlRFd2RITkpPRk5wYW1aRmNuYxAB!2m1!1s0x0:0x43bfdca058fe564e!3m1!1s2@1:CAIQACodChtycF9oOk54Yl9fUkV0bTEwdHNJOFNpamZFcnc%7C%7C?hl=ru,4.7,7511,2026-06-02 20:43:54+00:00,113,0,0,0,0,0,0,0,0,0,0
Молодёжь,Ci9DQUlRQUNvZENodHljRjlvT2tOQ1QzSlpjME5SY3pWU2FIVjJaRGt0ZDI1blZVRRAB,5,"Супер персонал ,и бар , всем советую не пожалеете! Самое крутое место в Мск, Саша и Настюшка тут лучшие !!!!!",https://www.google.com/maps/reviews/data=!4m8!14m7!1m6!2m5!1sCi9DQUlRQUNvZENodHljRjlvT2tOQ1QzSlpjME5SY3pWU2FIVjJaRGt0ZDI1blZVRRAB!2m1!1s0x0:0x43bfdca058fe564e!3m1!1s2@1:CAIQACodChtycF9oOkNCT3JZc0NRczVSaHV2ZDktd25nVUE%7C%7C?hl=ru,4.7,7511,2025-09-28 05:09:55+00:00,109,0,0,0,0,0,0,0,0,0,0
Молодёжь,Ci9DQUlRQUNvZENodHljRjlvT2w5dE1VdFNjbkZIUVVsbWRIWm5UREE1TWxBMlgwRRAB,5,"Прекрасное место чтобы повеселится с друзьями, отличная атмосфера, классная музыка, безумно вкусная еда, рекомендую!",https://www.google.com/maps/reviews/data=!4m8!14m7!1m6!2m5!1sCi9DQUlRQUNvZENodHljRjlvT2w5dE1VdFNjbkZIUVVsbWRIWm5UREE1TWxBMlgwRRAB!2m1!1s0x0:0x43bfdca058fe564e!3m1!1s2@1:CAIQACodChtycF9oOl9tMUtScnFHQUlmdHZnTDA5MlA2X0E%7C%7C?hl=ru,4.7,7511,2026-02-11 18:17:51+00:00,116,0,0,0,0,0,0,0,0,0,0
Молодёжь,Ci9DQUlRQUNvZENodHljRjlvT2pGdWNteEdRM2hsZVZOVlZtUlRXazQyTlV4WU4wRRAB,5,"Лучший бар, часто захожу с друзьями, вкусная кухня и коктейли",https://www.google.com/maps/reviews/data=!4m8!14m7!1m6!2m5!1sCi9DQUlRQUNvZENodHljRjlvT2pGdWNteEdRM2hsZVZOVlZtUlRXazQyTlV4WU4wRRAB!2m1!1s0x0:0x43bfdca058fe564e!3m1!1s2@1:CAIQACodChtycF9oOjFucmxGQ3hleVNVVmRTWk42NUxYN0E%7C%7C?hl=ru,4.7,7511,2026-05-26 01:41:25+00:00,61,0,0,0,0,0,0,0,0,0,0
МТ music bar,Ci9DQUlRQUNvZENodHljRjlvT21oWWNtSXlUbXRIVTNveGJGWlZMWFJxWnpOeGFYYxAB,1,бар фигня потому что называется как моя школа а в меня ее не приняли так что 1 звезда👎👎👎,https://www.google.com/maps/reviews/data=!4m8!14m7!1m6!2m5!1sCi9DQUlRQUNvZENodHljRjlvT21oWWNtSXlUbXRIVTNveGJGWlZMWFJxWnpOeGFYYxAB!2m1!1s0x0:0x2b30b3d2e0a00281!3m1!1s2@1:CAIQACodChtycF9oOmhYcmIyTmtHU3oxbFZVLXRqZzNxaXc%7C%7C?hl=ru,4.4,3754,2026-08-01 21:55:31+00:00,88,0,0,0,0,0,0,0,0,0,1
МТ music bar,Ci9DQUlRQUNvZENodHljRjlvT25WQlFYRlpNMDQ1UzBWd1NVRXRZVFphV2pkM2JYYxAB,1,"Самое отвратительное заведение из всех посещаемых. Суши заветреные, хоть бы не отравиться вообще.
При небольшой загрузке залов - бесконечная мышиная возня и путаница.
Перепутали заказ, бургер несли 40 минут, в итоге про него просто забыли  вообще и не принесли. Времени и настроения ждать нового  уже не было.",https://www.google.com/maps/reviews/data=!4m8!14m7!1m6!2m5!1sCi9DQUlRQUNvZENodHljRjlvT25WQlFYRlpNMDQ1UzBWd1NVRXRZVFphV2pkM2JYYxAB!2m1!1s0x0:0x2b30b3d2e0a00281!3m1!1s2@1:CAIQACodChtycF9oOnVBQXFZM045S0VwSUEtYTZaWjd3bXc%7C%7C?hl=ru,4.4,3754,2026-07-03 17:42:15+00:00,309,0,0,1,1,0,0,0,0,0,0
МТ music bar,Ci9DQUlRQUNvZENodHljRjlvT2w5TGRWUkJOMFpQYkdWbVpFSjJNSEp4VG0xbFVWRRAB,1,"Приехали специально на концерт в бар в разгар 30 градусной жары. Совершенно не работали кондиционеры, дышать было невозможно, в прямом смысле слова со всех текло, как в бане. Жалко было видеть выступающих музыкантов, которые не могли в полную силу выложиться на сцене, по причине ужасной духоты.",https://www.google.com/maps/reviews/data=!4m8!14m7!1m6!2m5!1sCi9DQUlRQUNvZENodHljRjlvT2w5TGRWUkJOMFpQYkdWbVpFSjJNSEp4VG0xbFVWRRAB!2m1!1s0x0:0x2b30b3d2e0a00281!3m1!1s2@1:CAIQACodChtycF9oOl9LdVRBN0ZPbGVmZEJ2MHJxTm1lUVE%7C%7C?hl=ru,4.4,3754,2026-06-13 12:06:32+00:00,295,0,0,0,0,1,0,0,0,0,0
МТ music bar,Ci9DQUlRQUNvZENodHljRjlvT21ZMFF6a3RhalpYU1hORlVXcFFOVWMzVW1Sak1tYxAB,1,"Ценр города, а сервис ужасный. Проходят много концертов, выступают арстисты людей приходим достаточно много, а как в сауне, кондиционеры не работают, можно брать веники и париться. Вентиляторы прикрепленные к потолку покрыты вековой пылью на голову скоро упадет, кухня так себе даже закусить нечем. В туалете замки в дверях сломаны.",https://www.google.com/maps/reviews/data=!4m8!14m7!1m6!2m5!1sCi9DQUlRQUNvZENodHljRjlvT21ZMFF6a3RhalpYU1hORlVXcFFOVWMzVW1Sak1tYxAB!2m1!1s0x0:0x2b30b3d2e0a00281!3m1!1s2@1:CAIQACodChtycF9oOmY0QzktajZXSXNFUWpQNUc3UmRjMmc%7C%7C?hl=ru,4.4,3754,2026-06-12 15:27:53+00:00,332,0,0,0,1,1,0,0,0,0,0
МТ music bar,Ci9DQUlRQUNvZENodHljRjlvT2tGR00xUTBUbkpqVUZSTVgzbDBPSFpLYUZRMVoxRRAB,5,Хорошая атмосфера.,https://www.google.com/maps/reviews/data=!4m8!14m7!1m6!2m5!1sCi9DQUlRQUNvZENodHljRjlvT2tGR00xUTBUbkpqVUZSTVgzbDBPSFpLYUZRMVoxRRAB!2m1!1s0x0:0x2b30b3d2e0a00281!3m1!1s2@1:CAIQACodChtycF9oOkFGM1Q0TnJjUFRMX3l0OHZKaFQ1Z1E%7C%7C?hl=ru,4.4,3754,2026-05-09 01:38:30+00:00,18,0,0,0,0,0,0,0,0,0,0
МТ music bar,Ci9DQUlRQUNvZENodHljRjlvT2sxM2R6Vk1jazB6YkZGSmMyZzNla05oYjFkYVgyYxAB,1,"Какой кошмар по коктейлям! Какое днище пенициллин, он не пахнет ни грибами, ни моим виски! Бар из названия можно вычеркнуть! В бокале лежит апельсиновая цедра! Что вы ещё хотели",https://www.google.com/maps/reviews/data=!4m8!14m7!1m6!2m5!1sCi9DQUlRQUNvZENodHljRjlvT2sxM2R6Vk1jazB6YkZGSmMyZzNla05oYjFkYVgyYxAB!2m1!1s0x0:0x2b30b3d2e0a00281!3m1!1s2@1:CAIQACodChtycF9oOk13dzVMck0zbFFJc2g3ekNhb1daX2c%7C%7C?hl=ru,4.4,3754,2026-05-08 20:06:59+00:00,177,0,0,0,1,0,0,0,0,0,0
МТ music bar,Ci9DQUlRQUNvZENodHljRjlvT2t4MVNqY3hXVEI0UkdoaGRrRklUV3BmVFdsVGFXYxAB,2,"Взяли на входе 5000т. рублей. Дороговато, даже напитк не входил в этот ценник. Пела там какая-то группа...      Внутри тесновато. Не рекомендую,  если только вы не фанат группу которая будет выступать.",https://www.google.com/maps/reviews/data=!4m8!14m7!1m6!2m5!1sCi9DQUlRQUNvZENodHljRjlvT2t4MVNqY3hXVEI0UkdoaGRrRklUV3BmVFdsVGFXYxAB!2m1!1s0x0:0x2b30b3d2e0a00281!3m1!1s2@1:CAIQACodChtycF9oOkx1SjcxWTB4RGhhdkFITWpfTWlTaWc%7C%7C?hl=ru,4.4,3754,2026-04-17 22:06:23+00:00,201,0,0,0,0,1,1,1,0,0,0
МТ music bar,Ci9DQUlRQUNvZENodHljRjlvT2toa2VWUlVWSGgwTVdOeWEycHNPSE5oZDAxWk1tYxAB,4,"Хороший бар, ходила на концерты.Но есть один большой минус - это гардероб.. стояли 30 минут в толпе чтобы сдать одежду и минут 40 чтобы забрать..",https://www.google.com/maps/reviews/data=!4m8!14m7!1m6!2m5!1sCi9DQUlRQUNvZENodHljRjlvT2toa2VWUlVWSGgwTVdOeWEycHNPSE5oZDAxWk1tYxAB!2m1!1s0x0:0x2b30b3d2e0a00281!3m1!1s2@1:CAIQACodChtycF9oOkhkeVRUVHh0MWNya2psOHNhd01ZMmc%7C%7C?hl=ru,4.4,3754,2026-02-02 16:14:35+00:00,145,0,0,0,0,1,0,0,0,0,0
МТ music bar,Ci9DQUlRQUNvZENodHljRjlvT25oS1VqSjFkVVJuY1VsU2FEZHplbmxTYnkxcU5WRRAB,3,"Во время выступления Good Orquesta не было стульев в баре, якобы билеты пробовались на танцпол. Но оркестр не играл даже танцевальной музыки. Менеджер по залу отказался вынести стулья, хотя они есть в наличии, как нам потом подтвердил другой персонал зала. Очень неприятное впечатление от такого сервиса, да ещё и за такую цену.
Ещё было очень странно слышать что оркестр и музыка в перерыве играли одну и туже музыку, к сожалению совсем не зажигающую, как описывали в концерте. В общем, огромное разочарование.",https://www.google.com/maps/reviews/data=!4m8!14m7!1m6!2m5!1sCi9DQUlRQUNvZENodHljRjlvT25oS1VqSjFkVVJuY1VsU2FEZHplbmxTYnkxcU5WRRAB!2m1!1s0x0:0x2b30b3d2e0a00281!3m1!1s2@1:CAIQACodChtycF9oOnhKUjJ1dURncUlSaDdzenlSby1qNVE%7C%7C?hl=ru,4.4,3754,2026-01-03 07:43:33+00:00,511,0,1,1,0,1,1,0,0,0,0
МТ music bar,Ci9DQUlRQUNvZENodHljRjlvT21ZelFWRTRSa3RDUmtWU05XeDNielJVU2pKcVZGRRAB,5,Очень понравилось советую всем посетить этот ресторан,https://www.google.com/maps/reviews/data=!4m8!14m7!1m6!2m5!1sCi9DQUlRQUNvZENodHljRjlvT21ZelFWRTRSa3RDUmtWU05XeDNielJVU2pKcVZGRRAB!2m1!1s0x0:0x2b30b3d2e0a00281!3m1!1s2@1:CAIQACodChtycF9oOmYzQVE4RktCRkVSNWx3bzRUSjJqVFE%7C%7C?hl=ru,4.4,3754,2025-12-07 07:34:47+00:00,53,0,0,0,0,0,0,0,0,0,0
МТ music bar,Ci9DQUlRQUNvZENodHljRjlvT2pGd05XaE5Xa3BzWTFWSU1UVklkRzlDTmxSdlMwRRAB,3,"В целом все было бы хорошо, если бы официанты не требовали оставить 10% чаевых по каждому чеку и не предъявляли счет за случайно разбитый бокал в размере 2 тыс. Дружелюбность и клиентоориентированность оставляет желать лучшего.",https://www.google.com/maps/reviews/data=!4m8!14m7!1m6!2m5!1sCi9DQUlRQUNvZENodHljRjlvT2pGd05XaE5Xa3BzWTFWSU1UVklkRzlDTmxSdlMwRRAB!2m1!1s0x0:0x2b30b3d2e0a00281!3m1!1s2@1:CAIQACodChtycF9oOjFwNWhNWkpsY1VIMTVIdG9CNlRvS0E%7C%7C?hl=ru,4.4,3754,2025-12-06 00:25:31+00:00,227,0,0,1,0,0,1,0,0,0,0
МТ music bar,Ci9DQUlRQUNvZENodHljRjlvT2tGUGNqVjVVbGcxY1Y5elIya3pNVTlXV1VOeVdGRRAB,2,"Бар «Мумитроль» в целом — интересное место. Часто проходят хорошие концерты, и атмосфера обычно располагает к тому, чтобы приятно провести вечер. Мне нравится сюда приходить, и я всегда рекомендовал это место друзьям.

Но сегодня остался очень неприятный осадок. Мы пришли компанией приличных, спокойных людей, и на входе столкнулись с охранником, который разговаривал так, словно он вышибала из подворотни. На простой вопрос об информации он начал хамить, говорить грубо и абсолютно неуважительно. Было ощущение, что ему совершенно всё равно на гостей и репутацию заведения.

Жаль, что такое отношение на входе портит впечатление от места, которое в остальном мне нравится. Хотелось бы, чтобы руководство обратило внимание — ведь от первого контакта зависит многое.",https://www.google.com/maps/reviews/data=!4m8!14m7!1m6!2m5!1sCi9DQUlRQUNvZENodHljRjlvT2tGUGNqVjVVbGcxY1Y5elIya3pNVTlXV1VOeVdGRRAB!2m1!1s0x0:0x2b30b3d2e0a00281!3m1!1s2@1:CAIQACodChtycF9oOkFPcjV5Ulg1cV9zR2kzMU9WWUNyWFE%7C%7C?hl=ru,4.4,3754,2025-11-21 20:20:31+00:00,766,1,0,0,0,0,0,0,0,0,0
МТ music bar,Ci9DQUlRQUNvZENodHljRjlvT2tWQlkxVk5iSFJGV1c0eVFraGFZbmQ1V1hoRVdtYxAB,1,"На входе стоит  охранник не гражданин России , принципиально не пропустивший двух русских блондинок интеллигентной внешности в вечерних платьях. Нахамил нам. Хотя перед нами пропустил людей иностранцев в состоянии наркотического и алкогольного опьянения. Считаю крайне неприемлемо такое отношение к гражданам России проживающим в Москве. Хотела бы получить ответ на свой отзыв.",https://www.google.com/maps/reviews/data=!4m8!14m7!1m6!2m5!1sCi9DQUlRQUNvZENodHljRjlvT2tWQlkxVk5iSFJGV1c0eVFraGFZbmQ1V1hoRVdtYxAB!2m1!1s0x0:0x2b30b3d2e0a00281!3m1!1s2@1:CAIQACodChtycF9oOkVBY1VNbHRFWW4yQkhaYnd5WXhEWmc%7C%7C?hl=ru,4.4,3754,2025-11-03 22:02:24+00:00,377,1,0,0,0,0,0,0,0,0,0
МТ music bar,Ci9DQUlRQUNvZENodHljRjlvT2xaUFV6bHBUMkZOU25FMVkxb3dXa1JEVEVaUk5YYxAB,4,"Service thanks to Mikhail is great....
Did not eat",https://www.google.com/maps/reviews/data=!4m8!14m7!1m6!2m5!1sCi9DQUlRQUNvZENodHljRjlvT2xaUFV6bHBUMkZOU25FMVkxb3dXa1JEVEVaUk5YYxAB!2m1!1s0x0:0x2b30b3d2e0a00281!3m1!1s2@1:CAIQACodChtycF9oOlZPUzlpT2FNSnE1Y1owWkRDTEZRNXc%7C%7C?hl=ru,4.4,3754,2025-09-27 23:22:19+00:00,50,0,0,0,0,0,0,0,0,0,0
МТ music bar,Ci9DQUlRQUNvZENodHljRjlvT2t3eWFGWlZjRWQyZUc1NGJIWTVkVTlSVFhOdk5tYxAB,5,"Была на выходных очень классно чисто, вкусно, удобно.",https://www.google.com/maps/reviews/data=!4m8!14m7!1m6!2m5!1sCi9DQUlRQUNvZENodHljRjlvT2t3eWFGWlZjRWQyZUc1NGJIWTVkVTlSVFhOdk5tYxAB!2m1!1s0x0:0x2b30b3d2e0a00281!3m1!1s2@1:CAIQACodChtycF9oOkwyaFZVcEd2eG54bHY5dU9RTXNvNmc%7C%7C?hl=ru,4.4,3754,2025-08-31 10:57:50+00:00,53,0,0,0,0,0,0,0,0,0,0
МТ music bar,Ci9DQUlRQUNvZENodHljRjlvT2xKQmVtSldiR3MxZGs5emJrUmtkM2R3YjBvd1RuYxAB,1,"Были в этом атмосферном месте на днях, Если коротко,то с музыкой беда,ди Джей девушка включала какие то нарезки из треков,вместо самого трека,отстой полный,,,А и алкоголь бадяжат как хотят,и соответственно он не соответствует заявленной стоимости!Кухня тоже дорогая!Приятно удивил туалет-Чистый😁",https://www.google.com/maps/reviews/data=!4m8!14m7!1m6!2m5!1sCi9DQUlRQUNvZENodHljRjlvT2xKQmVtSldiR3MxZGs5emJrUmtkM2R3YjBvd1RuYxAB!2m1!1s0x0:0x2b30b3d2e0a00281!3m1!1s2@1:CAIQACodChtycF9oOlJBemJWbGs1dk9zbkRkd3dwb0owTnc%7C%7C?hl=ru,4.4,3754,2025-07-29 18:30:39+00:00,295,0,1,0,1,0,1,0,0,0,0
МТ music bar,Ci9DQUlRQUNvZENodHljRjlvT2xsRFZEUnZOVTlOYkU1bE5ubzNkbmxGYkVsbFRWRRAB,5,"Неплохое место. Музыкальный клуб, в центре Москвы. Рядом с красной площадью. Близость исторического центра обуславливает высокий ценник, поэтому рассчитывайте, что посидеть вдвоем вечером с едой и алкоголем составит около 8000-10000 руб. При музыкальных мероприятиях так же действует билет на вход. Стоимость обычно от 2000 руб до 3000 руб.
Звук неплохой, но звукорежиссёру было бы неплохо убавить басов. Если сидеть у сцены то глушат.
По кухне. Меню своеобразное в морскую тематику. Очень понравились куриные нагетсы.
Оригинально и вкусно. Разочаровали крылышки куриные и креветки. А тирамису с манго... Зачем портить вкус манго добавляя орегано. Мы что пиццу заказывали ...
В среднем 4 из 5",https://www.google.com/maps/reviews/data=!4m8!14m7!1m6!2m5!1sCi9DQUlRQUNvZENodHljRjlvT2xsRFZEUnZOVTlOYkU1bE5ubzNkbmxGYkVsbFRWRRAB!2m1!1s0x0:0x2b30b3d2e0a00281!3m1!1s2@1:CAIQACodChtycF9oOllDVDRvNU9NbE5lNno3dnlFbEllTVE%7C%7C?hl=ru,4.4,3754,2025-07-06 11:22:03+00:00,692,0,1,0,1,0,1,1,0,0,0
МТ music bar,Ci9DQUlRQUNvZENodHljRjlvT2tka1VIcFVWamRHV0RoSmNEY3haVVp6Vm10Q1IzYxAB,5,Мне все понравилось,https://www.google.com/maps/reviews/data=!4m8!14m7!1m6!2m5!1sCi9DQUlRQUNvZENodHljRjlvT2tka1VIcFVWamRHV0RoSmNEY3haVVp6Vm10Q1IzYxAB!2m1!1s0x0:0x2b30b3d2e0a00281!3m1!1s2@1:CAIQACodChtycF9oOkdkUHpUVjdGWDhJcDcxZUZzVmtCR3c%7C%7C?hl=ru,4.4,3754,2025-06-13 07:14:26+00:00,19,0,0,0,0,0,0,0,0,0,0
МТ music bar,ChZDSUhNMG9nS0VKMlRsNGU5bk5LeUZnEAE,5,"Приятный персонал. Рекомендую посетить больше как место, связанное с группой, чем как бар",https://www.google.com/maps/reviews/data=!4m8!14m7!1m6!2m5!1sChZDSUhNMG9nS0VKMlRsNGU5bk5LeUZnEAE!2m1!1s0x0:0x2b30b3d2e0a00281!3m1!1s2@1:CIHM0ogKEJ2Tl4e9nNKyFg%7C%7C?hl=ru,4.4,3754,2025-05-23 13:07:48+00:00,89,0,0,0,0,0,0,0,0,0,0
МТ music bar,ChZDSUhNMG9nS0VJQ0FnTUN3ejZuc0VREAE,1,"Ужас
Я была впервые тут и все вначале было в норме, но потом это простит кошмар… встретились со знакомым и просто общались в холле, и тут один из охранников говорит что б мы были тише, мы вроде никому не мешали, на что мы ответили а в чем проблема, и тут начался пипец он просто начал нас выкидывать из клуба, двух девочек, мы нечего плохого не сделали, что б так с нами обращались, это вообще что за дикарство ???? Кого вы берете на работу????сломали мне ногти …
Фото прилагаю!!
Еще у себя в соцсетях обязательно напишу что не рекомендую вас!!! Избавляйтесь от этих охранников мой вам совет, неадекваты, которые возомнили о себе не понятно кого!",https://www.google.com/maps/reviews/data=!4m8!14m7!1m6!2m5!1sChZDSUhNMG9nS0VJQ0FnTUN3ejZuc0VREAE!2m1!1s0x0:0x2b30b3d2e0a00281!3m1!1s2@1:CIHM0ogKEICAgMCwz6nsEQ%7C%7C?hl=ru,4.4,3754,2025-03-22 03:10:38+00:00,646,1,0,0,0,0,0,0,0,0,0
МТ music bar,ChZDSUhNMG9nS0VJQ0FnTURRXzZQQ0VREAE,5,"Отличное место для проведения досуга, хороший бар, суперский персонал.",https://www.google.com/maps/reviews/data=!4m8!14m7!1m6!2m5!1sChZDSUhNMG9nS0VJQ0FnTURRXzZQQ0VREAE!2m1!1s0x0:0x2b30b3d2e0a00281!3m1!1s2@1:CIHM0ogKEICAgMDQ_6PCEQ%7C%7C?hl=ru,4.4,3754,2025-03-15 17:55:58+00:00,70,0,0,0,0,0,0,0,0,0,0
МТ music bar,ChZDSUhNMG9nS0VJQ0FnTURnaXZQWUdREAE,1,"Не понятная система оплаты, оплатила 2 билета, не на танцпол в и тоге, пришлось в баре депозит за стол платить.  Емли хотите посетить,
берите самые простые билеты, на танцпол. Музыканты были хорошие.
Плохой бар, там торгуют",https://www.google.com/maps/reviews/data=!4m8!14m7!1m6!2m5!1sChZDSUhNMG9nS0VJQ0FnTURnaXZQWUdREAE!2m1!1s0x0:0x2b30b3d2e0a00281!3m1!1s2@1:CIHM0ogKEICAgMDgivPYGQ%7C%7C?hl=ru,4.4,3754,2025-02-24 00:10:15+00:00,223,0,0,0,1,0,1,0,0,0,0
МТ music bar,ChdDSUhNMG9nS0VJQ0FnTUNBcGZfUDNnRRAB,1,"Очень расстроены тем, что за наши деньги концерт 17.01 был под фонограмму.
Старые песни комбинации в любом караоке поют на 100 баллов, зачем выпускать на сцену двух стрёмного вида девиц, кто не умеет петь?
Мы купили билеты на концерт и были на концерте, который нам крайне разочаровал, зачем спрашивать вопросы по меню на еду??
Билеты на концерт готовы предоставить",https://www.google.com/maps/reviews/data=!4m8!14m7!1m6!2m5!1sChdDSUhNMG9nS0VJQ0FnTUNBcGZfUDNnRRAB!2m1!1s0x0:0x2b30b3d2e0a00281!3m1!1s2@1:CIHM0ogKEICAgMCApf_P3gE%7C%7C?hl=ru,4.4,3754,2025-02-02 17:04:00+00:00,365,0,0,0,0,0,0,0,0,0,1
МТ music bar,ChZDSUhNMG9nS0VJQ0FnSUN2N3RLbkNBEAE,1,Задержка запроса، Девочки работают не дружелюбные.,https://www.google.com/maps/reviews/data=!4m8!14m7!1m6!2m5!1sChZDSUhNMG9nS0VJQ0FnSUN2N3RLbkNBEAE!2m1!1s0x0:0x2b30b3d2e0a00281!3m1!1s2@1:CIHM0ogKEICAgICv7tKnCA%7C%7C?hl=ru,4.4,3754,2024-12-11 06:35:33+00:00,50,0,0,1,0,0,0,0,0,0,1
МТ music bar,ChdDSUhNMG9nS0VJQ0FnSURQNk95cDRRRRAB,4,Еда и пиво огонь. Коктейли пустые. Один лёд и сиропы.,https://www.google.com/maps/reviews/data=!4m8!14m7!1m6!2m5!1sChdDSUhNMG9nS0VJQ0FnSURQNk95cDRRRRAB!2m1!1s0x0:0x2b30b3d2e0a00281!3m1!1s2@1:CIHM0ogKEICAgIDP6Oyp4QE%7C%7C?hl=ru,4.4,3754,2024-11-28 18:11:29+00:00,53,0,0,0,1,0,0,0,0,0,0
МТ music bar,ChdDSUhNMG9nS0VJQ0FnSUNQc0tiOHJnRRAB,1,"При входе просто оценивают по внешнему виду и не хочется даже заходить в это заведение. Охрана хамло  Хотя, мы планировали оставить неприличную сумму. Чтож, ушли в другое заведение.",https://www.google.com/maps/reviews/data=!4m8!14m7!1m6!2m5!1sChdDSUhNMG9nS0VJQ0FnSUNQc0tiOHJnRRAB!2m1!1s0x0:0x2b30b3d2e0a00281!3m1!1s2@1:CIHM0ogKEICAgICPsKb8rgE%7C%7C?hl=ru,4.4,3754,2024-11-20 22:33:59+00:00,181,1,0,0,0,0,0,0,0,0,0
МТ music bar,ChdDSUhNMG9nS0VJQ0FnSUNubTg2b2xRRRAB,1,It's just awful how the waitresses were rude. extremely shocking.,https://www.google.com/maps/reviews/data=!4m8!14m7!1m6!2m5!1sChdDSUhNMG9nS0VJQ0FnSUNubTg2b2xRRRAB!2m1!1s0x0:0x2b30b3d2e0a00281!3m1!1s2@1:CIHM0ogKEICAgICnm86olQE%7C%7C?hl=ru,4.4,3754,2024-09-30 07:26:50+00:00,65,0,0,1,0,0,0,0,0,0,0
МТ music bar,ChZDSUhNMG9nS0VJQ0FnSUNiNU1xTEtREAE,1,"Ужасное отношение к посетителям. Охрана требует предъявить в обязательном порядке сумки к осмотру, хамит. Я бы после такого вообще не стал к ним заходить, но меня внутри люди ждали, поэтому я показал содержимое рюкзака. Охрана увидела у меня там упаковку йогурта и пару небольших пакетиков резаной моркови, сказали, что с этим внутрь меня не пустят. Потребовали оставить у входа. На мои замечания, что это противоречит закону, сказали, что законы РФ для них не имеют значения, они руководствуются внутренними правилами. При этом охрана применяла силу, отталкивая меня от входа.",https://www.google.com/maps/reviews/data=!4m8!14m7!1m6!2m5!1sChZDSUhNMG9nS0VJQ0FnSUNiNU1xTEtREAE!2m1!1s0x0:0x2b30b3d2e0a00281!3m1!1s2@1:CIHM0ogKEICAgICb5MqLKQ%7C%7C?hl=ru,4.4,3754,2024-07-23 15:26:43+00:00,577,1,0,0,0,0,0,0,0,0,0
МТ music bar,ChdDSUhNMG9nS0VJQ0FnSUNUbF9uQXh3RRAB,5,Nice place for people who love music,https://www.google.com/maps/reviews/data=!4m8!14m7!1m6!2m5!1sChdDSUhNMG9nS0VJQ0FnSUNUbF9uQXh3RRAB!2m1!1s0x0:0x2b30b3d2e0a00281!3m1!1s2@1:CIHM0ogKEICAgICTl_nAxwE%7C%7C?hl=ru,4.4,3754,2024-05-20 03:50:57+00:00,36,0,0,0,0,0,0,0,0,0,0
МТ music bar,ChZDSUhNMG9nS0VJQ0FnSUNUbllQNVlBEAE,1,"Проживали в отеле Пента и увидели рядом данный бар, вывеска была 24/7. В 5 утра решили зайти туда, чтобы поесть, но охранник закрыл дверь перед нашим лицом и держал дверь  рукой, мы очень удивились такому сервису.",https://www.google.com/maps/reviews/data=!4m8!14m7!1m6!2m5!1sChZDSUhNMG9nS0VJQ0FnSUNUbllQNVlBEAE!2m1!1s0x0:0x2b30b3d2e0a00281!3m1!1s2@1:CIHM0ogKEICAgICTnYP5YA%7C%7C?hl=ru,4.4,3754,2024-05-18 02:36:59+00:00,213,1,0,0,0,0,0,0,0,0,0
МТ music bar,ChZDSUhNMG9nS0VJQ0FnSUNqX3J6WUdBEAE,1,"В этом баре мы были удивлены высокими ценами на напитки: стоимость коктейля — 870 рублей, бокала просекко — 770 рублей, пива — 760 рублей, минеральной воды — 760 рублей.

Ожидание заказа составило 46 минут, а стол за это время не убрали.

Несмотря на то, что мы оставили в заведении значительную сумму, возвращаться сюда больше не планируем и другим не советуем.

В 2024 году за клиентов нужно бороться, ведь в Москве огромное количество баров, ресторанов и площадок.",https://www.google.com/maps/reviews/data=!4m8!14m7!1m6!2m5!1sChZDSUhNMG9nS0VJQ0FnSUNqX3J6WUdBEAE!2m1!1s0x0:0x2b30b3d2e0a00281!3m1!1s2@1:CIHM0ogKEICAgICj_rzYGA%7C%7C?hl=ru,4.4,3754,2024-04-22 07:59:02+00:00,467,0,0,1,0,0,1,0,0,0,0
МТ music bar,ChZDSUhNMG9nS0VJQ0FnSUNEaVlURVNnEAE,5,"Находится посередине Нового Арбата, при входе имеется гардероб. Диваны уже порядком помяты. Днём здесь предлагают ланч. Обслуживание быстрое. В целом вкусно, но крупным людям думаю будет мало ланча. Черные салфетки на столе. Барные стулья у бара. Кому как нравится. Чаевые можно перевести по куар коду, предлагается также оплатить операцию перевода.",https://www.google.com/maps/reviews/data=!4m8!14m7!1m6!2m5!1sChZDSUhNMG9nS0VJQ0FnSUNEaVlURVNnEAE!2m1!1s0x0:0x2b30b3d2e0a00281!3m1!1s2@1:CIHM0ogKEICAgICDiYTESg%7C%7C?hl=ru,4.4,3754,2024-03-29 18:10:17+00:00,349,0,0,0,0,1,0,0,0,0,0
МТ music bar,ChdDSUhNMG9nS0VJQ0FnSUM5MWFHYjBnRRAB,1,"Являюсь постоянным посетителем, ведать смена фейс контроля, на входе объявил ценник в 30.000 рублей, ранее привыкли приходить за бар и танцевать, мы не экономим денег, не жалко, но новый фейс, вымогал 30.000 рублей чтобы войти в клуб, первый раз его видела вообще, когда понял что 30.000 ему никто не даст сказал Вам отказано, ну ок, причина отказа, без объяснения, но объяснять не надо, 30 на входе ему никто не дал, сама являюсь директором одного из ресторанов Москвы, поверьте, одеты и не пьяны, мы после работы ранее встречались с девочками снять стресс и по потанцевать!!!! Но пожалуй с таким отношением больше не ногой, были преданы, теперь разочарование (((",https://www.google.com/maps/reviews/data=!4m8!14m7!1m6!2m5!1sChdDSUhNMG9nS0VJQ0FnSUM5MWFHYjBnRRAB!2m1!1s0x0:0x2b30b3d2e0a00281!3m1!1s2@1:CIHM0ogKEICAgIC91aGb0gE%7C%7C?hl=ru,4.4,3754,2024-03-07 23:09:17+00:00,664,1,0,0,0,0,1,1,0,0,0
МТ music bar,ChZDSUhNMG9nS0VJQ0FnSURkMllXaGZ3EAE,5,"Отличное заведение. Были с друзьями, всё очень понравилось) Вкусная еда. Из десертов  советую «Наполеон». Хотелось бы отметить персонал, все с улыбкой встречают и провожают) Тактичны в общении.
Хочется сюда возвращаться снова и снова. Влюбились ❤️",https://www.google.com/maps/reviews/data=!4m8!14m7!1m6!2m5!1sChZDSUhNMG9nS0VJQ0FnSURkMllXaGZ3EAE!2m1!1s0x0:0x2b30b3d2e0a00281!3m1!1s2@1:CIHM0ogKEICAgIDd2YWhfw%7C%7C?hl=ru,4.4,3754,2024-02-25 05:11:05+00:00,247,0,0,0,0,0,0,0,0,0,0
МТ music bar,ChdDSUhNMG9nS0VJQ0FnSUROMTdQWTNnRRAB,1,Ahlaksiz guvenlik gorevlisi içeri girmek için 5000 rusvet istedi,https://www.google.com/maps/reviews/data=!4m8!14m7!1m6!2m5!1sChdDSUhNMG9nS0VJQ0FnSUROMTdQWTNnRRAB!2m1!1s0x0:0x2b30b3d2e0a00281!3m1!1s2@1:CIHM0ogKEICAgIDN17PY3gE%7C%7C?hl=ru,4.4,3754,2024-01-27 01:57:17+00:00,64,1,0,0,0,0,1,1,0,0,0
МТ music bar,ChZDSUhNMG9nS0VJQ0FnSUROX043eU1BEAE,1,"Очень грубая резкая менеджер в зале, удивительно в наше время иметь такой невоспитанный и клиенто неориентированный персонал в клубе в центре Москвы..",https://www.google.com/maps/reviews/data=!4m8!14m7!1m6!2m5!1sChZDSUhNMG9nS0VJQ0FnSUROX043eU1BEAE!2m1!1s0x0:0x2b30b3d2e0a00281!3m1!1s2@1:CIHM0ogKEICAgIDN_N7yMA%7C%7C?hl=ru,4.4,3754,2024-01-20 22:01:40+00:00,150,0,0,1,0,0,0,0,0,0,0
МТ music bar,ChZDSUhNMG9nS0VJQ0FnSUROZ3JHRVZREAE,2,"They ‘re asking more than 30usd spending limit from each at the gate around 02:00 am. Sorry guys. My point is just two stars for you, even it s much;)",https://www.google.com/maps/reviews/data=!4m8!14m7!1m6!2m5!1sChZDSUhNMG9nS0VJQ0FnSUROZ3JHRVZREAE!2m1!1s0x0:0x2b30b3d2e0a00281!3m1!1s2@1:CIHM0ogKEICAgIDNgrGEVQ%7C%7C?hl=ru,4.4,3754,2024-01-21 00:04:44+00:00,150,0,0,0,0,0,1,1,0,0,0
МТ music bar,ChZDSUhNMG9nS0VJQ0FnSUQxeHY3dlRBEAE,5,Хорошее место. Были на выступлении Юлии Коган. Супер. Все понравилось. Юлька-бомба! Голосище: Монсеррат Кабалье,https://www.google.com/maps/reviews/data=!4m8!14m7!1m6!2m5!1sChZDSUhNMG9nS0VJQ0FnSUQxeHY3dlRBEAE!2m1!1s0x0:0x2b30b3d2e0a00281!3m1!1s2@1:CIHM0ogKEICAgID1xv7vTA%7C%7C?hl=ru,4.4,3754,2024-01-06 19:02:04+00:00,111,0,0,0,0,0,0,0,0,0,0
МТ music bar,ChZDSUhNMG9nS0VJQ0FnSUQxa3VxM2N3EAE,5,"Зачётное место в центре Москвы✔️ Были вчера на концерте офигенного Найка Борова. Звук одинаково хороший и у сцены, и если вы сидите за столиком. Официанты вежливые, быстро принесли заказ. В баре за коктейлем очередей не было. Маргарита шикарная🌟 Вкусно поели, сладко попили, весело потусили)))Стильненько и чистенько.  Рекомендую тем, кому нужен кислород))) обязательно вернемся 💞",https://www.google.com/maps/reviews/data=!4m8!14m7!1m6!2m5!1sChZDSUhNMG9nS0VJQ0FnSUQxa3VxM2N3EAE!2m1!1s0x0:0x2b30b3d2e0a00281!3m1!1s2@1:CIHM0ogKEICAgID1kuq3cw%7C%7C?hl=ru,4.4,3754,2024-01-06 06:44:18+00:00,380,0,0,0,0,0,0,0,0,0,0
МТ music bar,ChdDSUhNMG9nS0VJQ0FnSUQxaEtyQzNnRRAB,2,"Такое себе заведение.
Видно, что старались и пытались, но нам, выросшим на Бункере и ОГИ не заходит. Слащавое всё, подпудренное...
Одно слово, мумий троль.
И дорого, и звук делать не умеют.
Не пойду больше.",https://www.google.com/maps/reviews/data=!4m8!14m7!1m6!2m5!1sChdDSUhNMG9nS0VJQ0FnSUQxaEtyQzNnRRAB!2m1!1s0x0:0x2b30b3d2e0a00281!3m1!1s2@1:CIHM0ogKEICAgID1hKrC3gE%7C%7C?hl=ru,4.4,3754,2024-01-05 09:08:15+00:00,206,0,1,0,0,0,1,0,0,0,0
МТ music bar,ChdDSUhNMG9nS0VJQ0FnSUMxX1l1UWdnRRAB,2,"2 января полный отстой.
Да",https://www.google.com/maps/reviews/data=!4m8!14m7!1m6!2m5!1sChdDSUhNMG9nS0VJQ0FnSUMxX1l1UWdnRRAB!2m1!1s0x0:0x2b30b3d2e0a00281!3m1!1s2@1:CIHM0ogKEICAgIC1_YuQggE%7C%7C?hl=ru,4.4,3754,2024-01-02 18:41:28+00:00,26,0,0,0,0,0,0,0,0,0,1
МТ music bar,ChdDSUhNMG9nS0VJQ0FnSURGcGVHVjh3RRAB,3,"06.11.23 время 23:40 что за отстойная музыка, просто кошмар . Бармены угрюмые и уставшие, девушкам вход бесплатный. Про еду и напитки ничего сказать не могу,  не пробовала. Из плюсов  чистый туалет.",https://www.google.com/maps/reviews/data=!4m8!14m7!1m6!2m5!1sChdDSUhNMG9nS0VJQ0FnSURGcGVHVjh3RRAB!2m1!1s0x0:0x2b30b3d2e0a00281!3m1!1s2@1:CIHM0ogKEICAgIDFpeGV8wE%7C%7C?hl=ru,4.4,3754,2023-11-08 18:33:18+00:00,198,0,1,1,0,0,0,0,0,0,0
МТ music bar,ChZDSUhNMG9nS0VJQ0FnSURGdWREcFVBEAE,5,"Гуляли с друзьями 4 ноября, потанцевали круто , места было мало, наверно потому что народу было очень много😃.
Двое молодых ребят выступали очень крутые, энергия космос.Но,разочаровали коктейли☹️9/10 за атмосферу и движ!",https://www.google.com/maps/reviews/data=!4m8!14m7!1m6!2m5!1sChZDSUhNMG9nS0VJQ0FnSURGdWREcFVBEAE!2m1!1s0x0:0x2b30b3d2e0a00281!3m1!1s2@1:CIHM0ogKEICAgIDFudDpUA%7C%7C?hl=ru,4.4,3754,2023-11-08 13:26:55+00:00,219,0,0,0,1,1,0,0,0,0,0
МТ music bar,ChdDSUhNMG9nS0VJQ0FnSURGOE1tYzBBRRAB,5,"Добрый день.
Отпустите, пожалуйста, краба, который у вас в аквариуме. Он всегда в одном положении, ему даже не повернуться никак. Пока не пришло его время умирать. - он будет жить в таких условиях и мучаться. Он же не может заставить себя умереть, чтобы прекратить свои мучения. Пожалуйста, напишите либо в Москвариум,
либо в Московский Зоопарк. Они заберут.
У вас классный бар, крутые ивенты. Он вам уже не нужен даже для имиджа. Это даже играет уже почти на антиимидж. Освободите, пожалуйста, его.",https://www.google.com/maps/reviews/data=!4m8!14m7!1m6!2m5!1sChdDSUhNMG9nS0VJQ0FnSURGOE1tYzBBRRAB!2m1!1s0x0:0x2b30b3d2e0a00281!3m1!1s2@1:CIHM0ogKEICAgIDF8Mmc0AE%7C%7C?hl=ru,4.4,3754,2023-11-04 06:10:19+00:00,499,0,0,0,0,0,0,0,0,0,1
МТ music bar,ChZDSUhNMG9nS0VJQ0FnSUNGMWZ5OVFBEAE,5,"Заходя в клуб, погружаешься в атмосферу сюрреалистического фьюжена
из множества параллельных реальностей.
Понятие рок музыки сегодня чётко срабатывает в тот момент, когда на сцене работают легенды - «Моральный кодекс» в частности и также можно к ним отнести «Крематорий» и думаю уже несуществующую «Алису» и «Чайф» - это то что привлекает наше поколение попасть в этот анклав субкультуры!!!
Я как православный человек не принимаю элементы сатанизма и других проявлений зла, которые присутствуют в клубе параллельно с русским роком.  Их нам больше пытаются привить, чем мы бы того хотели.
В это моё посещение «Мумий Тролль» был заполнен приблизительно публикой моего возраста,  которая не принимает близко к сердцу, навязанные нам мерзости вроде Хэллоуина.
Мы больше идем послушать любимые и легендарные группы и поностальгировать.

В целом, если посмотреть объективно с точки зрения духа сего, то этот клуб является эталоном!!
Всё достаточно хорошо организовано!!👌
В том числе и порядок и напитки и закуски!!
Всё заоблачно, как и должно быть в центре Москвы в дорогом клубе!!
Сергей Мазаев и группа «Моральный кодекс» сегодня реанимировали рок-н-ролл и я могу сказать с уверенностью, что звучали они на уровне приличной зарубежной рок группы 🔥
Спасибо режиссёру,  виртуозным музыкантам
и Легендарному и живущему в своём особом мире где-то вне времени , заслуженному артисту России, звезде рок-н-ролла Сергею Мазаеву !!
Хочу сказать спасибо администрации клуба, за умело созданную субкультурную картинку  арт-среду и персонал, который работает и работает, именно так как должен работать !!
Если будет выступать ещё какая-нибудь интересная для меня  рок группа, обязательно приду в это место и рекомендую его другим любителям русского пока и не только!!!
Ваш слепой гид по Москве и не только, популярный певец Виктор Тартанов😎",https://www.google.com/maps/reviews/data=!4m8!14m7!1m6!2m5!1sChZDSUhNMG9nS0VJQ0FnSUNGMWZ5OVFBEAE!2m1!1s0x0:0x2b30b3d2e0a00281!3m1!1s2@1:CIHM0ogKEICAgICF1fy9QA%7C%7C?hl=ru,4.4,3754,2023-10-30 11:23:13+00:00,1824,0,0,0,0,0,0,0,0,0,1
МТ music bar,ChdDSUhNMG9nS0VJQ0FnSUNGNmItR2pBRRAB,5,"Хочется отметить персонал, ребята 🔥🔥🔥 обслуживание быстрое, доброжелательное отношение, и самое важное, ребята уважительно относятся друг к другу. Еда отличная, были на завтраке, а вечером пришли на концерт. Переживали, что будет не удобно есть за барной стойкой, всё было 👌",https://www.google.com/maps/reviews/data=!4m8!14m7!1m6!2m5!1sChdDSUhNMG9nS0VJQ0FnSUNGNmItR2pBRRAB!2m1!1s0x0:0x2b30b3d2e0a00281!3m1!1s2@1:CIHM0ogKEICAgICF6b-GjAE%7C%7C?hl=ru,4.4,3754,2023-10-29 04:44:12+00:00,274,0,0,0,0,0,0,0,0,0,0
МТ music bar,ChZDSUhNMG9nS0VJQ0FnSUM1MmE2Y0N3EAE,5,"Шикарный бар, отличный сервис, превосходная кухня и энергетика на концертах.",https://www.google.com/maps/reviews/data=!4m8!14m7!1m6!2m5!1sChZDSUhNMG9nS0VJQ0FnSUM1MmE2Y0N3EAE!2m1!1s0x0:0x2b30b3d2e0a00281!3m1!1s2@1:CIHM0ogKEICAgIC52a6cCw%7C%7C?hl=ru,4.4,3754,2023-10-15 17:27:33+00:00,76,0,0,0,0,0,0,0,0,0,0
МТ music bar,ChZDSUhNMG9nS0VJQ0FnSURKNTkzc1dnEAE,5,"Отличное место, чтобы классно провести время!",https://www.google.com/maps/reviews/data=!4m8!14m7!1m6!2m5!1sChZDSUhNMG9nS0VJQ0FnSURKNTkzc1dnEAE!2m1!1s0x0:0x2b30b3d2e0a00281!3m1!1s2@1:CIHM0ogKEICAgIDJ593sWg%7C%7C?hl=ru,4.4,3754,2023-07-24 12:50:52+00:00,45,0,0,0,0,0,0,0,0,0,0
МТ music bar,ChdDSUhNMG9nS0VJQ0FnSURKaDRITG1BRRAB,5,"Хиза восхитительный, приятный человек, всем советую,",https://www.google.com/maps/reviews/data=!4m8!14m7!1m6!2m5!1sChdDSUhNMG9nS0VJQ0FnSURKaDRITG1BRRAB!2m1!1s0x0:0x2b30b3d2e0a00281!3m1!1s2@1:CIHM0ogKEICAgIDJh4HLmAE%7C%7C?hl=ru,4.4,3754,2023-07-23 23:47:59+00:00,52,0,0,0,0,0,0,0,0,0,0
МТ music bar,ChZDSUhNMG9nS0VJQ0FnSURSMTRHSUtBEAE,2,Приехали из Питера. Были 5 мая. Музыка была плохая.,https://www.google.com/maps/reviews/data=!4m8!14m7!1m6!2m5!1sChZDSUhNMG9nS0VJQ0FnSURSMTRHSUtBEAE!2m1!1s0x0:0x2b30b3d2e0a00281!3m1!1s2@1:CIHM0ogKEICAgIDR14GIKA%7C%7C?hl=ru,4.4,3754,2023-05-05 21:50:06+00:00,51,0,1,0,0,0,0,0,0,0,0
МТ music bar,ChdDSUhNMG9nS0VJQ0FnSUNXaXM3VDV3RRAB,4,"Место само по себе интересное! Напитки как и везде не лучше не хуже. Музыка отдельный разговор есть моменты, что не совсем понравилось сидели у окна. При любой компазиции. Вент канал выдавал эхо с дребезжанием, от чего устали уши в зоне сцены такого нет.",https://www.google.com/maps/reviews/data=!4m8!14m7!1m6!2m5!1sChdDSUhNMG9nS0VJQ0FnSUNXaXM3VDV3RRAB!2m1!1s0x0:0x2b30b3d2e0a00281!3m1!1s2@1:CIHM0ogKEICAgICWis7T5wE%7C%7C?hl=ru,4.4,3754,2022-02-23 07:31:17+00:00,254,0,1,0,0,1,0,0,0,0,0
МТ music bar,ChdDSUhNMG9nS0VJQ0FnSUNXc3ZfazFnRRAB,4,Супер! Были на концерте! Просто огонь!,https://www.google.com/maps/reviews/data=!4m8!14m7!1m6!2m5!1sChdDSUhNMG9nS0VJQ0FnSUNXc3ZfazFnRRAB!2m1!1s0x0:0x2b30b3d2e0a00281!3m1!1s2@1:CIHM0ogKEICAgICWsv_k1gE%7C%7C?hl=ru,4.4,3754,2022-02-22 21:20:29+00:00,38,0,0,0,0,0,0,0,0,0,0
МТ music bar,ChdDSUhNMG9nS0VJQ0FnSUNXbkttZjhBRRAB,5,Место супер охрана лучшая из всех заведений в москве,https://www.google.com/maps/reviews/data=!4m8!14m7!1m6!2m5!1sChdDSUhNMG9nS0VJQ0FnSUNXbkttZjhBRRAB!2m1!1s0x0:0x2b30b3d2e0a00281!3m1!1s2@1:CIHM0ogKEICAgICWnKmf8AE%7C%7C?hl=ru,4.4,3754,2022-02-20 15:46:53+00:00,52,0,0,0,0,0,0,0,0,0,0
МТ music bar,ChdDSUhNMG9nS0VJQ0FnSUNXdEpXajd3RRAB,4,"Очень классный дизайн. Вкусные кок , средняя цена 700 рублей за коктейль.",https://www.google.com/maps/reviews/data=!4m8!14m7!1m6!2m5!1sChdDSUhNMG9nS0VJQ0FnSUNXdEpXajd3RRAB!2m1!1s0x0:0x2b30b3d2e0a00281!3m1!1s2@1:CIHM0ogKEICAgICWtJWj7wE%7C%7C?hl=ru,4.4,3754,2022-02-19 06:28:00+00:00,73,0,0,0,0,0,0,0,0,0,0
МТ music bar,ChdDSUhNMG9nS0VJQ0FnSUNXNUtxU2lBRRAB,2,Очень грубая охрана! Персонал может хамить и орать на гостей. Больше не пойду спасибо,https://www.google.com/maps/reviews/data=!4m8!14m7!1m6!2m5!1sChdDSUhNMG9nS0VJQ0FnSUNXNUtxU2lBRRAB!2m1!1s0x0:0x2b30b3d2e0a00281!3m1!1s2@1:CIHM0ogKEICAgICW5KqSiAE%7C%7C?hl=ru,4.4,3754,2022-02-18 17:41:27+00:00,85,1,0,1,0,0,0,0,0,0,0
Пропаганда,ChZDSUhNMG9nS0VJQ0FnSUNXaGZiQUFnEAE,5,Он верил в пропаганду,https://www.google.com/maps/reviews/data=!4m8!14m7!1m6!2m5!1sChZDSUhNMG9nS0VJQ0FnSUNXaGZiQUFnEAE!2m1!1s0x0:0xc5f3c1d718367290!3m1!1s2@1:CIHM0ogKEICAgICWhfbAAg%7C%7C?hl=ru,4.3,3226,2022-03-02 16:25:17+00:00,21,0,0,0,0,0,0,0,0,0,0
Пропаганда,ChZDSUhNMG9nS0VJQ0FnSURXd3ZDN0x3EAE,1,"Помогите остановить этот ужас, мы не звали и уж тем более не ждали вашу армию, нас не нужно освобождать, нам не нужно навязывать что-то там свое, не понимая ценности нашей культуры. Поддержите Мир! Остановите эту Войну!",https://www.google.com/maps/reviews/data=!4m8!14m7!1m6!2m5!1sChZDSUhNMG9nS0VJQ0FnSURXd3ZDN0x3EAE!2m1!1s0x0:0xc5f3c1d718367290!3m1!1s2@1:CIHM0ogKEICAgIDWwvC7Lw%7C%7C?hl=ru,4.3,3226,2022-03-18 21:17:21+00:00,219,0,0,0,0,0,0,0,0,0,0
Пропаганда,ChdDSUhNMG9nS0VJQ0FnSUNXb19pYnhBRRAB,5,За що ви бомбите нашиш дітей???,https://www.google.com/maps/reviews/data=!4m8!14m7!1m6!2m5!1sChdDSUhNMG9nS0VJQ0FnSUNXb19pYnhBRRAB!2m1!1s0x0:0xc5f3c1d718367290!3m1!1s2@1:CIHM0ogKEICAgICWo_ibxAE%7C%7C?hl=ru,4.3,3226,2022-03-05 11:59:19+00:00,31,0,0,0,0,0,0,0,0,0,0
Пропаганда,ChZDSUhNMG9nS0VJQ0FnSUNPaW95WEN3EAE,5,"Sin duda la mejor discoteca en la que estuve en Moscú. Había muy buen ambiente y se notaba las ganas de pasarlo bien, sin discusiones ni borrachos molestando. La musica era muy underground y genial. Una pena que la hayan cerrado o vayan a cerrarla. Se me cae una lagrima de mis ojos de los buenos recuerdos que me vienen a la cabeza. Se te echara de menos!",https://www.google.com/maps/reviews/data=!4m8!14m7!1m6!2m5!1sChZDSUhNMG9nS0VJQ0FnSUNPaW95WEN3EAE!2m1!1s0x0:0xc5f3c1d718367290!3m1!1s2@1:CIHM0ogKEICAgICOioyXCw%7C%7C?hl=ru,4.3,3226,2022-06-06 16:42:49+00:00,356,0,0,0,0,0,0,0,0,0,0
Пропаганда,ChdDSUhNMG9nS0VJQ0FnSUNMOU1YVDhRRRAB,5,Почему мы не видим крабового пива? Невозможно пить одно и то же 20 лет. Дайте новинок. Спасибо пожалуйста.,https://www.google.com/maps/reviews/data=!4m8!14m7!1m6!2m5!1sChdDSUhNMG9nS0VJQ0FnSUNMOU1YVDhRRRAB!2m1!1s0x0:0xc5f3c1d718367290!3m1!1s2@1:CIHM0ogKEICAgICL9MXT8QE%7C%7C?hl=ru,4.3,3226,2024-06-15 23:22:33+00:00,106,0,0,0,1,0,0,0,0,0,0
Пропаганда,ChdDSUhNMG9nS0VJQ0FnSURqal9INDR3RRAB,1,"Прощай, Пропаганда. Более 20 лет посещала это место. И на ланч, и на ужин, и на кофе с десертом. От былого качества остались одни воспоминания. Спешили вечером в кафе в конце рабочего и предпраздничного дня. Боялись, что все столики были заняты. Моё удивление - свободный зал, куча свободных столиков, а я уже готовилась стоять в очереди, как это было раньше по вечерам, а потом, когда место освоболится, хостес еще скажет, чтобы больше двух часов не засиживались. Всегда шум, гам, заинтересованные официанты, которые работали годами и знали всех постоянных  посетителей. Теперь тишина. Главное, принесли мне блюдо, которое я регулярно заказываю на протяжении двух десятилетий, и оно оказалось не съедобным. Феттучини с вялеными томатами: лапшу не разворили (не надо мне рассказывать про аль денте, всегда нормально разваривали); маслина одна бедолага, разрезанная на четыре части; томаты вяленые не встретила; капля жидкого маскпрпоне; соус почти отсутствовал. При этом порция уменьшилась вдвое, а цена выросла. Одно разочарование. Молчу про борщ, который из той кастрюли, которая варится на ланч. Этот суп сложно испортить, но и он был пустым. Мы всё съели, не просили переделать. Больше не появимся. Видимо, лучше оставить хорошие воспоминания о еде моей юности. В конце ""ужина"" стало понятно, почему нет очереди. Незачем стремиться. Раньше Пропаганда хорошо кормила и умудрялась держать цены, но все это в прошлом. В той же ценовой категории можно найти предложение лучшего качества.",https://www.google.com/maps/reviews/data=!4m8!14m7!1m6!2m5!1sChdDSUhNMG9nS0VJQ0FnSURqal9INDR3RRAB!2m1!1s0x0:0xc5f3c1d718367290!3m1!1s2@1:CIHM0ogKEICAgIDjj_H44wE%7C%7C?hl=ru,4.3,3226,2024-05-08 20:36:25+00:00,1487,0,0,0,1,0,1,0,0,0,0
Пропаганда,ChZDSUhNMG9nS0VJQ0FnSURabWRxbUZREAE,5,"Пропаганда культовое место! В начале нулевых в пропаганде собиралась самая продвинутая молодежь и не молодежь. ""Пропа"" была обязательным местом для посещения англоговорящих гостей столицы. Сходить на ланч, а ночью радовать слух профессиональной работой диджея, электронными звуками техно. Через 23 года посетив клуб мы приятно удивились, что ""пропа"" держит хорошее качество.
Работа диджеев отличная, получили огромное удовольствие от музыки.
Бармены отличные ребята, оставляйте им бумажные чаевые и у вас обязательно будет самый вкусный коктейль в клубе, проверенный способ и везде это работает.
Чистота в туалетах - тут посетителям надо понаблюдать за собой, будьте аккуратны при посещении и  будет чисто, это проверенный способ, это работает ;).
Публика - приятно удивила, позитивная, общительная. Пьяных/в астрале нет, даже под закрытие. Все очень прилично.
Охрана на входе вежливая. При нас пускали всех.
Нам есть с чем сравнивать, потому что таких атмосферных клубов, с электронной музыкой осталось не много.
Рекомендую к посещению всем любителям электронной музыки. Конечно, любителям попс, будет непонятен формат. Для вас есть специальные, многочисленные клубы, с хорошо знакомыми вам хитами, которые звучат везде.
Пропаганда для тех, кто любит музыку без слов 💯 😁.
Работай ""Пропа""!!!",https://www.google.com/maps/reviews/data=!4m8!14m7!1m6!2m5!1sChZDSUhNMG9nS0VJQ0FnSURabWRxbUZREAE!2m1!1s0x0:0xc5f3c1d718367290!3m1!1s2@1:CIHM0ogKEICAgIDZmdqmFQ%7C%7C?hl=ru,4.3,3226,2023-10-04 05:45:56+00:00,1291,0,0,0,0,0,0,0,0,0,0
Пропаганда,ChdDSUhNMG9nS0VJQ0FnSURaOFk2bmxnRRAB,2,"От Пропаганы остались одни воспоминания( Ходили много лет сюда на ланчи, последние года 3 официанты хамоватые, их мало, не заинтересованные в клиентах, обслуживание просто ужасное, по еде более-менее. Раньше в обед можно было даже не найти место, сейчас народу почти нет. Сейчас сидим 35 минут, только принесли напитки, и это ланч🤦‍♀️🤦‍♀️🤦‍♀️",https://www.google.com/maps/reviews/data=!4m8!14m7!1m6!2m5!1sChdDSUhNMG9nS0VJQ0FnSURaOFk2bmxnRRAB!2m1!1s0x0:0xc5f3c1d718367290!3m1!1s2@1:CIHM0ogKEICAgIDZ8Y6nlgE%7C%7C?hl=ru,4.3,3226,2023-10-03 10:46:29+00:00,342,0,0,1,0,0,0,0,0,0,0
Пропаганда,ChdDSUhNMG9nS0VJQ0FnSUNaNjZEM2d3RRAB,1,Крайне низкое качество еды. Все блюда заправлены очень жирными соусами после которых чувство тошноты сохраняется в течении суток.,https://www.google.com/maps/reviews/data=!4m8!14m7!1m6!2m5!1sChdDSUhNMG9nS0VJQ0FnSUNaNjZEM2d3RRAB!2m1!1s0x0:0xc5f3c1d718367290!3m1!1s2@1:CIHM0ogKEICAgICZ66D3gwE%7C%7C?hl=ru,4.3,3226,2023-09-18 12:41:59+00:00,129,0,0,0,1,0,0,0,0,0,0
Пропаганда,ChRDSUhNMG9nS0VJQ0FnSUNaeE9RNBAB,1,"Пришли сегодня на бизнес ланчи первый раз, зная о том что еда из основного меню вкусная , попросил меню ланча - официантка начала кидаться подстилками на стол и кричать что то очень нервное: « я вам его и принесла !!!»",https://www.google.com/maps/reviews/data=!4m8!14m7!1m6!2m5!1sChRDSUhNMG9nS0VJQ0FnSUNaeE9RNBAB!2m1!1s0x0:0xc5f3c1d718367290!3m1!1s2@1:CIHM0ogKEICAgICZxOQ4%7C%7C?hl=ru,4.3,3226,2023-09-04 11:05:12+00:00,218,0,0,1,0,0,0,0,0,0,0
Пропаганда,ChZDSUhNMG9nS0VJQ0FnSURwNjhfbVB3EAE,1,Робзи алкаш,https://www.google.com/maps/reviews/data=!4m8!14m7!1m6!2m5!1sChZDSUhNMG9nS0VJQ0FnSURwNjhfbVB3EAE!2m1!1s0x0:0xc5f3c1d718367290!3m1!1s2@1:CIHM0ogKEICAgIDp68_mPw%7C%7C?hl=ru,4.3,3226,2023-08-29 15:03:53+00:00,11,0,0,0,0,0,0,0,0,0,0
Пропаганда,ChdDSUhNMG9nS0VJQ0FnSUNKc2RTSTVBRRAB,4,"Лет десять назад Пропаганда была любима и вкусна!
Сейчас ланч оказался самым не вкусным, просто ""килограмм"" еды...
Были поданы в качестве основного блюда треска под маринадом и овощи гриль... Это было очень не вкусно! Шеф, пробуй свои блюда, это важно!
И неплохо было бы обновить или реставрировать внутренний интерьер и мебель!
Возможно, вновь Пропаганда станет желанной...!",https://www.google.com/maps/reviews/data=!4m8!14m7!1m6!2m5!1sChdDSUhNMG9nS0VJQ0FnSUNKc2RTSTVBRRAB!2m1!1s0x0:0xc5f3c1d718367290!3m1!1s2@1:CIHM0ogKEICAgICJsdSI5AE%7C%7C?hl=ru,4.3,3226,2023-06-29 12:29:25+00:00,375,0,0,0,1,1,0,0,0,0,0
Пропаганда,ChdDSUhNMG9nS0VJQ0FnSUNwcjlDcDRRRRAB,1,"Отвратительное место. Мало того , что у нас попросили паспорт , когда клуб еще работал в режиме кафе, ну это отпустим. мы ждали нашу официантку 15 минут , чтобы заказать блюда , учитывая небольшую загруженность в зале. После заказа блюд она начала забирать все меню , на просьбу , чтобы она оставила одно меню , она его швырнула и ушла. Мы сразу же покинули данное заведение . Прошу руководство обратить на этот отзыв внимание и предпринять какие-то меры. Раньше вы били на уровне , сейчас это полный беспредел и неуважение к своим клиентам!",https://www.google.com/maps/reviews/data=!4m8!14m7!1m6!2m5!1sChdDSUhNMG9nS0VJQ0FnSUNwcjlDcDRRRRAB!2m1!1s0x0:0xc5f3c1d718367290!3m1!1s2@1:CIHM0ogKEICAgICpr9Cp4QE%7C%7C?hl=ru,4.3,3226,2023-08-12 21:39:54+00:00,541,0,0,1,0,0,0,0,0,0,0
Пропаганда,ChZDSUhNMG9nS0VJQ0FnSUNwdV8zTVpREAE,2,"переоцененное место, и наличку с собой носить не охота ради него",https://www.google.com/maps/reviews/data=!4m8!14m7!1m6!2m5!1sChZDSUhNMG9nS0VJQ0FnSUNwdV8zTVpREAE!2m1!1s0x0:0xc5f3c1d718367290!3m1!1s2@1:CIHM0ogKEICAgICpu_3MZQ%7C%7C?hl=ru,4.3,3226,2023-08-11 08:24:59+00:00,64,0,0,0,0,0,0,0,0,0,1
Пропаганда,ChZDSUhNMG9nS0VJQ0FnSUNwdUt2a2V3EAE,4,Хорошее место) но дорого(,https://www.google.com/maps/reviews/data=!4m8!14m7!1m6!2m5!1sChZDSUhNMG9nS0VJQ0FnSUNwdUt2a2V3EAE!2m1!1s0x0:0xc5f3c1d718367290!3m1!1s2@1:CIHM0ogKEICAgICpuKvkew%7C%7C?hl=ru,4.3,3226,2023-07-28 12:26:11+00:00,25,0,0,0,0,0,1,0,0,0,0
Пропаганда,ChZDSUhNMG9nS0VJQ0FnSURKbmViZFZnEAE,3,Музыка хорошая..атмфосфера вроде тоже +- норм..но бесят бармены которые наливают чейсер не 50 миллилитров..а 40..400 рублей за пол рюмки я недолжен платить..а когда прийдет к ниму другой клиент или его хороший- знакомый он нальет ему как положенно!нах таких барменов!,https://www.google.com/maps/reviews/data=!4m8!14m7!1m6!2m5!1sChZDSUhNMG9nS0VJQ0FnSURKbmViZFZnEAE!2m1!1s0x0:0xc5f3c1d718367290!3m1!1s2@1:CIHM0ogKEICAgIDJnebdVg%7C%7C?hl=ru,4.3,3226,2023-07-22 11:35:50+00:00,267,0,0,1,0,0,1,0,0,0,0
Пропаганда,ChdDSUhNMG9nS0VJQ0FnSURKcUpqY3ZnRRAB,1,"Отношения хостес не понравилось абсолютно, десерт тоже не вкусный) второй раз не пойду.",https://www.google.com/maps/reviews/data=!4m8!14m7!1m6!2m5!1sChdDSUhNMG9nS0VJQ0FnSURKcUpqY3ZnRRAB!2m1!1s0x0:0xc5f3c1d718367290!3m1!1s2@1:CIHM0ogKEICAgIDJqJjcvgE%7C%7C?hl=ru,4.3,3226,2023-07-09 23:48:51+00:00,87,0,0,1,1,0,0,0,0,0,0
Пропаганда,ChdDSUhNMG9nS0VJQ0FnSUNKMzV5UXBnRRAB,5,"Крутое место, музыка хорошая, НЕ ДУШНО, советую",https://www.google.com/maps/reviews/data=!4m8!14m7!1m6!2m5!1sChdDSUhNMG9nS0VJQ0FnSUNKMzV5UXBnRRAB!2m1!1s0x0:0xc5f3c1d718367290!3m1!1s2@1:CIHM0ogKEICAgICJ35yQpgE%7C%7C?hl=ru,4.3,3226,2023-07-08 02:09:43+00:00,47,0,0,0,0,0,0,0,0,0,0
Пропаганда,ChdDSUhNMG9nS0VJQ0FnSUNKX09LRzdnRRAB,1,Чмоні,https://www.google.com/maps/reviews/data=!4m8!14m7!1m6!2m5!1sChdDSUhNMG9nS0VJQ0FnSUNKX09LRzdnRRAB!2m1!1s0x0:0xc5f3c1d718367290!3m1!1s2@1:CIHM0ogKEICAgICJ_OKG7gE%7C%7C?hl=ru,4.3,3226,2023-06-23 07:03:44+00:00,5,0,0,0,0,0,0,0,0,0,0
Пропаганда,ChdDSUhNMG9nS0VJQ0FnSUN4eFlTSjdnRRAB,1,"Охранник на входе не пропустил, причём абсолютно без причины. Был прилично одет и вежлив, русский язык для меня родной.

Очень жаль, так как немного клубов с хорошей электронной музыкой в Мск.

Очевидно сюда не вернусь, но рекомендую администрации обратить внимание на работу вышибал. Расизм и произвол в 21 веке, иначе не назвать.",https://www.google.com/maps/reviews/data=!4m8!14m7!1m6!2m5!1sChdDSUhNMG9nS0VJQ0FnSUN4eFlTSjdnRRAB!2m1!1s0x0:0xc5f3c1d718367290!3m1!1s2@1:CIHM0ogKEICAgICxxYSJ7gE%7C%7C?hl=ru,4.3,3226,2023-05-21 22:25:05+00:00,331,1,0,0,0,0,0,0,0,0,0
Пропаганда,ChZDSUhNMG9nS0VJQ0FnSUNSMV9tRllBEAE,5,"Супер вкусные ланчи, вежливый позитивный персонал и приятные цены, хочется чтобы таких мест было побольше!",https://www.google.com/maps/reviews/data=!4m8!14m7!1m6!2m5!1sChZDSUhNMG9nS0VJQ0FnSUNSMV9tRllBEAE!2m1!1s0x0:0xc5f3c1d718367290!3m1!1s2@1:CIHM0ogKEICAgICR1_mFYA%7C%7C?hl=ru,4.3,3226,2023-04-12 19:23:45+00:00,106,0,0,0,0,0,0,0,0,0,0
Пропаганда,ChZDSUhNMG9nS0VJQ0FnSUNXd2ZpckRBEAE,1,Росіяни заберіть своїх солдатів!!!!!!! ВОНИ ВБИВАЮТЬ МИРНЕ НАСЕЛЕННЯ!,https://www.google.com/maps/reviews/data=!4m8!14m7!1m6!2m5!1sChZDSUhNMG9nS0VJQ0FnSUNXd2ZpckRBEAE!2m1!1s0x0:0xc5f3c1d718367290!3m1!1s2@1:CIHM0ogKEICAgICWwfirDA%7C%7C?hl=ru,4.3,3226,2022-02-28 19:04:27+00:00,69,0,0,0,0,0,0,0,0,0,0
Пропаганда,ChZDSUhNMG9nS0VJQ0FnSUNXLU43aEpnEAE,5,"Музыка хорошая, охрана везде и следят за порядком.",https://www.google.com/maps/reviews/data=!4m8!14m7!1m6!2m5!1sChZDSUhNMG9nS0VJQ0FnSUNXLU43aEpnEAE!2m1!1s0x0:0xc5f3c1d718367290!3m1!1s2@1:CIHM0ogKEICAgICW-N7hJg%7C%7C?hl=ru,4.3,3226,2022-02-17 19:19:54+00:00,50,0,0,0,0,0,0,0,0,0,0
Пропаганда,ChZDSUhNMG9nS0VJQ0FnSUNXZ0x1SGJREAE,5,Хорошее место вкусная кухня вежливый персонал. Рекомендую,https://www.google.com/maps/reviews/data=!4m8!14m7!1m6!2m5!1sChZDSUhNMG9nS0VJQ0FnSUNXZ0x1SGJREAE!2m1!1s0x0:0xc5f3c1d718367290!3m1!1s2@1:CIHM0ogKEICAgICWgLuHbQ%7C%7C?hl=ru,4.3,3226,2022-02-14 16:04:48+00:00,57,0,0,0,0,0,0,0,0,0,0
Пропаганда,ChdDSUhNMG9nS0VJQ0FnSURtdDRlOXBBRRAB,3,"La música y el sitio en general no están mal pero los puertas yo creo que son racistas. Al principio no nos dejaron entrar (quizá porque no hablábamos buen ruso) y al insistir un poco me preguntaron de qué país era. Les dije que España y me dejaron entrar, pero a unos chicos que parecían árabes no.",https://www.google.com/maps/reviews/data=!4m8!14m7!1m6!2m5!1sChdDSUhNMG9nS0VJQ0FnSURtdDRlOXBBRRAB!2m1!1s0x0:0xc5f3c1d718367290!3m1!1s2@1:CIHM0ogKEICAgIDmt4e9pAE%7C%7C?hl=ru,4.3,3226,2022-02-12 12:34:10+00:00,299,1,0,0,0,0,0,0,0,0,0
Пропаганда,ChZDSUhNMG9nS0VJQ0FnSUNtLWZhVUd3EAE,5,"Настоящая легенда столицы. Старейший клуб с 1996 года!! (Столько не живут). Очень вкусная еда и демократические цены. В районе полуночи начинается ночная дискотека - каждый день.)) Ух сколько ночей тут было проведено и сколько интересных знакомств! Эх, было время ))",https://www.google.com/maps/reviews/data=!4m8!14m7!1m6!2m5!1sChZDSUhNMG9nS0VJQ0FnSUNtLWZhVUd3EAE!2m1!1s0x0:0xc5f3c1d718367290!3m1!1s2@1:CIHM0ogKEICAgICm-faUGw%7C%7C?hl=ru,4.3,3226,2022-01-03 13:00:09+00:00,266,0,0,0,0,0,0,0,0,0,0
Пропаганда,ChdDSUhNMG9nS0VJQ0FnSURtMC1IX21RRRAB,1,"Серьезно проигрывает всем Московским барам, у которых наглухо не запилены двери железными ставнями",https://www.google.com/maps/reviews/data=!4m8!14m7!1m6!2m5!1sChdDSUhNMG9nS0VJQ0FnSURtMC1IX21RRRAB!2m1!1s0x0:0xc5f3c1d718367290!3m1!1s2@1:CIHM0ogKEICAgIDm0-H_mQE%7C%7C?hl=ru,4.3,3226,2022-02-08 14:05:10+00:00,98,0,0,0,0,0,0,0,0,0,0
Пропаганда,ChdDSUhNMG9nS0VJQ0FnSURtbzV1amd3RRAB,1,"Праздновали день рождения! В 23.59 охранник встал над душой, по просьбе уйти и не смотреть, как мы допиваем последний бокал, он начал грубить и сказал, что это его работа. По итогу нам не дали забрать заранее оплаченный торт за 2400, ужасно испортилось место (говорю, как гость от 2014 года)",https://www.google.com/maps/reviews/data=!4m8!14m7!1m6!2m5!1sChdDSUhNMG9nS0VJQ0FnSURtbzV1amd3RRAB!2m1!1s0x0:0xc5f3c1d718367290!3m1!1s2@1:CIHM0ogKEICAgIDmo5ujgwE%7C%7C?hl=ru,4.3,3226,2022-02-07 21:52:21+00:00,291,1,0,1,0,0,0,0,0,0,0
Пропаганда,ChdDSUhNMG9nS0VJQ0FnSURtX2JhNF9nRRAB,5,"Спасибо, сотрудникам, барменам посетителям, а главное команде ди-джеев!
Давно так не отрывался и не тряс своими костями. Весь вспотел, но остался усталым и очень довольным .
Ещё раз огромное Спасибо Ди-джеям   пятницы 3.02.22 , Ууххх!))",https://www.google.com/maps/reviews/data=!4m8!14m7!1m6!2m5!1sChdDSUhNMG9nS0VJQ0FnSURtX2JhNF9nRRAB!2m1!1s0x0:0xc5f3c1d718367290!3m1!1s2@1:CIHM0ogKEICAgIDm_ba4_gE%7C%7C?hl=ru,4.3,3226,2022-02-07 03:59:41+00:00,236,0,0,0,0,0,0,0,0,0,0
